Module for intel-oneapi-compilers version 2022.1.0 loaded
Module for intel-oneapi-mpi version 2021.6.0 loaded
Module for intel-oneapi-mkl version 2022.1.0 loaded
Module for netcdf-fortran version 4.5.4 loaded
Module for netcdf-c version 4.8.1 loaded
ln: failed to create symbolic link './fesom.x': File exists
Thu May 21 11:52:36 CEST 2026
 MPI has been initialized, provided MPI thread support level: MPI_THREAD_MULTIPLE           3
 Running on                             60  PEs
 
 [36m .------. ------. ------.  .-----. ,--.   ,-.  .----.  [0m
 [36m |  .--- ́|  .--- ́/    _ / ´  .-.  `|   `. ́   |\_,-.  | [0m
 [36m |  `--. |  `--. \_..`--. |  | |  ||  |`. ́|  |   . ́ . ́ [0m
 [36m |  .-- ́ |  .-- ́ .-._)   \|  | |  ||  |   |  | . ́  /_  [0m
 [36m |  |    |  `---.\       /`  `- ́   ́|  |   |  ||      | [0m
 [36m `-- ́    `------ ́ `----- ́  `----- ́ `-- ́   `-- ́`------ ́ [0m
                                           _____           
       ___________                     ,-:` \;´,``-,       
      | .-------. |                  .´-;_,;  `:-;_,`.     
      | |       | |                 /;   `/    ,  _`.-\    
      | |       | |                | ´`. (`     /` ` \`|   
      | |__   __| |            ,-C=|:.  `\`-.   \_   / |   
       `---|-|---´          ,-´    |     (   `,  .`\ ;`|   
        [====  O]--,    ,--´        \     | .´     `-´/    
      /:::::::::::\ \_,-             `.   ;/        .´     
     /:::::===:::::\                   ``-._____.-´`       
    ´---------------`                                      
 
 
 FESOM2 git SHA: c34a956e
 MPI library version: Intel(R) MPI Library 2021.6 for Linux* OS

 [32m____________________________________________________________[0m
 [7;32m --> FESOM BUILDS UP MODEL CONFIGURATION                    [0m
 Restart path configuration:
   Input path:  /albedo/work/projects/p_clidyn_work/rjuhrban/double_gyre/m100/results/NN_after_spinup_none/bajgnni7/
   Output path: /albedo/work/projects/p_clidyn_work/rjuhrban/double_gyre/m100/results/NN_after_spinup_none/bajgnni7/
   Note: Using same directory for input and output (legacy mode)
 Namelist files are read in
 time step size is set to    600.000000000000      sec
 Value of which_NN:bajgnni7
 
 [31m____________________________________________________________[0m
 [5;7;31m --> THIS IS A RESTART RUN !!!                              [0m
     > clock restarted at time:    0.00   1 2008
 
     5256000  steps to run for fesom      job submission
           0 rpart is read
 myLists are read
 reading /albedo/work/projects/p_clidyn_work/rjuhrban/double_gyre/m100/nod2d.out
 reading /albedo/work/projects/p_clidyn_work/rjuhrban/double_gyre/m100/elem2d.out
 elements are read
 communication arrays are read
 =========================
 2D mesh was read in   9.472357269260101E-002  seconds
 2D mesh info : nod2D=         389  elem2D=         702 checksum= 
 =========================
 Communication arrays are set
 test_tri finished in   3.770051989704370E-006  seconds
 =========================
 reading /albedo/work/projects/p_clidyn_work/rjuhrban/double_gyre/m100/edgenum.out
 2D mesh info : edge2D=        1090
 reading /albedo/work/projects/p_clidyn_work/rjuhrban/double_gyre/m100/edges.out
 reading /albedo/work/projects/p_clidyn_work/rjuhrban/double_gyre/m100/edge_tri.out
 load_edges finished in   3.617111362109426E-002  seconds
 =========================
 find_neighbors finished in   2.110478802933358E-003  seconds
 =========================
 reading /albedo/work/projects/p_clidyn_work/rjuhrban/double_gyre/m100/elvls.out
 reading /albedo/work/projects/p_clidyn_work/rjuhrban/double_gyre/m100/nlvls.out
 ____________________________________________________________________
  --> 3D mesh was read in   4.102449986385182E-002  seconds
  --> Min/max depth on mype :            0   4000.00000000000        4000.00000000000     
 ____________________________________________________________________
  --> find min/max level e2n in  2.489033940946683E-004  seconds
 ____________________________________________________________________
  --> mesh statistics:           0
           0 maxArea    8831835589.32587         MinArea    8415276695.49772     
           0 maxScArea    17565690548.2392         MinScArea    16940789623.1981     
           0 Edges:            1090  internal         1016
      > Total ocean surface area is           :    5843962925012.69       m^2
      > Total ocean surface area with cavity is:    5843962925012.69       m^2
      > mesh_areas finished in   8.716718875803053E-004  seconds
 mesh_auxiliary_arrays finished in   4.810965619981289E-004  seconds
 =========================
 FESOM mesh_setup... complete
 ***start level area_test***
   5843962925012.69        5843962925012.69     
   5843962925012.69        5843962925012.69     
   5843962925012.69        5843962925012.69     
   5843962925012.69        5843962925012.69     
   5843962925012.69        5843962925012.69     
   5843962925012.69        5843962925012.69     
   5843962925012.69        5843962925012.69     
   5843962925012.69        5843962925012.69     
   5843962925012.69        5843962925012.69     
   5843962925012.69        5843962925012.69     
   5843962925012.69        5843962925012.69     
   5843962925012.69        5843962925012.69     
   5843962925012.69        5843962925012.69     
   5843962925012.69        5843962925012.69     
   5843962925012.69        5843962925012.69     
   5843962925012.69        5843962925012.69     
   5843962925012.69        5843962925012.69     
   5843962925012.69        5843962925012.69     
   5843962925012.69        5843962925012.69     
   5843962925012.69        5843962925012.69     
   5843962925012.69        5843962925012.69     
   5843962925012.69        5843962925012.69     
   5843962925012.69        5843962925012.69     
   5843962925012.69        5843962925012.69     
   5843962925012.69        5843962925012.69     
   5843962925012.69        5843962925012.69     
   5843962925012.69        5843962925012.69     
   5843962925012.69        5843962925012.69     
   5843962925012.69        5843962925012.69     
   5843962925012.69        5843962925012.69     
   5843962925012.69        5843962925012.69     
   5843962925012.69        5843962925012.69     
   5843962925012.69        5843962925012.69     
   5843962925012.69        5843962925012.69     
   5843962925012.69        5843962925012.69     
   5843962925012.69        5843962925012.69     
   5843962925012.69        5843962925012.69     
   5843962925012.69        5843962925012.69     
   5843962925012.69        5843962925012.69     
   5843962925012.69        5843962925012.69     
  0.000000000000000E+000  0.000000000000000E+000
 ***end level area_test***
      file   : namelist.dyn open ok
      file   : namelist.tra open ok
 number of tracers will be changed from          100  to            2 !
 total number of tracers is:            2
 ____________________________________________________________
  --> initialise ALE arrays + sparse SSH stiff matrix
 
 ____________________________________________________________
  --> initialise ssh operator using unperturbed ocean depth
      > in stiff_mat_ale, reading /albedo/work/projects/p_clidyn_work/rjuhrban/double_gyre/m100/dist_60/rpart.out
      took:   5.658577283611521E-004  sec
 
 Arrays are set
 FCT is initialized
           0 COR  0.993800598845800       0.933901681697525     
           0 COR_n  0.999790490560628       0.927911789982697     
 ____________________________________________________________
  --> call init_thickness_ale
 
 ____________________________________________________________
  --> initialise ALE layerthicknesses, depth levels and middepth levels
 
           2 COR  0.975830923701317       0.903952223123387     
           2 COR_n  0.981820815416145       0.891972439693731     
           1 COR   1.01177027399028       0.951871356842007     
           1 COR_n   1.01776016570511       0.945881465127180     
           3 COR  0.939891573412352       0.879992656264076     
           3 COR_n  0.945881465127180       0.874002764549249     
           7 COR   1.04770962427925       0.987810707130973     
           7 COR_n   1.05369951599408       0.981820815416145     
           8 COR   1.09562875799787        1.02375005741994     
           8 COR_n   1.10760854142752        1.01776016570511     
          10 COR   1.14953778343132        1.07765908285339     
          10 COR_n   1.16151756686097        1.07166919113856     
           4 COR  0.903952223123387       0.844053305975111     
           4 COR_n  0.909942114838214       0.838063414260283     
           6 COR  0.921921898267869       0.862022981119593     
           6 COR_n  0.927911789982697       0.856033089404766     
           5 COR  0.975830923701317       0.915932006553042     
           5 COR_n  0.981820815416145       0.909942114838214     
          26 COR  0.760194821967525       0.700295904819249     
          26 COR_n  0.766184713682352       0.694306013104421     
          18 COR  0.939891573412352       0.885982547978904     
          18 COR_n  0.945881465127180       0.874002764549249     
           9 COR   1.10161864971270        1.04171973256442     
           9 COR_n   1.10760854142752        1.03572984084959     
          20 COR  0.868012872834421       0.796134172256490     
          20 COR_n  0.874002764549249       0.784154388826835     
          13 COR   1.02973994913477       0.969841031986490     
          13 COR_n   1.03572984084959       0.963851140271662     
          16 COR  0.921921898267869       0.879992656264076     
          16 COR_n  0.927911789982697       0.874002764549249     
          32 COR   1.06567929942373        1.00578038227546     
          32 COR_n   1.07166919113856       0.999790490560628     
          12 COR   1.06567929942373        1.00578038227546     
          12 COR_n   1.07166919113856       0.999790490560628     
          17 COR  0.957861248556835       0.915932006553042     
          17 COR_n  0.963851140271662       0.909942114838214     
          19 COR  0.921921898267869       0.850043197689938     
          19 COR_n  0.927911789982697       0.838063414260283     
          27 COR  0.760194821967525       0.706285796534076     
          27 COR_n  0.766184713682352       0.694306013104421     
          28 COR  0.814103847400973       0.742225146823042     
          28 COR_n  0.820093739115801       0.730245363393387     
          30 COR   1.06567929942373        1.00578038227546     
          30 COR_n   1.07166919113856       0.999790490560628     
          31 COR   1.10161864971270        1.05968940770890     
          31 COR_n   1.10760854142752        1.05369951599408     
          34 COR  0.993800598845800       0.933901681697525     
          34 COR_n  0.999790490560628       0.927911789982697     
          48 COR   1.19146702543511        1.13156810828683     
          48 COR_n   1.19745691714994        1.12557821657201     
          52 COR   1.32923453487614        1.25735583429821     
          52 COR_n   1.34121431830580        1.25136594258339     
 Initial state
 Initializing neural network for GM parameterization
          11 COR   1.04770962427925       0.969841031986490     
          11 COR_n   1.05369951599408       0.963851140271662     
          14 COR  0.993800598845800       0.933901681697525     
          14 COR_n  0.999790490560628       0.927911789982697     
          21 COR  0.885982547978904       0.808113955686145     
          21 COR_n  0.891972439693731       0.802124063971318     
          22 COR  0.868012872834421       0.790144280541663     
          22 COR_n  0.874002764549249       0.784154388826835     
          24 COR  0.850043197689938       0.790144280541663     
          24 COR_n  0.856033089404766       0.784154388826835     
          25 COR  0.814103847400973       0.754204930252697     
          25 COR_n  0.820093739115801       0.748215038537870     
          29 COR  0.832073522545456       0.754204930252697     
          29 COR_n  0.838063414260283       0.748215038537870     
          35 COR  0.993800598845800       0.933901681697525     
          35 COR_n  0.999790490560628       0.927911789982697     
          37 COR   1.13755800000166        1.05968940770890     
          37 COR_n   1.14354789171649        1.05369951599408     
          38 COR   1.13755800000166        1.07765908285339     
          38 COR_n   1.14354789171649        1.07166919113856     
          39 COR   1.13755800000166        1.07765908285339     
          39 COR_n   1.14354789171649        1.07166919113856     
          40 COR   1.15552767514614        1.07765908285339     
          40 COR_n   1.16151756686097        1.07166919113856     
          42 COR   1.08364897456821        1.04171973256442     
          42 COR_n   1.08963886628304        1.03572984084959     
          43 COR   1.09562875799787        1.02973994913477     
          43 COR_n   1.10760854142752        1.01776016570511     
          44 COR   1.04770962427925       0.975830923701317     
          44 COR_n   1.05369951599408       0.963851140271662     
          45 COR   1.22740637572408        1.16750745857580     
          45 COR_n   1.23339626743890        1.16151756686097     
          46 COR   1.22740637572408        1.16750745857580     
          46 COR_n   1.23339626743890        1.16151756686097     
          47 COR   1.27532550944270        1.22141648400925     
          47 COR_n   1.28730529287235        1.21542659229442     
          49 COR   1.13755800000166        1.07765908285339     
          49 COR_n   1.14354789171649        1.07166919113856     
          50 COR   1.17349735029063        1.13156810828683     
          50 COR_n   1.17948724200546        1.12557821657201     
          51 COR   1.15552767514614        1.09562875799787     
          51 COR_n   1.16151756686097        1.08963886628304     
          54 COR   1.28131540115752        1.22141648400925     
          54 COR_n   1.28730529287235        1.21542659229442     
          15 COR  0.939891573412352       0.862022981119593     
          15 COR_n  0.945881465127180       0.856033089404766     
          23 COR  0.885982547978904       0.826083630830628     
          23 COR_n  0.891972439693731       0.820093739115801     
          33 COR   1.01177027399028       0.951871356842007     
          33 COR_n   1.01776016570511       0.945881465127180     
          36 COR   1.04770962427925       0.969841031986490     
          36 COR_n   1.05369951599408       0.963851140271662     
          41 COR   1.04770962427925       0.987810707130973     
          41 COR_n   1.05369951599408       0.981820815416145     
          53 COR   1.33522442659097        1.29329518458718     
          53 COR_n   1.34121431830580        1.28730529287235     
          55 COR   1.29928507630201        1.23938615915373     
          55 COR_n   1.30527496801683        1.23339626743890     
          56 COR   1.19146702543511        1.13156810828683     
          56 COR_n   1.19745691714994        1.12557821657201     
          57 COR   1.22141648400925        1.14953778343132     
          57 COR_n   1.23339626743890        1.14354789171649     
          58 COR   1.22740637572408        1.14953778343132     
          58 COR_n   1.23339626743890        1.14354789171649     
          59 COR   1.24537605086856        1.18547713372028     
          59 COR_n   1.25136594258339        1.17948724200546     
 Path to architecture files:/albedo/home/rjuhrban/fesom2/src/neuralnet_params/bajgnni7                                                                                                                                                                                                      
 Neural network for GM parameterization initialized successfully
 Number of layers:           9
 Layer sizes:          51        2048        2048        2048        2048        2048        2048        2048        2048           3
 Weights shape:           9        2048        2048
 Biases shape:           9        2048
 Activations:relu            relu            relu            relu            relu            relu            relu            relu            id              
 FESOM ocean_setup... complete
 ****************************************************
 use_landice_water F
 use_age_tracer F
 [1;33m --> read restarts from netcdf file: ocean[0m
 reading restart for ssh at /albedo/work/projects/p_clidyn_work/rjuhrban/double_gyre/m100/results/NN_after_spinup_none/bajgnni7/fesom.2007.oce.restart/ssh.nc
==================================
RESTART READ TIMING for file: ssh
  NetCDF read time:       0.000 seconds
  MPI scatter time:       0.011 seconds
  TOTAL time:             0.011 seconds
==================================
 restart from record            1  of            1 /albedo/work/projects/p_clidyn_work/rjuhrban/double_gyre/m100/results/NN_after_spinup_none/bajgnni7/fesom.2007.oce.restart/ssh.nc
 reading restart for hbar at /albedo/work/projects/p_clidyn_work/rjuhrban/double_gyre/m100/results/NN_after_spinup_none/bajgnni7/fesom.2007.oce.restart/hbar.nc
 [33m____________________________________________________________[0m
 [5;33m --> WARNING: RESTART TIMESTAMP MISMATCH !!!               [0m
 WARNING: timestamps in restart and in clock files do not match for ssh
          at path: /albedo/work/projects/p_clidyn_work/rjuhrban/double_gyre/m100/results/NN_after_spinup_none/bajgnni7/fesom.2007.oce.restart/ssh.nc
          clock time  =   31534800.0000000     
          restart time=   31535400.0000000     
 WARNING: This mismatch will be ignored and the model will continue running.
 WARNING: Please verify that this is the intended behavior for your simulation.
 [33m____________________________________________________________[0m
==================================
RESTART READ TIMING for file: hbar
  NetCDF read time:       0.000 seconds
  MPI scatter time:       0.006 seconds
  TOTAL time:             0.006 seconds
==================================
 restart from record            1  of            1 /albedo/work/projects/p_clidyn_work/rjuhrban/double_gyre/m100/results/NN_after_spinup_none/bajgnni7/fesom.2007.oce.restart/hbar.nc
 reading restart for ssh_rhs_old at /albedo/work/projects/p_clidyn_work/rjuhrban/double_gyre/m100/results/NN_after_spinup_none/bajgnni7/fesom.2007.oce.restart/ssh_rhs_old.nc
 [33m____________________________________________________________[0m
 [5;33m --> WARNING: RESTART TIMESTAMP MISMATCH !!!               [0m
 WARNING: timestamps in restart and in clock files do not match for hbar
          at path: /albedo/work/projects/p_clidyn_work/rjuhrban/double_gyre/m100/results/NN_after_spinup_none/bajgnni7/fesom.2007.oce.restart/hbar.nc
          clock time  =   31534800.0000000     
          restart time=   31535400.0000000     
 WARNING: This mismatch will be ignored and the model will continue running.
 WARNING: Please verify that this is the intended behavior for your simulation.
 [33m____________________________________________________________[0m
==================================
RESTART READ TIMING for file: ssh_rhs_old
  NetCDF read time:       0.000 seconds
  MPI scatter time:       0.006 seconds
  TOTAL time:             0.006 seconds
==================================
 restart from record            1  of            1 /albedo/work/projects/p_clidyn_work/rjuhrban/double_gyre/m100/results/NN_after_spinup_none/bajgnni7/fesom.2007.oce.restart/ssh_rhs_old.nc
 reading restart for hnode at /albedo/work/projects/p_clidyn_work/rjuhrban/double_gyre/m100/results/NN_after_spinup_none/bajgnni7/fesom.2007.oce.restart/hnode.nc
 [33m____________________________________________________________[0m
 [5;33m --> WARNING: RESTART TIMESTAMP MISMATCH !!!               [0m
 WARNING: timestamps in restart and in clock files do not match for ssh_rhs_old
          at path: /albedo/work/projects/p_clidyn_work/rjuhrban/double_gyre/m100/results/NN_after_spinup_none/bajgnni7/fesom.2007.oce.restart/ssh_rhs_old.nc
          clock time  =   31534800.0000000     
          restart time=   31535400.0000000     
 WARNING: This mismatch will be ignored and the model will continue running.
 WARNING: Please verify that this is the intended behavior for your simulation.
 [33m____________________________________________________________[0m
==================================
RESTART READ TIMING for file: hnode
  NetCDF read time:       0.000 seconds
  MPI scatter time:       0.009 seconds
  TOTAL time:             0.009 seconds
==================================
 restart from record            1  of            1 /albedo/work/projects/p_clidyn_work/rjuhrban/double_gyre/m100/results/NN_after_spinup_none/bajgnni7/fesom.2007.oce.restart/hnode.nc
 reading restart for u at /albedo/work/projects/p_clidyn_work/rjuhrban/double_gyre/m100/results/NN_after_spinup_none/bajgnni7/fesom.2007.oce.restart/u.nc
 [33m____________________________________________________________[0m
 [5;33m --> WARNING: RESTART TIMESTAMP MISMATCH !!!               [0m
 WARNING: timestamps in restart and in clock files do not match for hnode
          at path: /albedo/work/projects/p_clidyn_work/rjuhrban/double_gyre/m100/results/NN_after_spinup_none/bajgnni7/fesom.2007.oce.restart/hnode.nc
          clock time  =   31534800.0000000     
          restart time=   31535400.0000000     
 WARNING: This mismatch will be ignored and the model will continue running.
 WARNING: Please verify that this is the intended behavior for your simulation.
 [33m____________________________________________________________[0m
==================================
RESTART READ TIMING for file: u
  NetCDF read time:       0.000 seconds
  MPI scatter time:       0.010 seconds
  TOTAL time:             0.010 seconds
==================================
 restart from record            1  of            1 /albedo/work/projects/p_clidyn_work/rjuhrban/double_gyre/m100/results/NN_after_spinup_none/bajgnni7/fesom.2007.oce.restart/u.nc
 reading restart for v at /albedo/work/projects/p_clidyn_work/rjuhrban/double_gyre/m100/results/NN_after_spinup_none/bajgnni7/fesom.2007.oce.restart/v.nc
 [33m____________________________________________________________[0m
 [5;33m --> WARNING: RESTART TIMESTAMP MISMATCH !!!               [0m
 WARNING: timestamps in restart and in clock files do not match for u
          at path: /albedo/work/projects/p_clidyn_work/rjuhrban/double_gyre/m100/results/NN_after_spinup_none/bajgnni7/fesom.2007.oce.restart/u.nc
          clock time  =   31534800.0000000     
          restart time=   31535400.0000000     
 WARNING: This mismatch will be ignored and the model will continue running.
 WARNING: Please verify that this is the intended behavior for your simulation.
 [33m____________________________________________________________[0m
==================================
RESTART READ TIMING for file: v
  NetCDF read time:       0.000 seconds
  MPI scatter time:       0.010 seconds
  TOTAL time:             0.010 seconds
==================================
 restart from record            1  of            1 /albedo/work/projects/p_clidyn_work/rjuhrban/double_gyre/m100/results/NN_after_spinup_none/bajgnni7/fesom.2007.oce.restart/v.nc
 reading restart for urhs_AB at /albedo/work/projects/p_clidyn_work/rjuhrban/double_gyre/m100/results/NN_after_spinup_none/bajgnni7/fesom.2007.oce.restart/urhs_AB.nc
 [33m____________________________________________________________[0m
 [5;33m --> WARNING: RESTART TIMESTAMP MISMATCH !!!               [0m
 WARNING: timestamps in restart and in clock files do not match for v
          at path: /albedo/work/projects/p_clidyn_work/rjuhrban/double_gyre/m100/results/NN_after_spinup_none/bajgnni7/fesom.2007.oce.restart/v.nc
          clock time  =   31534800.0000000     
          restart time=   31535400.0000000     
 WARNING: This mismatch will be ignored and the model will continue running.
 WARNING: Please verify that this is the intended behavior for your simulation.
 [33m____________________________________________________________[0m
==================================
RESTART READ TIMING for file: urhs_AB
  NetCDF read time:       0.000 seconds
  MPI scatter time:       0.010 seconds
  TOTAL time:             0.010 seconds
==================================
 restart from record            1  of            1 /albedo/work/projects/p_clidyn_work/rjuhrban/double_gyre/m100/results/NN_after_spinup_none/bajgnni7/fesom.2007.oce.restart/urhs_AB.nc
 reading restart for vrhs_AB at /albedo/work/projects/p_clidyn_work/rjuhrban/double_gyre/m100/results/NN_after_spinup_none/bajgnni7/fesom.2007.oce.restart/vrhs_AB.nc
 [33m____________________________________________________________[0m
 [5;33m --> WARNING: RESTART TIMESTAMP MISMATCH !!!               [0m
 WARNING: timestamps in restart and in clock files do not match for urhs_AB
          at path: /albedo/work/projects/p_clidyn_work/rjuhrban/double_gyre/m100/results/NN_after_spinup_none/bajgnni7/fesom.2007.oce.restart/urhs_AB.nc
          clock time  =   31534800.0000000     
          restart time=   31535400.0000000     
 WARNING: This mismatch will be ignored and the model will continue running.
 WARNING: Please verify that this is the intended behavior for your simulation.
 [33m____________________________________________________________[0m
==================================
RESTART READ TIMING for file: vrhs_AB
  NetCDF read time:       0.000 seconds
  MPI scatter time:       0.011 seconds
  TOTAL time:             0.011 seconds
==================================
 restart from record            1  of            1 /albedo/work/projects/p_clidyn_work/rjuhrban/double_gyre/m100/results/NN_after_spinup_none/bajgnni7/fesom.2007.oce.restart/vrhs_AB.nc
 reading restart for temp at /albedo/work/projects/p_clidyn_work/rjuhrban/double_gyre/m100/results/NN_after_spinup_none/bajgnni7/fesom.2007.oce.restart/temp.nc
 [33m____________________________________________________________[0m
 [5;33m --> WARNING: RESTART TIMESTAMP MISMATCH !!!               [0m
 WARNING: timestamps in restart and in clock files do not match for vrhs_AB
          at path: /albedo/work/projects/p_clidyn_work/rjuhrban/double_gyre/m100/results/NN_after_spinup_none/bajgnni7/fesom.2007.oce.restart/vrhs_AB.nc
          clock time  =   31534800.0000000     
          restart time=   31535400.0000000     
 WARNING: This mismatch will be ignored and the model will continue running.
 WARNING: Please verify that this is the intended behavior for your simulation.
 [33m____________________________________________________________[0m
==================================
RESTART READ TIMING for file: temp
  NetCDF read time:       0.000 seconds
  MPI scatter time:       0.011 seconds
  TOTAL time:             0.011 seconds
==================================
 restart from record            1  of            1 /albedo/work/projects/p_clidyn_work/rjuhrban/double_gyre/m100/results/NN_after_spinup_none/bajgnni7/fesom.2007.oce.restart/temp.nc
 reading restart for temp_AB at /albedo/work/projects/p_clidyn_work/rjuhrban/double_gyre/m100/results/NN_after_spinup_none/bajgnni7/fesom.2007.oce.restart/temp_AB.nc
 [33m____________________________________________________________[0m
 [5;33m --> WARNING: RESTART TIMESTAMP MISMATCH !!!               [0m
 WARNING: timestamps in restart and in clock files do not match for temp
          at path: /albedo/work/projects/p_clidyn_work/rjuhrban/double_gyre/m100/results/NN_after_spinup_none/bajgnni7/fesom.2007.oce.restart/temp.nc
          clock time  =   31534800.0000000     
          restart time=   31535400.0000000     
 WARNING: This mismatch will be ignored and the model will continue running.
 WARNING: Please verify that this is the intended behavior for your simulation.
 [33m____________________________________________________________[0m
==================================
RESTART READ TIMING for file: temp_AB
  NetCDF read time:       0.000 seconds
  MPI scatter time:       0.010 seconds
  TOTAL time:             0.010 seconds
==================================
 restart from record            1  of            1 /albedo/work/projects/p_clidyn_work/rjuhrban/double_gyre/m100/results/NN_after_spinup_none/bajgnni7/fesom.2007.oce.restart/temp_AB.nc
 [33m____________________________________________________________[0m
 [5;33m --> WARNING: RESTART TIMESTAMP MISMATCH !!!               [0m
 WARNING: timestamps in restart and in clock files do not match for temp_AB
          at path: /albedo/work/projects/p_clidyn_work/rjuhrban/double_gyre/m100/results/NN_after_spinup_none/bajgnni7/fesom.2007.oce.restart/temp_AB.nc
          clock time  =   31534800.0000000     
          restart time=   31535400.0000000     
 WARNING: This mismatch will be ignored and the model will continue running.
 WARNING: Please verify that this is the intended behavior for your simulation.
 [33m____________________________________________________________[0m
 reading restart for temp_M1 at /albedo/work/projects/p_clidyn_work/rjuhrban/double_gyre/m100/results/NN_after_spinup_none/bajgnni7/fesom.2007.oce.restart/temp_M1.nc
==================================
RESTART READ TIMING for file: temp_M1
  NetCDF read time:       0.000 seconds
  MPI scatter time:       0.005 seconds
  TOTAL time:             0.005 seconds
==================================
 restart from record            1  of            1 /albedo/work/projects/p_clidyn_work/rjuhrban/double_gyre/m100/results/NN_after_spinup_none/bajgnni7/fesom.2007.oce.restart/temp_M1.nc
 reading restart for salt at /albedo/work/projects/p_clidyn_work/rjuhrban/double_gyre/m100/results/NN_after_spinup_none/bajgnni7/fesom.2007.oce.restart/salt.nc
 [33m____________________________________________________________[0m
 [5;33m --> WARNING: RESTART TIMESTAMP MISMATCH !!!               [0m
 WARNING: timestamps in restart and in clock files do not match for temp_M1
          at path: /albedo/work/projects/p_clidyn_work/rjuhrban/double_gyre/m100/results/NN_after_spinup_none/bajgnni7/fesom.2007.oce.restart/temp_M1.nc
          clock time  =   31534800.0000000     
          restart time=   31535400.0000000     
 WARNING: This mismatch will be ignored and the model will continue running.
 WARNING: Please verify that this is the intended behavior for your simulation.
 [33m____________________________________________________________[0m
==================================
RESTART READ TIMING for file: salt
  NetCDF read time:       0.000 seconds
  MPI scatter time:       0.009 seconds
  TOTAL time:             0.009 seconds
==================================
 restart from record            1  of            1 /albedo/work/projects/p_clidyn_work/rjuhrban/double_gyre/m100/results/NN_after_spinup_none/bajgnni7/fesom.2007.oce.restart/salt.nc
 reading restart for salt_AB at /albedo/work/projects/p_clidyn_work/rjuhrban/double_gyre/m100/results/NN_after_spinup_none/bajgnni7/fesom.2007.oce.restart/salt_AB.nc
 [33m____________________________________________________________[0m
 [5;33m --> WARNING: RESTART TIMESTAMP MISMATCH !!!               [0m
 WARNING: timestamps in restart and in clock files do not match for salt
          at path: /albedo/work/projects/p_clidyn_work/rjuhrban/double_gyre/m100/results/NN_after_spinup_none/bajgnni7/fesom.2007.oce.restart/salt.nc
          clock time  =   31534800.0000000     
          restart time=   31535400.0000000     
 WARNING: This mismatch will be ignored and the model will continue running.
 WARNING: Please verify that this is the intended behavior for your simulation.
 [33m____________________________________________________________[0m
==================================
RESTART READ TIMING for file: salt_AB
  NetCDF read time:       0.000 seconds
  MPI scatter time:       0.010 seconds
  TOTAL time:             0.010 seconds
==================================
 restart from record            1  of            1 /albedo/work/projects/p_clidyn_work/rjuhrban/double_gyre/m100/results/NN_after_spinup_none/bajgnni7/fesom.2007.oce.restart/salt_AB.nc
 [33m____________________________________________________________[0m
 [5;33m --> WARNING: RESTART TIMESTAMP MISMATCH !!!               [0m
 WARNING: timestamps in restart and in clock files do not match for salt_AB
          at path: /albedo/work/projects/p_clidyn_work/rjuhrban/double_gyre/m100/results/NN_after_spinup_none/bajgnni7/fesom.2007.oce.restart/salt_AB.nc
          clock time  =   31534800.0000000     
          restart time=   31535400.0000000     
 WARNING: This mismatch will be ignored and the model will continue running.
 WARNING: Please verify that this is the intended behavior for your simulation.
 [33m____________________________________________________________[0m
 reading restart for salt_M1 at /albedo/work/projects/p_clidyn_work/rjuhrban/double_gyre/m100/results/NN_after_spinup_none/bajgnni7/fesom.2007.oce.restart/salt_M1.nc
==================================
RESTART READ TIMING for file: salt_M1
  NetCDF read time:       0.000 seconds
  MPI scatter time:       0.005 seconds
  TOTAL time:             0.005 seconds
==================================
 restart from record            1  of            1 /albedo/work/projects/p_clidyn_work/rjuhrban/double_gyre/m100/results/NN_after_spinup_none/bajgnni7/fesom.2007.oce.restart/salt_M1.nc
 reading restart for w at /albedo/work/projects/p_clidyn_work/rjuhrban/double_gyre/m100/results/NN_after_spinup_none/bajgnni7/fesom.2007.oce.restart/w.nc
 [33m____________________________________________________________[0m
 [5;33m --> WARNING: RESTART TIMESTAMP MISMATCH !!!               [0m
 WARNING: timestamps in restart and in clock files do not match for salt_M1
          at path: /albedo/work/projects/p_clidyn_work/rjuhrban/double_gyre/m100/results/NN_after_spinup_none/bajgnni7/fesom.2007.oce.restart/salt_M1.nc
          clock time  =   31534800.0000000     
          restart time=   31535400.0000000     
 WARNING: This mismatch will be ignored and the model will continue running.
 WARNING: Please verify that this is the intended behavior for your simulation.
 [33m____________________________________________________________[0m
==================================
RESTART READ TIMING for file: w
  NetCDF read time:       0.000 seconds
  MPI scatter time:       0.010 seconds
  TOTAL time:             0.010 seconds
==================================
 restart from record            1  of            1 /albedo/work/projects/p_clidyn_work/rjuhrban/double_gyre/m100/results/NN_after_spinup_none/bajgnni7/fesom.2007.oce.restart/w.nc
 reading restart for w_expl at /albedo/work/projects/p_clidyn_work/rjuhrban/double_gyre/m100/results/NN_after_spinup_none/bajgnni7/fesom.2007.oce.restart/w_expl.nc
 [33m____________________________________________________________[0m
 [5;33m --> WARNING: RESTART TIMESTAMP MISMATCH !!!               [0m
 WARNING: timestamps in restart and in clock files do not match for w
          at path: /albedo/work/projects/p_clidyn_work/rjuhrban/double_gyre/m100/results/NN_after_spinup_none/bajgnni7/fesom.2007.oce.restart/w.nc
          clock time  =   31534800.0000000     
          restart time=   31535400.0000000     
 WARNING: This mismatch will be ignored and the model will continue running.
 WARNING: Please verify that this is the intended behavior for your simulation.
 [33m____________________________________________________________[0m
==================================
RESTART READ TIMING for file: w_expl
  NetCDF read time:       0.000 seconds
  MPI scatter time:       0.010 seconds
  TOTAL time:             0.010 seconds
==================================
 restart from record            1  of            1 /albedo/work/projects/p_clidyn_work/rjuhrban/double_gyre/m100/results/NN_after_spinup_none/bajgnni7/fesom.2007.oce.restart/w_expl.nc
 reading restart for w_impl at /albedo/work/projects/p_clidyn_work/rjuhrban/double_gyre/m100/results/NN_after_spinup_none/bajgnni7/fesom.2007.oce.restart/w_impl.nc
 [33m____________________________________________________________[0m
 [5;33m --> WARNING: RESTART TIMESTAMP MISMATCH !!!               [0m
 WARNING: timestamps in restart and in clock files do not match for w_expl
          at path: /albedo/work/projects/p_clidyn_work/rjuhrban/double_gyre/m100/results/NN_after_spinup_none/bajgnni7/fesom.2007.oce.restart/w_expl.nc
          clock time  =   31534800.0000000     
          restart time=   31535400.0000000     
 WARNING: This mismatch will be ignored and the model will continue running.
 WARNING: Please verify that this is the intended behavior for your simulation.
 [33m____________________________________________________________[0m
==================================
RESTART READ TIMING for file: w_impl
  NetCDF read time:       0.000 seconds
  MPI scatter time:       0.011 seconds
  TOTAL time:             0.011 seconds
==================================
 restart from record            1  of            1 /albedo/work/projects/p_clidyn_work/rjuhrban/double_gyre/m100/results/NN_after_spinup_none/bajgnni7/fesom.2007.oce.restart/w_impl.nc
 [33m____________________________________________________________[0m
 [5;33m --> WARNING: RESTART TIMESTAMP MISMATCH !!!               [0m
 WARNING: timestamps in restart and in clock files do not match for w_impl
          at path: /albedo/work/projects/p_clidyn_work/rjuhrban/double_gyre/m100/results/NN_after_spinup_none/bajgnni7/fesom.2007.oce.restart/w_impl.nc
          clock time  =   31534800.0000000     
          restart time=   31535400.0000000     
 WARNING: This mismatch will be ignored and the model will continue running.
 WARNING: Please verify that this is the intended behavior for your simulation.
 [33m____________________________________________________________[0m
 ____________________________________________________________
  --> restart ALE layerthicknesses, depth levels and middepth levels
 
 ==========================================
 MODEL SETUP took on mype=0 [seconds]      
 runtime setup total         2.889790    
  > runtime setup mesh      0.1980726    
  > runtime setup ocean      2.514356    
  > runtime setup forcing   2.7600385E-05
  > runtime setup ice       1.0790143E-05
  > runtime setup restart   0.1764145    
  > runtime setup other     9.0833241E-04
 ============================================
 current_nsteps, steps_per_ib_step, icb_outfreq :     5256000           8           0
 FESOM start iteration before the barrier...
 FESOM start iteration after the barrier...
 
 [32m____________________________________________________________[0m
 [7;32m --> FESOM STARTS TIME LOOP                                 [0m
      file   : namelist.io open ok
 io_listsize will be changed from          120  to            0 !
 adding I/O stream 3D for curl_u
 adding I/O stream 2D for rosb
 adding I/O stream 3D for N2
 adding I/O stream 3D for slope_x
 adding I/O stream 3D for slope_y
 adding I/O stream 3D for temp
 adding I/O stream 3D for unod
 adding I/O stream 3D for vnod
 adding I/O stream 3D for u
 adding I/O stream 3D for v
 adding I/O stream 2D for sst
 adding I/O stream 2D for ssh
 adding I/O stream 2D for hc300m
 adding I/O stream 2D for hc700m
 adding I/O stream 2D for hc
 adding I/O stream 3D for tflux_unod
 adding I/O stream 3D for tflux_vnod
 adding I/O stream 3D for tflux_w
 initializing I/O file for curl_u
 initializing I/O file for tflux_vnod
 associating mean I/O file /albedo/work/projects/p_clidyn_work/rjuhrban/double_gyre/m100/results/NN_after_spinup_none/bajgnni7/curl_u.fesom.2008.nc
 curl_u: current mean I/O counter =            1
 writing mean record for curl_u; rec. count =            1
 initializing I/O file for N2
 initializing I/O file for hc700m
 initializing I/O file for hc
 initializing I/O file for rosb
 initializing I/O file for sst
 associating mean I/O file /albedo/work/projects/p_clidyn_work/rjuhrban/double_gyre/m100/results/NN_after_spinup_none/bajgnni7/tflux_vnod.fesom.2008.nc
 tflux_vnod: current mean I/O counter =            1
 writing mean record for tflux_vnod; rec. count =            1
 associating mean I/O file /albedo/work/projects/p_clidyn_work/rjuhrban/double_gyre/m100/results/NN_after_spinup_none/bajgnni7/N2.fesom.2008.nc
 N2: current mean I/O counter =            1
 writing mean record for N2; rec. count =            1
 associating mean I/O file /albedo/work/projects/p_clidyn_work/rjuhrban/double_gyre/m100/results/NN_after_spinup_none/bajgnni7/hc.fesom.2008.nc
 hc: current mean I/O counter =            1
 writing mean record for hc; rec. count =            1
 associating mean I/O file /albedo/work/projects/p_clidyn_work/rjuhrban/double_gyre/m100/results/NN_after_spinup_none/bajgnni7/hc700m.fesom.2008.nc
 hc700m: current mean I/O counter =            1
 writing mean record for hc700m; rec. count =            1
 associating mean I/O file /albedo/work/projects/p_clidyn_work/rjuhrban/double_gyre/m100/results/NN_after_spinup_none/bajgnni7/rosb.fesom.2008.nc
 rosb: current mean I/O counter =            1
 writing mean record for rosb; rec. count =            1
 initializing I/O file for slope_x
 initializing I/O file for slope_y
 initializing I/O file for ssh
 associating mean I/O file /albedo/work/projects/p_clidyn_work/rjuhrban/double_gyre/m100/results/NN_after_spinup_none/bajgnni7/sst.fesom.2008.nc
 sst: current mean I/O counter =            1
 writing mean record for sst; rec. count =            1
 associating mean I/O file /albedo/work/projects/p_clidyn_work/rjuhrban/double_gyre/m100/results/NN_after_spinup_none/bajgnni7/slope_y.fesom.2008.nc
 slope_y: current mean I/O counter =            1
 writing mean record for slope_y; rec. count =            1
 associating mean I/O file /albedo/work/projects/p_clidyn_work/rjuhrban/double_gyre/m100/results/NN_after_spinup_none/bajgnni7/slope_x.fesom.2008.nc
 slope_x: current mean I/O counter =            1
 writing mean record for slope_x; rec. count =            1
 initializing I/O file for temp
 initializing I/O file for vnod
 initializing I/O file for hc300m
 associating mean I/O file /albedo/work/projects/p_clidyn_work/rjuhrban/double_gyre/m100/results/NN_after_spinup_none/bajgnni7/ssh.fesom.2008.nc
 ssh: current mean I/O counter =            1
 writing mean record for ssh; rec. count =            1
 associating mean I/O file /albedo/work/projects/p_clidyn_work/rjuhrban/double_gyre/m100/results/NN_after_spinup_none/bajgnni7/hc300m.fesom.2008.nc
 hc300m: current mean I/O counter =            1
 writing mean record for hc300m; rec. count =            1
 associating mean I/O file /albedo/work/projects/p_clidyn_work/rjuhrban/double_gyre/m100/results/NN_after_spinup_none/bajgnni7/vnod.fesom.2008.nc
 vnod: current mean I/O counter =            1
 writing mean record for vnod; rec. count =            1
 associating mean I/O file /albedo/work/projects/p_clidyn_work/rjuhrban/double_gyre/m100/results/NN_after_spinup_none/bajgnni7/temp.fesom.2008.nc
 temp: current mean I/O counter =            1
 writing mean record for temp; rec. count =            1
 initializing I/O file for unod
 associating mean I/O file /albedo/work/projects/p_clidyn_work/rjuhrban/double_gyre/m100/results/NN_after_spinup_none/bajgnni7/unod.fesom.2008.nc
 unod: current mean I/O counter =            1
 writing mean record for unod; rec. count =            1
 initializing I/O file for u
 initializing I/O file for v
 associating mean I/O file /albedo/work/projects/p_clidyn_work/rjuhrban/double_gyre/m100/results/NN_after_spinup_none/bajgnni7/u.fesom.2008.nc
 u: current mean I/O counter =            1
 writing mean record for u; rec. count =            1
 associating mean I/O file /albedo/work/projects/p_clidyn_work/rjuhrban/double_gyre/m100/results/NN_after_spinup_none/bajgnni7/v.fesom.2008.nc
 v: current mean I/O counter =            1
 writing mean record for v; rec. count =            1
 initializing I/O file for tflux_unod
 initializing I/O file for tflux_w
 associating mean I/O file /albedo/work/projects/p_clidyn_work/rjuhrban/double_gyre/m100/results/NN_after_spinup_none/bajgnni7/tflux_unod.fesom.2008.nc
 tflux_unod: current mean I/O counter =            1
 writing mean record for tflux_unod; rec. count =            1
 associating mean I/O file /albedo/work/projects/p_clidyn_work/rjuhrban/double_gyre/m100/results/NN_after_spinup_none/bajgnni7/tflux_w.fesom.2008.nc
 tflux_w: current mean I/O counter =            1
 writing mean record for tflux_w; rec. count =            1
 curl_u: current mean I/O counter =            2
 writing mean record for curl_u; rec. count =            2
 rosb: current mean I/O counter =            2
 writing mean record for rosb; rec. count =            2
 N2: current mean I/O counter =            2
 writing mean record for N2; rec. count =            2
 slope_x: current mean I/O counter =            2
 writing mean record for slope_x; rec. count =            2
 slope_y: current mean I/O counter =            2
 writing mean record for slope_y; rec. count =            2
 temp: current mean I/O counter =            2
 writing mean record for temp; rec. count =            2
 unod: current mean I/O counter =            2
 writing mean record for unod; rec. count =            2
 vnod: current mean I/O counter =            2
 writing mean record for vnod; rec. count =            2
 u: current mean I/O counter =            2
 writing mean record for u; rec. count =            2
 v: current mean I/O counter =            2
 writing mean record for v; rec. count =            2
 sst: current mean I/O counter =            2
 writing mean record for sst; rec. count =            2
 ssh: current mean I/O counter =            2
 writing mean record for ssh; rec. count =            2
 hc300m: current mean I/O counter =            2
 writing mean record for hc300m; rec. count =            2
 hc700m: current mean I/O counter =            2
 writing mean record for hc700m; rec. count =            2
 hc: current mean I/O counter =            2
 writing mean record for hc; rec. count =            2
 tflux_unod: current mean I/O counter =            2
 writing mean record for tflux_unod; rec. count =            2
 tflux_vnod: current mean I/O counter =            2
 writing mean record for tflux_vnod; rec. count =            2
 tflux_w: current mean I/O counter =            2
 writing mean record for tflux_w; rec. count =            2
 curl_u: current mean I/O counter =            3
 writing mean record for curl_u; rec. count =            3
 rosb: current mean I/O counter =            3
 writing mean record for rosb; rec. count =            3
 N2: current mean I/O counter =            3
 writing mean record for N2; rec. count =            3
 slope_y: current mean I/O counter =            3
 writing mean record for slope_y; rec. count =            3
 tflux_vnod: current mean I/O counter =            3
 writing mean record for tflux_vnod; rec. count =            3
 slope_x: current mean I/O counter =            3
 writing mean record for slope_x; rec. count =            3
 temp: current mean I/O counter =            3
 writing mean record for temp; rec. count =            3
 unod: current mean I/O counter =            3
 writing mean record for unod; rec. count =            3
 vnod: current mean I/O counter =            3
 writing mean record for vnod; rec. count =            3
 u: current mean I/O counter =            3
 writing mean record for u; rec. count =            3
 v: current mean I/O counter =            3
 writing mean record for v; rec. count =            3
 sst: current mean I/O counter =            3
 writing mean record for sst; rec. count =            3
 ssh: current mean I/O counter =            3
 writing mean record for ssh; rec. count =            3
 hc300m: current mean I/O counter =            3
 writing mean record for hc300m; rec. count =            3
 hc700m: current mean I/O counter =            3
 writing mean record for hc700m; rec. count =            3
 hc: current mean I/O counter =            3
 writing mean record for hc; rec. count =            3
 tflux_unod: current mean I/O counter =            3
 writing mean record for tflux_unod; rec. count =            3
 tflux_w: current mean I/O counter =            3
 writing mean record for tflux_w; rec. count =            3
 curl_u: current mean I/O counter =            4
 writing mean record for curl_u; rec. count =            4
 rosb: current mean I/O counter =            4
 writing mean record for rosb; rec. count =            4
 N2: current mean I/O counter =            4
 writing mean record for N2; rec. count =            4
 slope_y: current mean I/O counter =            4
 writing mean record for slope_y; rec. count =            4
 slope_x: current mean I/O counter =            4
 writing mean record for slope_x; rec. count =            4
 temp: current mean I/O counter =            4
 writing mean record for temp; rec. count =            4
 unod: current mean I/O counter =            4
 writing mean record for unod; rec. count =            4
 vnod: current mean I/O counter =            4
 writing mean record for vnod; rec. count =            4
 u: current mean I/O counter =            4
 writing mean record for u; rec. count =            4
 v: current mean I/O counter =            4
 writing mean record for v; rec. count =            4
 sst: current mean I/O counter =            4
 writing mean record for sst; rec. count =            4
 ssh: current mean I/O counter =            4
 writing mean record for ssh; rec. count =            4
 hc300m: current mean I/O counter =            4
 writing mean record for hc300m; rec. count =            4
 hc700m: current mean I/O counter =            4
 writing mean record for hc700m; rec. count =            4
 hc: current mean I/O counter =            4
 writing mean record for hc; rec. count =            4
 tflux_unod: current mean I/O counter =            4
 writing mean record for tflux_unod; rec. count =            4
 tflux_vnod: current mean I/O counter =            4
 writing mean record for tflux_vnod; rec. count =            4
 tflux_w: current mean I/O counter =            4
 writing mean record for tflux_w; rec. count =            4
 curl_u: current mean I/O counter =            5
 writing mean record for curl_u; rec. count =            5
 rosb: current mean I/O counter =            5
 writing mean record for rosb; rec. count =            5
 N2: current mean I/O counter =            5
 writing mean record for N2; rec. count =            5
 slope_y: current mean I/O counter =            5
 writing mean record for slope_y; rec. count =            5
 unod: current mean I/O counter =            5
 writing mean record for unod; rec. count =            5
 temp: current mean I/O counter =            5
 writing mean record for temp; rec. count =            5
 u: current mean I/O counter =            5
 writing mean record for u; rec. count =            5
 sst: current mean I/O counter =            5
 writing mean record for sst; rec. count =            5
 hc300m: current mean I/O counter =            5
 writing mean record for hc300m; rec. count =            5
 slope_x: current mean I/O counter =            5
 writing mean record for slope_x; rec. count =            5
 vnod: current mean I/O counter =            5
 writing mean record for vnod; rec. count =            5
 hc700m: current mean I/O counter =            5
 writing mean record for hc700m; rec. count =            5
 hc: current mean I/O counter =            5
 writing mean record for hc; rec. count =            5
 v: current mean I/O counter =            5
 writing mean record for v; rec. count =            5
 ssh: current mean I/O counter =            5
 writing mean record for ssh; rec. count =            5
 tflux_unod: current mean I/O counter =            5
 writing mean record for tflux_unod; rec. count =            5
 tflux_vnod: current mean I/O counter =            5
 writing mean record for tflux_vnod; rec. count =            5
 tflux_w: current mean I/O counter =            5
 writing mean record for tflux_w; rec. count =            5
 curl_u: current mean I/O counter =            6
 writing mean record for curl_u; rec. count =            6
 rosb: current mean I/O counter =            6
 writing mean record for rosb; rec. count =            6
 N2: current mean I/O counter =            6
 writing mean record for N2; rec. count =            6
 slope_y: current mean I/O counter =            6
 writing mean record for slope_y; rec. count =            6
 tflux_vnod: current mean I/O counter =            6
 writing mean record for tflux_vnod; rec. count =            6
 hc300m: current mean I/O counter =            6
 writing mean record for hc300m; rec. count =            6
 sst: current mean I/O counter =            6
 writing mean record for sst; rec. count =            6
 u: current mean I/O counter =            6
 writing mean record for u; rec. count =            6
 hc: current mean I/O counter =            6
 writing mean record for hc; rec. count =            6
 temp: current mean I/O counter =            6
 writing mean record for temp; rec. count =            6
 unod: current mean I/O counter =            6
 writing mean record for unod; rec. count =            6
 v: current mean I/O counter =            6
 writing mean record for v; rec. count =            6
 vnod: current mean I/O counter =            6
 writing mean record for vnod; rec. count =            6
 slope_x: current mean I/O counter =            6
 writing mean record for slope_x; rec. count =            6
 ssh: current mean I/O counter =            6
 writing mean record for ssh; rec. count =            6
 hc700m: current mean I/O counter =            6
 writing mean record for hc700m; rec. count =            6
 tflux_unod: current mean I/O counter =            6
 writing mean record for tflux_unod; rec. count =            6
 tflux_w: current mean I/O counter =            6
 writing mean record for tflux_w; rec. count =            6
 curl_u: current mean I/O counter =            7
 writing mean record for curl_u; rec. count =            7
 rosb: current mean I/O counter =            7
 writing mean record for rosb; rec. count =            7
 N2: current mean I/O counter =            7
 writing mean record for N2; rec. count =            7
 slope_x: current mean I/O counter =            7
 writing mean record for slope_x; rec. count =            7
 slope_y: current mean I/O counter =            7
 writing mean record for slope_y; rec. count =            7
 temp: current mean I/O counter =            7
 writing mean record for temp; rec. count =            7
 unod: current mean I/O counter =            7
 writing mean record for unod; rec. count =            7
 vnod: current mean I/O counter =            7
 writing mean record for vnod; rec. count =            7
 u: current mean I/O counter =            7
 writing mean record for u; rec. count =            7
 v: current mean I/O counter =            7
 writing mean record for v; rec. count =            7
 sst: current mean I/O counter =            7
 writing mean record for sst; rec. count =            7
 ssh: current mean I/O counter =            7
 writing mean record for ssh; rec. count =            7
 hc300m: current mean I/O counter =            7
 writing mean record for hc300m; rec. count =            7
 hc700m: current mean I/O counter =            7
 writing mean record for hc700m; rec. count =            7
 hc: current mean I/O counter =            7
 writing mean record for hc; rec. count =            7
 tflux_unod: current mean I/O counter =            7
 writing mean record for tflux_unod; rec. count =            7
 tflux_vnod: current mean I/O counter =            7
 writing mean record for tflux_vnod; rec. count =            7
 tflux_w: current mean I/O counter =            7
 writing mean record for tflux_w; rec. count =            7
 curl_u: current mean I/O counter =            8
 writing mean record for curl_u; rec. count =            8
 rosb: current mean I/O counter =            8
 writing mean record for rosb; rec. count =            8
 N2: current mean I/O counter =            8
 writing mean record for N2; rec. count =            8
 slope_y: current mean I/O counter =            8
 writing mean record for slope_y; rec. count =            8
 unod: current mean I/O counter =            8
 writing mean record for unod; rec. count =            8
 v: current mean I/O counter =            8
 writing mean record for v; rec. count =            8
 sst: current mean I/O counter =            8
 writing mean record for sst; rec. count =            8
 hc300m: current mean I/O counter =            8
 writing mean record for hc300m; rec. count =            8
 tflux_w: current mean I/O counter =            8
 writing mean record for tflux_w; rec. count =            8
 slope_x: current mean I/O counter =            8
 writing mean record for slope_x; rec. count =            8
 temp: current mean I/O counter =            8
 writing mean record for temp; rec. count =            8
 vnod: current mean I/O counter =            8
 writing mean record for vnod; rec. count =            8
 u: current mean I/O counter =            8
 writing mean record for u; rec. count =            8
 ssh: current mean I/O counter =            8
 writing mean record for ssh; rec. count =            8
 hc700m: current mean I/O counter =            8
 writing mean record for hc700m; rec. count =            8
 hc: current mean I/O counter =            8
 writing mean record for hc; rec. count =            8
 tflux_unod: current mean I/O counter =            8
 writing mean record for tflux_unod; rec. count =            8
 tflux_vnod: current mean I/O counter =            8
 writing mean record for tflux_vnod; rec. count =            8
 curl_u: current mean I/O counter =            9
 writing mean record for curl_u; rec. count =            9
 rosb: current mean I/O counter =            9
 writing mean record for rosb; rec. count =            9
 N2: current mean I/O counter =            9
 writing mean record for N2; rec. count =            9
 slope_y: current mean I/O counter =            9
 writing mean record for slope_y; rec. count =            9
 vnod: current mean I/O counter =            9
 writing mean record for vnod; rec. count =            9
 u: current mean I/O counter =            9
 writing mean record for u; rec. count =            9
 hc300m: current mean I/O counter =            9
 writing mean record for hc300m; rec. count =            9
 slope_x: current mean I/O counter =            9
 writing mean record for slope_x; rec. count =            9
 sst: current mean I/O counter =            9
 writing mean record for sst; rec. count =            9
 tflux_unod: current mean I/O counter =            9
 writing mean record for tflux_unod; rec. count =            9
 tflux_w: current mean I/O counter =            9
 writing mean record for tflux_w; rec. count =            9
 temp: current mean I/O counter =            9
 writing mean record for temp; rec. count =            9
 unod: current mean I/O counter =            9
 writing mean record for unod; rec. count =            9
 hc: current mean I/O counter =            9
 writing mean record for hc; rec. count =            9
 v: current mean I/O counter =            9
 writing mean record for v; rec. count =            9
 tflux_vnod: current mean I/O counter =            9
 writing mean record for tflux_vnod; rec. count =            9
 ssh: current mean I/O counter =            9
 writing mean record for ssh; rec. count =            9
 hc700m: current mean I/O counter =            9
 writing mean record for hc700m; rec. count =            9
 curl_u: current mean I/O counter =           10
 writing mean record for curl_u; rec. count =           10
 rosb: current mean I/O counter =           10
 writing mean record for rosb; rec. count =           10
 N2: current mean I/O counter =           10
 writing mean record for N2; rec. count =           10
 slope_y: current mean I/O counter =           10
 writing mean record for slope_y; rec. count =           10
 unod: current mean I/O counter =           10
 writing mean record for unod; rec. count =           10
 u: current mean I/O counter =           10
 writing mean record for u; rec. count =           10
 sst: current mean I/O counter =           10
 writing mean record for sst; rec. count =           10
 ssh: current mean I/O counter =           10
 writing mean record for ssh; rec. count =           10
 hc300m: current mean I/O counter =           10
 writing mean record for hc300m; rec. count =           10
 hc: current mean I/O counter =           10
 writing mean record for hc; rec. count =           10
 tflux_vnod: current mean I/O counter =           10
 writing mean record for tflux_vnod; rec. count =           10
 slope_x: current mean I/O counter =           10
 writing mean record for slope_x; rec. count =           10
 temp: current mean I/O counter =           10
 writing mean record for temp; rec. count =           10
 vnod: current mean I/O counter =           10
 writing mean record for vnod; rec. count =           10
 v: current mean I/O counter =           10
 writing mean record for v; rec. count =           10
 hc700m: current mean I/O counter =           10
 writing mean record for hc700m; rec. count =           10
 tflux_unod: current mean I/O counter =           10
 writing mean record for tflux_unod; rec. count =           10
 tflux_w: current mean I/O counter =           10
 writing mean record for tflux_w; rec. count =           10
 curl_u: current mean I/O counter =           11
 writing mean record for curl_u; rec. count =           11
 N2: current mean I/O counter =           11
 writing mean record for N2; rec. count =           11
 rosb: current mean I/O counter =           11
 writing mean record for rosb; rec. count =           11
 slope_y: current mean I/O counter =           11
 writing mean record for slope_y; rec. count =           11
 unod: current mean I/O counter =           11
 writing mean record for unod; rec. count =           11
 u: current mean I/O counter =           11
 writing mean record for u; rec. count =           11
 sst: current mean I/O counter =           11
 writing mean record for sst; rec. count =           11
 hc300m: current mean I/O counter =           11
 writing mean record for hc300m; rec. count =           11
 slope_x: current mean I/O counter =           11
 writing mean record for slope_x; rec. count =           11
 hc: current mean I/O counter =           11
 writing mean record for hc; rec. count =           11
 tflux_vnod: current mean I/O counter =           11
 writing mean record for tflux_vnod; rec. count =           11
 vnod: current mean I/O counter =           11
 writing mean record for vnod; rec. count =           11
 temp: current mean I/O counter =           11
 writing mean record for temp; rec. count =           11
 ssh: current mean I/O counter =           11
 writing mean record for ssh; rec. count =           11
 v: current mean I/O counter =           11
 writing mean record for v; rec. count =           11
 hc700m: current mean I/O counter =           11
 writing mean record for hc700m; rec. count =           11
 tflux_unod: current mean I/O counter =           11
 writing mean record for tflux_unod; rec. count =           11
 tflux_w: current mean I/O counter =           11
 writing mean record for tflux_w; rec. count =           11
 curl_u: current mean I/O counter =           12
 writing mean record for curl_u; rec. count =           12
 N2: current mean I/O counter =           12
 writing mean record for N2; rec. count =           12
 rosb: current mean I/O counter =           12
 writing mean record for rosb; rec. count =           12
 slope_y: current mean I/O counter =           12
 writing mean record for slope_y; rec. count =           12
 unod: current mean I/O counter =           12
 writing mean record for unod; rec. count =           12
 vnod: current mean I/O counter =           12
 writing mean record for vnod; rec. count =           12
 u: current mean I/O counter =           12
 writing mean record for u; rec. count =           12
 sst: current mean I/O counter =           12
 writing mean record for sst; rec. count =           12
 hc300m: current mean I/O counter =           12
 writing mean record for hc300m; rec. count =           12
 tflux_w: current mean I/O counter =           12
 writing mean record for tflux_w; rec. count =           12
 slope_x: current mean I/O counter =           12
 writing mean record for slope_x; rec. count =           12
 v: current mean I/O counter =           12
 writing mean record for v; rec. count =           12
 temp: current mean I/O counter =           12
 writing mean record for temp; rec. count =           12
 tflux_vnod: current mean I/O counter =           12
 writing mean record for tflux_vnod; rec. count =           12
 ssh: current mean I/O counter =           12
 writing mean record for ssh; rec. count =           12
 hc700m: current mean I/O counter =           12
 writing mean record for hc700m; rec. count =           12
 hc: current mean I/O counter =           12
 writing mean record for hc; rec. count =           12
 tflux_unod: current mean I/O counter =           12
 writing mean record for tflux_unod; rec. count =           12
 curl_u: current mean I/O counter =           13
 writing mean record for curl_u; rec. count =           13
 rosb: current mean I/O counter =           13
 writing mean record for rosb; rec. count =           13
 N2: current mean I/O counter =           13
 writing mean record for N2; rec. count =           13
 slope_y: current mean I/O counter =           13
 writing mean record for slope_y; rec. count =           13
 unod: current mean I/O counter =           13
 writing mean record for unod; rec. count =           13
 vnod: current mean I/O counter =           13
 writing mean record for vnod; rec. count =           13
 u: current mean I/O counter =           13
 writing mean record for u; rec. count =           13
 sst: current mean I/O counter =           13
 writing mean record for sst; rec. count =           13
 hc300m: current mean I/O counter =           13
 writing mean record for hc300m; rec. count =           13
 v: current mean I/O counter =           13
 writing mean record for v; rec. count =           13
 hc: current mean I/O counter =           13
 writing mean record for hc; rec. count =           13
 tflux_vnod: current mean I/O counter =           13
 writing mean record for tflux_vnod; rec. count =           13
 slope_x: current mean I/O counter =           13
 writing mean record for slope_x; rec. count =           13
 temp: current mean I/O counter =           13
 writing mean record for temp; rec. count =           13
 ssh: current mean I/O counter =           13
 writing mean record for ssh; rec. count =           13
 hc700m: current mean I/O counter =           13
 writing mean record for hc700m; rec. count =           13
 tflux_unod: current mean I/O counter =           13
 writing mean record for tflux_unod; rec. count =           13
 tflux_w: current mean I/O counter =           13
 writing mean record for tflux_w; rec. count =           13
 curl_u: current mean I/O counter =           14
 writing mean record for curl_u; rec. count =           14
 rosb: current mean I/O counter =           14
 writing mean record for rosb; rec. count =           14
 N2: current mean I/O counter =           14
 writing mean record for N2; rec. count =           14
 slope_y: current mean I/O counter =           14
 writing mean record for slope_y; rec. count =           14
 unod: current mean I/O counter =           14
 writing mean record for unod; rec. count =           14
 vnod: current mean I/O counter =           14
 writing mean record for vnod; rec. count =           14
 u: current mean I/O counter =           14
 writing mean record for u; rec. count =           14
 sst: current mean I/O counter =           14
 writing mean record for sst; rec. count =           14
 hc300m: current mean I/O counter =           14
 writing mean record for hc300m; rec. count =           14
 slope_x: current mean I/O counter =           14
 writing mean record for slope_x; rec. count =           14
 hc: current mean I/O counter =           14
 writing mean record for hc; rec. count =           14
 temp: current mean I/O counter =           14
 writing mean record for temp; rec. count =           14
 tflux_vnod: current mean I/O counter =           14
 writing mean record for tflux_vnod; rec. count =           14
 v: current mean I/O counter =           14
 writing mean record for v; rec. count =           14
 ssh: current mean I/O counter =           14
 writing mean record for ssh; rec. count =           14
 hc700m: current mean I/O counter =           14
 writing mean record for hc700m; rec. count =           14
 tflux_unod: current mean I/O counter =           14
 writing mean record for tflux_unod; rec. count =           14
 tflux_w: current mean I/O counter =           14
 writing mean record for tflux_w; rec. count =           14
 curl_u: current mean I/O counter =           15
 writing mean record for curl_u; rec. count =           15
 slope_y: current mean I/O counter =           15
 writing mean record for slope_y; rec. count =           15
 temp: current mean I/O counter =           15
 writing mean record for temp; rec. count =           15
 vnod: current mean I/O counter =           15
 writing mean record for vnod; rec. count =           15
 v: current mean I/O counter =           15
 writing mean record for v; rec. count =           15
 ssh: current mean I/O counter =           15
 writing mean record for ssh; rec. count =           15
 hc700m: current mean I/O counter =           15
 writing mean record for hc700m; rec. count =           15
 hc: current mean I/O counter =           15
 writing mean record for hc; rec. count =           15
 rosb: current mean I/O counter =           15
 writing mean record for rosb; rec. count =           15
 hc300m: current mean I/O counter =           15
 writing mean record for hc300m; rec. count =           15
 tflux_vnod: current mean I/O counter =           15
 writing mean record for tflux_vnod; rec. count =           15
 tflux_w: current mean I/O counter =           15
 writing mean record for tflux_w; rec. count =           15
 N2: current mean I/O counter =           15
 writing mean record for N2; rec. count =           15
 slope_x: current mean I/O counter =           15
 writing mean record for slope_x; rec. count =           15
 unod: current mean I/O counter =           15
 writing mean record for unod; rec. count =           15
 u: current mean I/O counter =           15
 writing mean record for u; rec. count =           15
 sst: current mean I/O counter =           15
 writing mean record for sst; rec. count =           15
 tflux_unod: current mean I/O counter =           15
 writing mean record for tflux_unod; rec. count =           15
 curl_u: current mean I/O counter =           16
 writing mean record for curl_u; rec. count =           16
 rosb: current mean I/O counter =           16
 writing mean record for rosb; rec. count =           16
 N2: current mean I/O counter =           16
 writing mean record for N2; rec. count =           16
 slope_y: current mean I/O counter =           16
 writing mean record for slope_y; rec. count =           16
 unod: current mean I/O counter =           16
 writing mean record for unod; rec. count =           16
 u: current mean I/O counter =           16
 writing mean record for u; rec. count =           16
 sst: current mean I/O counter =           16
 writing mean record for sst; rec. count =           16
 hc300m: current mean I/O counter =           16
 writing mean record for hc300m; rec. count =           16
 hc: current mean I/O counter =           16
 writing mean record for hc; rec. count =           16
 tflux_vnod: current mean I/O counter =           16
 writing mean record for tflux_vnod; rec. count =           16
 vnod: current mean I/O counter =           16
 writing mean record for vnod; rec. count =           16
 slope_x: current mean I/O counter =           16
 writing mean record for slope_x; rec. count =           16
 temp: current mean I/O counter =           16
 writing mean record for temp; rec. count =           16
 v: current mean I/O counter =           16
 writing mean record for v; rec. count =           16
 tflux_w: current mean I/O counter =           16
 writing mean record for tflux_w; rec. count =           16
 ssh: current mean I/O counter =           16
 writing mean record for ssh; rec. count =           16
 hc700m: current mean I/O counter =           16
 writing mean record for hc700m; rec. count =           16
 tflux_unod: current mean I/O counter =           16
 writing mean record for tflux_unod; rec. count =           16
 curl_u: current mean I/O counter =           17
 writing mean record for curl_u; rec. count =           17
 N2: current mean I/O counter =           17
 writing mean record for N2; rec. count =           17
 rosb: current mean I/O counter =           17
 writing mean record for rosb; rec. count =           17
 slope_y: current mean I/O counter =           17
 writing mean record for slope_y; rec. count =           17
 temp: current mean I/O counter =           17
 writing mean record for temp; rec. count =           17
 unod: current mean I/O counter =           17
 writing mean record for unod; rec. count =           17
 u: current mean I/O counter =           17
 writing mean record for u; rec. count =           17
 sst: current mean I/O counter =           17
 writing mean record for sst; rec. count =           17
 hc300m: current mean I/O counter =           17
 writing mean record for hc300m; rec. count =           17
 tflux_vnod: current mean I/O counter =           17
 writing mean record for tflux_vnod; rec. count =           17
 slope_x: current mean I/O counter =           17
 writing mean record for slope_x; rec. count =           17
 vnod: current mean I/O counter =           17
 writing mean record for vnod; rec. count =           17
 v: current mean I/O counter =           17
 writing mean record for v; rec. count =           17
 hc: current mean I/O counter =           17
 writing mean record for hc; rec. count =           17
 ssh: current mean I/O counter =           17
 writing mean record for ssh; rec. count =           17
 hc700m: current mean I/O counter =           17
 writing mean record for hc700m; rec. count =           17
 tflux_w: current mean I/O counter =           17
 writing mean record for tflux_w; rec. count =           17
 tflux_unod: current mean I/O counter =           17
 writing mean record for tflux_unod; rec. count =           17
 curl_u: current mean I/O counter =           18
 writing mean record for curl_u; rec. count =           18
 N2: current mean I/O counter =           18
 writing mean record for N2; rec. count =           18
 slope_y: current mean I/O counter =           18
 writing mean record for slope_y; rec. count =           18
 unod: current mean I/O counter =           18
 writing mean record for unod; rec. count =           18
 u: current mean I/O counter =           18
 writing mean record for u; rec. count =           18
 hc300m: current mean I/O counter =           18
 writing mean record for hc300m; rec. count =           18
 rosb: current mean I/O counter =           18
 writing mean record for rosb; rec. count =           18
 sst: current mean I/O counter =           18
 writing mean record for sst; rec. count =           18
 slope_x: current mean I/O counter =           18
 writing mean record for slope_x; rec. count =           18
 temp: current mean I/O counter =           18
 writing mean record for temp; rec. count =           18
 vnod: current mean I/O counter =           18
 writing mean record for vnod; rec. count =           18
 v: current mean I/O counter =           18
 writing mean record for v; rec. count =           18
 ssh: current mean I/O counter =           18
 writing mean record for ssh; rec. count =           18
 hc700m: current mean I/O counter =           18
 writing mean record for hc700m; rec. count =           18
 hc: current mean I/O counter =           18
 writing mean record for hc; rec. count =           18
 tflux_vnod: current mean I/O counter =           18
 writing mean record for tflux_vnod; rec. count =           18
 tflux_unod: current mean I/O counter =           18
 writing mean record for tflux_unod; rec. count =           18
 tflux_w: current mean I/O counter =           18
 writing mean record for tflux_w; rec. count =           18
 curl_u: current mean I/O counter =           19
 writing mean record for curl_u; rec. count =           19
 rosb: current mean I/O counter =           19
 writing mean record for rosb; rec. count =           19
 N2: current mean I/O counter =           19
 writing mean record for N2; rec. count =           19
 slope_y: current mean I/O counter =           19
 writing mean record for slope_y; rec. count =           19
 unod: current mean I/O counter =           19
 writing mean record for unod; rec. count =           19
 sst: current mean I/O counter =           19
 writing mean record for sst; rec. count =           19
 hc300m: current mean I/O counter =           19
 writing mean record for hc300m; rec. count =           19
 vnod: current mean I/O counter =           19
 writing mean record for vnod; rec. count =           19
 u: current mean I/O counter =           19
 writing mean record for u; rec. count =           19
 slope_x: current mean I/O counter =           19
 writing mean record for slope_x; rec. count =           19
 temp: current mean I/O counter =           19
 writing mean record for temp; rec. count =           19
 hc: current mean I/O counter =           19
 writing mean record for hc; rec. count =           19
 tflux_vnod: current mean I/O counter =           19
 writing mean record for tflux_vnod; rec. count =           19
 v: current mean I/O counter =           19
 writing mean record for v; rec. count =           19
 hc700m: current mean I/O counter =           19
 writing mean record for hc700m; rec. count =           19
 ssh: current mean I/O counter =           19
 writing mean record for ssh; rec. count =           19
 tflux_unod: current mean I/O counter =           19
 writing mean record for tflux_unod; rec. count =           19
 tflux_w: current mean I/O counter =           19
 writing mean record for tflux_w; rec. count =           19
 curl_u: current mean I/O counter =           20
 writing mean record for curl_u; rec. count =           20
 rosb: current mean I/O counter =           20
 writing mean record for rosb; rec. count =           20
 N2: current mean I/O counter =           20
 writing mean record for N2; rec. count =           20
 slope_y: current mean I/O counter =           20
 writing mean record for slope_y; rec. count =           20
 unod: current mean I/O counter =           20
 writing mean record for unod; rec. count =           20
 sst: current mean I/O counter =           20
 writing mean record for sst; rec. count =           20
 hc: current mean I/O counter =           20
 writing mean record for hc; rec. count =           20
 tflux_vnod: current mean I/O counter =           20
 writing mean record for tflux_vnod; rec. count =           20
 u: current mean I/O counter =           20
 writing mean record for u; rec. count =           20
 ssh: current mean I/O counter =           20
 writing mean record for ssh; rec. count =           20
 hc300m: current mean I/O counter =           20
 writing mean record for hc300m; rec. count =           20
 vnod: current mean I/O counter =           20
 writing mean record for vnod; rec. count =           20
 slope_x: current mean I/O counter =           20
 writing mean record for slope_x; rec. count =           20
 temp: current mean I/O counter =           20
 writing mean record for temp; rec. count =           20
 v: current mean I/O counter =           20
 writing mean record for v; rec. count =           20
 hc700m: current mean I/O counter =           20
 writing mean record for hc700m; rec. count =           20
 tflux_unod: current mean I/O counter =           20
 writing mean record for tflux_unod; rec. count =           20
 tflux_w: current mean I/O counter =           20
 writing mean record for tflux_w; rec. count =           20
 curl_u: current mean I/O counter =           21
 writing mean record for curl_u; rec. count =           21
 N2: current mean I/O counter =           21
 writing mean record for N2; rec. count =           21
 slope_y: current mean I/O counter =           21
 writing mean record for slope_y; rec. count =           21
 rosb: current mean I/O counter =           21
 writing mean record for rosb; rec. count =           21
 u: current mean I/O counter =           21
 writing mean record for u; rec. count =           21
 sst: current mean I/O counter =           21
 writing mean record for sst; rec. count =           21
 hc300m: current mean I/O counter =           21
 writing mean record for hc300m; rec. count =           21
 unod: current mean I/O counter =           21
 writing mean record for unod; rec. count =           21
 hc: current mean I/O counter =           21
 writing mean record for hc; rec. count =           21
 slope_x: current mean I/O counter =           21
 writing mean record for slope_x; rec. count =           21
 ssh: current mean I/O counter =           21
 writing mean record for ssh; rec. count =           21
 tflux_vnod: current mean I/O counter =           21
 writing mean record for tflux_vnod; rec. count =           21
 temp: current mean I/O counter =           21
 writing mean record for temp; rec. count =           21
 vnod: current mean I/O counter =           21
 writing mean record for vnod; rec. count =           21
 v: current mean I/O counter =           21
 writing mean record for v; rec. count =           21
 hc700m: current mean I/O counter =           21
 writing mean record for hc700m; rec. count =           21
 tflux_unod: current mean I/O counter =           21
 writing mean record for tflux_unod; rec. count =           21
 tflux_w: current mean I/O counter =           21
 writing mean record for tflux_w; rec. count =           21
 curl_u: current mean I/O counter =           22
 writing mean record for curl_u; rec. count =           22
 N2: current mean I/O counter =           22
 writing mean record for N2; rec. count =           22
 slope_y: current mean I/O counter =           22
 writing mean record for slope_y; rec. count =           22
 u: current mean I/O counter =           22
 writing mean record for u; rec. count =           22
 sst: current mean I/O counter =           22
 writing mean record for sst; rec. count =           22
 hc300m: current mean I/O counter =           22
 writing mean record for hc300m; rec. count =           22
 rosb: current mean I/O counter =           22
 writing mean record for rosb; rec. count =           22
 tflux_vnod: current mean I/O counter =           22
 writing mean record for tflux_vnod; rec. count =           22
 unod: current mean I/O counter =           22
 writing mean record for unod; rec. count =           22
 hc: current mean I/O counter =           22
 writing mean record for hc; rec. count =           22
 slope_x: current mean I/O counter =           22
 writing mean record for slope_x; rec. count =           22
 temp: current mean I/O counter =           22
 writing mean record for temp; rec. count =           22
 vnod: current mean I/O counter =           22
 writing mean record for vnod; rec. count =           22
 v: current mean I/O counter =           22
 writing mean record for v; rec. count =           22
 ssh: current mean I/O counter =           22
 writing mean record for ssh; rec. count =           22
 hc700m: current mean I/O counter =           22
 writing mean record for hc700m; rec. count =           22
 tflux_unod: current mean I/O counter =           22
 writing mean record for tflux_unod; rec. count =           22
 tflux_w: current mean I/O counter =           22
 writing mean record for tflux_w; rec. count =           22
 curl_u: current mean I/O counter =           23
 writing mean record for curl_u; rec. count =           23
 N2: current mean I/O counter =           23
 writing mean record for N2; rec. count =           23
 rosb: current mean I/O counter =           23
 writing mean record for rosb; rec. count =           23
 slope_x: current mean I/O counter =           23
 writing mean record for slope_x; rec. count =           23
 slope_y: current mean I/O counter =           23
 writing mean record for slope_y; rec. count =           23
 temp: current mean I/O counter =           23
 writing mean record for temp; rec. count =           23
 unod: current mean I/O counter =           23
 writing mean record for unod; rec. count =           23
 u: current mean I/O counter =           23
 writing mean record for u; rec. count =           23
 sst: current mean I/O counter =           23
 writing mean record for sst; rec. count =           23
 hc300m: current mean I/O counter =           23
 writing mean record for hc300m; rec. count =           23
 hc: current mean I/O counter =           23
 writing mean record for hc; rec. count =           23
 tflux_vnod: current mean I/O counter =           23
 writing mean record for tflux_vnod; rec. count =           23
 vnod: current mean I/O counter =           23
 writing mean record for vnod; rec. count =           23
 tflux_w: current mean I/O counter =           23
 writing mean record for tflux_w; rec. count =           23
 v: current mean I/O counter =           23
 writing mean record for v; rec. count =           23
 ssh: current mean I/O counter =           23
 writing mean record for ssh; rec. count =           23
 hc700m: current mean I/O counter =           23
 writing mean record for hc700m; rec. count =           23
 tflux_unod: current mean I/O counter =           23
 writing mean record for tflux_unod; rec. count =           23
 curl_u: current mean I/O counter =           24
 writing mean record for curl_u; rec. count =           24
 rosb: current mean I/O counter =           24
 writing mean record for rosb; rec. count =           24
 N2: current mean I/O counter =           24
 writing mean record for N2; rec. count =           24
 slope_y: current mean I/O counter =           24
 writing mean record for slope_y; rec. count =           24
 unod: current mean I/O counter =           24
 writing mean record for unod; rec. count =           24
 sst: current mean I/O counter =           24
 writing mean record for sst; rec. count =           24
 hc300m: current mean I/O counter =           24
 writing mean record for hc300m; rec. count =           24
 u: current mean I/O counter =           24
 writing mean record for u; rec. count =           24
 slope_x: current mean I/O counter =           24
 writing mean record for slope_x; rec. count =           24
 vnod: current mean I/O counter =           24
 writing mean record for vnod; rec. count =           24
 hc: current mean I/O counter =           24
 writing mean record for hc; rec. count =           24
 tflux_vnod: current mean I/O counter =           24
 writing mean record for tflux_vnod; rec. count =           24
 temp: current mean I/O counter =           24
 writing mean record for temp; rec. count =           24
 v: current mean I/O counter =           24
 writing mean record for v; rec. count =           24
 ssh: current mean I/O counter =           24
 writing mean record for ssh; rec. count =           24
 hc700m: current mean I/O counter =           24
 writing mean record for hc700m; rec. count =           24
 tflux_unod: current mean I/O counter =           24
 writing mean record for tflux_unod; rec. count =           24
 tflux_w: current mean I/O counter =           24
 writing mean record for tflux_w; rec. count =           24
 curl_u: current mean I/O counter =           25
 writing mean record for curl_u; rec. count =           25
 N2: current mean I/O counter =           25
 writing mean record for N2; rec. count =           25
 unod: current mean I/O counter =           25
 writing mean record for unod; rec. count =           25
 u: current mean I/O counter =           25
 writing mean record for u; rec. count =           25
 sst: current mean I/O counter =           25
 writing mean record for sst; rec. count =           25
 hc300m: current mean I/O counter =           25
 writing mean record for hc300m; rec. count =           25
 rosb: current mean I/O counter =           25
 writing mean record for rosb; rec. count =           25
 slope_y: current mean I/O counter =           25
 writing mean record for slope_y; rec. count =           25
 vnod: current mean I/O counter =           25
 writing mean record for vnod; rec. count =           25
 v: current mean I/O counter =           25
 writing mean record for v; rec. count =           25
 slope_x: current mean I/O counter =           25
 writing mean record for slope_x; rec. count =           25
 temp: current mean I/O counter =           25
 writing mean record for temp; rec. count =           25
 ssh: current mean I/O counter =           25
 writing mean record for ssh; rec. count =           25
 hc700m: current mean I/O counter =           25
 writing mean record for hc700m; rec. count =           25
 hc: current mean I/O counter =           25
 writing mean record for hc; rec. count =           25
 tflux_unod: current mean I/O counter =           25
 writing mean record for tflux_unod; rec. count =           25
 tflux_vnod: current mean I/O counter =           25
 writing mean record for tflux_vnod; rec. count =           25
 tflux_w: current mean I/O counter =           25
 writing mean record for tflux_w; rec. count =           25
 curl_u: current mean I/O counter =           26
 writing mean record for curl_u; rec. count =           26
 N2: current mean I/O counter =           26
 writing mean record for N2; rec. count =           26
 slope_y: current mean I/O counter =           26
 writing mean record for slope_y; rec. count =           26
 unod: current mean I/O counter =           26
 writing mean record for unod; rec. count =           26
 u: current mean I/O counter =           26
 writing mean record for u; rec. count =           26
 rosb: current mean I/O counter =           26
 writing mean record for rosb; rec. count =           26
 sst: current mean I/O counter =           26
 writing mean record for sst; rec. count =           26
 hc300m: current mean I/O counter =           26
 writing mean record for hc300m; rec. count =           26
 slope_x: current mean I/O counter =           26
 writing mean record for slope_x; rec. count =           26
 temp: current mean I/O counter =           26
 writing mean record for temp; rec. count =           26
 vnod: current mean I/O counter =           26
 writing mean record for vnod; rec. count =           26
 v: current mean I/O counter =           26
 writing mean record for v; rec. count =           26
 ssh: current mean I/O counter =           26
 writing mean record for ssh; rec. count =           26
 hc700m: current mean I/O counter =           26
 writing mean record for hc700m; rec. count =           26
 hc: current mean I/O counter =           26
 writing mean record for hc; rec. count =           26
 tflux_unod: current mean I/O counter =           26
 writing mean record for tflux_unod; rec. count =           26
 tflux_vnod: current mean I/O counter =           26
 writing mean record for tflux_vnod; rec. count =           26
 tflux_w: current mean I/O counter =           26
 writing mean record for tflux_w; rec. count =           26
 curl_u: current mean I/O counter =           27
 writing mean record for curl_u; rec. count =           27
 N2: current mean I/O counter =           27
 writing mean record for N2; rec. count =           27
 rosb: current mean I/O counter =           27
 writing mean record for rosb; rec. count =           27
 slope_y: current mean I/O counter =           27
 writing mean record for slope_y; rec. count =           27
 unod: current mean I/O counter =           27
 writing mean record for unod; rec. count =           27
 sst: current mean I/O counter =           27
 writing mean record for sst; rec. count =           27
 tflux_vnod: current mean I/O counter =           27
 writing mean record for tflux_vnod; rec. count =           27
 slope_x: current mean I/O counter =           27
 writing mean record for slope_x; rec. count =           27
 temp: current mean I/O counter =           27
 writing mean record for temp; rec. count =           27
 vnod: current mean I/O counter =           27
 writing mean record for vnod; rec. count =           27
 u: current mean I/O counter =           27
 writing mean record for u; rec. count =           27
 v: current mean I/O counter =           27
 writing mean record for v; rec. count =           27
 ssh: current mean I/O counter =           27
 writing mean record for ssh; rec. count =           27
 hc300m: current mean I/O counter =           27
 writing mean record for hc300m; rec. count =           27
 hc700m: current mean I/O counter =           27
 writing mean record for hc700m; rec. count =           27
 hc: current mean I/O counter =           27
 writing mean record for hc; rec. count =           27
 tflux_unod: current mean I/O counter =           27
 writing mean record for tflux_unod; rec. count =           27
 tflux_w: current mean I/O counter =           27
 writing mean record for tflux_w; rec. count =           27
 curl_u: current mean I/O counter =           28
 writing mean record for curl_u; rec. count =           28
 rosb: current mean I/O counter =           28
 writing mean record for rosb; rec. count =           28
 N2: current mean I/O counter =           28
 writing mean record for N2; rec. count =           28
 slope_x: current mean I/O counter =           28
 writing mean record for slope_x; rec. count =           28
 slope_y: current mean I/O counter =           28
 writing mean record for slope_y; rec. count =           28
 unod: current mean I/O counter =           28
 writing mean record for unod; rec. count =           28
 u: current mean I/O counter =           28
 writing mean record for u; rec. count =           28
 sst: current mean I/O counter =           28
 writing mean record for sst; rec. count =           28
 hc300m: current mean I/O counter =           28
 writing mean record for hc300m; rec. count =           28
 hc: current mean I/O counter =           28
 writing mean record for hc; rec. count =           28
 tflux_vnod: current mean I/O counter =           28
 writing mean record for tflux_vnod; rec. count =           28
 tflux_unod: current mean I/O counter =           28
 writing mean record for tflux_unod; rec. count =           28
 tflux_w: current mean I/O counter =           28
 writing mean record for tflux_w; rec. count =           28
 temp: current mean I/O counter =           28
 writing mean record for temp; rec. count =           28
 vnod: current mean I/O counter =           28
 writing mean record for vnod; rec. count =           28
 v: current mean I/O counter =           28
 writing mean record for v; rec. count =           28
 ssh: current mean I/O counter =           28
 writing mean record for ssh; rec. count =           28
 hc700m: current mean I/O counter =           28
 writing mean record for hc700m; rec. count =           28
 curl_u: current mean I/O counter =           29
 writing mean record for curl_u; rec. count =           29
 rosb: current mean I/O counter =           29
 writing mean record for rosb; rec. count =           29
 N2: current mean I/O counter =           29
 writing mean record for N2; rec. count =           29
 slope_y: current mean I/O counter =           29
 writing mean record for slope_y; rec. count =           29
 unod: current mean I/O counter =           29
 writing mean record for unod; rec. count =           29
 hc: current mean I/O counter =           29
 writing mean record for hc; rec. count =           29
 u: current mean I/O counter =           29
 writing mean record for u; rec. count =           29
 sst: current mean I/O counter =           29
 writing mean record for sst; rec. count =           29
 slope_x: current mean I/O counter =           29
 writing mean record for slope_x; rec. count =           29
 tflux_vnod: current mean I/O counter =           29
 writing mean record for tflux_vnod; rec. count =           29
 vnod: current mean I/O counter =           29
 writing mean record for vnod; rec. count =           29
 temp: current mean I/O counter =           29
 writing mean record for temp; rec. count =           29
 v: current mean I/O counter =           29
 writing mean record for v; rec. count =           29
 ssh: current mean I/O counter =           29
 writing mean record for ssh; rec. count =           29
 hc300m: current mean I/O counter =           29
 writing mean record for hc300m; rec. count =           29
 hc700m: current mean I/O counter =           29
 writing mean record for hc700m; rec. count =           29
 tflux_unod: current mean I/O counter =           29
 writing mean record for tflux_unod; rec. count =           29
 tflux_w: current mean I/O counter =           29
 writing mean record for tflux_w; rec. count =           29
 curl_u: current mean I/O counter =           30
 writing mean record for curl_u; rec. count =           30
 rosb: current mean I/O counter =           30
 writing mean record for rosb; rec. count =           30
 N2: current mean I/O counter =           30
 writing mean record for N2; rec. count =           30
 slope_y: current mean I/O counter =           30
 writing mean record for slope_y; rec. count =           30
 unod: current mean I/O counter =           30
 writing mean record for unod; rec. count =           30
 u: current mean I/O counter =           30
 writing mean record for u; rec. count =           30
 sst: current mean I/O counter =           30
 writing mean record for sst; rec. count =           30
 hc300m: current mean I/O counter =           30
 writing mean record for hc300m; rec. count =           30
 vnod: current mean I/O counter =           30
 writing mean record for vnod; rec. count =           30
 tflux_vnod: current mean I/O counter =           30
 writing mean record for tflux_vnod; rec. count =           30
 hc700m: current mean I/O counter =           30
 writing mean record for hc700m; rec. count =           30
 slope_x: current mean I/O counter =           30
 writing mean record for slope_x; rec. count =           30
 temp: current mean I/O counter =           30
 writing mean record for temp; rec. count =           30
 v: current mean I/O counter =           30
 writing mean record for v; rec. count =           30
 ssh: current mean I/O counter =           30
 writing mean record for ssh; rec. count =           30
 hc: current mean I/O counter =           30
 writing mean record for hc; rec. count =           30
 tflux_unod: current mean I/O counter =           30
 writing mean record for tflux_unod; rec. count =           30
 tflux_w: current mean I/O counter =           30
 writing mean record for tflux_w; rec. count =           30
 curl_u: current mean I/O counter =           31
 writing mean record for curl_u; rec. count =           31
 rosb: current mean I/O counter =           31
 writing mean record for rosb; rec. count =           31
 N2: current mean I/O counter =           31
 writing mean record for N2; rec. count =           31
 slope_x: current mean I/O counter =           31
 writing mean record for slope_x; rec. count =           31
 slope_y: current mean I/O counter =           31
 writing mean record for slope_y; rec. count =           31
 temp: current mean I/O counter =           31
 writing mean record for temp; rec. count =           31
 unod: current mean I/O counter =           31
 writing mean record for unod; rec. count =           31
 vnod: current mean I/O counter =           31
 writing mean record for vnod; rec. count =           31
 u: current mean I/O counter =           31
 writing mean record for u; rec. count =           31
 v: current mean I/O counter =           31
 writing mean record for v; rec. count =           31
 sst: current mean I/O counter =           31
 writing mean record for sst; rec. count =           31
 ssh: current mean I/O counter =           31
 writing mean record for ssh; rec. count =           31
 hc300m: current mean I/O counter =           31
 writing mean record for hc300m; rec. count =           31
 hc700m: current mean I/O counter =           31
 writing mean record for hc700m; rec. count =           31
 hc: current mean I/O counter =           31
 writing mean record for hc; rec. count =           31
 tflux_unod: current mean I/O counter =           31
 writing mean record for tflux_unod; rec. count =           31
 tflux_vnod: current mean I/O counter =           31
 writing mean record for tflux_vnod; rec. count =           31
 tflux_w: current mean I/O counter =           31
 writing mean record for tflux_w; rec. count =           31
 curl_u: current mean I/O counter =           32
 writing mean record for curl_u; rec. count =           32
 N2: current mean I/O counter =           32
 writing mean record for N2; rec. count =           32
 slope_y: current mean I/O counter =           32
 writing mean record for slope_y; rec. count =           32
 rosb: current mean I/O counter =           32
 writing mean record for rosb; rec. count =           32
 unod: current mean I/O counter =           32
 writing mean record for unod; rec. count =           32
 u: current mean I/O counter =           32
 writing mean record for u; rec. count =           32
 sst: current mean I/O counter =           32
 writing mean record for sst; rec. count =           32
 hc300m: current mean I/O counter =           32
 writing mean record for hc300m; rec. count =           32
 hc: current mean I/O counter =           32
 writing mean record for hc; rec. count =           32
 tflux_vnod: current mean I/O counter =           32
 writing mean record for tflux_vnod; rec. count =           32
 slope_x: current mean I/O counter =           32
 writing mean record for slope_x; rec. count =           32
 tflux_w: current mean I/O counter =           32
 writing mean record for tflux_w; rec. count =           32
 temp: current mean I/O counter =           32
 writing mean record for temp; rec. count =           32
 vnod: current mean I/O counter =           32
 writing mean record for vnod; rec. count =           32
 v: current mean I/O counter =           32
 writing mean record for v; rec. count =           32
 ssh: current mean I/O counter =           32
 writing mean record for ssh; rec. count =           32
 hc700m: current mean I/O counter =           32
 writing mean record for hc700m; rec. count =           32
 tflux_unod: current mean I/O counter =           32
 writing mean record for tflux_unod; rec. count =           32
 curl_u: current mean I/O counter =           33
 writing mean record for curl_u; rec. count =           33
 rosb: current mean I/O counter =           33
 writing mean record for rosb; rec. count =           33
 N2: current mean I/O counter =           33
 writing mean record for N2; rec. count =           33
 slope_x: current mean I/O counter =           33
 writing mean record for slope_x; rec. count =           33
 slope_y: current mean I/O counter =           33
 writing mean record for slope_y; rec. count =           33
 temp: current mean I/O counter =           33
 writing mean record for temp; rec. count =           33
 unod: current mean I/O counter =           33
 writing mean record for unod; rec. count =           33
 vnod: current mean I/O counter =           33
 writing mean record for vnod; rec. count =           33
 u: current mean I/O counter =           33
 writing mean record for u; rec. count =           33
 v: current mean I/O counter =           33
 writing mean record for v; rec. count =           33
 sst: current mean I/O counter =           33
 writing mean record for sst; rec. count =           33
 ssh: current mean I/O counter =           33
 writing mean record for ssh; rec. count =           33
 hc300m: current mean I/O counter =           33
 writing mean record for hc300m; rec. count =           33
 hc700m: current mean I/O counter =           33
 writing mean record for hc700m; rec. count =           33
 hc: current mean I/O counter =           33
 writing mean record for hc; rec. count =           33
 tflux_unod: current mean I/O counter =           33
 writing mean record for tflux_unod; rec. count =           33
 tflux_vnod: current mean I/O counter =           33
 writing mean record for tflux_vnod; rec. count =           33
 tflux_w: current mean I/O counter =           33
 writing mean record for tflux_w; rec. count =           33
 curl_u: current mean I/O counter =           34
 writing mean record for curl_u; rec. count =           34
 N2: current mean I/O counter =           34
 writing mean record for N2; rec. count =           34
 slope_y: current mean I/O counter =           34
 writing mean record for slope_y; rec. count =           34
 unod: current mean I/O counter =           34
 writing mean record for unod; rec. count =           34
 u: current mean I/O counter =           34
 writing mean record for u; rec. count =           34
 hc300m: current mean I/O counter =           34
 writing mean record for hc300m; rec. count =           34
 rosb: current mean I/O counter =           34
 writing mean record for rosb; rec. count =           34
 sst: current mean I/O counter =           34
 writing mean record for sst; rec. count =           34
 slope_x: current mean I/O counter =           34
 writing mean record for slope_x; rec. count =           34
 temp: current mean I/O counter =           34
 writing mean record for temp; rec. count =           34
 vnod: current mean I/O counter =           34
 writing mean record for vnod; rec. count =           34
 v: current mean I/O counter =           34
 writing mean record for v; rec. count =           34
 hc: current mean I/O counter =           34
 writing mean record for hc; rec. count =           34
 tflux_vnod: current mean I/O counter =           34
 writing mean record for tflux_vnod; rec. count =           34
 tflux_w: current mean I/O counter =           34
 writing mean record for tflux_w; rec. count =           34
 ssh: current mean I/O counter =           34
 writing mean record for ssh; rec. count =           34
 hc700m: current mean I/O counter =           34
 writing mean record for hc700m; rec. count =           34
 tflux_unod: current mean I/O counter =           34
 writing mean record for tflux_unod; rec. count =           34
 curl_u: current mean I/O counter =           35
 writing mean record for curl_u; rec. count =           35
 rosb: current mean I/O counter =           35
 writing mean record for rosb; rec. count =           35
 N2: current mean I/O counter =           35
 writing mean record for N2; rec. count =           35
 slope_x: current mean I/O counter =           35
 writing mean record for slope_x; rec. count =           35
 slope_y: current mean I/O counter =           35
 writing mean record for slope_y; rec. count =           35
 temp: current mean I/O counter =           35
 writing mean record for temp; rec. count =           35
 unod: current mean I/O counter =           35
 writing mean record for unod; rec. count =           35
 u: current mean I/O counter =           35
 writing mean record for u; rec. count =           35
 sst: current mean I/O counter =           35
 writing mean record for sst; rec. count =           35
 hc300m: current mean I/O counter =           35
 writing mean record for hc300m; rec. count =           35
 hc: current mean I/O counter =           35
 writing mean record for hc; rec. count =           35
 tflux_vnod: current mean I/O counter =           35
 writing mean record for tflux_vnod; rec. count =           35
 vnod: current mean I/O counter =           35
 writing mean record for vnod; rec. count =           35
 ssh: current mean I/O counter =           35
 writing mean record for ssh; rec. count =           35
 tflux_w: current mean I/O counter =           35
 writing mean record for tflux_w; rec. count =           35
 v: current mean I/O counter =           35
 writing mean record for v; rec. count =           35
 hc700m: current mean I/O counter =           35
 writing mean record for hc700m; rec. count =           35
 tflux_unod: current mean I/O counter =           35
 writing mean record for tflux_unod; rec. count =           35
 curl_u: current mean I/O counter =           36
 writing mean record for curl_u; rec. count =           36
 N2: current mean I/O counter =           36
 writing mean record for N2; rec. count =           36
 slope_y: current mean I/O counter =           36
 writing mean record for slope_y; rec. count =           36
 unod: current mean I/O counter =           36
 writing mean record for unod; rec. count =           36
 u: current mean I/O counter =           36
 writing mean record for u; rec. count =           36
 sst: current mean I/O counter =           36
 writing mean record for sst; rec. count =           36
 rosb: current mean I/O counter =           36
 writing mean record for rosb; rec. count =           36
 hc300m: current mean I/O counter =           36
 writing mean record for hc300m; rec. count =           36
 slope_x: current mean I/O counter =           36
 writing mean record for slope_x; rec. count =           36
 temp: current mean I/O counter =           36
 writing mean record for temp; rec. count =           36
 vnod: current mean I/O counter =           36
 writing mean record for vnod; rec. count =           36
 v: current mean I/O counter =           36
 writing mean record for v; rec. count =           36
 ssh: current mean I/O counter =           36
 writing mean record for ssh; rec. count =           36
 hc700m: current mean I/O counter =           36
 writing mean record for hc700m; rec. count =           36
 hc: current mean I/O counter =           36
 writing mean record for hc; rec. count =           36
 tflux_unod: current mean I/O counter =           36
 writing mean record for tflux_unod; rec. count =           36
 tflux_vnod: current mean I/O counter =           36
 writing mean record for tflux_vnod; rec. count =           36
 tflux_w: current mean I/O counter =           36
 writing mean record for tflux_w; rec. count =           36
 curl_u: current mean I/O counter =           37
 writing mean record for curl_u; rec. count =           37
 rosb: current mean I/O counter =           37
 writing mean record for rosb; rec. count =           37
 N2: current mean I/O counter =           37
 writing mean record for N2; rec. count =           37
 slope_y: current mean I/O counter =           37
 writing mean record for slope_y; rec. count =           37
 unod: current mean I/O counter =           37
 writing mean record for unod; rec. count =           37
 u: current mean I/O counter =           37
 writing mean record for u; rec. count =           37
 sst: current mean I/O counter =           37
 writing mean record for sst; rec. count =           37
 hc300m: current mean I/O counter =           37
 writing mean record for hc300m; rec. count =           37
 tflux_vnod: current mean I/O counter =           37
 writing mean record for tflux_vnod; rec. count =           37
 hc: current mean I/O counter =           37
 writing mean record for hc; rec. count =           37
 slope_x: current mean I/O counter =           37
 writing mean record for slope_x; rec. count =           37
 temp: current mean I/O counter =           37
 writing mean record for temp; rec. count =           37
 vnod: current mean I/O counter =           37
 writing mean record for vnod; rec. count =           37
 v: current mean I/O counter =           37
 writing mean record for v; rec. count =           37
 ssh: current mean I/O counter =           37
 writing mean record for ssh; rec. count =           37
 hc700m: current mean I/O counter =           37
 writing mean record for hc700m; rec. count =           37
 tflux_unod: current mean I/O counter =           37
 writing mean record for tflux_unod; rec. count =           37
 tflux_w: current mean I/O counter =           37
 writing mean record for tflux_w; rec. count =           37
 curl_u: current mean I/O counter =           38
 writing mean record for curl_u; rec. count =           38
 rosb: current mean I/O counter =           38
 writing mean record for rosb; rec. count =           38
 N2: current mean I/O counter =           38
 writing mean record for N2; rec. count =           38
 slope_y: current mean I/O counter =           38
 writing mean record for slope_y; rec. count =           38
 unod: current mean I/O counter =           38
 writing mean record for unod; rec. count =           38
 u: current mean I/O counter =           38
 writing mean record for u; rec. count =           38
 sst: current mean I/O counter =           38
 writing mean record for sst; rec. count =           38
 temp: current mean I/O counter =           38
 writing mean record for temp; rec. count =           38
 hc300m: current mean I/O counter =           38
 writing mean record for hc300m; rec. count =           38
 hc: current mean I/O counter =           38
 writing mean record for hc; rec. count =           38
 slope_x: current mean I/O counter =           38
 writing mean record for slope_x; rec. count =           38
 vnod: current mean I/O counter =           38
 writing mean record for vnod; rec. count =           38
 v: current mean I/O counter =           38
 writing mean record for v; rec. count =           38
 ssh: current mean I/O counter =           38
 writing mean record for ssh; rec. count =           38
 hc700m: current mean I/O counter =           38
 writing mean record for hc700m; rec. count =           38
 tflux_unod: current mean I/O counter =           38
 writing mean record for tflux_unod; rec. count =           38
 tflux_vnod: current mean I/O counter =           38
 writing mean record for tflux_vnod; rec. count =           38
 tflux_w: current mean I/O counter =           38
 writing mean record for tflux_w; rec. count =           38
 curl_u: current mean I/O counter =           39
 writing mean record for curl_u; rec. count =           39
 N2: current mean I/O counter =           39
 writing mean record for N2; rec. count =           39
 slope_y: current mean I/O counter =           39
 writing mean record for slope_y; rec. count =           39
 rosb: current mean I/O counter =           39
 writing mean record for rosb; rec. count =           39
 unod: current mean I/O counter =           39
 writing mean record for unod; rec. count =           39
 u: current mean I/O counter =           39
 writing mean record for u; rec. count =           39
 slope_x: current mean I/O counter =           39
 writing mean record for slope_x; rec. count =           39
 temp: current mean I/O counter =           39
 writing mean record for temp; rec. count =           39
 vnod: current mean I/O counter =           39
 writing mean record for vnod; rec. count =           39
 v: current mean I/O counter =           39
 writing mean record for v; rec. count =           39
 sst: current mean I/O counter =           39
 writing mean record for sst; rec. count =           39
 ssh: current mean I/O counter =           39
 writing mean record for ssh; rec. count =           39
 hc300m: current mean I/O counter =           39
 writing mean record for hc300m; rec. count =           39
 hc700m: current mean I/O counter =           39
 writing mean record for hc700m; rec. count =           39
 hc: current mean I/O counter =           39
 writing mean record for hc; rec. count =           39
 tflux_unod: current mean I/O counter =           39
 writing mean record for tflux_unod; rec. count =           39
 tflux_vnod: current mean I/O counter =           39
 writing mean record for tflux_vnod; rec. count =           39
 tflux_w: current mean I/O counter =           39
 writing mean record for tflux_w; rec. count =           39
 curl_u: current mean I/O counter =           40
 writing mean record for curl_u; rec. count =           40
 rosb: current mean I/O counter =           40
 writing mean record for rosb; rec. count =           40
 N2: current mean I/O counter =           40
 writing mean record for N2; rec. count =           40
 slope_y: current mean I/O counter =           40
 writing mean record for slope_y; rec. count =           40
 unod: current mean I/O counter =           40
 writing mean record for unod; rec. count =           40
 hc300m: current mean I/O counter =           40
 writing mean record for hc300m; rec. count =           40
 u: current mean I/O counter =           40
 writing mean record for u; rec. count =           40
 sst: current mean I/O counter =           40
 writing mean record for sst; rec. count =           40
 slope_x: current mean I/O counter =           40
 writing mean record for slope_x; rec. count =           40
 temp: current mean I/O counter =           40
 writing mean record for temp; rec. count =           40
 vnod: current mean I/O counter =           40
 writing mean record for vnod; rec. count =           40
 hc: current mean I/O counter =           40
 writing mean record for hc; rec. count =           40
 tflux_vnod: current mean I/O counter =           40
 writing mean record for tflux_vnod; rec. count =           40
 v: current mean I/O counter =           40
 writing mean record for v; rec. count =           40
 ssh: current mean I/O counter =           40
 writing mean record for ssh; rec. count =           40
 hc700m: current mean I/O counter =           40
 writing mean record for hc700m; rec. count =           40
 tflux_unod: current mean I/O counter =           40
 writing mean record for tflux_unod; rec. count =           40
 tflux_w: current mean I/O counter =           40
 writing mean record for tflux_w; rec. count =           40
 curl_u: current mean I/O counter =           41
 writing mean record for curl_u; rec. count =           41
 rosb: current mean I/O counter =           41
 writing mean record for rosb; rec. count =           41
 slope_x: current mean I/O counter =           41
 writing mean record for slope_x; rec. count =           41
 unod: current mean I/O counter =           41
 writing mean record for unod; rec. count =           41
 vnod: current mean I/O counter =           41
 writing mean record for vnod; rec. count =           41
 N2: current mean I/O counter =           41
 writing mean record for N2; rec. count =           41
 slope_y: current mean I/O counter =           41
 writing mean record for slope_y; rec. count =           41
 temp: current mean I/O counter =           41
 writing mean record for temp; rec. count =           41
 sst: current mean I/O counter =           41
 writing mean record for sst; rec. count =           41
 ssh: current mean I/O counter =           41
 writing mean record for ssh; rec. count =           41
 hc300m: current mean I/O counter =           41
 writing mean record for hc300m; rec. count =           41
 hc: current mean I/O counter =           41
 writing mean record for hc; rec. count =           41
 u: current mean I/O counter =           41
 writing mean record for u; rec. count =           41
 v: current mean I/O counter =           41
 writing mean record for v; rec. count =           41
 hc700m: current mean I/O counter =           41
 writing mean record for hc700m; rec. count =           41
 tflux_unod: current mean I/O counter =           41
 writing mean record for tflux_unod; rec. count =           41
 tflux_vnod: current mean I/O counter =           41
 writing mean record for tflux_vnod; rec. count =           41
 tflux_w: current mean I/O counter =           41
 writing mean record for tflux_w; rec. count =           41
 curl_u: current mean I/O counter =           42
 writing mean record for curl_u; rec. count =           42
 rosb: current mean I/O counter =           42
 writing mean record for rosb; rec. count =           42
 N2: current mean I/O counter =           42
 writing mean record for N2; rec. count =           42
 slope_y: current mean I/O counter =           42
 writing mean record for slope_y; rec. count =           42
 unod: current mean I/O counter =           42
 writing mean record for unod; rec. count =           42
 u: current mean I/O counter =           42
 writing mean record for u; rec. count =           42
 sst: current mean I/O counter =           42
 writing mean record for sst; rec. count =           42
 hc300m: current mean I/O counter =           42
 writing mean record for hc300m; rec. count =           42
 hc: current mean I/O counter =           42
 writing mean record for hc; rec. count =           42
 tflux_vnod: current mean I/O counter =           42
 writing mean record for tflux_vnod; rec. count =           42
 tflux_w: current mean I/O counter =           42
 writing mean record for tflux_w; rec. count =           42
 slope_x: current mean I/O counter =           42
 writing mean record for slope_x; rec. count =           42
 temp: current mean I/O counter =           42
 writing mean record for temp; rec. count =           42
 vnod: current mean I/O counter =           42
 writing mean record for vnod; rec. count =           42
 v: current mean I/O counter =           42
 writing mean record for v; rec. count =           42
 ssh: current mean I/O counter =           42
 writing mean record for ssh; rec. count =           42
 hc700m: current mean I/O counter =           42
 writing mean record for hc700m; rec. count =           42
 tflux_unod: current mean I/O counter =           42
 writing mean record for tflux_unod; rec. count =           42
 curl_u: current mean I/O counter =           43
 writing mean record for curl_u; rec. count =           43
 N2: current mean I/O counter =           43
 writing mean record for N2; rec. count =           43
 rosb: current mean I/O counter =           43
 writing mean record for rosb; rec. count =           43
 slope_y: current mean I/O counter =           43
 writing mean record for slope_y; rec. count =           43
 unod: current mean I/O counter =           43
 writing mean record for unod; rec. count =           43
 vnod: current mean I/O counter =           43
 writing mean record for vnod; rec. count =           43
 u: current mean I/O counter =           43
 writing mean record for u; rec. count =           43
 v: current mean I/O counter =           43
 writing mean record for v; rec. count =           43
 sst: current mean I/O counter =           43
 writing mean record for sst; rec. count =           43
 hc300m: current mean I/O counter =           43
 writing mean record for hc300m; rec. count =           43
 slope_x: current mean I/O counter =           43
 writing mean record for slope_x; rec. count =           43
 temp: current mean I/O counter =           43
 writing mean record for temp; rec. count =           43
 ssh: current mean I/O counter =           43
 writing mean record for ssh; rec. count =           43
 hc700m: current mean I/O counter =           43
 writing mean record for hc700m; rec. count =           43
 hc: current mean I/O counter =           43
 writing mean record for hc; rec. count =           43
 tflux_vnod: current mean I/O counter =           43
 writing mean record for tflux_vnod; rec. count =           43
 tflux_unod: current mean I/O counter =           43
 writing mean record for tflux_unod; rec. count =           43
 tflux_w: current mean I/O counter =           43
 writing mean record for tflux_w; rec. count =           43
 curl_u: current mean I/O counter =           44
 writing mean record for curl_u; rec. count =           44
 N2: current mean I/O counter =           44
 writing mean record for N2; rec. count =           44
 slope_y: current mean I/O counter =           44
 writing mean record for slope_y; rec. count =           44
 rosb: current mean I/O counter =           44
 writing mean record for rosb; rec. count =           44
 u: current mean I/O counter =           44
 writing mean record for u; rec. count =           44
 sst: current mean I/O counter =           44
 writing mean record for sst; rec. count =           44
 unod: current mean I/O counter =           44
 writing mean record for unod; rec. count =           44
 hc: current mean I/O counter =           44
 writing mean record for hc; rec. count =           44
 slope_x: current mean I/O counter =           44
 writing mean record for slope_x; rec. count =           44
 temp: current mean I/O counter =           44
 writing mean record for temp; rec. count =           44
 hc300m: current mean I/O counter =           44
 writing mean record for hc300m; rec. count =           44
 vnod: current mean I/O counter =           44
 writing mean record for vnod; rec. count =           44
 v: current mean I/O counter =           44
 writing mean record for v; rec. count =           44
 ssh: current mean I/O counter =           44
 writing mean record for ssh; rec. count =           44
 hc700m: current mean I/O counter =           44
 writing mean record for hc700m; rec. count =           44
 tflux_unod: current mean I/O counter =           44
 writing mean record for tflux_unod; rec. count =           44
 tflux_vnod: current mean I/O counter =           44
 writing mean record for tflux_vnod; rec. count =           44
 tflux_w: current mean I/O counter =           44
 writing mean record for tflux_w; rec. count =           44
 curl_u: current mean I/O counter =           45
 writing mean record for curl_u; rec. count =           45
 rosb: current mean I/O counter =           45
 writing mean record for rosb; rec. count =           45
 N2: current mean I/O counter =           45
 writing mean record for N2; rec. count =           45
 slope_y: current mean I/O counter =           45
 writing mean record for slope_y; rec. count =           45
 u: current mean I/O counter =           45
 writing mean record for u; rec. count =           45
 sst: current mean I/O counter =           45
 writing mean record for sst; rec. count =           45
 hc300m: current mean I/O counter =           45
 writing mean record for hc300m; rec. count =           45
 hc: current mean I/O counter =           45
 writing mean record for hc; rec. count =           45
 tflux_vnod: current mean I/O counter =           45
 writing mean record for tflux_vnod; rec. count =           45
 slope_x: current mean I/O counter =           45
 writing mean record for slope_x; rec. count =           45
 temp: current mean I/O counter =           45
 writing mean record for temp; rec. count =           45
 unod: current mean I/O counter =           45
 writing mean record for unod; rec. count =           45
 vnod: current mean I/O counter =           45
 writing mean record for vnod; rec. count =           45
 v: current mean I/O counter =           45
 writing mean record for v; rec. count =           45
 tflux_w: current mean I/O counter =           45
 writing mean record for tflux_w; rec. count =           45
 tflux_unod: current mean I/O counter =           45
 writing mean record for tflux_unod; rec. count =           45
 ssh: current mean I/O counter =           45
 writing mean record for ssh; rec. count =           45
 hc700m: current mean I/O counter =           45
 writing mean record for hc700m; rec. count =           45
 curl_u: current mean I/O counter =           46
 writing mean record for curl_u; rec. count =           46
 rosb: current mean I/O counter =           46
 writing mean record for rosb; rec. count =           46
 N2: current mean I/O counter =           46
 writing mean record for N2; rec. count =           46
 slope_x: current mean I/O counter =           46
 writing mean record for slope_x; rec. count =           46
 u: current mean I/O counter =           46
 writing mean record for u; rec. count =           46
 sst: current mean I/O counter =           46
 writing mean record for sst; rec. count =           46
 hc300m: current mean I/O counter =           46
 writing mean record for hc300m; rec. count =           46
 hc: current mean I/O counter =           46
 writing mean record for hc; rec. count =           46
 tflux_unod: current mean I/O counter =           46
 writing mean record for tflux_unod; rec. count =           46
 tflux_vnod: current mean I/O counter =           46
 writing mean record for tflux_vnod; rec. count =           46
 tflux_w: current mean I/O counter =           46
 writing mean record for tflux_w; rec. count =           46
 slope_y: current mean I/O counter =           46
 writing mean record for slope_y; rec. count =           46
 unod: current mean I/O counter =           46
 writing mean record for unod; rec. count =           46
 vnod: current mean I/O counter =           46
 writing mean record for vnod; rec. count =           46
 temp: current mean I/O counter =           46
 writing mean record for temp; rec. count =           46
 v: current mean I/O counter =           46
 writing mean record for v; rec. count =           46
 ssh: current mean I/O counter =           46
 writing mean record for ssh; rec. count =           46
 hc700m: current mean I/O counter =           46
 writing mean record for hc700m; rec. count =           46
 curl_u: current mean I/O counter =           47
 writing mean record for curl_u; rec. count =           47
 N2: current mean I/O counter =           47
 writing mean record for N2; rec. count =           47
 rosb: current mean I/O counter =           47
 writing mean record for rosb; rec. count =           47
 slope_y: current mean I/O counter =           47
 writing mean record for slope_y; rec. count =           47
 unod: current mean I/O counter =           47
 writing mean record for unod; rec. count =           47
 hc300m: current mean I/O counter =           47
 writing mean record for hc300m; rec. count =           47
 u: current mean I/O counter =           47
 writing mean record for u; rec. count =           47
 sst: current mean I/O counter =           47
 writing mean record for sst; rec. count =           47
 slope_x: current mean I/O counter =           47
 writing mean record for slope_x; rec. count =           47
 temp: current mean I/O counter =           47
 writing mean record for temp; rec. count =           47
 vnod: current mean I/O counter =           47
 writing mean record for vnod; rec. count =           47
 v: current mean I/O counter =           47
 writing mean record for v; rec. count =           47
 ssh: current mean I/O counter =           47
 writing mean record for ssh; rec. count =           47
 hc700m: current mean I/O counter =           47
 writing mean record for hc700m; rec. count =           47
 hc: current mean I/O counter =           47
 writing mean record for hc; rec. count =           47
 tflux_unod: current mean I/O counter =           47
 writing mean record for tflux_unod; rec. count =           47
 tflux_vnod: current mean I/O counter =           47
 writing mean record for tflux_vnod; rec. count =           47
 tflux_w: current mean I/O counter =           47
 writing mean record for tflux_w; rec. count =           47
 curl_u: current mean I/O counter =           48
 writing mean record for curl_u; rec. count =           48
 rosb: current mean I/O counter =           48
 writing mean record for rosb; rec. count =           48
 N2: current mean I/O counter =           48
 writing mean record for N2; rec. count =           48
 slope_y: current mean I/O counter =           48
 writing mean record for slope_y; rec. count =           48
 unod: current mean I/O counter =           48
 writing mean record for unod; rec. count =           48
 u: current mean I/O counter =           48
 writing mean record for u; rec. count =           48
 sst: current mean I/O counter =           48
 writing mean record for sst; rec. count =           48
 hc300m: current mean I/O counter =           48
 writing mean record for hc300m; rec. count =           48
 hc: current mean I/O counter =           48
 writing mean record for hc; rec. count =           48
 tflux_vnod: current mean I/O counter =           48
 writing mean record for tflux_vnod; rec. count =           48
 slope_x: current mean I/O counter =           48
 writing mean record for slope_x; rec. count =           48
 temp: current mean I/O counter =           48
 writing mean record for temp; rec. count =           48
 vnod: current mean I/O counter =           48
 writing mean record for vnod; rec. count =           48
 v: current mean I/O counter =           48
 writing mean record for v; rec. count =           48
 tflux_w: current mean I/O counter =           48
 writing mean record for tflux_w; rec. count =           48
 ssh: current mean I/O counter =           48
 writing mean record for ssh; rec. count =           48
 hc700m: current mean I/O counter =           48
 writing mean record for hc700m; rec. count =           48
 tflux_unod: current mean I/O counter =           48
 writing mean record for tflux_unod; rec. count =           48
 curl_u: current mean I/O counter =           49
 writing mean record for curl_u; rec. count =           49
 rosb: current mean I/O counter =           49
 writing mean record for rosb; rec. count =           49
 N2: current mean I/O counter =           49
 writing mean record for N2; rec. count =           49
 slope_y: current mean I/O counter =           49
 writing mean record for slope_y; rec. count =           49
 sst: current mean I/O counter =           49
 writing mean record for sst; rec. count =           49
 u: current mean I/O counter =           49
 writing mean record for u; rec. count =           49
 slope_x: current mean I/O counter =           49
 writing mean record for slope_x; rec. count =           49
 temp: current mean I/O counter =           49
 writing mean record for temp; rec. count =           49
 unod: current mean I/O counter =           49
 writing mean record for unod; rec. count =           49
 vnod: current mean I/O counter =           49
 writing mean record for vnod; rec. count =           49
 v: current mean I/O counter =           49
 writing mean record for v; rec. count =           49
 hc300m: current mean I/O counter =           49
 writing mean record for hc300m; rec. count =           49
 hc: current mean I/O counter =           49
 writing mean record for hc; rec. count =           49
 tflux_vnod: current mean I/O counter =           49
 writing mean record for tflux_vnod; rec. count =           49
 ssh: current mean I/O counter =           49
 writing mean record for ssh; rec. count =           49
 hc700m: current mean I/O counter =           49
 writing mean record for hc700m; rec. count =           49
 tflux_unod: current mean I/O counter =           49
 writing mean record for tflux_unod; rec. count =           49
 tflux_w: current mean I/O counter =           49
 writing mean record for tflux_w; rec. count =           49
 curl_u: current mean I/O counter =           50
 writing mean record for curl_u; rec. count =           50
 N2: current mean I/O counter =           50
 writing mean record for N2; rec. count =           50
 slope_y: current mean I/O counter =           50
 writing mean record for slope_y; rec. count =           50
 rosb: current mean I/O counter =           50
 writing mean record for rosb; rec. count =           50
 sst: current mean I/O counter =           50
 writing mean record for sst; rec. count =           50
 unod: current mean I/O counter =           50
 writing mean record for unod; rec. count =           50
 u: current mean I/O counter =           50
 writing mean record for u; rec. count =           50
 hc: current mean I/O counter =           50
 writing mean record for hc; rec. count =           50
 hc300m: current mean I/O counter =           50
 writing mean record for hc300m; rec. count =           50
 vnod: current mean I/O counter =           50
 writing mean record for vnod; rec. count =           50
 tflux_vnod: current mean I/O counter =           50
 writing mean record for tflux_vnod; rec. count =           50
 slope_x: current mean I/O counter =           50
 writing mean record for slope_x; rec. count =           50
 temp: current mean I/O counter =           50
 writing mean record for temp; rec. count =           50
 v: current mean I/O counter =           50
 writing mean record for v; rec. count =           50
 ssh: current mean I/O counter =           50
 writing mean record for ssh; rec. count =           50
 hc700m: current mean I/O counter =           50
 writing mean record for hc700m; rec. count =           50
 tflux_unod: current mean I/O counter =           50
 writing mean record for tflux_unod; rec. count =           50
 tflux_w: current mean I/O counter =           50
 writing mean record for tflux_w; rec. count =           50
 curl_u: current mean I/O counter =           51
 writing mean record for curl_u; rec. count =           51
 N2: current mean I/O counter =           51
 writing mean record for N2; rec. count =           51
 slope_y: current mean I/O counter =           51
 writing mean record for slope_y; rec. count =           51
 rosb: current mean I/O counter =           51
 writing mean record for rosb; rec. count =           51
 unod: current mean I/O counter =           51
 writing mean record for unod; rec. count =           51
 u: current mean I/O counter =           51
 writing mean record for u; rec. count =           51
 sst: current mean I/O counter =           51
 writing mean record for sst; rec. count =           51
 hc300m: current mean I/O counter =           51
 writing mean record for hc300m; rec. count =           51
 vnod: current mean I/O counter =           51
 writing mean record for vnod; rec. count =           51
 hc: current mean I/O counter =           51
 writing mean record for hc; rec. count =           51
 tflux_vnod: current mean I/O counter =           51
 writing mean record for tflux_vnod; rec. count =           51
 v: current mean I/O counter =           51
 writing mean record for v; rec. count =           51
 slope_x: current mean I/O counter =           51
 writing mean record for slope_x; rec. count =           51
 temp: current mean I/O counter =           51
 writing mean record for temp; rec. count =           51
 tflux_w: current mean I/O counter =           51
 writing mean record for tflux_w; rec. count =           51
 ssh: current mean I/O counter =           51
 writing mean record for ssh; rec. count =           51
 hc700m: current mean I/O counter =           51
 writing mean record for hc700m; rec. count =           51
 tflux_unod: current mean I/O counter =           51
 writing mean record for tflux_unod; rec. count =           51
 curl_u: current mean I/O counter =           52
 writing mean record for curl_u; rec. count =           52
 rosb: current mean I/O counter =           52
 writing mean record for rosb; rec. count =           52
 N2: current mean I/O counter =           52
 writing mean record for N2; rec. count =           52
 slope_y: current mean I/O counter =           52
 writing mean record for slope_y; rec. count =           52
 unod: current mean I/O counter =           52
 writing mean record for unod; rec. count =           52
 sst: current mean I/O counter =           52
 writing mean record for sst; rec. count =           52
 hc: current mean I/O counter =           52
 writing mean record for hc; rec. count =           52
 slope_x: current mean I/O counter =           52
 writing mean record for slope_x; rec. count =           52
 temp: current mean I/O counter =           52
 writing mean record for temp; rec. count =           52
 vnod: current mean I/O counter =           52
 writing mean record for vnod; rec. count =           52
 u: current mean I/O counter =           52
 writing mean record for u; rec. count =           52
 v: current mean I/O counter =           52
 writing mean record for v; rec. count =           52
 ssh: current mean I/O counter =           52
 writing mean record for ssh; rec. count =           52
 hc300m: current mean I/O counter =           52
 writing mean record for hc300m; rec. count =           52
 hc700m: current mean I/O counter =           52
 writing mean record for hc700m; rec. count =           52
 tflux_unod: current mean I/O counter =           52
 writing mean record for tflux_unod; rec. count =           52
 tflux_vnod: current mean I/O counter =           52
 writing mean record for tflux_vnod; rec. count =           52
 tflux_w: current mean I/O counter =           52
 writing mean record for tflux_w; rec. count =           52
 curl_u: current mean I/O counter =           53
 writing mean record for curl_u; rec. count =           53
 rosb: current mean I/O counter =           53
 writing mean record for rosb; rec. count =           53
 N2: current mean I/O counter =           53
 writing mean record for N2; rec. count =           53
 slope_y: current mean I/O counter =           53
 writing mean record for slope_y; rec. count =           53
 unod: current mean I/O counter =           53
 writing mean record for unod; rec. count =           53
 hc300m: current mean I/O counter =           53
 writing mean record for hc300m; rec. count =           53
 u: current mean I/O counter =           53
 writing mean record for u; rec. count =           53
 sst: current mean I/O counter =           53
 writing mean record for sst; rec. count =           53
 temp: current mean I/O counter =           53
 writing mean record for temp; rec. count =           53
 slope_x: current mean I/O counter =           53
 writing mean record for slope_x; rec. count =           53
 vnod: current mean I/O counter =           53
 writing mean record for vnod; rec. count =           53
 hc: current mean I/O counter =           53
 writing mean record for hc; rec. count =           53
 tflux_vnod: current mean I/O counter =           53
 writing mean record for tflux_vnod; rec. count =           53
 v: current mean I/O counter =           53
 writing mean record for v; rec. count =           53
 ssh: current mean I/O counter =           53
 writing mean record for ssh; rec. count =           53
 hc700m: current mean I/O counter =           53
 writing mean record for hc700m; rec. count =           53
 tflux_unod: current mean I/O counter =           53
 writing mean record for tflux_unod; rec. count =           53
 tflux_w: current mean I/O counter =           53
 writing mean record for tflux_w; rec. count =           53
 curl_u: current mean I/O counter =           54
 writing mean record for curl_u; rec. count =           54
 unod: current mean I/O counter =           54
 writing mean record for unod; rec. count =           54
 rosb: current mean I/O counter =           54
 writing mean record for rosb; rec. count =           54
 N2: current mean I/O counter =           54
 writing mean record for N2; rec. count =           54
 slope_y: current mean I/O counter =           54
 writing mean record for slope_y; rec. count =           54
 u: current mean I/O counter =           54
 writing mean record for u; rec. count =           54
 sst: current mean I/O counter =           54
 writing mean record for sst; rec. count =           54
 hc300m: current mean I/O counter =           54
 writing mean record for hc300m; rec. count =           54
 slope_x: current mean I/O counter =           54
 writing mean record for slope_x; rec. count =           54
 temp: current mean I/O counter =           54
 writing mean record for temp; rec. count =           54
 vnod: current mean I/O counter =           54
 writing mean record for vnod; rec. count =           54
 v: current mean I/O counter =           54
 writing mean record for v; rec. count =           54
 ssh: current mean I/O counter =           54
 writing mean record for ssh; rec. count =           54
 hc700m: current mean I/O counter =           54
 writing mean record for hc700m; rec. count =           54
 hc: current mean I/O counter =           54
 writing mean record for hc; rec. count =           54
 tflux_vnod: current mean I/O counter =           54
 writing mean record for tflux_vnod; rec. count =           54
 tflux_unod: current mean I/O counter =           54
 writing mean record for tflux_unod; rec. count =           54
 tflux_w: current mean I/O counter =           54
 writing mean record for tflux_w; rec. count =           54
 curl_u: current mean I/O counter =           55
 writing mean record for curl_u; rec. count =           55
 rosb: current mean I/O counter =           55
 writing mean record for rosb; rec. count =           55
 N2: current mean I/O counter =           55
 writing mean record for N2; rec. count =           55
 slope_y: current mean I/O counter =           55
 writing mean record for slope_y; rec. count =           55
 u: current mean I/O counter =           55
 writing mean record for u; rec. count =           55
 sst: current mean I/O counter =           55
 writing mean record for sst; rec. count =           55
 hc300m: current mean I/O counter =           55
 writing mean record for hc300m; rec. count =           55
 slope_x: current mean I/O counter =           55
 writing mean record for slope_x; rec. count =           55
 vnod: current mean I/O counter =           55
 writing mean record for vnod; rec. count =           55
 temp: current mean I/O counter =           55
 writing mean record for temp; rec. count =           55
 v: current mean I/O counter =           55
 writing mean record for v; rec. count =           55
 unod: current mean I/O counter =           55
 writing mean record for unod; rec. count =           55
 hc: current mean I/O counter =           55
 writing mean record for hc; rec. count =           55
 tflux_vnod: current mean I/O counter =           55
 writing mean record for tflux_vnod; rec. count =           55
 hc700m: current mean I/O counter =           55
 writing mean record for hc700m; rec. count =           55
 ssh: current mean I/O counter =           55
 writing mean record for ssh; rec. count =           55
 tflux_w: current mean I/O counter =           55
 writing mean record for tflux_w; rec. count =           55
 tflux_unod: current mean I/O counter =           55
 writing mean record for tflux_unod; rec. count =           55
 curl_u: current mean I/O counter =           56
 writing mean record for curl_u; rec. count =           56
 rosb: current mean I/O counter =           56
 writing mean record for rosb; rec. count =           56
 N2: current mean I/O counter =           56
 writing mean record for N2; rec. count =           56
 slope_x: current mean I/O counter =           56
 writing mean record for slope_x; rec. count =           56
 slope_y: current mean I/O counter =           56
 writing mean record for slope_y; rec. count =           56
 temp: current mean I/O counter =           56
 writing mean record for temp; rec. count =           56
 unod: current mean I/O counter =           56
 writing mean record for unod; rec. count =           56
 vnod: current mean I/O counter =           56
 writing mean record for vnod; rec. count =           56
 u: current mean I/O counter =           56
 writing mean record for u; rec. count =           56
 v: current mean I/O counter =           56
 writing mean record for v; rec. count =           56
 sst: current mean I/O counter =           56
 writing mean record for sst; rec. count =           56
 ssh: current mean I/O counter =           56
 writing mean record for ssh; rec. count =           56
 hc300m: current mean I/O counter =           56
 writing mean record for hc300m; rec. count =           56
 hc700m: current mean I/O counter =           56
 writing mean record for hc700m; rec. count =           56
 hc: current mean I/O counter =           56
 writing mean record for hc; rec. count =           56
 tflux_unod: current mean I/O counter =           56
 writing mean record for tflux_unod; rec. count =           56
 tflux_vnod: current mean I/O counter =           56
 writing mean record for tflux_vnod; rec. count =           56
 tflux_w: current mean I/O counter =           56
 writing mean record for tflux_w; rec. count =           56
 curl_u: current mean I/O counter =           57
 writing mean record for curl_u; rec. count =           57
 rosb: current mean I/O counter =           57
 writing mean record for rosb; rec. count =           57
 N2: current mean I/O counter =           57
 writing mean record for N2; rec. count =           57
 slope_y: current mean I/O counter =           57
 writing mean record for slope_y; rec. count =           57
 unod: current mean I/O counter =           57
 writing mean record for unod; rec. count =           57
 u: current mean I/O counter =           57
 writing mean record for u; rec. count =           57
 sst: current mean I/O counter =           57
 writing mean record for sst; rec. count =           57
 hc300m: current mean I/O counter =           57
 writing mean record for hc300m; rec. count =           57
 hc: current mean I/O counter =           57
 writing mean record for hc; rec. count =           57
 tflux_vnod: current mean I/O counter =           57
 writing mean record for tflux_vnod; rec. count =           57
 slope_x: current mean I/O counter =           57
 writing mean record for slope_x; rec. count =           57
 temp: current mean I/O counter =           57
 writing mean record for temp; rec. count =           57
 vnod: current mean I/O counter =           57
 writing mean record for vnod; rec. count =           57
 v: current mean I/O counter =           57
 writing mean record for v; rec. count =           57
 ssh: current mean I/O counter =           57
 writing mean record for ssh; rec. count =           57
 hc700m: current mean I/O counter =           57
 writing mean record for hc700m; rec. count =           57
 tflux_unod: current mean I/O counter =           57
 writing mean record for tflux_unod; rec. count =           57
 tflux_w: current mean I/O counter =           57
 writing mean record for tflux_w; rec. count =           57
 curl_u: current mean I/O counter =           58
 writing mean record for curl_u; rec. count =           58
 rosb: current mean I/O counter =           58
 writing mean record for rosb; rec. count =           58
 N2: current mean I/O counter =           58
 writing mean record for N2; rec. count =           58
 slope_y: current mean I/O counter =           58
 writing mean record for slope_y; rec. count =           58
 temp: current mean I/O counter =           58
 writing mean record for temp; rec. count =           58
 tflux_vnod: current mean I/O counter =           58
 writing mean record for tflux_vnod; rec. count =           58
 unod: current mean I/O counter =           58
 writing mean record for unod; rec. count =           58
 u: current mean I/O counter =           58
 writing mean record for u; rec. count =           58
 slope_x: current mean I/O counter =           58
 writing mean record for slope_x; rec. count =           58
 hc300m: current mean I/O counter =           58
 writing mean record for hc300m; rec. count =           58
 sst: current mean I/O counter =           58
 writing mean record for sst; rec. count =           58
 hc: current mean I/O counter =           58
 writing mean record for hc; rec. count =           58
 vnod: current mean I/O counter =           58
 writing mean record for vnod; rec. count =           58
 v: current mean I/O counter =           58
 writing mean record for v; rec. count =           58
 ssh: current mean I/O counter =           58
 writing mean record for ssh; rec. count =           58
 hc700m: current mean I/O counter =           58
 writing mean record for hc700m; rec. count =           58
 tflux_unod: current mean I/O counter =           58
 writing mean record for tflux_unod; rec. count =           58
 tflux_w: current mean I/O counter =           58
 writing mean record for tflux_w; rec. count =           58
 curl_u: current mean I/O counter =           59
 writing mean record for curl_u; rec. count =           59
 N2: current mean I/O counter =           59
 writing mean record for N2; rec. count =           59
 rosb: current mean I/O counter =           59
 writing mean record for rosb; rec. count =           59
 slope_y: current mean I/O counter =           59
 writing mean record for slope_y; rec. count =           59
 unod: current mean I/O counter =           59
 writing mean record for unod; rec. count =           59
 u: current mean I/O counter =           59
 writing mean record for u; rec. count =           59
 sst: current mean I/O counter =           59
 writing mean record for sst; rec. count =           59
 hc300m: current mean I/O counter =           59
 writing mean record for hc300m; rec. count =           59
 hc: current mean I/O counter =           59
 writing mean record for hc; rec. count =           59
 slope_x: current mean I/O counter =           59
 writing mean record for slope_x; rec. count =           59
 tflux_vnod: current mean I/O counter =           59
 writing mean record for tflux_vnod; rec. count =           59
 temp: current mean I/O counter =           59
 writing mean record for temp; rec. count =           59
 vnod: current mean I/O counter =           59
 writing mean record for vnod; rec. count =           59
 tflux_w: current mean I/O counter =           59
 writing mean record for tflux_w; rec. count =           59
 v: current mean I/O counter =           59
 writing mean record for v; rec. count =           59
 ssh: current mean I/O counter =           59
 writing mean record for ssh; rec. count =           59
 hc700m: current mean I/O counter =           59
 writing mean record for hc700m; rec. count =           59
 tflux_unod: current mean I/O counter =           59
 writing mean record for tflux_unod; rec. count =           59
 curl_u: current mean I/O counter =           60
 writing mean record for curl_u; rec. count =           60
 N2: current mean I/O counter =           60
 writing mean record for N2; rec. count =           60
 rosb: current mean I/O counter =           60
 writing mean record for rosb; rec. count =           60
 slope_y: current mean I/O counter =           60
 writing mean record for slope_y; rec. count =           60
 u: current mean I/O counter =           60
 writing mean record for u; rec. count =           60
 sst: current mean I/O counter =           60
 writing mean record for sst; rec. count =           60
 hc300m: current mean I/O counter =           60
 writing mean record for hc300m; rec. count =           60
 slope_x: current mean I/O counter =           60
 writing mean record for slope_x; rec. count =           60
 temp: current mean I/O counter =           60
 writing mean record for temp; rec. count =           60
 unod: current mean I/O counter =           60
 writing mean record for unod; rec. count =           60
 vnod: current mean I/O counter =           60
 writing mean record for vnod; rec. count =           60
 v: current mean I/O counter =           60
 writing mean record for v; rec. count =           60
 ssh: current mean I/O counter =           60
 writing mean record for ssh; rec. count =           60
 hc700m: current mean I/O counter =           60
 writing mean record for hc700m; rec. count =           60
 hc: current mean I/O counter =           60
 writing mean record for hc; rec. count =           60
 tflux_vnod: current mean I/O counter =           60
 writing mean record for tflux_vnod; rec. count =           60
 tflux_unod: current mean I/O counter =           60
 writing mean record for tflux_unod; rec. count =           60
 tflux_w: current mean I/O counter =           60
 writing mean record for tflux_w; rec. count =           60
 curl_u: current mean I/O counter =           61
 writing mean record for curl_u; rec. count =           61
 N2: current mean I/O counter =           61
 writing mean record for N2; rec. count =           61
 slope_y: current mean I/O counter =           61
 writing mean record for slope_y; rec. count =           61
 unod: current mean I/O counter =           61
 writing mean record for unod; rec. count =           61
 sst: current mean I/O counter =           61
 writing mean record for sst; rec. count =           61
 hc300m: current mean I/O counter =           61
 writing mean record for hc300m; rec. count =           61
 rosb: current mean I/O counter =           61
 writing mean record for rosb; rec. count =           61
 slope_x: current mean I/O counter =           61
 writing mean record for slope_x; rec. count =           61
 temp: current mean I/O counter =           61
 writing mean record for temp; rec. count =           61
 vnod: current mean I/O counter =           61
 writing mean record for vnod; rec. count =           61
 u: current mean I/O counter =           61
 writing mean record for u; rec. count =           61
 v: current mean I/O counter =           61
 writing mean record for v; rec. count =           61
 ssh: current mean I/O counter =           61
 writing mean record for ssh; rec. count =           61
 hc700m: current mean I/O counter =           61
 writing mean record for hc700m; rec. count =           61
 hc: current mean I/O counter =           61
 writing mean record for hc; rec. count =           61
 tflux_unod: current mean I/O counter =           61
 writing mean record for tflux_unod; rec. count =           61
 tflux_vnod: current mean I/O counter =           61
 writing mean record for tflux_vnod; rec. count =           61
 tflux_w: current mean I/O counter =           61
 writing mean record for tflux_w; rec. count =           61
 curl_u: current mean I/O counter =           62
 writing mean record for curl_u; rec. count =           62
 rosb: current mean I/O counter =           62
 writing mean record for rosb; rec. count =           62
 N2: current mean I/O counter =           62
 writing mean record for N2; rec. count =           62
 hc: current mean I/O counter =           62
 writing mean record for hc; rec. count =           62
 sst: current mean I/O counter =           62
 writing mean record for sst; rec. count =           62
 hc300m: current mean I/O counter =           62
 writing mean record for hc300m; rec. count =           62
 slope_y: current mean I/O counter =           62
 writing mean record for slope_y; rec. count =           62
 unod: current mean I/O counter =           62
 writing mean record for unod; rec. count =           62
 u: current mean I/O counter =           62
 writing mean record for u; rec. count =           62
 tflux_vnod: current mean I/O counter =           62
 writing mean record for tflux_vnod; rec. count =           62
 slope_x: current mean I/O counter =           62
 writing mean record for slope_x; rec. count =           62
 temp: current mean I/O counter =           62
 writing mean record for temp; rec. count =           62
 vnod: current mean I/O counter =           62
 writing mean record for vnod; rec. count =           62
 ssh: current mean I/O counter =           62
 writing mean record for ssh; rec. count =           62
 v: current mean I/O counter =           62
 writing mean record for v; rec. count =           62
 hc700m: current mean I/O counter =           62
 writing mean record for hc700m; rec. count =           62
 tflux_unod: current mean I/O counter =           62
 writing mean record for tflux_unod; rec. count =           62
 tflux_w: current mean I/O counter =           62
 writing mean record for tflux_w; rec. count =           62
 curl_u: current mean I/O counter =           63
 writing mean record for curl_u; rec. count =           63
 rosb: current mean I/O counter =           63
 writing mean record for rosb; rec. count =           63
 N2: current mean I/O counter =           63
 writing mean record for N2; rec. count =           63
 slope_y: current mean I/O counter =           63
 writing mean record for slope_y; rec. count =           63
 unod: current mean I/O counter =           63
 writing mean record for unod; rec. count =           63
 u: current mean I/O counter =           63
 writing mean record for u; rec. count =           63
 sst: current mean I/O counter =           63
 writing mean record for sst; rec. count =           63
 hc300m: current mean I/O counter =           63
 writing mean record for hc300m; rec. count =           63
 tflux_vnod: current mean I/O counter =           63
 writing mean record for tflux_vnod; rec. count =           63
 temp: current mean I/O counter =           63
 writing mean record for temp; rec. count =           63
 hc: current mean I/O counter =           63
 writing mean record for hc; rec. count =           63
 slope_x: current mean I/O counter =           63
 writing mean record for slope_x; rec. count =           63
 vnod: current mean I/O counter =           63
 writing mean record for vnod; rec. count =           63
 v: current mean I/O counter =           63
 writing mean record for v; rec. count =           63
 ssh: current mean I/O counter =           63
 writing mean record for ssh; rec. count =           63
 hc700m: current mean I/O counter =           63
 writing mean record for hc700m; rec. count =           63
 tflux_unod: current mean I/O counter =           63
 writing mean record for tflux_unod; rec. count =           63
 tflux_w: current mean I/O counter =           63
 writing mean record for tflux_w; rec. count =           63
 curl_u: current mean I/O counter =           64
 writing mean record for curl_u; rec. count =           64
 N2: current mean I/O counter =           64
 writing mean record for N2; rec. count =           64
 slope_y: current mean I/O counter =           64
 writing mean record for slope_y; rec. count =           64
 rosb: current mean I/O counter =           64
 writing mean record for rosb; rec. count =           64
 unod: current mean I/O counter =           64
 writing mean record for unod; rec. count =           64
 vnod: current mean I/O counter =           64
 writing mean record for vnod; rec. count =           64
 u: current mean I/O counter =           64
 writing mean record for u; rec. count =           64
 sst: current mean I/O counter =           64
 writing mean record for sst; rec. count =           64
 hc300m: current mean I/O counter =           64
 writing mean record for hc300m; rec. count =           64
 hc: current mean I/O counter =           64
 writing mean record for hc; rec. count =           64
 tflux_vnod: current mean I/O counter =           64
 writing mean record for tflux_vnod; rec. count =           64
 slope_x: current mean I/O counter =           64
 writing mean record for slope_x; rec. count =           64
 temp: current mean I/O counter =           64
 writing mean record for temp; rec. count =           64
 v: current mean I/O counter =           64
 writing mean record for v; rec. count =           64
 ssh: current mean I/O counter =           64
 writing mean record for ssh; rec. count =           64
 hc700m: current mean I/O counter =           64
 writing mean record for hc700m; rec. count =           64
 tflux_unod: current mean I/O counter =           64
 writing mean record for tflux_unod; rec. count =           64
 tflux_w: current mean I/O counter =           64
 writing mean record for tflux_w; rec. count =           64
 curl_u: current mean I/O counter =           65
 writing mean record for curl_u; rec. count =           65
 rosb: current mean I/O counter =           65
 writing mean record for rosb; rec. count =           65
 N2: current mean I/O counter =           65
 writing mean record for N2; rec. count =           65
 slope_y: current mean I/O counter =           65
 writing mean record for slope_y; rec. count =           65
 sst: current mean I/O counter =           65
 writing mean record for sst; rec. count =           65
 hc300m: current mean I/O counter =           65
 writing mean record for hc300m; rec. count =           65
 unod: current mean I/O counter =           65
 writing mean record for unod; rec. count =           65
 u: current mean I/O counter =           65
 writing mean record for u; rec. count =           65
 hc: current mean I/O counter =           65
 writing mean record for hc; rec. count =           65
 tflux_vnod: current mean I/O counter =           65
 writing mean record for tflux_vnod; rec. count =           65
 slope_x: current mean I/O counter =           65
 writing mean record for slope_x; rec. count =           65
 temp: current mean I/O counter =           65
 writing mean record for temp; rec. count =           65
 vnod: current mean I/O counter =           65
 writing mean record for vnod; rec. count =           65
 v: current mean I/O counter =           65
 writing mean record for v; rec. count =           65
 ssh: current mean I/O counter =           65
 writing mean record for ssh; rec. count =           65
 hc700m: current mean I/O counter =           65
 writing mean record for hc700m; rec. count =           65
 tflux_unod: current mean I/O counter =           65
 writing mean record for tflux_unod; rec. count =           65
 tflux_w: current mean I/O counter =           65
 writing mean record for tflux_w; rec. count =           65
 curl_u: current mean I/O counter =           66
 writing mean record for curl_u; rec. count =           66
 N2: current mean I/O counter =           66
 writing mean record for N2; rec. count =           66
 rosb: current mean I/O counter =           66
 writing mean record for rosb; rec. count =           66
 slope_y: current mean I/O counter =           66
 writing mean record for slope_y; rec. count =           66
 sst: current mean I/O counter =           66
 writing mean record for sst; rec. count =           66
 u: current mean I/O counter =           66
 writing mean record for u; rec. count =           66
 hc300m: current mean I/O counter =           66
 writing mean record for hc300m; rec. count =           66
 hc: current mean I/O counter =           66
 writing mean record for hc; rec. count =           66
 temp: current mean I/O counter =           66
 writing mean record for temp; rec. count =           66
 slope_x: current mean I/O counter =           66
 writing mean record for slope_x; rec. count =           66
 unod: current mean I/O counter =           66
 writing mean record for unod; rec. count =           66
 tflux_vnod: current mean I/O counter =           66
 writing mean record for tflux_vnod; rec. count =           66
 v: current mean I/O counter =           66
 writing mean record for v; rec. count =           66
 vnod: current mean I/O counter =           66
 writing mean record for vnod; rec. count =           66
 ssh: current mean I/O counter =           66
 writing mean record for ssh; rec. count =           66
 hc700m: current mean I/O counter =           66
 writing mean record for hc700m; rec. count =           66
 tflux_unod: current mean I/O counter =           66
 writing mean record for tflux_unod; rec. count =           66
 tflux_w: current mean I/O counter =           66
 writing mean record for tflux_w; rec. count =           66
 curl_u: current mean I/O counter =           67
 writing mean record for curl_u; rec. count =           67
 slope_y: current mean I/O counter =           67
 writing mean record for slope_y; rec. count =           67
 rosb: current mean I/O counter =           67
 writing mean record for rosb; rec. count =           67
 N2: current mean I/O counter =           67
 writing mean record for N2; rec. count =           67
 unod: current mean I/O counter =           67
 writing mean record for unod; rec. count =           67
 u: current mean I/O counter =           67
 writing mean record for u; rec. count =           67
 tflux_vnod: current mean I/O counter =           67
 writing mean record for tflux_vnod; rec. count =           67
 sst: current mean I/O counter =           67
 writing mean record for sst; rec. count =           67
 hc300m: current mean I/O counter =           67
 writing mean record for hc300m; rec. count =           67
 hc: current mean I/O counter =           67
 writing mean record for hc; rec. count =           67
 tflux_unod: current mean I/O counter =           67
 writing mean record for tflux_unod; rec. count =           67
 slope_x: current mean I/O counter =           67
 writing mean record for slope_x; rec. count =           67
 temp: current mean I/O counter =           67
 writing mean record for temp; rec. count =           67
 vnod: current mean I/O counter =           67
 writing mean record for vnod; rec. count =           67
 v: current mean I/O counter =           67
 writing mean record for v; rec. count =           67
 ssh: current mean I/O counter =           67
 writing mean record for ssh; rec. count =           67
 hc700m: current mean I/O counter =           67
 writing mean record for hc700m; rec. count =           67
 tflux_w: current mean I/O counter =           67
 writing mean record for tflux_w; rec. count =           67
 curl_u: current mean I/O counter =           68
 writing mean record for curl_u; rec. count =           68
 rosb: current mean I/O counter =           68
 writing mean record for rosb; rec. count =           68
 N2: current mean I/O counter =           68
 writing mean record for N2; rec. count =           68
 slope_y: current mean I/O counter =           68
 writing mean record for slope_y; rec. count =           68
 unod: current mean I/O counter =           68
 writing mean record for unod; rec. count =           68
 u: current mean I/O counter =           68
 writing mean record for u; rec. count =           68
 sst: current mean I/O counter =           68
 writing mean record for sst; rec. count =           68
 hc300m: current mean I/O counter =           68
 writing mean record for hc300m; rec. count =           68
 hc: current mean I/O counter =           68
 writing mean record for hc; rec. count =           68
 tflux_vnod: current mean I/O counter =           68
 writing mean record for tflux_vnod; rec. count =           68
 tflux_unod: current mean I/O counter =           68
 writing mean record for tflux_unod; rec. count =           68
 tflux_w: current mean I/O counter =           68
 writing mean record for tflux_w; rec. count =           68
 slope_x: current mean I/O counter =           68
 writing mean record for slope_x; rec. count =           68
 temp: current mean I/O counter =           68
 writing mean record for temp; rec. count =           68
 vnod: current mean I/O counter =           68
 writing mean record for vnod; rec. count =           68
 v: current mean I/O counter =           68
 writing mean record for v; rec. count =           68
 ssh: current mean I/O counter =           68
 writing mean record for ssh; rec. count =           68
 hc700m: current mean I/O counter =           68
 writing mean record for hc700m; rec. count =           68
 curl_u: current mean I/O counter =           69
 writing mean record for curl_u; rec. count =           69
 rosb: current mean I/O counter =           69
 writing mean record for rosb; rec. count =           69
 N2: current mean I/O counter =           69
 writing mean record for N2; rec. count =           69
 slope_y: current mean I/O counter =           69
 writing mean record for slope_y; rec. count =           69
 tflux_vnod: current mean I/O counter =           69
 writing mean record for tflux_vnod; rec. count =           69
 u: current mean I/O counter =           69
 writing mean record for u; rec. count =           69
 sst: current mean I/O counter =           69
 writing mean record for sst; rec. count =           69
 hc300m: current mean I/O counter =           69
 writing mean record for hc300m; rec. count =           69
 slope_x: current mean I/O counter =           69
 writing mean record for slope_x; rec. count =           69
 vnod: current mean I/O counter =           69
 writing mean record for vnod; rec. count =           69
 hc: current mean I/O counter =           69
 writing mean record for hc; rec. count =           69
 temp: current mean I/O counter =           69
 writing mean record for temp; rec. count =           69
 unod: current mean I/O counter =           69
 writing mean record for unod; rec. count =           69
 v: current mean I/O counter =           69
 writing mean record for v; rec. count =           69
 ssh: current mean I/O counter =           69
 writing mean record for ssh; rec. count =           69
 hc700m: current mean I/O counter =           69
 writing mean record for hc700m; rec. count =           69
 tflux_unod: current mean I/O counter =           69
 writing mean record for tflux_unod; rec. count =           69
 tflux_w: current mean I/O counter =           69
 writing mean record for tflux_w; rec. count =           69
 curl_u: current mean I/O counter =           70
 writing mean record for curl_u; rec. count =           70
 rosb: current mean I/O counter =           70
 writing mean record for rosb; rec. count =           70
 N2: current mean I/O counter =           70
 writing mean record for N2; rec. count =           70
 slope_y: current mean I/O counter =           70
 writing mean record for slope_y; rec. count =           70
 unod: current mean I/O counter =           70
 writing mean record for unod; rec. count =           70
 u: current mean I/O counter =           70
 writing mean record for u; rec. count =           70
 sst: current mean I/O counter =           70
 writing mean record for sst; rec. count =           70
 hc300m: current mean I/O counter =           70
 writing mean record for hc300m; rec. count =           70
 tflux_unod: current mean I/O counter =           70
 writing mean record for tflux_unod; rec. count =           70
 hc: current mean I/O counter =           70
 writing mean record for hc; rec. count =           70
 tflux_vnod: current mean I/O counter =           70
 writing mean record for tflux_vnod; rec. count =           70
 slope_x: current mean I/O counter =           70
 writing mean record for slope_x; rec. count =           70
 temp: current mean I/O counter =           70
 writing mean record for temp; rec. count =           70
 vnod: current mean I/O counter =           70
 writing mean record for vnod; rec. count =           70
 v: current mean I/O counter =           70
 writing mean record for v; rec. count =           70
 ssh: current mean I/O counter =           70
 writing mean record for ssh; rec. count =           70
 hc700m: current mean I/O counter =           70
 writing mean record for hc700m; rec. count =           70
 tflux_w: current mean I/O counter =           70
 writing mean record for tflux_w; rec. count =           70
 curl_u: current mean I/O counter =           71
 writing mean record for curl_u; rec. count =           71
 N2: current mean I/O counter =           71
 writing mean record for N2; rec. count =           71
 rosb: current mean I/O counter =           71
 writing mean record for rosb; rec. count =           71
 unod: current mean I/O counter =           71
 writing mean record for unod; rec. count =           71
 FESOM =======================================================
 FESOM step:          72  day:           1  year:        2008
 
 u: current mean I/O counter =           71
 writing mean record for u; rec. count =           71
 slope_y: current mean I/O counter =           71
 writing mean record for slope_y; rec. count =           71
 sst: current mean I/O counter =           71
 writing mean record for sst; rec. count =           71
 hc300m: current mean I/O counter =           71
 writing mean record for hc300m; rec. count =           71
 slope_x: current mean I/O counter =           71
 writing mean record for slope_x; rec. count =           71
 temp: current mean I/O counter =           71
 writing mean record for temp; rec. count =           71
 vnod: current mean I/O counter =           71
 writing mean record for vnod; rec. count =           71
 v: current mean I/O counter =           71
 writing mean record for v; rec. count =           71
 ssh: current mean I/O counter =           71
 writing mean record for ssh; rec. count =           71
 hc700m: current mean I/O counter =           71
 writing mean record for hc700m; rec. count =           71
 hc: current mean I/O counter =           71
 writing mean record for hc; rec. count =           71
 tflux_unod: current mean I/O counter =           71
 writing mean record for tflux_unod; rec. count =           71
 tflux_vnod: current mean I/O counter =           71
 writing mean record for tflux_vnod; rec. count =           71
 tflux_w: current mean I/O counter =           71
 writing mean record for tflux_w; rec. count =           71
 ___CHECK GLOBAL OCEAN VARIABLES --> mstep=          72
   ___global estimat of eta & hbar____________________
    int(eta), int(hbar)      =  4.992859423709929E-004  4.992859423709929E-004
     --> error(eta-hbar)     =  0.000000000000000E+000
    min(eta) , max(eta)      = -0.496645327564420       0.713312131562334     
    max(hbar), max(hbar)     = -0.496645327564420       0.713312131562334     
 
    int(deta), int(dhbar)    =  0.000000000000000E+000  8.175414753022363E-006
     --> error(deta-dhbar)   = -8.175414753022363E-006
     --> error(deta-wflux)   =  0.000000000000000E+000
     --> error(dhbar-wflux)  =  8.175414753022363E-006
 
    -int(wflux)*dt          =  0.000000000000000E+000
    int(deta )-int(wflux)*dt =  0.000000000000000E+000
    int(dhbar)-int(wflux)*dt =  8.175414753022363E-006
 
   ___global min/max/mean  --> mstep=          72 ____________
       eta= -4.966E-01 |  7.133E-01 | N.A.
      deta= -5.557E-05 |  4.103E-05 | N.A.
      hbar= -4.966E-01 |  7.133E-01 | N.A.
     wflux=  0.000E+00 |  0.000E+00 |  0.000E+00
     hflux=  7.308E+01 |  9.965E+01 |  0.000E+00
      temp=  2.946E+00 |  2.120E+01 |  0.000E+00
      salt=  3.500E+01 |  3.500E+01 |  0.000E+00
    wvel(1,:)= -9.261E-08 |  6.838E-08 | N.A.
    wvel(2,:)= -6.447E-06 |  1.049E-05 | N.A.
    uvel(1,:)= -2.656E-01 |  3.878E-01 | N.A.
    uvel(2,:)= -2.645E-01 |  3.834E-01 | N.A.
    vvel(1,:)= -1.519E-01 |  3.272E-01 | N.A.
    vvel(2,:)= -1.512E-01 |  3.275E-01 | N.A.
   hnode(1,:)=  9.038E+00 |  9.038E+00 | N.A.
   hnode(2,:)=  9.941E+00 |  9.941E+00 | N.A.
     cfl_z=  N.A.      |  4.595E-03 | N.A.
     pgf_x=  N.A.      |  1.955E-05 | N.A.
     pgf_y=  N.A.      |  4.492E-05 | N.A.
          Av=  N.A.      |  1.000E-01 | N.A.
          Kv=  N.A.      |  1.000E-01 | N.A.
 ___ALE OCEAN STEP EXECUTION TIMES______________________
     Oce. Mix,Press.. : 7.144E-02
     Oce. Dynamics    : 1.653E-04
     Oce. Update Vel. : 2.338E-05
     Oce. Fer-GM.     : 5.000E-08
     _______________________________
     ALE-Solve SSH    : 2.401E-04
     ALE-Calc. hbar   : 2.173E-05
     ALE-Update+W     : 4.424E-05
     ALE-Solve Tracer : 1.843E+03
     ALE-Update hnode : 5.835E-01
     _______________________________
     check for blowup : 1.487E+01
     _______________________________
     Oce. TOTAL       : 1.859E+03
 
 
 curl_u: current mean I/O counter =           72
 writing mean record for curl_u; rec. count =           72
 rosb: current mean I/O counter =           72
 writing mean record for rosb; rec. count =           72
 N2: current mean I/O counter =           72
 writing mean record for N2; rec. count =           72
 slope_x: current mean I/O counter =           72
 writing mean record for slope_x; rec. count =           72
 slope_y: current mean I/O counter =           72
 writing mean record for slope_y; rec. count =           72
 temp: current mean I/O counter =           72
 writing mean record for temp; rec. count =           72
 unod: current mean I/O counter =           72
 writing mean record for unod; rec. count =           72
 vnod: current mean I/O counter =           72
 writing mean record for vnod; rec. count =           72
 u: current mean I/O counter =           72
 writing mean record for u; rec. count =           72
 v: current mean I/O counter =           72
 writing mean record for v; rec. count =           72
 sst: current mean I/O counter =           72
 writing mean record for sst; rec. count =           72
 ssh: current mean I/O counter =           72
 writing mean record for ssh; rec. count =           72
 hc300m: current mean I/O counter =           72
 writing mean record for hc300m; rec. count =           72
 hc700m: current mean I/O counter =           72
 writing mean record for hc700m; rec. count =           72
 hc: current mean I/O counter =           72
 writing mean record for hc; rec. count =           72
 tflux_unod: current mean I/O counter =           72
 writing mean record for tflux_unod; rec. count =           72
 tflux_vnod: current mean I/O counter =           72
 writing mean record for tflux_vnod; rec. count =           72
 tflux_w: current mean I/O counter =           72
 writing mean record for tflux_w; rec. count =           72
 curl_u: current mean I/O counter =           73
 writing mean record for curl_u; rec. count =           73
 rosb: current mean I/O counter =           73
 writing mean record for rosb; rec. count =           73
 N2: current mean I/O counter =           73
 writing mean record for N2; rec. count =           73
 slope_y: current mean I/O counter =           73
 writing mean record for slope_y; rec. count =           73
 unod: current mean I/O counter =           73
 writing mean record for unod; rec. count =           73
 u: current mean I/O counter =           73
 writing mean record for u; rec. count =           73
 sst: current mean I/O counter =           73
 writing mean record for sst; rec. count =           73
 hc300m: current mean I/O counter =           73
 writing mean record for hc300m; rec. count =           73
 tflux_vnod: current mean I/O counter =           73
 writing mean record for tflux_vnod; rec. count =           73
 hc: current mean I/O counter =           73
 writing mean record for hc; rec. count =           73
 vnod: current mean I/O counter =           73
 writing mean record for vnod; rec. count =           73
 temp: current mean I/O counter =           73
 writing mean record for temp; rec. count =           73
 slope_x: current mean I/O counter =           73
 writing mean record for slope_x; rec. count =           73
 hc700m: current mean I/O counter =           73
 writing mean record for hc700m; rec. count =           73
 v: current mean I/O counter =           73
 writing mean record for v; rec. count =           73
 ssh: current mean I/O counter =           73
 writing mean record for ssh; rec. count =           73
 tflux_unod: current mean I/O counter =           73
 writing mean record for tflux_unod; rec. count =           73
 tflux_w: current mean I/O counter =           73
 writing mean record for tflux_w; rec. count =           73
 curl_u: current mean I/O counter =           74
 writing mean record for curl_u; rec. count =           74
 N2: current mean I/O counter =           74
 writing mean record for N2; rec. count =           74
 slope_y: current mean I/O counter =           74
 writing mean record for slope_y; rec. count =           74
 rosb: current mean I/O counter =           74
 writing mean record for rosb; rec. count =           74
 u: current mean I/O counter =           74
 writing mean record for u; rec. count =           74
 hc300m: current mean I/O counter =           74
 writing mean record for hc300m; rec. count =           74
 vnod: current mean I/O counter =           74
 writing mean record for vnod; rec. count =           74
 sst: current mean I/O counter =           74
 writing mean record for sst; rec. count =           74
 slope_x: current mean I/O counter =           74
 writing mean record for slope_x; rec. count =           74
 temp: current mean I/O counter =           74
 writing mean record for temp; rec. count =           74
 unod: current mean I/O counter =           74
 writing mean record for unod; rec. count =           74
 v: current mean I/O counter =           74
 writing mean record for v; rec. count =           74
 ssh: current mean I/O counter =           74
 writing mean record for ssh; rec. count =           74
 hc700m: current mean I/O counter =           74
 writing mean record for hc700m; rec. count =           74
 hc: current mean I/O counter =           74
 writing mean record for hc; rec. count =           74
 tflux_unod: current mean I/O counter =           74
 writing mean record for tflux_unod; rec. count =           74
 tflux_vnod: current mean I/O counter =           74
 writing mean record for tflux_vnod; rec. count =           74
 tflux_w: current mean I/O counter =           74
 writing mean record for tflux_w; rec. count =           74
 curl_u: current mean I/O counter =           75
 writing mean record for curl_u; rec. count =           75
 N2: current mean I/O counter =           75
 writing mean record for N2; rec. count =           75
 slope_y: current mean I/O counter =           75
 writing mean record for slope_y; rec. count =           75
 unod: current mean I/O counter =           75
 writing mean record for unod; rec. count =           75
 rosb: current mean I/O counter =           75
 writing mean record for rosb; rec. count =           75
 u: current mean I/O counter =           75
 writing mean record for u; rec. count =           75
 sst: current mean I/O counter =           75
 writing mean record for sst; rec. count =           75
 hc300m: current mean I/O counter =           75
 writing mean record for hc300m; rec. count =           75
 hc: current mean I/O counter =           75
 writing mean record for hc; rec. count =           75
 tflux_vnod: current mean I/O counter =           75
 writing mean record for tflux_vnod; rec. count =           75
 slope_x: current mean I/O counter =           75
 writing mean record for slope_x; rec. count =           75
 v: current mean I/O counter =           75
 writing mean record for v; rec. count =           75
 vnod: current mean I/O counter =           75
 writing mean record for vnod; rec. count =           75
 temp: current mean I/O counter =           75
 writing mean record for temp; rec. count =           75
 ssh: current mean I/O counter =           75
 writing mean record for ssh; rec. count =           75
 hc700m: current mean I/O counter =           75
 writing mean record for hc700m; rec. count =           75
 tflux_unod: current mean I/O counter =           75
 writing mean record for tflux_unod; rec. count =           75
 tflux_w: current mean I/O counter =           75
 writing mean record for tflux_w; rec. count =           75
 curl_u: current mean I/O counter =           76
 writing mean record for curl_u; rec. count =           76
 slope_y: current mean I/O counter =           76
 writing mean record for slope_y; rec. count =           76
 N2: current mean I/O counter =           76
 writing mean record for N2; rec. count =           76
 rosb: current mean I/O counter =           76
 writing mean record for rosb; rec. count =           76
 slope_x: current mean I/O counter =           76
 writing mean record for slope_x; rec. count =           76
 temp: current mean I/O counter =           76
 writing mean record for temp; rec. count =           76
 unod: current mean I/O counter =           76
 writing mean record for unod; rec. count =           76
 vnod: current mean I/O counter =           76
 writing mean record for vnod; rec. count =           76
 u: current mean I/O counter =           76
 writing mean record for u; rec. count =           76
 v: current mean I/O counter =           76
 writing mean record for v; rec. count =           76
 sst: current mean I/O counter =           76
 writing mean record for sst; rec. count =           76
 ssh: current mean I/O counter =           76
 writing mean record for ssh; rec. count =           76
 hc300m: current mean I/O counter =           76
 writing mean record for hc300m; rec. count =           76
 hc700m: current mean I/O counter =           76
 writing mean record for hc700m; rec. count =           76
 hc: current mean I/O counter =           76
 writing mean record for hc; rec. count =           76
 tflux_unod: current mean I/O counter =           76
 writing mean record for tflux_unod; rec. count =           76
 tflux_vnod: current mean I/O counter =           76
 writing mean record for tflux_vnod; rec. count =           76
 tflux_w: current mean I/O counter =           76
 writing mean record for tflux_w; rec. count =           76
 curl_u: current mean I/O counter =           77
 writing mean record for curl_u; rec. count =           77
 rosb: current mean I/O counter =           77
 writing mean record for rosb; rec. count =           77
 N2: current mean I/O counter =           77
 writing mean record for N2; rec. count =           77
 slope_y: current mean I/O counter =           77
 writing mean record for slope_y; rec. count =           77
 slope_x: current mean I/O counter =           77
 writing mean record for slope_x; rec. count =           77
 temp: current mean I/O counter =           77
 writing mean record for temp; rec. count =           77
 vnod: current mean I/O counter =           77
 writing mean record for vnod; rec. count =           77
 u: current mean I/O counter =           77
 writing mean record for u; rec. count =           77
 sst: current mean I/O counter =           77
 writing mean record for sst; rec. count =           77
 hc300m: current mean I/O counter =           77
 writing mean record for hc300m; rec. count =           77
 hc: current mean I/O counter =           77
 writing mean record for hc; rec. count =           77
 tflux_vnod: current mean I/O counter =           77
 writing mean record for tflux_vnod; rec. count =           77
 unod: current mean I/O counter =           77
 writing mean record for unod; rec. count =           77
 v: current mean I/O counter =           77
 writing mean record for v; rec. count =           77
 ssh: current mean I/O counter =           77
 writing mean record for ssh; rec. count =           77
 hc700m: current mean I/O counter =           77
 writing mean record for hc700m; rec. count =           77
 tflux_unod: current mean I/O counter =           77
 writing mean record for tflux_unod; rec. count =           77
 tflux_w: current mean I/O counter =           77
 writing mean record for tflux_w; rec. count =           77
 curl_u: current mean I/O counter =           78
 writing mean record for curl_u; rec. count =           78
 slope_y: current mean I/O counter =           78
 writing mean record for slope_y; rec. count =           78
 N2: current mean I/O counter =           78
 writing mean record for N2; rec. count =           78
 rosb: current mean I/O counter =           78
 writing mean record for rosb; rec. count =           78
 unod: current mean I/O counter =           78
 writing mean record for unod; rec. count =           78
 u: current mean I/O counter =           78
 writing mean record for u; rec. count =           78
 sst: current mean I/O counter =           78
 writing mean record for sst; rec. count =           78
 hc300m: current mean I/O counter =           78
 writing mean record for hc300m; rec. count =           78
 hc: current mean I/O counter =           78
 writing mean record for hc; rec. count =           78
 tflux_vnod: current mean I/O counter =           78
 writing mean record for tflux_vnod; rec. count =           78
 slope_x: current mean I/O counter =           78
 writing mean record for slope_x; rec. count =           78
 vnod: current mean I/O counter =           78
 writing mean record for vnod; rec. count =           78
 temp: current mean I/O counter =           78
 writing mean record for temp; rec. count =           78
 ssh: current mean I/O counter =           78
 writing mean record for ssh; rec. count =           78
 tflux_w: current mean I/O counter =           78
 writing mean record for tflux_w; rec. count =           78
 v: current mean I/O counter =           78
 writing mean record for v; rec. count =           78
 hc700m: current mean I/O counter =           78
 writing mean record for hc700m; rec. count =           78
 tflux_unod: current mean I/O counter =           78
 writing mean record for tflux_unod; rec. count =           78
 curl_u: current mean I/O counter =           79
 writing mean record for curl_u; rec. count =           79
 rosb: current mean I/O counter =           79
 writing mean record for rosb; rec. count =           79
 N2: current mean I/O counter =           79
 writing mean record for N2; rec. count =           79
 slope_y: current mean I/O counter =           79
 writing mean record for slope_y; rec. count =           79
 unod: current mean I/O counter =           79
 writing mean record for unod; rec. count =           79
 u: current mean I/O counter =           79
 writing mean record for u; rec. count =           79
 sst: current mean I/O counter =           79
 writing mean record for sst; rec. count =           79
 hc300m: current mean I/O counter =           79
 writing mean record for hc300m; rec. count =           79
 tflux_unod: current mean I/O counter =           79
 writing mean record for tflux_unod; rec. count =           79
 hc: current mean I/O counter =           79
 writing mean record for hc; rec. count =           79
 tflux_vnod: current mean I/O counter =           79
 writing mean record for tflux_vnod; rec. count =           79
 slope_x: current mean I/O counter =           79
 writing mean record for slope_x; rec. count =           79
 temp: current mean I/O counter =           79
 writing mean record for temp; rec. count =           79
 vnod: current mean I/O counter =           79
 writing mean record for vnod; rec. count =           79
 v: current mean I/O counter =           79
 writing mean record for v; rec. count =           79
 ssh: current mean I/O counter =           79
 writing mean record for ssh; rec. count =           79
 hc700m: current mean I/O counter =           79
 writing mean record for hc700m; rec. count =           79
 tflux_w: current mean I/O counter =           79
 writing mean record for tflux_w; rec. count =           79
 curl_u: current mean I/O counter =           80
 writing mean record for curl_u; rec. count =           80
 rosb: current mean I/O counter =           80
 writing mean record for rosb; rec. count =           80
 N2: current mean I/O counter =           80
 writing mean record for N2; rec. count =           80
 slope_x: current mean I/O counter =           80
 writing mean record for slope_x; rec. count =           80
 slope_y: current mean I/O counter =           80
 writing mean record for slope_y; rec. count =           80
 temp: current mean I/O counter =           80
 writing mean record for temp; rec. count =           80
 unod: current mean I/O counter =           80
 writing mean record for unod; rec. count =           80
 vnod: current mean I/O counter =           80
 writing mean record for vnod; rec. count =           80
 u: current mean I/O counter =           80
 writing mean record for u; rec. count =           80
 v: current mean I/O counter =           80
 writing mean record for v; rec. count =           80
 sst: current mean I/O counter =           80
 writing mean record for sst; rec. count =           80
 ssh: current mean I/O counter =           80
 writing mean record for ssh; rec. count =           80
 hc300m: current mean I/O counter =           80
 writing mean record for hc300m; rec. count =           80
 hc700m: current mean I/O counter =           80
 writing mean record for hc700m; rec. count =           80
 hc: current mean I/O counter =           80
 writing mean record for hc; rec. count =           80
 tflux_unod: current mean I/O counter =           80
 writing mean record for tflux_unod; rec. count =           80
 tflux_vnod: current mean I/O counter =           80
 writing mean record for tflux_vnod; rec. count =           80
 tflux_w: current mean I/O counter =           80
 writing mean record for tflux_w; rec. count =           80
 curl_u: current mean I/O counter =           81
 writing mean record for curl_u; rec. count =           81
 N2: current mean I/O counter =           81
 writing mean record for N2; rec. count =           81
 slope_y: current mean I/O counter =           81
 writing mean record for slope_y; rec. count =           81
 rosb: current mean I/O counter =           81
 writing mean record for rosb; rec. count =           81
 u: current mean I/O counter =           81
 writing mean record for u; rec. count =           81
 sst: current mean I/O counter =           81
 writing mean record for sst; rec. count =           81
 unod: current mean I/O counter =           81
 writing mean record for unod; rec. count =           81
 hc300m: current mean I/O counter =           81
 writing mean record for hc300m; rec. count =           81
 hc: current mean I/O counter =           81
 writing mean record for hc; rec. count =           81
 tflux_vnod: current mean I/O counter =           81
 writing mean record for tflux_vnod; rec. count =           81
 slope_x: current mean I/O counter =           81
 writing mean record for slope_x; rec. count =           81
 temp: current mean I/O counter =           81
 writing mean record for temp; rec. count =           81
 vnod: current mean I/O counter =           81
 writing mean record for vnod; rec. count =           81
 v: current mean I/O counter =           81
 writing mean record for v; rec. count =           81
 ssh: current mean I/O counter =           81
 writing mean record for ssh; rec. count =           81
 hc700m: current mean I/O counter =           81
 writing mean record for hc700m; rec. count =           81
 tflux_unod: current mean I/O counter =           81
 writing mean record for tflux_unod; rec. count =           81
 tflux_w: current mean I/O counter =           81
 writing mean record for tflux_w; rec. count =           81
 curl_u: current mean I/O counter =           82
 writing mean record for curl_u; rec. count =           82
 rosb: current mean I/O counter =           82
 writing mean record for rosb; rec. count =           82
 N2: current mean I/O counter =           82
 writing mean record for N2; rec. count =           82
 unod: current mean I/O counter =           82
 writing mean record for unod; rec. count =           82
 slope_y: current mean I/O counter =           82
 writing mean record for slope_y; rec. count =           82
 u: current mean I/O counter =           82
 writing mean record for u; rec. count =           82
 sst: current mean I/O counter =           82
 writing mean record for sst; rec. count =           82
 hc300m: current mean I/O counter =           82
 writing mean record for hc300m; rec. count =           82
 hc: current mean I/O counter =           82
 writing mean record for hc; rec. count =           82
 tflux_vnod: current mean I/O counter =           82
 writing mean record for tflux_vnod; rec. count =           82
 slope_x: current mean I/O counter =           82
 writing mean record for slope_x; rec. count =           82
 temp: current mean I/O counter =           82
 writing mean record for temp; rec. count =           82
 vnod: current mean I/O counter =           82
 writing mean record for vnod; rec. count =           82
 v: current mean I/O counter =           82
 writing mean record for v; rec. count =           82
 ssh: current mean I/O counter =           82
 writing mean record for ssh; rec. count =           82
 hc700m: current mean I/O counter =           82
 writing mean record for hc700m; rec. count =           82
 tflux_unod: current mean I/O counter =           82
 writing mean record for tflux_unod; rec. count =           82
 tflux_w: current mean I/O counter =           82
 writing mean record for tflux_w; rec. count =           82
 curl_u: current mean I/O counter =           83
 writing mean record for curl_u; rec. count =           83
 rosb: current mean I/O counter =           83
 writing mean record for rosb; rec. count =           83
 N2: current mean I/O counter =           83
 writing mean record for N2; rec. count =           83
 slope_y: current mean I/O counter =           83
 writing mean record for slope_y; rec. count =           83
 slope_x: current mean I/O counter =           83
 writing mean record for slope_x; rec. count =           83
 temp: current mean I/O counter =           83
 writing mean record for temp; rec. count =           83
 unod: current mean I/O counter =           83
 writing mean record for unod; rec. count =           83
 u: current mean I/O counter =           83
 writing mean record for u; rec. count =           83
 v: current mean I/O counter =           83
 writing mean record for v; rec. count =           83
 sst: current mean I/O counter =           83
 writing mean record for sst; rec. count =           83
 hc300m: current mean I/O counter =           83
 writing mean record for hc300m; rec. count =           83
 hc: current mean I/O counter =           83
 writing mean record for hc; rec. count =           83
 tflux_unod: current mean I/O counter =           83
 writing mean record for tflux_unod; rec. count =           83
 tflux_vnod: current mean I/O counter =           83
 writing mean record for tflux_vnod; rec. count =           83
 tflux_w: current mean I/O counter =           83
 writing mean record for tflux_w; rec. count =           83
 vnod: current mean I/O counter =           83
 writing mean record for vnod; rec. count =           83
 ssh: current mean I/O counter =           83
 writing mean record for ssh; rec. count =           83
 hc700m: current mean I/O counter =           83
 writing mean record for hc700m; rec. count =           83
 curl_u: current mean I/O counter =           84
 writing mean record for curl_u; rec. count =           84
 rosb: current mean I/O counter =           84
 writing mean record for rosb; rec. count =           84
 N2: current mean I/O counter =           84
 writing mean record for N2; rec. count =           84
 slope_y: current mean I/O counter =           84
 writing mean record for slope_y; rec. count =           84
 unod: current mean I/O counter =           84
 writing mean record for unod; rec. count =           84
 u: current mean I/O counter =           84
 writing mean record for u; rec. count =           84
 sst: current mean I/O counter =           84
 writing mean record for sst; rec. count =           84
 hc300m: current mean I/O counter =           84
 writing mean record for hc300m; rec. count =           84
 hc: current mean I/O counter =           84
 writing mean record for hc; rec. count =           84
 tflux_vnod: current mean I/O counter =           84
 writing mean record for tflux_vnod; rec. count =           84
 slope_x: current mean I/O counter =           84
 writing mean record for slope_x; rec. count =           84
 temp: current mean I/O counter =           84
 writing mean record for temp; rec. count =           84
 vnod: current mean I/O counter =           84
 writing mean record for vnod; rec. count =           84
 v: current mean I/O counter =           84
 writing mean record for v; rec. count =           84
 ssh: current mean I/O counter =           84
 writing mean record for ssh; rec. count =           84
 hc700m: current mean I/O counter =           84
 writing mean record for hc700m; rec. count =           84
 tflux_unod: current mean I/O counter =           84
 writing mean record for tflux_unod; rec. count =           84
 tflux_w: current mean I/O counter =           84
 writing mean record for tflux_w; rec. count =           84
 curl_u: current mean I/O counter =           85
 writing mean record for curl_u; rec. count =           85
 rosb: current mean I/O counter =           85
 writing mean record for rosb; rec. count =           85
 N2: current mean I/O counter =           85
 writing mean record for N2; rec. count =           85
 unod: current mean I/O counter =           85
 writing mean record for unod; rec. count =           85
 u: current mean I/O counter =           85
 writing mean record for u; rec. count =           85
 slope_y: current mean I/O counter =           85
 writing mean record for slope_y; rec. count =           85
 sst: current mean I/O counter =           85
 writing mean record for sst; rec. count =           85
 hc300m: current mean I/O counter =           85
 writing mean record for hc300m; rec. count =           85
 slope_x: current mean I/O counter =           85
 writing mean record for slope_x; rec. count =           85
 temp: current mean I/O counter =           85
 writing mean record for temp; rec. count =           85
 vnod: current mean I/O counter =           85
 writing mean record for vnod; rec. count =           85
 hc: current mean I/O counter =           85
 writing mean record for hc; rec. count =           85
 tflux_vnod: current mean I/O counter =           85
 writing mean record for tflux_vnod; rec. count =           85
 v: current mean I/O counter =           85
 writing mean record for v; rec. count =           85
 ssh: current mean I/O counter =           85
 writing mean record for ssh; rec. count =           85
 hc700m: current mean I/O counter =           85
 writing mean record for hc700m; rec. count =           85
 tflux_unod: current mean I/O counter =           85
 writing mean record for tflux_unod; rec. count =           85
 tflux_w: current mean I/O counter =           85
 writing mean record for tflux_w; rec. count =           85
 curl_u: current mean I/O counter =           86
 writing mean record for curl_u; rec. count =           86
 rosb: current mean I/O counter =           86
 writing mean record for rosb; rec. count =           86
 N2: current mean I/O counter =           86
 writing mean record for N2; rec. count =           86
 slope_y: current mean I/O counter =           86
 writing mean record for slope_y; rec. count =           86
 unod: current mean I/O counter =           86
 writing mean record for unod; rec. count =           86
 u: current mean I/O counter =           86
 writing mean record for u; rec. count =           86
 sst: current mean I/O counter =           86
 writing mean record for sst; rec. count =           86
 hc300m: current mean I/O counter =           86
 writing mean record for hc300m; rec. count =           86
 vnod: current mean I/O counter =           86
 writing mean record for vnod; rec. count =           86
 hc: current mean I/O counter =           86
 writing mean record for hc; rec. count =           86
 tflux_vnod: current mean I/O counter =           86
 writing mean record for tflux_vnod; rec. count =           86
 slope_x: current mean I/O counter =           86
 writing mean record for slope_x; rec. count =           86
 temp: current mean I/O counter =           86
 writing mean record for temp; rec. count =           86
 v: current mean I/O counter =           86
 writing mean record for v; rec. count =           86
 ssh: current mean I/O counter =           86
 writing mean record for ssh; rec. count =           86
 hc700m: current mean I/O counter =           86
 writing mean record for hc700m; rec. count =           86
 tflux_unod: current mean I/O counter =           86
 writing mean record for tflux_unod; rec. count =           86
 tflux_w: current mean I/O counter =           86
 writing mean record for tflux_w; rec. count =           86
 curl_u: current mean I/O counter =           87
 writing mean record for curl_u; rec. count =           87
 rosb: current mean I/O counter =           87
 writing mean record for rosb; rec. count =           87
 N2: current mean I/O counter =           87
 writing mean record for N2; rec. count =           87
 slope_y: current mean I/O counter =           87
 writing mean record for slope_y; rec. count =           87
 unod: current mean I/O counter =           87
 writing mean record for unod; rec. count =           87
 u: current mean I/O counter =           87
 writing mean record for u; rec. count =           87
 hc300m: current mean I/O counter =           87
 writing mean record for hc300m; rec. count =           87
 sst: current mean I/O counter =           87
 writing mean record for sst; rec. count =           87
 vnod: current mean I/O counter =           87
 writing mean record for vnod; rec. count =           87
 v: current mean I/O counter =           87
 writing mean record for v; rec. count =           87
 hc: current mean I/O counter =           87
 writing mean record for hc; rec. count =           87
 tflux_vnod: current mean I/O counter =           87
 writing mean record for tflux_vnod; rec. count =           87
 tflux_w: current mean I/O counter =           87
 writing mean record for tflux_w; rec. count =           87
 slope_x: current mean I/O counter =           87
 writing mean record for slope_x; rec. count =           87
 temp: current mean I/O counter =           87
 writing mean record for temp; rec. count =           87
 ssh: current mean I/O counter =           87
 writing mean record for ssh; rec. count =           87
 hc700m: current mean I/O counter =           87
 writing mean record for hc700m; rec. count =           87
 tflux_unod: current mean I/O counter =           87
 writing mean record for tflux_unod; rec. count =           87
 curl_u: current mean I/O counter =           88
 writing mean record for curl_u; rec. count =           88
 N2: current mean I/O counter =           88
 writing mean record for N2; rec. count =           88
 slope_y: current mean I/O counter =           88
 writing mean record for slope_y; rec. count =           88
 rosb: current mean I/O counter =           88
 writing mean record for rosb; rec. count =           88
 u: current mean I/O counter =           88
 writing mean record for u; rec. count =           88
 hc300m: current mean I/O counter =           88
 writing mean record for hc300m; rec. count =           88
 slope_x: current mean I/O counter =           88
 writing mean record for slope_x; rec. count =           88
 temp: current mean I/O counter =           88
 writing mean record for temp; rec. count =           88
 vnod: current mean I/O counter =           88
 writing mean record for vnod; rec. count =           88
 unod: current mean I/O counter =           88
 writing mean record for unod; rec. count =           88
 v: current mean I/O counter =           88
 writing mean record for v; rec. count =           88
 sst: current mean I/O counter =           88
 writing mean record for sst; rec. count =           88
 ssh: current mean I/O counter =           88
 writing mean record for ssh; rec. count =           88
 hc700m: current mean I/O counter =           88
 writing mean record for hc700m; rec. count =           88
 hc: current mean I/O counter =           88
 writing mean record for hc; rec. count =           88
 tflux_unod: current mean I/O counter =           88
 writing mean record for tflux_unod; rec. count =           88
 tflux_vnod: current mean I/O counter =           88
 writing mean record for tflux_vnod; rec. count =           88
 tflux_w: current mean I/O counter =           88
 writing mean record for tflux_w; rec. count =           88
 curl_u: current mean I/O counter =           89
 writing mean record for curl_u; rec. count =           89
 N2: current mean I/O counter =           89
 writing mean record for N2; rec. count =           89
 slope_y: current mean I/O counter =           89
 writing mean record for slope_y; rec. count =           89
 rosb: current mean I/O counter =           89
 writing mean record for rosb; rec. count =           89
 unod: current mean I/O counter =           89
 writing mean record for unod; rec. count =           89
 u: current mean I/O counter =           89
 writing mean record for u; rec. count =           89
 sst: current mean I/O counter =           89
 writing mean record for sst; rec. count =           89
 hc300m: current mean I/O counter =           89
 writing mean record for hc300m; rec. count =           89
 hc: current mean I/O counter =           89
 writing mean record for hc; rec. count =           89
 tflux_vnod: current mean I/O counter =           89
 writing mean record for tflux_vnod; rec. count =           89
 vnod: current mean I/O counter =           89
 writing mean record for vnod; rec. count =           89
 slope_x: current mean I/O counter =           89
 writing mean record for slope_x; rec. count =           89
 tflux_unod: current mean I/O counter =           89
 writing mean record for tflux_unod; rec. count =           89
 tflux_w: current mean I/O counter =           89
 writing mean record for tflux_w; rec. count =           89
 temp: current mean I/O counter =           89
 writing mean record for temp; rec. count =           89
 v: current mean I/O counter =           89
 writing mean record for v; rec. count =           89
 ssh: current mean I/O counter =           89
 writing mean record for ssh; rec. count =           89
 hc700m: current mean I/O counter =           89
 writing mean record for hc700m; rec. count =           89
 curl_u: current mean I/O counter =           90
 writing mean record for curl_u; rec. count =           90
 N2: current mean I/O counter =           90
 writing mean record for N2; rec. count =           90
 slope_y: current mean I/O counter =           90
 writing mean record for slope_y; rec. count =           90
 rosb: current mean I/O counter =           90
 writing mean record for rosb; rec. count =           90
 u: current mean I/O counter =           90
 writing mean record for u; rec. count =           90
 hc300m: current mean I/O counter =           90
 writing mean record for hc300m; rec. count =           90
 hc: current mean I/O counter =           90
 writing mean record for hc; rec. count =           90
 sst: current mean I/O counter =           90
 writing mean record for sst; rec. count =           90
 slope_x: current mean I/O counter =           90
 writing mean record for slope_x; rec. count =           90
 temp: current mean I/O counter =           90
 writing mean record for temp; rec. count =           90
 unod: current mean I/O counter =           90
 writing mean record for unod; rec. count =           90
 vnod: current mean I/O counter =           90
 writing mean record for vnod; rec. count =           90
 v: current mean I/O counter =           90
 writing mean record for v; rec. count =           90
 hc700m: current mean I/O counter =           90
 writing mean record for hc700m; rec. count =           90
 tflux_unod: current mean I/O counter =           90
 writing mean record for tflux_unod; rec. count =           90
 tflux_vnod: current mean I/O counter =           90
 writing mean record for tflux_vnod; rec. count =           90
 ssh: current mean I/O counter =           90
 writing mean record for ssh; rec. count =           90
 tflux_w: current mean I/O counter =           90
 writing mean record for tflux_w; rec. count =           90
 curl_u: current mean I/O counter =           91
 writing mean record for curl_u; rec. count =           91
 slope_y: current mean I/O counter =           91
 writing mean record for slope_y; rec. count =           91
 N2: current mean I/O counter =           91
 writing mean record for N2; rec. count =           91
 rosb: current mean I/O counter =           91
 writing mean record for rosb; rec. count =           91
 u: current mean I/O counter =           91
 writing mean record for u; rec. count =           91
 sst: current mean I/O counter =           91
 writing mean record for sst; rec. count =           91
 slope_x: current mean I/O counter =           91
 writing mean record for slope_x; rec. count =           91
 temp: current mean I/O counter =           91
 writing mean record for temp; rec. count =           91
 unod: current mean I/O counter =           91
 writing mean record for unod; rec. count =           91
 vnod: current mean I/O counter =           91
 writing mean record for vnod; rec. count =           91
 hc300m: current mean I/O counter =           91
 writing mean record for hc300m; rec. count =           91
 hc: current mean I/O counter =           91
 writing mean record for hc; rec. count =           91
 tflux_vnod: current mean I/O counter =           91
 writing mean record for tflux_vnod; rec. count =           91
 v: current mean I/O counter =           91
 writing mean record for v; rec. count =           91
 ssh: current mean I/O counter =           91
 writing mean record for ssh; rec. count =           91
 hc700m: current mean I/O counter =           91
 writing mean record for hc700m; rec. count =           91
 tflux_unod: current mean I/O counter =           91
 writing mean record for tflux_unod; rec. count =           91
 tflux_w: current mean I/O counter =           91
 writing mean record for tflux_w; rec. count =           91
 curl_u: current mean I/O counter =           92
 writing mean record for curl_u; rec. count =           92
 rosb: current mean I/O counter =           92
 writing mean record for rosb; rec. count =           92
 N2: current mean I/O counter =           92
 writing mean record for N2; rec. count =           92
 slope_y: current mean I/O counter =           92
 writing mean record for slope_y; rec. count =           92
 unod: current mean I/O counter =           92
 writing mean record for unod; rec. count =           92
 u: current mean I/O counter =           92
 writing mean record for u; rec. count =           92
 sst: current mean I/O counter =           92
 writing mean record for sst; rec. count =           92
 temp: current mean I/O counter =           92
 writing mean record for temp; rec. count =           92
 vnod: current mean I/O counter =           92
 writing mean record for vnod; rec. count =           92
 v: current mean I/O counter =           92
 writing mean record for v; rec. count =           92
 hc300m: current mean I/O counter =           92
 writing mean record for hc300m; rec. count =           92
 tflux_vnod: current mean I/O counter =           92
 writing mean record for tflux_vnod; rec. count =           92
 slope_x: current mean I/O counter =           92
 writing mean record for slope_x; rec. count =           92
 hc: current mean I/O counter =           92
 writing mean record for hc; rec. count =           92
 ssh: current mean I/O counter =           92
 writing mean record for ssh; rec. count =           92
 hc700m: current mean I/O counter =           92
 writing mean record for hc700m; rec. count =           92
 tflux_w: current mean I/O counter =           92
 writing mean record for tflux_w; rec. count =           92
 tflux_unod: current mean I/O counter =           92
 writing mean record for tflux_unod; rec. count =           92
 curl_u: current mean I/O counter =           93
 writing mean record for curl_u; rec. count =           93
 N2: current mean I/O counter =           93
 writing mean record for N2; rec. count =           93
 slope_y: current mean I/O counter =           93
 writing mean record for slope_y; rec. count =           93
 unod: current mean I/O counter =           93
 writing mean record for unod; rec. count =           93
 u: current mean I/O counter =           93
 writing mean record for u; rec. count =           93
 sst: current mean I/O counter =           93
 writing mean record for sst; rec. count =           93
 hc300m: current mean I/O counter =           93
 writing mean record for hc300m; rec. count =           93
 rosb: current mean I/O counter =           93
 writing mean record for rosb; rec. count =           93
 hc: current mean I/O counter =           93
 writing mean record for hc; rec. count =           93
 tflux_vnod: current mean I/O counter =           93
 writing mean record for tflux_vnod; rec. count =           93
 vnod: current mean I/O counter =           93
 writing mean record for vnod; rec. count =           93
 slope_x: current mean I/O counter =           93
 writing mean record for slope_x; rec. count =           93
 temp: current mean I/O counter =           93
 writing mean record for temp; rec. count =           93
 v: current mean I/O counter =           93
 writing mean record for v; rec. count =           93
 ssh: current mean I/O counter =           93
 writing mean record for ssh; rec. count =           93
 hc700m: current mean I/O counter =           93
 writing mean record for hc700m; rec. count =           93
 tflux_unod: current mean I/O counter =           93
 writing mean record for tflux_unod; rec. count =           93
 tflux_w: current mean I/O counter =           93
 writing mean record for tflux_w; rec. count =           93
srun: Job step aborted: Waiting up to 62 seconds for job step to finish.
slurmstepd: error: *** STEP 43998118.0 ON prod-199 CANCELLED AT 2026-05-23T11:52:44 DUE TO TIME LIMIT ***
slurmstepd: error: *** JOB 43998118 ON prod-199 CANCELLED AT 2026-05-23T11:52:44 DUE TO TIME LIMIT ***
