Module for intel-oneapi-compilers version 2022.1.0 loaded
Module for intel-oneapi-mpi version 2021.6.0 loaded
Module for intel-oneapi-mkl version 2022.1.0 loaded
Module for netcdf-fortran version 4.5.4 loaded
Module for netcdf-c version 4.8.1 loaded
ln: failed to create symbolic link './fesom.x': File exists
Thu May 21 11:49:53 CEST 2026
 MPI has been initialized, provided MPI thread support level: MPI_THREAD_MULTIPLE           3
 Running on                             60  PEs
 
 [36m .------. ------. ------.  .-----. ,--.   ,-.  .----.  [0m
 [36m |  .--- ́|  .--- ́/    _ / ´  .-.  `|   `. ́   |\_,-.  | [0m
 [36m |  `--. |  `--. \_..`--. |  | |  ||  |`. ́|  |   . ́ . ́ [0m
 [36m |  .-- ́ |  .-- ́ .-._)   \|  | |  ||  |   |  | . ́  /_  [0m
 [36m |  |    |  `---.\       /`  `- ́   ́|  |   |  ||      | [0m
 [36m `-- ́    `------ ́ `----- ́  `----- ́ `-- ́   `-- ́`------ ́ [0m
                                           _____           
       ___________                     ,-:` \;´,``-,       
      | .-------. |                  .´-;_,;  `:-;_,`.     
      | |       | |                 /;   `/    ,  _`.-\    
      | |       | |                | ´`. (`     /` ` \`|   
      | |__   __| |            ,-C=|:.  `\`-.   \_   / |   
       `---|-|---´          ,-´    |     (   `,  .`\ ;`|   
        [====  O]--,    ,--´        \     | .´     `-´/    
      /:::::::::::\ \_,-             `.   ;/        .´     
     /:::::===:::::\                   ``-._____.-´`       
    ´---------------`                                      
 
 
 FESOM2 git SHA: c34a956e
 MPI library version: Intel(R) MPI Library 2021.6 for Linux* OS

 [32m____________________________________________________________[0m
 [7;32m --> FESOM BUILDS UP MODEL CONFIGURATION                    [0m
 Restart path configuration:
   Input path:  /albedo/work/projects/p_clidyn_work/rjuhrban/double_gyre/m100/results/NN_after_spinup_none/08xrpqa1/
   Output path: /albedo/work/projects/p_clidyn_work/rjuhrban/double_gyre/m100/results/NN_after_spinup_none/08xrpqa1/
   Note: Using same directory for input and output (legacy mode)
 Namelist files are read in
 time step size is set to    600.000000000000      sec
 Value of which_NN:08xrpqa1
 
 [31m____________________________________________________________[0m
 [5;7;31m --> THIS IS A RESTART RUN !!!                              [0m
     > clock restarted at time:    0.00   1 2008
 
     5256000  steps to run for fesom      job submission
           0 rpart is read
 myLists are read
 reading /albedo/work/projects/p_clidyn_work/rjuhrban/double_gyre/m100/nod2d.out
 reading /albedo/work/projects/p_clidyn_work/rjuhrban/double_gyre/m100/elem2d.out
 elements are read
 communication arrays are read
 =========================
 2D mesh was read in   1.178133364010137E-002  seconds
 2D mesh info : nod2D=         389  elem2D=         702 checksum= 
 =========================
 Communication arrays are set
 test_tri finished in   3.140041371807456E-006  seconds
 =========================
 reading /albedo/work/projects/p_clidyn_work/rjuhrban/double_gyre/m100/edgenum.out
 2D mesh info : edge2D=        1090
 reading /albedo/work/projects/p_clidyn_work/rjuhrban/double_gyre/m100/edges.out
 reading /albedo/work/projects/p_clidyn_work/rjuhrban/double_gyre/m100/edge_tri.out
 load_edges finished in   1.680521920206957E-003  seconds
 =========================
 find_neighbors finished in   1.465929119149223E-003  seconds
 =========================
 reading /albedo/work/projects/p_clidyn_work/rjuhrban/double_gyre/m100/elvls.out
 reading /albedo/work/projects/p_clidyn_work/rjuhrban/double_gyre/m100/nlvls.out
 ____________________________________________________________________
  --> 3D mesh was read in   8.398809586651623E-004  seconds
  --> Min/max depth on mype :            0   4000.00000000000        4000.00000000000     
 ____________________________________________________________________
  --> find min/max level e2n in  1.804823550628498E-004  seconds
 ____________________________________________________________________
  --> mesh statistics:           0
           0 maxArea    8831835589.32587         MinArea    8415276695.49772     
           0 maxScArea    17565690548.2392         MinScArea    16940789623.1981     
           0 Edges:            1090  internal         1016
      > Total ocean surface area is           :    5843962925012.69       m^2
      > Total ocean surface area with cavity is:    5843962925012.69       m^2
      > mesh_areas finished in   7.810901879565790E-004  seconds
 mesh_auxiliary_arrays finished in   5.735074810218066E-004  seconds
 =========================
 FESOM mesh_setup... complete
 ***start level area_test***
   5843962925012.69        5843962925012.69     
   5843962925012.69        5843962925012.69     
   5843962925012.69        5843962925012.69     
   5843962925012.69        5843962925012.69     
   5843962925012.69        5843962925012.69     
   5843962925012.69        5843962925012.69     
   5843962925012.69        5843962925012.69     
   5843962925012.69        5843962925012.69     
   5843962925012.69        5843962925012.69     
   5843962925012.69        5843962925012.69     
   5843962925012.69        5843962925012.69     
   5843962925012.69        5843962925012.69     
   5843962925012.69        5843962925012.69     
   5843962925012.69        5843962925012.69     
   5843962925012.69        5843962925012.69     
   5843962925012.69        5843962925012.69     
   5843962925012.69        5843962925012.69     
   5843962925012.69        5843962925012.69     
   5843962925012.69        5843962925012.69     
   5843962925012.69        5843962925012.69     
   5843962925012.69        5843962925012.69     
   5843962925012.69        5843962925012.69     
   5843962925012.69        5843962925012.69     
   5843962925012.69        5843962925012.69     
   5843962925012.69        5843962925012.69     
   5843962925012.69        5843962925012.69     
   5843962925012.69        5843962925012.69     
   5843962925012.69        5843962925012.69     
   5843962925012.69        5843962925012.69     
   5843962925012.69        5843962925012.69     
   5843962925012.69        5843962925012.69     
   5843962925012.69        5843962925012.69     
   5843962925012.69        5843962925012.69     
   5843962925012.69        5843962925012.69     
   5843962925012.69        5843962925012.69     
   5843962925012.69        5843962925012.69     
   5843962925012.69        5843962925012.69     
   5843962925012.69        5843962925012.69     
   5843962925012.69        5843962925012.69     
   5843962925012.69        5843962925012.69     
  0.000000000000000E+000  0.000000000000000E+000
 ***end level area_test***
      file   : namelist.dyn open ok
      file   : namelist.tra open ok
 number of tracers will be changed from          100  to            2 !
 total number of tracers is:            2
 ____________________________________________________________
  --> initialise ALE arrays + sparse SSH stiff matrix
 
 ____________________________________________________________
  --> initialise ssh operator using unperturbed ocean depth
      > in stiff_mat_ale, reading /albedo/work/projects/p_clidyn_work/rjuhrban/double_gyre/m100/dist_60/rpart.out
      took:   3.287342842668295E-004  sec
 
 Arrays are set
 FCT is initialized
           0 COR  0.993800598845800       0.933901681697525     
           0 COR_n  0.999790490560628       0.927911789982697     
 ____________________________________________________________
  --> call init_thickness_ale
 
 ____________________________________________________________
  --> initialise ALE layerthicknesses, depth levels and middepth levels
 
           2 COR  0.975830923701317       0.903952223123387     
           2 COR_n  0.981820815416145       0.891972439693731     
           4 COR  0.903952223123387       0.844053305975111     
           4 COR_n  0.909942114838214       0.838063414260283     
           1 COR   1.01177027399028       0.951871356842007     
           1 COR_n   1.01776016570511       0.945881465127180     
          26 COR  0.760194821967525       0.700295904819249     
          26 COR_n  0.766184713682352       0.694306013104421     
          28 COR  0.814103847400973       0.742225146823042     
          28 COR_n  0.820093739115801       0.730245363393387     
          27 COR  0.760194821967525       0.706285796534076     
          27 COR_n  0.766184713682352       0.694306013104421     
           7 COR   1.04770962427925       0.987810707130973     
           7 COR_n   1.05369951599408       0.981820815416145     
          10 COR   1.14953778343132        1.07765908285339     
          10 COR_n   1.16151756686097        1.07166919113856     
          25 COR  0.814103847400973       0.754204930252697     
          25 COR_n  0.820093739115801       0.748215038537870     
           6 COR  0.921921898267869       0.862022981119593     
           6 COR_n  0.927911789982697       0.856033089404766     
           8 COR   1.09562875799787        1.02375005741994     
           8 COR_n   1.10760854142752        1.01776016570511     
          24 COR  0.850043197689938       0.790144280541663     
          24 COR_n  0.856033089404766       0.784154388826835     
          29 COR  0.832073522545456       0.754204930252697     
          29 COR_n  0.838063414260283       0.748215038537870     
           3 COR  0.939891573412352       0.879992656264076     
           3 COR_n  0.945881465127180       0.874002764549249     
          47 COR   1.27532550944270        1.22141648400925     
          47 COR_n   1.28730529287235        1.21542659229442     
           5 COR  0.975830923701317       0.915932006553042     
           5 COR_n  0.981820815416145       0.909942114838214     
           9 COR   1.10161864971270        1.04171973256442     
           9 COR_n   1.10760854142752        1.03572984084959     
          11 COR   1.04770962427925       0.969841031986490     
          11 COR_n   1.05369951599408       0.963851140271662     
          12 COR   1.06567929942373        1.00578038227546     
          12 COR_n   1.07166919113856       0.999790490560628     
          16 COR  0.921921898267869       0.879992656264076     
          16 COR_n  0.927911789982697       0.874002764549249     
          20 COR  0.868012872834421       0.796134172256490     
          20 COR_n  0.874002764549249       0.784154388826835     
          21 COR  0.885982547978904       0.808113955686145     
          21 COR_n  0.891972439693731       0.802124063971318     
          23 COR  0.885982547978904       0.826083630830628     
          23 COR_n  0.891972439693731       0.820093739115801     
          53 COR   1.33522442659097        1.29329518458718     
          53 COR_n   1.34121431830580        1.28730529287235     
 Initial state
 Initializing neural network for GM parameterization
          13 COR   1.02973994913477       0.969841031986490     
          13 COR_n   1.03572984084959       0.963851140271662     
          15 COR  0.939891573412352       0.862022981119593     
          15 COR_n  0.945881465127180       0.856033089404766     
          17 COR  0.957861248556835       0.915932006553042     
          17 COR_n  0.963851140271662       0.909942114838214     
          18 COR  0.939891573412352       0.885982547978904     
          18 COR_n  0.945881465127180       0.874002764549249     
          19 COR  0.921921898267869       0.850043197689938     
          19 COR_n  0.927911789982697       0.838063414260283     
          22 COR  0.868012872834421       0.790144280541663     
          22 COR_n  0.874002764549249       0.784154388826835     
          31 COR   1.10161864971270        1.05968940770890     
          31 COR_n   1.10760854142752        1.05369951599408     
          35 COR  0.993800598845800       0.933901681697525     
          35 COR_n  0.999790490560628       0.927911789982697     
          44 COR   1.04770962427925       0.975830923701317     
          44 COR_n   1.05369951599408       0.963851140271662     
          52 COR   1.32923453487614        1.25735583429821     
          52 COR_n   1.34121431830580        1.25136594258339     
          55 COR   1.29928507630201        1.23938615915373     
          55 COR_n   1.30527496801683        1.23339626743890     
          14 COR  0.993800598845800       0.933901681697525     
          14 COR_n  0.999790490560628       0.927911789982697     
          30 COR   1.06567929942373        1.00578038227546     
          30 COR_n   1.07166919113856       0.999790490560628     
          32 COR   1.06567929942373        1.00578038227546     
          32 COR_n   1.07166919113856       0.999790490560628     
          33 COR   1.01177027399028       0.951871356842007     
          33 COR_n   1.01776016570511       0.945881465127180     
          34 COR  0.993800598845800       0.933901681697525     
          34 COR_n  0.999790490560628       0.927911789982697     
          36 COR   1.04770962427925       0.969841031986490     
          36 COR_n   1.05369951599408       0.963851140271662     
          37 COR   1.13755800000166        1.05968940770890     
          37 COR_n   1.14354789171649        1.05369951599408     
          38 COR   1.13755800000166        1.07765908285339     
          38 COR_n   1.14354789171649        1.07166919113856     
          39 COR   1.13755800000166        1.07765908285339     
          39 COR_n   1.14354789171649        1.07166919113856     
          40 COR   1.15552767514614        1.07765908285339     
          40 COR_n   1.16151756686097        1.07166919113856     
          41 COR   1.04770962427925       0.987810707130973     
          41 COR_n   1.05369951599408       0.981820815416145     
          42 COR   1.08364897456821        1.04171973256442     
          42 COR_n   1.08963886628304        1.03572984084959     
          43 COR   1.09562875799787        1.02973994913477     
          43 COR_n   1.10760854142752        1.01776016570511     
          45 COR   1.22740637572408        1.16750745857580     
          45 COR_n   1.23339626743890        1.16151756686097     
          46 COR   1.22740637572408        1.16750745857580     
          46 COR_n   1.23339626743890        1.16151756686097     
          48 COR   1.19146702543511        1.13156810828683     
          48 COR_n   1.19745691714994        1.12557821657201     
          49 COR   1.13755800000166        1.07765908285339     
          49 COR_n   1.14354789171649        1.07166919113856     
          50 COR   1.17349735029063        1.13156810828683     
          50 COR_n   1.17948724200546        1.12557821657201     
          51 COR   1.15552767514614        1.09562875799787     
          51 COR_n   1.16151756686097        1.08963886628304     
          54 COR   1.28131540115752        1.22141648400925     
          54 COR_n   1.28730529287235        1.21542659229442     
          56 COR   1.19146702543511        1.13156810828683     
          56 COR_n   1.19745691714994        1.12557821657201     
          57 COR   1.22141648400925        1.14953778343132     
          57 COR_n   1.23339626743890        1.14354789171649     
          58 COR   1.22740637572408        1.14953778343132     
          58 COR_n   1.23339626743890        1.14354789171649     
          59 COR   1.24537605086856        1.18547713372028     
          59 COR_n   1.25136594258339        1.17948724200546     
 Path to architecture files:/albedo/home/rjuhrban/fesom2/src/neuralnet_params/08xrpqa1                                                                                                                                                                                                      
 Neural network for GM parameterization initialized successfully
 Number of layers:           5
 Layer sizes:          51         128         128         128         128           3
 Weights shape:           5         128         128
 Biases shape:           5         128
 Activations:relu            relu            relu            relu            id              
 FESOM ocean_setup... complete
 ****************************************************
 use_landice_water F
 use_age_tracer F
 [1;33m --> read restarts from netcdf file: ocean[0m
 reading restart for ssh at /albedo/work/projects/p_clidyn_work/rjuhrban/double_gyre/m100/results/NN_after_spinup_none/08xrpqa1/fesom.2007.oce.restart/ssh.nc
==================================
RESTART READ TIMING for file: ssh
  NetCDF read time:       0.000 seconds
  MPI scatter time:       0.007 seconds
  TOTAL time:             0.007 seconds
==================================
 restart from record            1  of            1 /albedo/work/projects/p_clidyn_work/rjuhrban/double_gyre/m100/results/NN_after_spinup_none/08xrpqa1/fesom.2007.oce.restart/ssh.nc
 reading restart for hbar at /albedo/work/projects/p_clidyn_work/rjuhrban/double_gyre/m100/results/NN_after_spinup_none/08xrpqa1/fesom.2007.oce.restart/hbar.nc
 [33m____________________________________________________________[0m
 [5;33m --> WARNING: RESTART TIMESTAMP MISMATCH !!!               [0m
 WARNING: timestamps in restart and in clock files do not match for ssh
          at path: /albedo/work/projects/p_clidyn_work/rjuhrban/double_gyre/m100/results/NN_after_spinup_none/08xrpqa1/fesom.2007.oce.restart/ssh.nc
          clock time  =   31534800.0000000     
          restart time=   31535400.0000000     
 WARNING: This mismatch will be ignored and the model will continue running.
 WARNING: Please verify that this is the intended behavior for your simulation.
 [33m____________________________________________________________[0m
==================================
RESTART READ TIMING for file: hbar
  NetCDF read time:       0.000 seconds
  MPI scatter time:       0.004 seconds
  TOTAL time:             0.004 seconds
==================================
 restart from record            1  of            1 /albedo/work/projects/p_clidyn_work/rjuhrban/double_gyre/m100/results/NN_after_spinup_none/08xrpqa1/fesom.2007.oce.restart/hbar.nc
 reading restart for ssh_rhs_old at /albedo/work/projects/p_clidyn_work/rjuhrban/double_gyre/m100/results/NN_after_spinup_none/08xrpqa1/fesom.2007.oce.restart/ssh_rhs_old.nc
 [33m____________________________________________________________[0m
 [5;33m --> WARNING: RESTART TIMESTAMP MISMATCH !!!               [0m
 WARNING: timestamps in restart and in clock files do not match for hbar
          at path: /albedo/work/projects/p_clidyn_work/rjuhrban/double_gyre/m100/results/NN_after_spinup_none/08xrpqa1/fesom.2007.oce.restart/hbar.nc
          clock time  =   31534800.0000000     
          restart time=   31535400.0000000     
 WARNING: This mismatch will be ignored and the model will continue running.
 WARNING: Please verify that this is the intended behavior for your simulation.
 [33m____________________________________________________________[0m
==================================
RESTART READ TIMING for file: ssh_rhs_old
  NetCDF read time:       0.000 seconds
  MPI scatter time:       0.003 seconds
  TOTAL time:             0.003 seconds
==================================
 restart from record            1  of            1 /albedo/work/projects/p_clidyn_work/rjuhrban/double_gyre/m100/results/NN_after_spinup_none/08xrpqa1/fesom.2007.oce.restart/ssh_rhs_old.nc
 reading restart for hnode at /albedo/work/projects/p_clidyn_work/rjuhrban/double_gyre/m100/results/NN_after_spinup_none/08xrpqa1/fesom.2007.oce.restart/hnode.nc
 [33m____________________________________________________________[0m
 [5;33m --> WARNING: RESTART TIMESTAMP MISMATCH !!!               [0m
 WARNING: timestamps in restart and in clock files do not match for ssh_rhs_old
          at path: /albedo/work/projects/p_clidyn_work/rjuhrban/double_gyre/m100/results/NN_after_spinup_none/08xrpqa1/fesom.2007.oce.restart/ssh_rhs_old.nc
          clock time  =   31534800.0000000     
          restart time=   31535400.0000000     
 WARNING: This mismatch will be ignored and the model will continue running.
 WARNING: Please verify that this is the intended behavior for your simulation.
 [33m____________________________________________________________[0m
==================================
RESTART READ TIMING for file: hnode
  NetCDF read time:       0.000 seconds
  MPI scatter time:       0.007 seconds
  TOTAL time:             0.007 seconds
==================================
 restart from record            1  of            1 /albedo/work/projects/p_clidyn_work/rjuhrban/double_gyre/m100/results/NN_after_spinup_none/08xrpqa1/fesom.2007.oce.restart/hnode.nc
 reading restart for u at /albedo/work/projects/p_clidyn_work/rjuhrban/double_gyre/m100/results/NN_after_spinup_none/08xrpqa1/fesom.2007.oce.restart/u.nc
 [33m____________________________________________________________[0m
 [5;33m --> WARNING: RESTART TIMESTAMP MISMATCH !!!               [0m
 WARNING: timestamps in restart and in clock files do not match for hnode
          at path: /albedo/work/projects/p_clidyn_work/rjuhrban/double_gyre/m100/results/NN_after_spinup_none/08xrpqa1/fesom.2007.oce.restart/hnode.nc
          clock time  =   31534800.0000000     
          restart time=   31535400.0000000     
 WARNING: This mismatch will be ignored and the model will continue running.
 WARNING: Please verify that this is the intended behavior for your simulation.
 [33m____________________________________________________________[0m
==================================
RESTART READ TIMING for file: u
  NetCDF read time:       0.000 seconds
  MPI scatter time:       0.007 seconds
  TOTAL time:             0.007 seconds
==================================
 restart from record            1  of            1 /albedo/work/projects/p_clidyn_work/rjuhrban/double_gyre/m100/results/NN_after_spinup_none/08xrpqa1/fesom.2007.oce.restart/u.nc
 reading restart for v at /albedo/work/projects/p_clidyn_work/rjuhrban/double_gyre/m100/results/NN_after_spinup_none/08xrpqa1/fesom.2007.oce.restart/v.nc
 [33m____________________________________________________________[0m
 [5;33m --> WARNING: RESTART TIMESTAMP MISMATCH !!!               [0m
 WARNING: timestamps in restart and in clock files do not match for u
          at path: /albedo/work/projects/p_clidyn_work/rjuhrban/double_gyre/m100/results/NN_after_spinup_none/08xrpqa1/fesom.2007.oce.restart/u.nc
          clock time  =   31534800.0000000     
          restart time=   31535400.0000000     
 WARNING: This mismatch will be ignored and the model will continue running.
 WARNING: Please verify that this is the intended behavior for your simulation.
 [33m____________________________________________________________[0m
==================================
RESTART READ TIMING for file: v
  NetCDF read time:       0.000 seconds
  MPI scatter time:       0.007 seconds
  TOTAL time:             0.007 seconds
==================================
 restart from record            1  of            1 /albedo/work/projects/p_clidyn_work/rjuhrban/double_gyre/m100/results/NN_after_spinup_none/08xrpqa1/fesom.2007.oce.restart/v.nc
 reading restart for urhs_AB at /albedo/work/projects/p_clidyn_work/rjuhrban/double_gyre/m100/results/NN_after_spinup_none/08xrpqa1/fesom.2007.oce.restart/urhs_AB.nc
 [33m____________________________________________________________[0m
 [5;33m --> WARNING: RESTART TIMESTAMP MISMATCH !!!               [0m
 WARNING: timestamps in restart and in clock files do not match for v
          at path: /albedo/work/projects/p_clidyn_work/rjuhrban/double_gyre/m100/results/NN_after_spinup_none/08xrpqa1/fesom.2007.oce.restart/v.nc
          clock time  =   31534800.0000000     
          restart time=   31535400.0000000     
 WARNING: This mismatch will be ignored and the model will continue running.
 WARNING: Please verify that this is the intended behavior for your simulation.
 [33m____________________________________________________________[0m
==================================
RESTART READ TIMING for file: urhs_AB
  NetCDF read time:       0.000 seconds
  MPI scatter time:       0.007 seconds
  TOTAL time:             0.007 seconds
==================================
 restart from record            1  of            1 /albedo/work/projects/p_clidyn_work/rjuhrban/double_gyre/m100/results/NN_after_spinup_none/08xrpqa1/fesom.2007.oce.restart/urhs_AB.nc
 reading restart for vrhs_AB at /albedo/work/projects/p_clidyn_work/rjuhrban/double_gyre/m100/results/NN_after_spinup_none/08xrpqa1/fesom.2007.oce.restart/vrhs_AB.nc
 [33m____________________________________________________________[0m
 [5;33m --> WARNING: RESTART TIMESTAMP MISMATCH !!!               [0m
 WARNING: timestamps in restart and in clock files do not match for urhs_AB
          at path: /albedo/work/projects/p_clidyn_work/rjuhrban/double_gyre/m100/results/NN_after_spinup_none/08xrpqa1/fesom.2007.oce.restart/urhs_AB.nc
          clock time  =   31534800.0000000     
          restart time=   31535400.0000000     
 WARNING: This mismatch will be ignored and the model will continue running.
 WARNING: Please verify that this is the intended behavior for your simulation.
 [33m____________________________________________________________[0m
==================================
RESTART READ TIMING for file: vrhs_AB
  NetCDF read time:       0.000 seconds
  MPI scatter time:       0.008 seconds
  TOTAL time:             0.008 seconds
==================================
 restart from record            1  of            1 /albedo/work/projects/p_clidyn_work/rjuhrban/double_gyre/m100/results/NN_after_spinup_none/08xrpqa1/fesom.2007.oce.restart/vrhs_AB.nc
 reading restart for temp at /albedo/work/projects/p_clidyn_work/rjuhrban/double_gyre/m100/results/NN_after_spinup_none/08xrpqa1/fesom.2007.oce.restart/temp.nc
 [33m____________________________________________________________[0m
 [5;33m --> WARNING: RESTART TIMESTAMP MISMATCH !!!               [0m
 WARNING: timestamps in restart and in clock files do not match for vrhs_AB
          at path: /albedo/work/projects/p_clidyn_work/rjuhrban/double_gyre/m100/results/NN_after_spinup_none/08xrpqa1/fesom.2007.oce.restart/vrhs_AB.nc
          clock time  =   31534800.0000000     
          restart time=   31535400.0000000     
 WARNING: This mismatch will be ignored and the model will continue running.
 WARNING: Please verify that this is the intended behavior for your simulation.
 [33m____________________________________________________________[0m
==================================
RESTART READ TIMING for file: temp
  NetCDF read time:       0.000 seconds
  MPI scatter time:       0.008 seconds
  TOTAL time:             0.008 seconds
==================================
 restart from record            1  of            1 /albedo/work/projects/p_clidyn_work/rjuhrban/double_gyre/m100/results/NN_after_spinup_none/08xrpqa1/fesom.2007.oce.restart/temp.nc
 reading restart for temp_AB at /albedo/work/projects/p_clidyn_work/rjuhrban/double_gyre/m100/results/NN_after_spinup_none/08xrpqa1/fesom.2007.oce.restart/temp_AB.nc
 [33m____________________________________________________________[0m
 [5;33m --> WARNING: RESTART TIMESTAMP MISMATCH !!!               [0m
 WARNING: timestamps in restart and in clock files do not match for temp
          at path: /albedo/work/projects/p_clidyn_work/rjuhrban/double_gyre/m100/results/NN_after_spinup_none/08xrpqa1/fesom.2007.oce.restart/temp.nc
          clock time  =   31534800.0000000     
          restart time=   31535400.0000000     
 WARNING: This mismatch will be ignored and the model will continue running.
 WARNING: Please verify that this is the intended behavior for your simulation.
 [33m____________________________________________________________[0m
==================================
RESTART READ TIMING for file: temp_AB
  NetCDF read time:       0.000 seconds
  MPI scatter time:       0.007 seconds
  TOTAL time:             0.007 seconds
==================================
 restart from record            1  of            1 /albedo/work/projects/p_clidyn_work/rjuhrban/double_gyre/m100/results/NN_after_spinup_none/08xrpqa1/fesom.2007.oce.restart/temp_AB.nc
 reading restart for temp_M1 at /albedo/work/projects/p_clidyn_work/rjuhrban/double_gyre/m100/results/NN_after_spinup_none/08xrpqa1/fesom.2007.oce.restart/temp_M1.nc
 [33m____________________________________________________________[0m
 [5;33m --> WARNING: RESTART TIMESTAMP MISMATCH !!!               [0m
 WARNING: timestamps in restart and in clock files do not match for temp_AB
          at path: /albedo/work/projects/p_clidyn_work/rjuhrban/double_gyre/m100/results/NN_after_spinup_none/08xrpqa1/fesom.2007.oce.restart/temp_AB.nc
          clock time  =   31534800.0000000     
          restart time=   31535400.0000000     
 WARNING: This mismatch will be ignored and the model will continue running.
 WARNING: Please verify that this is the intended behavior for your simulation.
 [33m____________________________________________________________[0m
==================================
RESTART READ TIMING for file: temp_M1
  NetCDF read time:       0.000 seconds
  MPI scatter time:       0.004 seconds
  TOTAL time:             0.004 seconds
==================================
 restart from record            1  of            1 /albedo/work/projects/p_clidyn_work/rjuhrban/double_gyre/m100/results/NN_after_spinup_none/08xrpqa1/fesom.2007.oce.restart/temp_M1.nc
 reading restart for salt at /albedo/work/projects/p_clidyn_work/rjuhrban/double_gyre/m100/results/NN_after_spinup_none/08xrpqa1/fesom.2007.oce.restart/salt.nc
 [33m____________________________________________________________[0m
 [5;33m --> WARNING: RESTART TIMESTAMP MISMATCH !!!               [0m
 WARNING: timestamps in restart and in clock files do not match for temp_M1
          at path: /albedo/work/projects/p_clidyn_work/rjuhrban/double_gyre/m100/results/NN_after_spinup_none/08xrpqa1/fesom.2007.oce.restart/temp_M1.nc
          clock time  =   31534800.0000000     
          restart time=   31535400.0000000     
 WARNING: This mismatch will be ignored and the model will continue running.
 WARNING: Please verify that this is the intended behavior for your simulation.
 [33m____________________________________________________________[0m
==================================
RESTART READ TIMING for file: salt
  NetCDF read time:       0.000 seconds
  MPI scatter time:       0.007 seconds
  TOTAL time:             0.007 seconds
==================================
 restart from record            1  of            1 /albedo/work/projects/p_clidyn_work/rjuhrban/double_gyre/m100/results/NN_after_spinup_none/08xrpqa1/fesom.2007.oce.restart/salt.nc
 reading restart for salt_AB at /albedo/work/projects/p_clidyn_work/rjuhrban/double_gyre/m100/results/NN_after_spinup_none/08xrpqa1/fesom.2007.oce.restart/salt_AB.nc
 [33m____________________________________________________________[0m
 [5;33m --> WARNING: RESTART TIMESTAMP MISMATCH !!!               [0m
 WARNING: timestamps in restart and in clock files do not match for salt
          at path: /albedo/work/projects/p_clidyn_work/rjuhrban/double_gyre/m100/results/NN_after_spinup_none/08xrpqa1/fesom.2007.oce.restart/salt.nc
          clock time  =   31534800.0000000     
          restart time=   31535400.0000000     
 WARNING: This mismatch will be ignored and the model will continue running.
 WARNING: Please verify that this is the intended behavior for your simulation.
 [33m____________________________________________________________[0m
==================================
RESTART READ TIMING for file: salt_AB
  NetCDF read time:       0.000 seconds
  MPI scatter time:       0.007 seconds
  TOTAL time:             0.007 seconds
==================================
 restart from record            1  of            1 /albedo/work/projects/p_clidyn_work/rjuhrban/double_gyre/m100/results/NN_after_spinup_none/08xrpqa1/fesom.2007.oce.restart/salt_AB.nc
 reading restart for salt_M1 at /albedo/work/projects/p_clidyn_work/rjuhrban/double_gyre/m100/results/NN_after_spinup_none/08xrpqa1/fesom.2007.oce.restart/salt_M1.nc
 [33m____________________________________________________________[0m
 [5;33m --> WARNING: RESTART TIMESTAMP MISMATCH !!!               [0m
 WARNING: timestamps in restart and in clock files do not match for salt_AB
          at path: /albedo/work/projects/p_clidyn_work/rjuhrban/double_gyre/m100/results/NN_after_spinup_none/08xrpqa1/fesom.2007.oce.restart/salt_AB.nc
          clock time  =   31534800.0000000     
          restart time=   31535400.0000000     
 WARNING: This mismatch will be ignored and the model will continue running.
 WARNING: Please verify that this is the intended behavior for your simulation.
 [33m____________________________________________________________[0m
==================================
RESTART READ TIMING for file: salt_M1
  NetCDF read time:       0.000 seconds
  MPI scatter time:       0.004 seconds
  TOTAL time:             0.004 seconds
==================================
 restart from record            1  of            1 /albedo/work/projects/p_clidyn_work/rjuhrban/double_gyre/m100/results/NN_after_spinup_none/08xrpqa1/fesom.2007.oce.restart/salt_M1.nc
 reading restart for w at /albedo/work/projects/p_clidyn_work/rjuhrban/double_gyre/m100/results/NN_after_spinup_none/08xrpqa1/fesom.2007.oce.restart/w.nc
 [33m____________________________________________________________[0m
 [5;33m --> WARNING: RESTART TIMESTAMP MISMATCH !!!               [0m
 WARNING: timestamps in restart and in clock files do not match for salt_M1
          at path: /albedo/work/projects/p_clidyn_work/rjuhrban/double_gyre/m100/results/NN_after_spinup_none/08xrpqa1/fesom.2007.oce.restart/salt_M1.nc
          clock time  =   31534800.0000000     
          restart time=   31535400.0000000     
 WARNING: This mismatch will be ignored and the model will continue running.
 WARNING: Please verify that this is the intended behavior for your simulation.
 [33m____________________________________________________________[0m
==================================
RESTART READ TIMING for file: w
  NetCDF read time:       0.000 seconds
  MPI scatter time:       0.007 seconds
  TOTAL time:             0.007 seconds
==================================
 restart from record            1  of            1 /albedo/work/projects/p_clidyn_work/rjuhrban/double_gyre/m100/results/NN_after_spinup_none/08xrpqa1/fesom.2007.oce.restart/w.nc
 reading restart for w_expl at /albedo/work/projects/p_clidyn_work/rjuhrban/double_gyre/m100/results/NN_after_spinup_none/08xrpqa1/fesom.2007.oce.restart/w_expl.nc
 [33m____________________________________________________________[0m
 [5;33m --> WARNING: RESTART TIMESTAMP MISMATCH !!!               [0m
 WARNING: timestamps in restart and in clock files do not match for w
          at path: /albedo/work/projects/p_clidyn_work/rjuhrban/double_gyre/m100/results/NN_after_spinup_none/08xrpqa1/fesom.2007.oce.restart/w.nc
          clock time  =   31534800.0000000     
          restart time=   31535400.0000000     
 WARNING: This mismatch will be ignored and the model will continue running.
 WARNING: Please verify that this is the intended behavior for your simulation.
 [33m____________________________________________________________[0m
==================================
RESTART READ TIMING for file: w_expl
  NetCDF read time:       0.000 seconds
  MPI scatter time:       0.008 seconds
  TOTAL time:             0.008 seconds
==================================
 restart from record            1  of            1 /albedo/work/projects/p_clidyn_work/rjuhrban/double_gyre/m100/results/NN_after_spinup_none/08xrpqa1/fesom.2007.oce.restart/w_expl.nc
 reading restart for w_impl at /albedo/work/projects/p_clidyn_work/rjuhrban/double_gyre/m100/results/NN_after_spinup_none/08xrpqa1/fesom.2007.oce.restart/w_impl.nc
 [33m____________________________________________________________[0m
 [5;33m --> WARNING: RESTART TIMESTAMP MISMATCH !!!               [0m
 WARNING: timestamps in restart and in clock files do not match for w_expl
          at path: /albedo/work/projects/p_clidyn_work/rjuhrban/double_gyre/m100/results/NN_after_spinup_none/08xrpqa1/fesom.2007.oce.restart/w_expl.nc
          clock time  =   31534800.0000000     
          restart time=   31535400.0000000     
 WARNING: This mismatch will be ignored and the model will continue running.
 WARNING: Please verify that this is the intended behavior for your simulation.
 [33m____________________________________________________________[0m
==================================
RESTART READ TIMING for file: w_impl
  NetCDF read time:       0.000 seconds
  MPI scatter time:       0.007 seconds
  TOTAL time:             0.007 seconds
==================================
 restart from record            1  of            1 /albedo/work/projects/p_clidyn_work/rjuhrban/double_gyre/m100/results/NN_after_spinup_none/08xrpqa1/fesom.2007.oce.restart/w_impl.nc
 ____________________________________________________________
  --> restart ALE layerthicknesses, depth levels and middepth levels
 
 ==========================================
 MODEL SETUP took on mype=0 [seconds]      
 runtime setup total        0.1627368    
  > runtime setup mesh      2.8411200E-02
  > runtime setup ocean     1.0622509E-02
  > runtime setup forcing   2.0230262E-05
  > runtime setup ice       8.0701138E-06
  > runtime setup restart   0.1235117    
  > runtime setup other     1.6303212E-04
 ============================================
 current_nsteps, steps_per_ib_step, icb_outfreq :     5256000           8           0
 FESOM start iteration before the barrier...
 [33m____________________________________________________________[0m
 [5;33m --> WARNING: RESTART TIMESTAMP MISMATCH !!!               [0m
 WARNING: timestamps in restart and in clock files do not match for w_impl
          at path: /albedo/work/projects/p_clidyn_work/rjuhrban/double_gyre/m100/results/NN_after_spinup_none/08xrpqa1/fesom.2007.oce.restart/w_impl.nc
          clock time  =   31534800.0000000     
          restart time=   31535400.0000000     
 WARNING: This mismatch will be ignored and the model will continue running.
 WARNING: Please verify that this is the intended behavior for your simulation.
 [33m____________________________________________________________[0m
 FESOM start iteration after the barrier...
 
 [32m____________________________________________________________[0m
 [7;32m --> FESOM STARTS TIME LOOP                                 [0m
      file   : namelist.io open ok
 io_listsize will be changed from          120  to            0 !
 adding I/O stream 3D for curl_u
 adding I/O stream 2D for rosb
 adding I/O stream 3D for N2
 adding I/O stream 3D for slope_x
 adding I/O stream 3D for slope_y
 adding I/O stream 3D for temp
 adding I/O stream 3D for unod
 adding I/O stream 3D for vnod
 adding I/O stream 3D for u
 adding I/O stream 3D for v
 adding I/O stream 2D for sst
 adding I/O stream 2D for ssh
 adding I/O stream 2D for hc300m
 adding I/O stream 2D for hc700m
 adding I/O stream 2D for hc
 adding I/O stream 3D for tflux_unod
 adding I/O stream 3D for tflux_vnod
 adding I/O stream 3D for tflux_w
 initializing I/O file for curl_u
 initializing I/O file for tflux_vnod
 associating mean I/O file /albedo/work/projects/p_clidyn_work/rjuhrban/double_gyre/m100/results/NN_after_spinup_none/08xrpqa1/curl_u.fesom.2008.nc
 curl_u: current mean I/O counter =            1
 writing mean record for curl_u; rec. count =            1
 associating mean I/O file /albedo/work/projects/p_clidyn_work/rjuhrban/double_gyre/m100/results/NN_after_spinup_none/08xrpqa1/tflux_vnod.fesom.2008.nc
 tflux_vnod: current mean I/O counter =            1
 writing mean record for tflux_vnod; rec. count =            1
 initializing I/O file for N2
 initializing I/O file for temp
 initializing I/O file for rosb
 initializing I/O file for slope_x
 initializing I/O file for u
 initializing I/O file for hc300m
 associating mean I/O file /albedo/work/projects/p_clidyn_work/rjuhrban/double_gyre/m100/results/NN_after_spinup_none/08xrpqa1/N2.fesom.2008.nc
 N2: current mean I/O counter =            1
 writing mean record for N2; rec. count =            1
 associating mean I/O file /albedo/work/projects/p_clidyn_work/rjuhrban/double_gyre/m100/results/NN_after_spinup_none/08xrpqa1/temp.fesom.2008.nc
 temp: current mean I/O counter =            1
 writing mean record for temp; rec. count =            1
 associating mean I/O file /albedo/work/projects/p_clidyn_work/rjuhrban/double_gyre/m100/results/NN_after_spinup_none/08xrpqa1/rosb.fesom.2008.nc
 rosb: current mean I/O counter =            1
 writing mean record for rosb; rec. count =            1
 initializing I/O file for slope_y
 associating mean I/O file /albedo/work/projects/p_clidyn_work/rjuhrban/double_gyre/m100/results/NN_after_spinup_none/08xrpqa1/slope_x.fesom.2008.nc
 slope_x: current mean I/O counter =            1
 writing mean record for slope_x; rec. count =            1
 associating mean I/O file /albedo/work/projects/p_clidyn_work/rjuhrban/double_gyre/m100/results/NN_after_spinup_none/08xrpqa1/hc300m.fesom.2008.nc
 hc300m: current mean I/O counter =            1
 writing mean record for hc300m; rec. count =            1
 associating mean I/O file /albedo/work/projects/p_clidyn_work/rjuhrban/double_gyre/m100/results/NN_after_spinup_none/08xrpqa1/u.fesom.2008.nc
 u: current mean I/O counter =            1
 writing mean record for u; rec. count =            1
 associating mean I/O file /albedo/work/projects/p_clidyn_work/rjuhrban/double_gyre/m100/results/NN_after_spinup_none/08xrpqa1/slope_y.fesom.2008.nc
 slope_y: current mean I/O counter =            1
 writing mean record for slope_y; rec. count =            1
 initializing I/O file for sst
 initializing I/O file for ssh
 initializing I/O file for unod
 initializing I/O file for vnod
 initializing I/O file for tflux_unod
 associating mean I/O file /albedo/work/projects/p_clidyn_work/rjuhrban/double_gyre/m100/results/NN_after_spinup_none/08xrpqa1/sst.fesom.2008.nc
 sst: current mean I/O counter =            1
 writing mean record for sst; rec. count =            1
 associating mean I/O file /albedo/work/projects/p_clidyn_work/rjuhrban/double_gyre/m100/results/NN_after_spinup_none/08xrpqa1/ssh.fesom.2008.nc
 ssh: current mean I/O counter =            1
 writing mean record for ssh; rec. count =            1
 associating mean I/O file /albedo/work/projects/p_clidyn_work/rjuhrban/double_gyre/m100/results/NN_after_spinup_none/08xrpqa1/unod.fesom.2008.nc
 unod: current mean I/O counter =            1
 writing mean record for unod; rec. count =            1
 associating mean I/O file /albedo/work/projects/p_clidyn_work/rjuhrban/double_gyre/m100/results/NN_after_spinup_none/08xrpqa1/vnod.fesom.2008.nc
 vnod: current mean I/O counter =            1
 writing mean record for vnod; rec. count =            1
 initializing I/O file for hc700m
 associating mean I/O file /albedo/work/projects/p_clidyn_work/rjuhrban/double_gyre/m100/results/NN_after_spinup_none/08xrpqa1/tflux_unod.fesom.2008.nc
 tflux_unod: current mean I/O counter =            1
 writing mean record for tflux_unod; rec. count =            1
 initializing I/O file for v
 initializing I/O file for hc
 associating mean I/O file /albedo/work/projects/p_clidyn_work/rjuhrban/double_gyre/m100/results/NN_after_spinup_none/08xrpqa1/hc700m.fesom.2008.nc
 hc700m: current mean I/O counter =            1
 writing mean record for hc700m; rec. count =            1
 associating mean I/O file /albedo/work/projects/p_clidyn_work/rjuhrban/double_gyre/m100/results/NN_after_spinup_none/08xrpqa1/v.fesom.2008.nc
 v: current mean I/O counter =            1
 writing mean record for v; rec. count =            1
 associating mean I/O file /albedo/work/projects/p_clidyn_work/rjuhrban/double_gyre/m100/results/NN_after_spinup_none/08xrpqa1/hc.fesom.2008.nc
 hc: current mean I/O counter =            1
 writing mean record for hc; rec. count =            1
 initializing I/O file for tflux_w
 associating mean I/O file /albedo/work/projects/p_clidyn_work/rjuhrban/double_gyre/m100/results/NN_after_spinup_none/08xrpqa1/tflux_w.fesom.2008.nc
 tflux_w: current mean I/O counter =            1
 writing mean record for tflux_w; rec. count =            1
 curl_u: current mean I/O counter =            2
 writing mean record for curl_u; rec. count =            2
 slope_y: current mean I/O counter =            2
 writing mean record for slope_y; rec. count =            2
 N2: current mean I/O counter =            2
 writing mean record for N2; rec. count =            2
 rosb: current mean I/O counter =            2
 writing mean record for rosb; rec. count =            2
 tflux_vnod: current mean I/O counter =            2
 writing mean record for tflux_vnod; rec. count =            2
 hc: current mean I/O counter =            2
 writing mean record for hc; rec. count =            2
 u: current mean I/O counter =            2
 writing mean record for u; rec. count =            2
 sst: current mean I/O counter =            2
 writing mean record for sst; rec. count =            2
 vnod: current mean I/O counter =            2
 writing mean record for vnod; rec. count =            2
 temp: current mean I/O counter =            2
 writing mean record for temp; rec. count =            2
 ssh: current mean I/O counter =            2
 writing mean record for ssh; rec. count =            2
 slope_x: current mean I/O counter =            2
 writing mean record for slope_x; rec. count =            2
 tflux_unod: current mean I/O counter =            2
 writing mean record for tflux_unod; rec. count =            2
 hc300m: current mean I/O counter =            2
 writing mean record for hc300m; rec. count =            2
 tflux_w: current mean I/O counter =            2
 writing mean record for tflux_w; rec. count =            2
 v: current mean I/O counter =            2
 writing mean record for v; rec. count =            2
 unod: current mean I/O counter =            2
 writing mean record for unod; rec. count =            2
 hc700m: current mean I/O counter =            2
 writing mean record for hc700m; rec. count =            2
 curl_u: current mean I/O counter =            3
 writing mean record for curl_u; rec. count =            3
 slope_y: current mean I/O counter =            3
 writing mean record for slope_y; rec. count =            3
 N2: current mean I/O counter =            3
 writing mean record for N2; rec. count =            3
 rosb: current mean I/O counter =            3
 writing mean record for rosb; rec. count =            3
 u: current mean I/O counter =            3
 writing mean record for u; rec. count =            3
 unod: current mean I/O counter =            3
 writing mean record for unod; rec. count =            3
 tflux_w: current mean I/O counter =            3
 writing mean record for tflux_w; rec. count =            3
 tflux_vnod: current mean I/O counter =            3
 writing mean record for tflux_vnod; rec. count =            3
 temp: current mean I/O counter =            3
 writing mean record for temp; rec. count =            3
 vnod: current mean I/O counter =            3
 writing mean record for vnod; rec. count =            3
 sst: current mean I/O counter =            3
 writing mean record for sst; rec. count =            3
 ssh: current mean I/O counter =            3
 writing mean record for ssh; rec. count =            3
 hc: current mean I/O counter =            3
 writing mean record for hc; rec. count =            3
 slope_x: current mean I/O counter =            3
 writing mean record for slope_x; rec. count =            3
 hc300m: current mean I/O counter =            3
 writing mean record for hc300m; rec. count =            3
 v: current mean I/O counter =            3
 writing mean record for v; rec. count =            3
 hc700m: current mean I/O counter =            3
 writing mean record for hc700m; rec. count =            3
 tflux_unod: current mean I/O counter =            3
 writing mean record for tflux_unod; rec. count =            3
 curl_u: current mean I/O counter =            4
 writing mean record for curl_u; rec. count =            4
 N2: current mean I/O counter =            4
 writing mean record for N2; rec. count =            4
 rosb: current mean I/O counter =            4
 writing mean record for rosb; rec. count =            4
 slope_y: current mean I/O counter =            4
 writing mean record for slope_y; rec. count =            4
 u: current mean I/O counter =            4
 writing mean record for u; rec. count =            4
 slope_x: current mean I/O counter =            4
 writing mean record for slope_x; rec. count =            4
 hc: current mean I/O counter =            4
 writing mean record for hc; rec. count =            4
 vnod: current mean I/O counter =            4
 writing mean record for vnod; rec. count =            4
 hc300m: current mean I/O counter =            4
 writing mean record for hc300m; rec. count =            4
 sst: current mean I/O counter =            4
 writing mean record for sst; rec. count =            4
 temp: current mean I/O counter =            4
 writing mean record for temp; rec. count =            4
 tflux_vnod: current mean I/O counter =            4
 writing mean record for tflux_vnod; rec. count =            4
 unod: current mean I/O counter =            4
 writing mean record for unod; rec. count =            4
 ssh: current mean I/O counter =            4
 writing mean record for ssh; rec. count =            4
 v: current mean I/O counter =            4
 writing mean record for v; rec. count =            4
 hc700m: current mean I/O counter =            4
 writing mean record for hc700m; rec. count =            4
 tflux_unod: current mean I/O counter =            4
 writing mean record for tflux_unod; rec. count =            4
 tflux_w: current mean I/O counter =            4
 writing mean record for tflux_w; rec. count =            4
 curl_u: current mean I/O counter =            5
 writing mean record for curl_u; rec. count =            5
 N2: current mean I/O counter =            5
 writing mean record for N2; rec. count =            5
 slope_y: current mean I/O counter =            5
 writing mean record for slope_y; rec. count =            5
 rosb: current mean I/O counter =            5
 writing mean record for rosb; rec. count =            5
 u: current mean I/O counter =            5
 writing mean record for u; rec. count =            5
 tflux_vnod: current mean I/O counter =            5
 writing mean record for tflux_vnod; rec. count =            5
 hc300m: current mean I/O counter =            5
 writing mean record for hc300m; rec. count =            5
 sst: current mean I/O counter =            5
 writing mean record for sst; rec. count =            5
 unod: current mean I/O counter =            5
 writing mean record for unod; rec. count =            5
 temp: current mean I/O counter =            5
 writing mean record for temp; rec. count =            5
 slope_x: current mean I/O counter =            5
 writing mean record for slope_x; rec. count =            5
 vnod: current mean I/O counter =            5
 writing mean record for vnod; rec. count =            5
 ssh: current mean I/O counter =            5
 writing mean record for ssh; rec. count =            5
 hc700m: current mean I/O counter =            5
 writing mean record for hc700m; rec. count =            5
 hc: current mean I/O counter =            5
 writing mean record for hc; rec. count =            5
 v: current mean I/O counter =            5
 writing mean record for v; rec. count =            5
 tflux_unod: current mean I/O counter =            5
 writing mean record for tflux_unod; rec. count =            5
 tflux_w: current mean I/O counter =            5
 writing mean record for tflux_w; rec. count =            5
 curl_u: current mean I/O counter =            6
 writing mean record for curl_u; rec. count =            6
 N2: current mean I/O counter =            6
 writing mean record for N2; rec. count =            6
 slope_y: current mean I/O counter =            6
 writing mean record for slope_y; rec. count =            6
 u: current mean I/O counter =            6
 writing mean record for u; rec. count =            6
 sst: current mean I/O counter =            6
 writing mean record for sst; rec. count =            6
 rosb: current mean I/O counter =            6
 writing mean record for rosb; rec. count =            6
 tflux_vnod: current mean I/O counter =            6
 writing mean record for tflux_vnod; rec. count =            6
 hc300m: current mean I/O counter =            6
 writing mean record for hc300m; rec. count =            6
 unod: current mean I/O counter =            6
 writing mean record for unod; rec. count =            6
 hc: current mean I/O counter =            6
 writing mean record for hc; rec. count =            6
 tflux_unod: current mean I/O counter =            6
 writing mean record for tflux_unod; rec. count =            6
 tflux_w: current mean I/O counter =            6
 writing mean record for tflux_w; rec. count =            6
 slope_x: current mean I/O counter =            6
 writing mean record for slope_x; rec. count =            6
 v: current mean I/O counter =            6
 writing mean record for v; rec. count =            6
 hc700m: current mean I/O counter =            6
 writing mean record for hc700m; rec. count =            6
 temp: current mean I/O counter =            6
 writing mean record for temp; rec. count =            6
 vnod: current mean I/O counter =            6
 writing mean record for vnod; rec. count =            6
 ssh: current mean I/O counter =            6
 writing mean record for ssh; rec. count =            6
 curl_u: current mean I/O counter =            7
 writing mean record for curl_u; rec. count =            7
 slope_y: current mean I/O counter =            7
 writing mean record for slope_y; rec. count =            7
 N2: current mean I/O counter =            7
 writing mean record for N2; rec. count =            7
 rosb: current mean I/O counter =            7
 writing mean record for rosb; rec. count =            7
 hc: current mean I/O counter =            7
 writing mean record for hc; rec. count =            7
 unod: current mean I/O counter =            7
 writing mean record for unod; rec. count =            7
 u: current mean I/O counter =            7
 writing mean record for u; rec. count =            7
 hc300m: current mean I/O counter =            7
 writing mean record for hc300m; rec. count =            7
 sst: current mean I/O counter =            7
 writing mean record for sst; rec. count =            7
 slope_x: current mean I/O counter =            7
 writing mean record for slope_x; rec. count =            7
 vnod: current mean I/O counter =            7
 writing mean record for vnod; rec. count =            7
 tflux_vnod: current mean I/O counter =            7
 writing mean record for tflux_vnod; rec. count =            7
 temp: current mean I/O counter =            7
 writing mean record for temp; rec. count =            7
 v: current mean I/O counter =            7
 writing mean record for v; rec. count =            7
 ssh: current mean I/O counter =            7
 writing mean record for ssh; rec. count =            7
 hc700m: current mean I/O counter =            7
 writing mean record for hc700m; rec. count =            7
 tflux_unod: current mean I/O counter =            7
 writing mean record for tflux_unod; rec. count =            7
 tflux_w: current mean I/O counter =            7
 writing mean record for tflux_w; rec. count =            7
 curl_u: current mean I/O counter =            8
 writing mean record for curl_u; rec. count =            8
 N2: current mean I/O counter =            8
 writing mean record for N2; rec. count =            8
 rosb: current mean I/O counter =            8
 writing mean record for rosb; rec. count =            8
 slope_y: current mean I/O counter =            8
 writing mean record for slope_y; rec. count =            8
 unod: current mean I/O counter =            8
 writing mean record for unod; rec. count =            8
 hc300m: current mean I/O counter =            8
 writing mean record for hc300m; rec. count =            8
 u: current mean I/O counter =            8
 writing mean record for u; rec. count =            8
 tflux_vnod: current mean I/O counter =            8
 writing mean record for tflux_vnod; rec. count =            8
 sst: current mean I/O counter =            8
 writing mean record for sst; rec. count =            8
 v: current mean I/O counter =            8
 writing mean record for v; rec. count =            8
 hc: current mean I/O counter =            8
 writing mean record for hc; rec. count =            8
 vnod: current mean I/O counter =            8
 writing mean record for vnod; rec. count =            8
 temp: current mean I/O counter =            8
 writing mean record for temp; rec. count =            8
 slope_x: current mean I/O counter =            8
 writing mean record for slope_x; rec. count =            8
 ssh: current mean I/O counter =            8
 writing mean record for ssh; rec. count =            8
 hc700m: current mean I/O counter =            8
 writing mean record for hc700m; rec. count =            8
 tflux_unod: current mean I/O counter =            8
 writing mean record for tflux_unod; rec. count =            8
 tflux_w: current mean I/O counter =            8
 writing mean record for tflux_w; rec. count =            8
 curl_u: current mean I/O counter =            9
 writing mean record for curl_u; rec. count =            9
 N2: current mean I/O counter =            9
 writing mean record for N2; rec. count =            9
 slope_y: current mean I/O counter =            9
 writing mean record for slope_y; rec. count =            9
 unod: current mean I/O counter =            9
 writing mean record for unod; rec. count =            9
 u: current mean I/O counter =            9
 writing mean record for u; rec. count =            9
 rosb: current mean I/O counter =            9
 writing mean record for rosb; rec. count =            9
 sst: current mean I/O counter =            9
 writing mean record for sst; rec. count =            9
 hc300m: current mean I/O counter =            9
 writing mean record for hc300m; rec. count =            9
 tflux_vnod: current mean I/O counter =            9
 writing mean record for tflux_vnod; rec. count =            9
 v: current mean I/O counter =            9
 writing mean record for v; rec. count =            9
 slope_x: current mean I/O counter =            9
 writing mean record for slope_x; rec. count =            9
 vnod: current mean I/O counter =            9
 writing mean record for vnod; rec. count =            9
 hc: current mean I/O counter =            9
 writing mean record for hc; rec. count =            9
 temp: current mean I/O counter =            9
 writing mean record for temp; rec. count =            9
 ssh: current mean I/O counter =            9
 writing mean record for ssh; rec. count =            9
 hc700m: current mean I/O counter =            9
 writing mean record for hc700m; rec. count =            9
 tflux_unod: current mean I/O counter =            9
 writing mean record for tflux_unod; rec. count =            9
 tflux_w: current mean I/O counter =            9
 writing mean record for tflux_w; rec. count =            9
 curl_u: current mean I/O counter =           10
 writing mean record for curl_u; rec. count =           10
 N2: current mean I/O counter =           10
 writing mean record for N2; rec. count =           10
 slope_y: current mean I/O counter =           10
 writing mean record for slope_y; rec. count =           10
 unod: current mean I/O counter =           10
 writing mean record for unod; rec. count =           10
 u: current mean I/O counter =           10
 writing mean record for u; rec. count =           10
 rosb: current mean I/O counter =           10
 writing mean record for rosb; rec. count =           10
 hc300m: current mean I/O counter =           10
 writing mean record for hc300m; rec. count =           10
 sst: current mean I/O counter =           10
 writing mean record for sst; rec. count =           10
 hc: current mean I/O counter =           10
 writing mean record for hc; rec. count =           10
 tflux_vnod: current mean I/O counter =           10
 writing mean record for tflux_vnod; rec. count =           10
 slope_x: current mean I/O counter =           10
 writing mean record for slope_x; rec. count =           10
 vnod: current mean I/O counter =           10
 writing mean record for vnod; rec. count =           10
 temp: current mean I/O counter =           10
 writing mean record for temp; rec. count =           10
 hc700m: current mean I/O counter =           10
 writing mean record for hc700m; rec. count =           10
 ssh: current mean I/O counter =           10
 writing mean record for ssh; rec. count =           10
 v: current mean I/O counter =           10
 writing mean record for v; rec. count =           10
 tflux_unod: current mean I/O counter =           10
 writing mean record for tflux_unod; rec. count =           10
 tflux_w: current mean I/O counter =           10
 writing mean record for tflux_w; rec. count =           10
 curl_u: current mean I/O counter =           11
 writing mean record for curl_u; rec. count =           11
 N2: current mean I/O counter =           11
 writing mean record for N2; rec. count =           11
 slope_y: current mean I/O counter =           11
 writing mean record for slope_y; rec. count =           11
 rosb: current mean I/O counter =           11
 writing mean record for rosb; rec. count =           11
 u: current mean I/O counter =           11
 writing mean record for u; rec. count =           11
 unod: current mean I/O counter =           11
 writing mean record for unod; rec. count =           11
 hc300m: current mean I/O counter =           11
 writing mean record for hc300m; rec. count =           11
 sst: current mean I/O counter =           11
 writing mean record for sst; rec. count =           11
 hc: current mean I/O counter =           11
 writing mean record for hc; rec. count =           11
 tflux_vnod: current mean I/O counter =           11
 writing mean record for tflux_vnod; rec. count =           11
 slope_x: current mean I/O counter =           11
 writing mean record for slope_x; rec. count =           11
 vnod: current mean I/O counter =           11
 writing mean record for vnod; rec. count =           11
 temp: current mean I/O counter =           11
 writing mean record for temp; rec. count =           11
 v: current mean I/O counter =           11
 writing mean record for v; rec. count =           11
 ssh: current mean I/O counter =           11
 writing mean record for ssh; rec. count =           11
 hc700m: current mean I/O counter =           11
 writing mean record for hc700m; rec. count =           11
 tflux_unod: current mean I/O counter =           11
 writing mean record for tflux_unod; rec. count =           11
 tflux_w: current mean I/O counter =           11
 writing mean record for tflux_w; rec. count =           11
 curl_u: current mean I/O counter =           12
 writing mean record for curl_u; rec. count =           12
 N2: current mean I/O counter =           12
 writing mean record for N2; rec. count =           12
 slope_y: current mean I/O counter =           12
 writing mean record for slope_y; rec. count =           12
 rosb: current mean I/O counter =           12
 writing mean record for rosb; rec. count =           12
 unod: current mean I/O counter =           12
 writing mean record for unod; rec. count =           12
 tflux_vnod: current mean I/O counter =           12
 writing mean record for tflux_vnod; rec. count =           12
 sst: current mean I/O counter =           12
 writing mean record for sst; rec. count =           12
 hc300m: current mean I/O counter =           12
 writing mean record for hc300m; rec. count =           12
 hc: current mean I/O counter =           12
 writing mean record for hc; rec. count =           12
 u: current mean I/O counter =           12
 writing mean record for u; rec. count =           12
 temp: current mean I/O counter =           12
 writing mean record for temp; rec. count =           12
 slope_x: current mean I/O counter =           12
 writing mean record for slope_x; rec. count =           12
 vnod: current mean I/O counter =           12
 writing mean record for vnod; rec. count =           12
 v: current mean I/O counter =           12
 writing mean record for v; rec. count =           12
 ssh: current mean I/O counter =           12
 writing mean record for ssh; rec. count =           12
 hc700m: current mean I/O counter =           12
 writing mean record for hc700m; rec. count =           12
 tflux_w: current mean I/O counter =           12
 writing mean record for tflux_w; rec. count =           12
 tflux_unod: current mean I/O counter =           12
 writing mean record for tflux_unod; rec. count =           12
 curl_u: current mean I/O counter =           13
 writing mean record for curl_u; rec. count =           13
 N2: current mean I/O counter =           13
 writing mean record for N2; rec. count =           13
 slope_y: current mean I/O counter =           13
 writing mean record for slope_y; rec. count =           13
 u: current mean I/O counter =           13
 writing mean record for u; rec. count =           13
 rosb: current mean I/O counter =           13
 writing mean record for rosb; rec. count =           13
 unod: current mean I/O counter =           13
 writing mean record for unod; rec. count =           13
 hc300m: current mean I/O counter =           13
 writing mean record for hc300m; rec. count =           13
 sst: current mean I/O counter =           13
 writing mean record for sst; rec. count =           13
 temp: current mean I/O counter =           13
 writing mean record for temp; rec. count =           13
 hc: current mean I/O counter =           13
 writing mean record for hc; rec. count =           13
 vnod: current mean I/O counter =           13
 writing mean record for vnod; rec. count =           13
 tflux_vnod: current mean I/O counter =           13
 writing mean record for tflux_vnod; rec. count =           13
 slope_x: current mean I/O counter =           13
 writing mean record for slope_x; rec. count =           13
 ssh: current mean I/O counter =           13
 writing mean record for ssh; rec. count =           13
 v: current mean I/O counter =           13
 writing mean record for v; rec. count =           13
 hc700m: current mean I/O counter =           13
 writing mean record for hc700m; rec. count =           13
 tflux_unod: current mean I/O counter =           13
 writing mean record for tflux_unod; rec. count =           13
 tflux_w: current mean I/O counter =           13
 writing mean record for tflux_w; rec. count =           13
 curl_u: current mean I/O counter =           14
 writing mean record for curl_u; rec. count =           14
 N2: current mean I/O counter =           14
 writing mean record for N2; rec. count =           14
 slope_y: current mean I/O counter =           14
 writing mean record for slope_y; rec. count =           14
 unod: current mean I/O counter =           14
 writing mean record for unod; rec. count =           14
 sst: current mean I/O counter =           14
 writing mean record for sst; rec. count =           14
 rosb: current mean I/O counter =           14
 writing mean record for rosb; rec. count =           14
 hc300m: current mean I/O counter =           14
 writing mean record for hc300m; rec. count =           14
 u: current mean I/O counter =           14
 writing mean record for u; rec. count =           14
 hc: current mean I/O counter =           14
 writing mean record for hc; rec. count =           14
 temp: current mean I/O counter =           14
 writing mean record for temp; rec. count =           14
 vnod: current mean I/O counter =           14
 writing mean record for vnod; rec. count =           14
 slope_x: current mean I/O counter =           14
 writing mean record for slope_x; rec. count =           14
 v: current mean I/O counter =           14
 writing mean record for v; rec. count =           14
 tflux_vnod: current mean I/O counter =           14
 writing mean record for tflux_vnod; rec. count =           14
 ssh: current mean I/O counter =           14
 writing mean record for ssh; rec. count =           14
 hc700m: current mean I/O counter =           14
 writing mean record for hc700m; rec. count =           14
 tflux_unod: current mean I/O counter =           14
 writing mean record for tflux_unod; rec. count =           14
 tflux_w: current mean I/O counter =           14
 writing mean record for tflux_w; rec. count =           14
 curl_u: current mean I/O counter =           15
 writing mean record for curl_u; rec. count =           15
 slope_y: current mean I/O counter =           15
 writing mean record for slope_y; rec. count =           15
 N2: current mean I/O counter =           15
 writing mean record for N2; rec. count =           15
 u: current mean I/O counter =           15
 writing mean record for u; rec. count =           15
 rosb: current mean I/O counter =           15
 writing mean record for rosb; rec. count =           15
 unod: current mean I/O counter =           15
 writing mean record for unod; rec. count =           15
 sst: current mean I/O counter =           15
 writing mean record for sst; rec. count =           15
 hc: current mean I/O counter =           15
 writing mean record for hc; rec. count =           15
 hc300m: current mean I/O counter =           15
 writing mean record for hc300m; rec. count =           15
 slope_x: current mean I/O counter =           15
 writing mean record for slope_x; rec. count =           15
 vnod: current mean I/O counter =           15
 writing mean record for vnod; rec. count =           15
 v: current mean I/O counter =           15
 writing mean record for v; rec. count =           15
 temp: current mean I/O counter =           15
 writing mean record for temp; rec. count =           15
 ssh: current mean I/O counter =           15
 writing mean record for ssh; rec. count =           15
 hc700m: current mean I/O counter =           15
 writing mean record for hc700m; rec. count =           15
 tflux_vnod: current mean I/O counter =           15
 writing mean record for tflux_vnod; rec. count =           15
 tflux_w: current mean I/O counter =           15
 writing mean record for tflux_w; rec. count =           15
 tflux_unod: current mean I/O counter =           15
 writing mean record for tflux_unod; rec. count =           15
 curl_u: current mean I/O counter =           16
 writing mean record for curl_u; rec. count =           16
 N2: current mean I/O counter =           16
 writing mean record for N2; rec. count =           16
 slope_y: current mean I/O counter =           16
 writing mean record for slope_y; rec. count =           16
 unod: current mean I/O counter =           16
 writing mean record for unod; rec. count =           16
 hc300m: current mean I/O counter =           16
 writing mean record for hc300m; rec. count =           16
 rosb: current mean I/O counter =           16
 writing mean record for rosb; rec. count =           16
 u: current mean I/O counter =           16
 writing mean record for u; rec. count =           16
 hc: current mean I/O counter =           16
 writing mean record for hc; rec. count =           16
 tflux_vnod: current mean I/O counter =           16
 writing mean record for tflux_vnod; rec. count =           16
 temp: current mean I/O counter =           16
 writing mean record for temp; rec. count =           16
 sst: current mean I/O counter =           16
 writing mean record for sst; rec. count =           16
 slope_x: current mean I/O counter =           16
 writing mean record for slope_x; rec. count =           16
 vnod: current mean I/O counter =           16
 writing mean record for vnod; rec. count =           16
 v: current mean I/O counter =           16
 writing mean record for v; rec. count =           16
 ssh: current mean I/O counter =           16
 writing mean record for ssh; rec. count =           16
 hc700m: current mean I/O counter =           16
 writing mean record for hc700m; rec. count =           16
 tflux_unod: current mean I/O counter =           16
 writing mean record for tflux_unod; rec. count =           16
 tflux_w: current mean I/O counter =           16
 writing mean record for tflux_w; rec. count =           16
 curl_u: current mean I/O counter =           17
 writing mean record for curl_u; rec. count =           17
 N2: current mean I/O counter =           17
 writing mean record for N2; rec. count =           17
 slope_y: current mean I/O counter =           17
 writing mean record for slope_y; rec. count =           17
 u: current mean I/O counter =           17
 writing mean record for u; rec. count =           17
 hc300m: current mean I/O counter =           17
 writing mean record for hc300m; rec. count =           17
 rosb: current mean I/O counter =           17
 writing mean record for rosb; rec. count =           17
 unod: current mean I/O counter =           17
 writing mean record for unod; rec. count =           17
 sst: current mean I/O counter =           17
 writing mean record for sst; rec. count =           17
 tflux_vnod: current mean I/O counter =           17
 writing mean record for tflux_vnod; rec. count =           17
 v: current mean I/O counter =           17
 writing mean record for v; rec. count =           17
 hc: current mean I/O counter =           17
 writing mean record for hc; rec. count =           17
 vnod: current mean I/O counter =           17
 writing mean record for vnod; rec. count =           17
 slope_x: current mean I/O counter =           17
 writing mean record for slope_x; rec. count =           17
 temp: current mean I/O counter =           17
 writing mean record for temp; rec. count =           17
 ssh: current mean I/O counter =           17
 writing mean record for ssh; rec. count =           17
 hc700m: current mean I/O counter =           17
 writing mean record for hc700m; rec. count =           17
 tflux_unod: current mean I/O counter =           17
 writing mean record for tflux_unod; rec. count =           17
 tflux_w: current mean I/O counter =           17
 writing mean record for tflux_w; rec. count =           17
 curl_u: current mean I/O counter =           18
 writing mean record for curl_u; rec. count =           18
 N2: current mean I/O counter =           18
 writing mean record for N2; rec. count =           18
 slope_y: current mean I/O counter =           18
 writing mean record for slope_y; rec. count =           18
 rosb: current mean I/O counter =           18
 writing mean record for rosb; rec. count =           18
 u: current mean I/O counter =           18
 writing mean record for u; rec. count =           18
 sst: current mean I/O counter =           18
 writing mean record for sst; rec. count =           18
 unod: current mean I/O counter =           18
 writing mean record for unod; rec. count =           18
 hc: current mean I/O counter =           18
 writing mean record for hc; rec. count =           18
 hc300m: current mean I/O counter =           18
 writing mean record for hc300m; rec. count =           18
 tflux_vnod: current mean I/O counter =           18
 writing mean record for tflux_vnod; rec. count =           18
 vnod: current mean I/O counter =           18
 writing mean record for vnod; rec. count =           18
 ssh: current mean I/O counter =           18
 writing mean record for ssh; rec. count =           18
 slope_x: current mean I/O counter =           18
 writing mean record for slope_x; rec. count =           18
 temp: current mean I/O counter =           18
 writing mean record for temp; rec. count =           18
 v: current mean I/O counter =           18
 writing mean record for v; rec. count =           18
 hc700m: current mean I/O counter =           18
 writing mean record for hc700m; rec. count =           18
 tflux_unod: current mean I/O counter =           18
 writing mean record for tflux_unod; rec. count =           18
 tflux_w: current mean I/O counter =           18
 writing mean record for tflux_w; rec. count =           18
 curl_u: current mean I/O counter =           19
 writing mean record for curl_u; rec. count =           19
 N2: current mean I/O counter =           19
 writing mean record for N2; rec. count =           19
 slope_y: current mean I/O counter =           19
 writing mean record for slope_y; rec. count =           19
 unod: current mean I/O counter =           19
 writing mean record for unod; rec. count =           19
 rosb: current mean I/O counter =           19
 writing mean record for rosb; rec. count =           19
 u: current mean I/O counter =           19
 writing mean record for u; rec. count =           19
 hc300m: current mean I/O counter =           19
 writing mean record for hc300m; rec. count =           19
 sst: current mean I/O counter =           19
 writing mean record for sst; rec. count =           19
 temp: current mean I/O counter =           19
 writing mean record for temp; rec. count =           19
 hc: current mean I/O counter =           19
 writing mean record for hc; rec. count =           19
 tflux_vnod: current mean I/O counter =           19
 writing mean record for tflux_vnod; rec. count =           19
 slope_x: current mean I/O counter =           19
 writing mean record for slope_x; rec. count =           19
 ssh: current mean I/O counter =           19
 writing mean record for ssh; rec. count =           19
 hc700m: current mean I/O counter =           19
 writing mean record for hc700m; rec. count =           19
 tflux_unod: current mean I/O counter =           19
 writing mean record for tflux_unod; rec. count =           19
 vnod: current mean I/O counter =           19
 writing mean record for vnod; rec. count =           19
 tflux_w: current mean I/O counter =           19
 writing mean record for tflux_w; rec. count =           19
 v: current mean I/O counter =           19
 writing mean record for v; rec. count =           19
 curl_u: current mean I/O counter =           20
 writing mean record for curl_u; rec. count =           20
 N2: current mean I/O counter =           20
 writing mean record for N2; rec. count =           20
 slope_y: current mean I/O counter =           20
 writing mean record for slope_y; rec. count =           20
 unod: current mean I/O counter =           20
 writing mean record for unod; rec. count =           20
 rosb: current mean I/O counter =           20
 writing mean record for rosb; rec. count =           20
 u: current mean I/O counter =           20
 writing mean record for u; rec. count =           20
 sst: current mean I/O counter =           20
 writing mean record for sst; rec. count =           20
 hc300m: current mean I/O counter =           20
 writing mean record for hc300m; rec. count =           20
 tflux_vnod: current mean I/O counter =           20
 writing mean record for tflux_vnod; rec. count =           20
 hc: current mean I/O counter =           20
 writing mean record for hc; rec. count =           20
 slope_x: current mean I/O counter =           20
 writing mean record for slope_x; rec. count =           20
 vnod: current mean I/O counter =           20
 writing mean record for vnod; rec. count =           20
 ssh: current mean I/O counter =           20
 writing mean record for ssh; rec. count =           20
 temp: current mean I/O counter =           20
 writing mean record for temp; rec. count =           20
 v: current mean I/O counter =           20
 writing mean record for v; rec. count =           20
 hc700m: current mean I/O counter =           20
 writing mean record for hc700m; rec. count =           20
 tflux_unod: current mean I/O counter =           20
 writing mean record for tflux_unod; rec. count =           20
 tflux_w: current mean I/O counter =           20
 writing mean record for tflux_w; rec. count =           20
 curl_u: current mean I/O counter =           21
 writing mean record for curl_u; rec. count =           21
 rosb: current mean I/O counter =           21
 writing mean record for rosb; rec. count =           21
 N2: current mean I/O counter =           21
 writing mean record for N2; rec. count =           21
 slope_y: current mean I/O counter =           21
 writing mean record for slope_y; rec. count =           21
 unod: current mean I/O counter =           21
 writing mean record for unod; rec. count =           21
 hc300m: current mean I/O counter =           21
 writing mean record for hc300m; rec. count =           21
 u: current mean I/O counter =           21
 writing mean record for u; rec. count =           21
 sst: current mean I/O counter =           21
 writing mean record for sst; rec. count =           21
 hc: current mean I/O counter =           21
 writing mean record for hc; rec. count =           21
 slope_x: current mean I/O counter =           21
 writing mean record for slope_x; rec. count =           21
 v: current mean I/O counter =           21
 writing mean record for v; rec. count =           21
 vnod: current mean I/O counter =           21
 writing mean record for vnod; rec. count =           21
 temp: current mean I/O counter =           21
 writing mean record for temp; rec. count =           21
 ssh: current mean I/O counter =           21
 writing mean record for ssh; rec. count =           21
 hc700m: current mean I/O counter =           21
 writing mean record for hc700m; rec. count =           21
 tflux_unod: current mean I/O counter =           21
 writing mean record for tflux_unod; rec. count =           21
 tflux_vnod: current mean I/O counter =           21
 writing mean record for tflux_vnod; rec. count =           21
 tflux_w: current mean I/O counter =           21
 writing mean record for tflux_w; rec. count =           21
 curl_u: current mean I/O counter =           22
 writing mean record for curl_u; rec. count =           22
 N2: current mean I/O counter =           22
 writing mean record for N2; rec. count =           22
 slope_y: current mean I/O counter =           22
 writing mean record for slope_y; rec. count =           22
 rosb: current mean I/O counter =           22
 writing mean record for rosb; rec. count =           22
 unod: current mean I/O counter =           22
 writing mean record for unod; rec. count =           22
 sst: current mean I/O counter =           22
 writing mean record for sst; rec. count =           22
 hc: current mean I/O counter =           22
 writing mean record for hc; rec. count =           22
 u: current mean I/O counter =           22
 writing mean record for u; rec. count =           22
 hc300m: current mean I/O counter =           22
 writing mean record for hc300m; rec. count =           22
 tflux_vnod: current mean I/O counter =           22
 writing mean record for tflux_vnod; rec. count =           22
 slope_x: current mean I/O counter =           22
 writing mean record for slope_x; rec. count =           22
 vnod: current mean I/O counter =           22
 writing mean record for vnod; rec. count =           22
 temp: current mean I/O counter =           22
 writing mean record for temp; rec. count =           22
 v: current mean I/O counter =           22
 writing mean record for v; rec. count =           22
 ssh: current mean I/O counter =           22
 writing mean record for ssh; rec. count =           22
 hc700m: current mean I/O counter =           22
 writing mean record for hc700m; rec. count =           22
 tflux_unod: current mean I/O counter =           22
 writing mean record for tflux_unod; rec. count =           22
 tflux_w: current mean I/O counter =           22
 writing mean record for tflux_w; rec. count =           22
 curl_u: current mean I/O counter =           23
 writing mean record for curl_u; rec. count =           23
 N2: current mean I/O counter =           23
 writing mean record for N2; rec. count =           23
 slope_y: current mean I/O counter =           23
 writing mean record for slope_y; rec. count =           23
 rosb: current mean I/O counter =           23
 writing mean record for rosb; rec. count =           23
 u: current mean I/O counter =           23
 writing mean record for u; rec. count =           23
 hc: current mean I/O counter =           23
 writing mean record for hc; rec. count =           23
 hc300m: current mean I/O counter =           23
 writing mean record for hc300m; rec. count =           23
 slope_x: current mean I/O counter =           23
 writing mean record for slope_x; rec. count =           23
 temp: current mean I/O counter =           23
 writing mean record for temp; rec. count =           23
 unod: current mean I/O counter =           23
 writing mean record for unod; rec. count =           23
 vnod: current mean I/O counter =           23
 writing mean record for vnod; rec. count =           23
 v: current mean I/O counter =           23
 writing mean record for v; rec. count =           23
 sst: current mean I/O counter =           23
 writing mean record for sst; rec. count =           23
 ssh: current mean I/O counter =           23
 writing mean record for ssh; rec. count =           23
 hc700m: current mean I/O counter =           23
 writing mean record for hc700m; rec. count =           23
 tflux_unod: current mean I/O counter =           23
 writing mean record for tflux_unod; rec. count =           23
 tflux_vnod: current mean I/O counter =           23
 writing mean record for tflux_vnod; rec. count =           23
 tflux_w: current mean I/O counter =           23
 writing mean record for tflux_w; rec. count =           23
 curl_u: current mean I/O counter =           24
 writing mean record for curl_u; rec. count =           24
 rosb: current mean I/O counter =           24
 writing mean record for rosb; rec. count =           24
 N2: current mean I/O counter =           24
 writing mean record for N2; rec. count =           24
 slope_y: current mean I/O counter =           24
 writing mean record for slope_y; rec. count =           24
 sst: current mean I/O counter =           24
 writing mean record for sst; rec. count =           24
 hc300m: current mean I/O counter =           24
 writing mean record for hc300m; rec. count =           24
 unod: current mean I/O counter =           24
 writing mean record for unod; rec. count =           24
 u: current mean I/O counter =           24
 writing mean record for u; rec. count =           24
 hc: current mean I/O counter =           24
 writing mean record for hc; rec. count =           24
 vnod: current mean I/O counter =           24
 writing mean record for vnod; rec. count =           24
 tflux_vnod: current mean I/O counter =           24
 writing mean record for tflux_vnod; rec. count =           24
 slope_x: current mean I/O counter =           24
 writing mean record for slope_x; rec. count =           24
 temp: current mean I/O counter =           24
 writing mean record for temp; rec. count =           24
 v: current mean I/O counter =           24
 writing mean record for v; rec. count =           24
 ssh: current mean I/O counter =           24
 writing mean record for ssh; rec. count =           24
 hc700m: current mean I/O counter =           24
 writing mean record for hc700m; rec. count =           24
 tflux_unod: current mean I/O counter =           24
 writing mean record for tflux_unod; rec. count =           24
 tflux_w: current mean I/O counter =           24
 writing mean record for tflux_w; rec. count =           24
 curl_u: current mean I/O counter =           25
 writing mean record for curl_u; rec. count =           25
 rosb: current mean I/O counter =           25
 writing mean record for rosb; rec. count =           25
 N2: current mean I/O counter =           25
 writing mean record for N2; rec. count =           25
 slope_y: current mean I/O counter =           25
 writing mean record for slope_y; rec. count =           25
 hc300m: current mean I/O counter =           25
 writing mean record for hc300m; rec. count =           25
 unod: current mean I/O counter =           25
 writing mean record for unod; rec. count =           25
 u: current mean I/O counter =           25
 writing mean record for u; rec. count =           25
 sst: current mean I/O counter =           25
 writing mean record for sst; rec. count =           25
 hc: current mean I/O counter =           25
 writing mean record for hc; rec. count =           25
 tflux_vnod: current mean I/O counter =           25
 writing mean record for tflux_vnod; rec. count =           25
 slope_x: current mean I/O counter =           25
 writing mean record for slope_x; rec. count =           25
 temp: current mean I/O counter =           25
 writing mean record for temp; rec. count =           25
 vnod: current mean I/O counter =           25
 writing mean record for vnod; rec. count =           25
 v: current mean I/O counter =           25
 writing mean record for v; rec. count =           25
 ssh: current mean I/O counter =           25
 writing mean record for ssh; rec. count =           25
 hc700m: current mean I/O counter =           25
 writing mean record for hc700m; rec. count =           25
 tflux_unod: current mean I/O counter =           25
 writing mean record for tflux_unod; rec. count =           25
 tflux_w: current mean I/O counter =           25
 writing mean record for tflux_w; rec. count =           25
 curl_u: current mean I/O counter =           26
 writing mean record for curl_u; rec. count =           26
 rosb: current mean I/O counter =           26
 writing mean record for rosb; rec. count =           26
 N2: current mean I/O counter =           26
 writing mean record for N2; rec. count =           26
 slope_y: current mean I/O counter =           26
 writing mean record for slope_y; rec. count =           26
 unod: current mean I/O counter =           26
 writing mean record for unod; rec. count =           26
 u: current mean I/O counter =           26
 writing mean record for u; rec. count =           26
 sst: current mean I/O counter =           26
 writing mean record for sst; rec. count =           26
 hc300m: current mean I/O counter =           26
 writing mean record for hc300m; rec. count =           26
 hc: current mean I/O counter =           26
 writing mean record for hc; rec. count =           26
 slope_x: current mean I/O counter =           26
 writing mean record for slope_x; rec. count =           26
 vnod: current mean I/O counter =           26
 writing mean record for vnod; rec. count =           26
 tflux_vnod: current mean I/O counter =           26
 writing mean record for tflux_vnod; rec. count =           26
 temp: current mean I/O counter =           26
 writing mean record for temp; rec. count =           26
 hc700m: current mean I/O counter =           26
 writing mean record for hc700m; rec. count =           26
 v: current mean I/O counter =           26
 writing mean record for v; rec. count =           26
 ssh: current mean I/O counter =           26
 writing mean record for ssh; rec. count =           26
 tflux_unod: current mean I/O counter =           26
 writing mean record for tflux_unod; rec. count =           26
 tflux_w: current mean I/O counter =           26
 writing mean record for tflux_w; rec. count =           26
 curl_u: current mean I/O counter =           27
 writing mean record for curl_u; rec. count =           27
 N2: current mean I/O counter =           27
 writing mean record for N2; rec. count =           27
 slope_y: current mean I/O counter =           27
 writing mean record for slope_y; rec. count =           27
 u: current mean I/O counter =           27
 writing mean record for u; rec. count =           27
 rosb: current mean I/O counter =           27
 writing mean record for rosb; rec. count =           27
 sst: current mean I/O counter =           27
 writing mean record for sst; rec. count =           27
 unod: current mean I/O counter =           27
 writing mean record for unod; rec. count =           27
 v: current mean I/O counter =           27
 writing mean record for v; rec. count =           27
 hc300m: current mean I/O counter =           27
 writing mean record for hc300m; rec. count =           27
 hc: current mean I/O counter =           27
 writing mean record for hc; rec. count =           27
 tflux_vnod: current mean I/O counter =           27
 writing mean record for tflux_vnod; rec. count =           27
 slope_x: current mean I/O counter =           27
 writing mean record for slope_x; rec. count =           27
 temp: current mean I/O counter =           27
 writing mean record for temp; rec. count =           27
 vnod: current mean I/O counter =           27
 writing mean record for vnod; rec. count =           27
 ssh: current mean I/O counter =           27
 writing mean record for ssh; rec. count =           27
 hc700m: current mean I/O counter =           27
 writing mean record for hc700m; rec. count =           27
 tflux_w: current mean I/O counter =           27
 writing mean record for tflux_w; rec. count =           27
 tflux_unod: current mean I/O counter =           27
 writing mean record for tflux_unod; rec. count =           27
 curl_u: current mean I/O counter =           28
 writing mean record for curl_u; rec. count =           28
 N2: current mean I/O counter =           28
 writing mean record for N2; rec. count =           28
 slope_y: current mean I/O counter =           28
 writing mean record for slope_y; rec. count =           28
 rosb: current mean I/O counter =           28
 writing mean record for rosb; rec. count =           28
 unod: current mean I/O counter =           28
 writing mean record for unod; rec. count =           28
 sst: current mean I/O counter =           28
 writing mean record for sst; rec. count =           28
 u: current mean I/O counter =           28
 writing mean record for u; rec. count =           28
 hc300m: current mean I/O counter =           28
 writing mean record for hc300m; rec. count =           28
 tflux_unod: current mean I/O counter =           28
 writing mean record for tflux_unod; rec. count =           28
 hc: current mean I/O counter =           28
 writing mean record for hc; rec. count =           28
 slope_x: current mean I/O counter =           28
 writing mean record for slope_x; rec. count =           28
 temp: current mean I/O counter =           28
 writing mean record for temp; rec. count =           28
 vnod: current mean I/O counter =           28
 writing mean record for vnod; rec. count =           28
 v: current mean I/O counter =           28
 writing mean record for v; rec. count =           28
 ssh: current mean I/O counter =           28
 writing mean record for ssh; rec. count =           28
 hc700m: current mean I/O counter =           28
 writing mean record for hc700m; rec. count =           28
 tflux_vnod: current mean I/O counter =           28
 writing mean record for tflux_vnod; rec. count =           28
 tflux_w: current mean I/O counter =           28
 writing mean record for tflux_w; rec. count =           28
 curl_u: current mean I/O counter =           29
 writing mean record for curl_u; rec. count =           29
 N2: current mean I/O counter =           29
 writing mean record for N2; rec. count =           29
 slope_y: current mean I/O counter =           29
 writing mean record for slope_y; rec. count =           29
 unod: current mean I/O counter =           29
 writing mean record for unod; rec. count =           29
 u: current mean I/O counter =           29
 writing mean record for u; rec. count =           29
 sst: current mean I/O counter =           29
 writing mean record for sst; rec. count =           29
 rosb: current mean I/O counter =           29
 writing mean record for rosb; rec. count =           29
 hc300m: current mean I/O counter =           29
 writing mean record for hc300m; rec. count =           29
 hc: current mean I/O counter =           29
 writing mean record for hc; rec. count =           29
 tflux_vnod: current mean I/O counter =           29
 writing mean record for tflux_vnod; rec. count =           29
 slope_x: current mean I/O counter =           29
 writing mean record for slope_x; rec. count =           29
 temp: current mean I/O counter =           29
 writing mean record for temp; rec. count =           29
 vnod: current mean I/O counter =           29
 writing mean record for vnod; rec. count =           29
 v: current mean I/O counter =           29
 writing mean record for v; rec. count =           29
 ssh: current mean I/O counter =           29
 writing mean record for ssh; rec. count =           29
 hc700m: current mean I/O counter =           29
 writing mean record for hc700m; rec. count =           29
 tflux_unod: current mean I/O counter =           29
 writing mean record for tflux_unod; rec. count =           29
 tflux_w: current mean I/O counter =           29
 writing mean record for tflux_w; rec. count =           29
 curl_u: current mean I/O counter =           30
 writing mean record for curl_u; rec. count =           30
 rosb: current mean I/O counter =           30
 writing mean record for rosb; rec. count =           30
 N2: current mean I/O counter =           30
 writing mean record for N2; rec. count =           30
 slope_y: current mean I/O counter =           30
 writing mean record for slope_y; rec. count =           30
 unod: current mean I/O counter =           30
 writing mean record for unod; rec. count =           30
 sst: current mean I/O counter =           30
 writing mean record for sst; rec. count =           30
 hc300m: current mean I/O counter =           30
 writing mean record for hc300m; rec. count =           30
 vnod: current mean I/O counter =           30
 writing mean record for vnod; rec. count =           30
 u: current mean I/O counter =           30
 writing mean record for u; rec. count =           30
 hc: current mean I/O counter =           30
 writing mean record for hc; rec. count =           30
 slope_x: current mean I/O counter =           30
 writing mean record for slope_x; rec. count =           30
 temp: current mean I/O counter =           30
 writing mean record for temp; rec. count =           30
 v: current mean I/O counter =           30
 writing mean record for v; rec. count =           30
 tflux_vnod: current mean I/O counter =           30
 writing mean record for tflux_vnod; rec. count =           30
 ssh: current mean I/O counter =           30
 writing mean record for ssh; rec. count =           30
 hc700m: current mean I/O counter =           30
 writing mean record for hc700m; rec. count =           30
 tflux_unod: current mean I/O counter =           30
 writing mean record for tflux_unod; rec. count =           30
 tflux_w: current mean I/O counter =           30
 writing mean record for tflux_w; rec. count =           30
 curl_u: current mean I/O counter =           31
 writing mean record for curl_u; rec. count =           31
 rosb: current mean I/O counter =           31
 writing mean record for rosb; rec. count =           31
 N2: current mean I/O counter =           31
 writing mean record for N2; rec. count =           31
 slope_y: current mean I/O counter =           31
 writing mean record for slope_y; rec. count =           31
 tflux_vnod: current mean I/O counter =           31
 writing mean record for tflux_vnod; rec. count =           31
 unod: current mean I/O counter =           31
 writing mean record for unod; rec. count =           31
 sst: current mean I/O counter =           31
 writing mean record for sst; rec. count =           31
 u: current mean I/O counter =           31
 writing mean record for u; rec. count =           31
 hc300m: current mean I/O counter =           31
 writing mean record for hc300m; rec. count =           31
 slope_x: current mean I/O counter =           31
 writing mean record for slope_x; rec. count =           31
 temp: current mean I/O counter =           31
 writing mean record for temp; rec. count =           31
 vnod: current mean I/O counter =           31
 writing mean record for vnod; rec. count =           31
 v: current mean I/O counter =           31
 writing mean record for v; rec. count =           31
 ssh: current mean I/O counter =           31
 writing mean record for ssh; rec. count =           31
 hc700m: current mean I/O counter =           31
 writing mean record for hc700m; rec. count =           31
 hc: current mean I/O counter =           31
 writing mean record for hc; rec. count =           31
 tflux_unod: current mean I/O counter =           31
 writing mean record for tflux_unod; rec. count =           31
 tflux_w: current mean I/O counter =           31
 writing mean record for tflux_w; rec. count =           31
 curl_u: current mean I/O counter =           32
 writing mean record for curl_u; rec. count =           32
 rosb: current mean I/O counter =           32
 writing mean record for rosb; rec. count =           32
 N2: current mean I/O counter =           32
 writing mean record for N2; rec. count =           32
 slope_y: current mean I/O counter =           32
 writing mean record for slope_y; rec. count =           32
 u: current mean I/O counter =           32
 writing mean record for u; rec. count =           32
 sst: current mean I/O counter =           32
 writing mean record for sst; rec. count =           32
 hc300m: current mean I/O counter =           32
 writing mean record for hc300m; rec. count =           32
 unod: current mean I/O counter =           32
 writing mean record for unod; rec. count =           32
 hc: current mean I/O counter =           32
 writing mean record for hc; rec. count =           32
 tflux_vnod: current mean I/O counter =           32
 writing mean record for tflux_vnod; rec. count =           32
 slope_x: current mean I/O counter =           32
 writing mean record for slope_x; rec. count =           32
 ssh: current mean I/O counter =           32
 writing mean record for ssh; rec. count =           32
 temp: current mean I/O counter =           32
 writing mean record for temp; rec. count =           32
 vnod: current mean I/O counter =           32
 writing mean record for vnod; rec. count =           32
 v: current mean I/O counter =           32
 writing mean record for v; rec. count =           32
 hc700m: current mean I/O counter =           32
 writing mean record for hc700m; rec. count =           32
 tflux_unod: current mean I/O counter =           32
 writing mean record for tflux_unod; rec. count =           32
 tflux_w: current mean I/O counter =           32
 writing mean record for tflux_w; rec. count =           32
 curl_u: current mean I/O counter =           33
 writing mean record for curl_u; rec. count =           33
 rosb: current mean I/O counter =           33
 writing mean record for rosb; rec. count =           33
 N2: current mean I/O counter =           33
 writing mean record for N2; rec. count =           33
 slope_y: current mean I/O counter =           33
 writing mean record for slope_y; rec. count =           33
 temp: current mean I/O counter =           33
 writing mean record for temp; rec. count =           33
 u: current mean I/O counter =           33
 writing mean record for u; rec. count =           33
 sst: current mean I/O counter =           33
 writing mean record for sst; rec. count =           33
 hc300m: current mean I/O counter =           33
 writing mean record for hc300m; rec. count =           33
 hc: current mean I/O counter =           33
 writing mean record for hc; rec. count =           33
 tflux_unod: current mean I/O counter =           33
 writing mean record for tflux_unod; rec. count =           33
 tflux_vnod: current mean I/O counter =           33
 writing mean record for tflux_vnod; rec. count =           33
 tflux_w: current mean I/O counter =           33
 writing mean record for tflux_w; rec. count =           33
 slope_x: current mean I/O counter =           33
 writing mean record for slope_x; rec. count =           33
 vnod: current mean I/O counter =           33
 writing mean record for vnod; rec. count =           33
 v: current mean I/O counter =           33
 writing mean record for v; rec. count =           33
 unod: current mean I/O counter =           33
 writing mean record for unod; rec. count =           33
 ssh: current mean I/O counter =           33
 writing mean record for ssh; rec. count =           33
 hc700m: current mean I/O counter =           33
 writing mean record for hc700m; rec. count =           33
 curl_u: current mean I/O counter =           34
 writing mean record for curl_u; rec. count =           34
 rosb: current mean I/O counter =           34
 writing mean record for rosb; rec. count =           34
 N2: current mean I/O counter =           34
 writing mean record for N2; rec. count =           34
 slope_y: current mean I/O counter =           34
 writing mean record for slope_y; rec. count =           34
 unod: current mean I/O counter =           34
 writing mean record for unod; rec. count =           34
 sst: current mean I/O counter =           34
 writing mean record for sst; rec. count =           34
 hc: current mean I/O counter =           34
 writing mean record for hc; rec. count =           34
 hc300m: current mean I/O counter =           34
 writing mean record for hc300m; rec. count =           34
 u: current mean I/O counter =           34
 writing mean record for u; rec. count =           34
 tflux_vnod: current mean I/O counter =           34
 writing mean record for tflux_vnod; rec. count =           34
 vnod: current mean I/O counter =           34
 writing mean record for vnod; rec. count =           34
 slope_x: current mean I/O counter =           34
 writing mean record for slope_x; rec. count =           34
 temp: current mean I/O counter =           34
 writing mean record for temp; rec. count =           34
 v: current mean I/O counter =           34
 writing mean record for v; rec. count =           34
 ssh: current mean I/O counter =           34
 writing mean record for ssh; rec. count =           34
 hc700m: current mean I/O counter =           34
 writing mean record for hc700m; rec. count =           34
 tflux_unod: current mean I/O counter =           34
 writing mean record for tflux_unod; rec. count =           34
 tflux_w: current mean I/O counter =           34
 writing mean record for tflux_w; rec. count =           34
 curl_u: current mean I/O counter =           35
 writing mean record for curl_u; rec. count =           35
 rosb: current mean I/O counter =           35
 writing mean record for rosb; rec. count =           35
 N2: current mean I/O counter =           35
 writing mean record for N2; rec. count =           35
 slope_y: current mean I/O counter =           35
 writing mean record for slope_y; rec. count =           35
 unod: current mean I/O counter =           35
 writing mean record for unod; rec. count =           35
 u: current mean I/O counter =           35
 writing mean record for u; rec. count =           35
 sst: current mean I/O counter =           35
 writing mean record for sst; rec. count =           35
 hc300m: current mean I/O counter =           35
 writing mean record for hc300m; rec. count =           35
 hc: current mean I/O counter =           35
 writing mean record for hc; rec. count =           35
 slope_x: current mean I/O counter =           35
 writing mean record for slope_x; rec. count =           35
 temp: current mean I/O counter =           35
 writing mean record for temp; rec. count =           35
 vnod: current mean I/O counter =           35
 writing mean record for vnod; rec. count =           35
 v: current mean I/O counter =           35
 writing mean record for v; rec. count =           35
 ssh: current mean I/O counter =           35
 writing mean record for ssh; rec. count =           35
 hc700m: current mean I/O counter =           35
 writing mean record for hc700m; rec. count =           35
 tflux_unod: current mean I/O counter =           35
 writing mean record for tflux_unod; rec. count =           35
 tflux_vnod: current mean I/O counter =           35
 writing mean record for tflux_vnod; rec. count =           35
 tflux_w: current mean I/O counter =           35
 writing mean record for tflux_w; rec. count =           35
 curl_u: current mean I/O counter =           36
 writing mean record for curl_u; rec. count =           36
 rosb: current mean I/O counter =           36
 writing mean record for rosb; rec. count =           36
 N2: current mean I/O counter =           36
 writing mean record for N2; rec. count =           36
 slope_y: current mean I/O counter =           36
 writing mean record for slope_y; rec. count =           36
 unod: current mean I/O counter =           36
 writing mean record for unod; rec. count =           36
 u: current mean I/O counter =           36
 writing mean record for u; rec. count =           36
 sst: current mean I/O counter =           36
 writing mean record for sst; rec. count =           36
 slope_x: current mean I/O counter =           36
 writing mean record for slope_x; rec. count =           36
 vnod: current mean I/O counter =           36
 writing mean record for vnod; rec. count =           36
 hc300m: current mean I/O counter =           36
 writing mean record for hc300m; rec. count =           36
 hc: current mean I/O counter =           36
 writing mean record for hc; rec. count =           36
 tflux_vnod: current mean I/O counter =           36
 writing mean record for tflux_vnod; rec. count =           36
 temp: current mean I/O counter =           36
 writing mean record for temp; rec. count =           36
 v: current mean I/O counter =           36
 writing mean record for v; rec. count =           36
 ssh: current mean I/O counter =           36
 writing mean record for ssh; rec. count =           36
 hc700m: current mean I/O counter =           36
 writing mean record for hc700m; rec. count =           36
 tflux_unod: current mean I/O counter =           36
 writing mean record for tflux_unod; rec. count =           36
 tflux_w: current mean I/O counter =           36
 writing mean record for tflux_w; rec. count =           36
 curl_u: current mean I/O counter =           37
 writing mean record for curl_u; rec. count =           37
 N2: current mean I/O counter =           37
 writing mean record for N2; rec. count =           37
 rosb: current mean I/O counter =           37
 writing mean record for rosb; rec. count =           37
 slope_y: current mean I/O counter =           37
 writing mean record for slope_y; rec. count =           37
 unod: current mean I/O counter =           37
 writing mean record for unod; rec. count =           37
 u: current mean I/O counter =           37
 writing mean record for u; rec. count =           37
 sst: current mean I/O counter =           37
 writing mean record for sst; rec. count =           37
 hc300m: current mean I/O counter =           37
 writing mean record for hc300m; rec. count =           37
 hc: current mean I/O counter =           37
 writing mean record for hc; rec. count =           37
 tflux_vnod: current mean I/O counter =           37
 writing mean record for tflux_vnod; rec. count =           37
 slope_x: current mean I/O counter =           37
 writing mean record for slope_x; rec. count =           37
 temp: current mean I/O counter =           37
 writing mean record for temp; rec. count =           37
 vnod: current mean I/O counter =           37
 writing mean record for vnod; rec. count =           37
 v: current mean I/O counter =           37
 writing mean record for v; rec. count =           37
 ssh: current mean I/O counter =           37
 writing mean record for ssh; rec. count =           37
 hc700m: current mean I/O counter =           37
 writing mean record for hc700m; rec. count =           37
 tflux_unod: current mean I/O counter =           37
 writing mean record for tflux_unod; rec. count =           37
 tflux_w: current mean I/O counter =           37
 writing mean record for tflux_w; rec. count =           37
 curl_u: current mean I/O counter =           38
 writing mean record for curl_u; rec. count =           38
 N2: current mean I/O counter =           38
 writing mean record for N2; rec. count =           38
 slope_y: current mean I/O counter =           38
 writing mean record for slope_y; rec. count =           38
 rosb: current mean I/O counter =           38
 writing mean record for rosb; rec. count =           38
 u: current mean I/O counter =           38
 writing mean record for u; rec. count =           38
 unod: current mean I/O counter =           38
 writing mean record for unod; rec. count =           38
 vnod: current mean I/O counter =           38
 writing mean record for vnod; rec. count =           38
 v: current mean I/O counter =           38
 writing mean record for v; rec. count =           38
 hc: current mean I/O counter =           38
 writing mean record for hc; rec. count =           38
 hc300m: current mean I/O counter =           38
 writing mean record for hc300m; rec. count =           38
 tflux_vnod: current mean I/O counter =           38
 writing mean record for tflux_vnod; rec. count =           38
 slope_x: current mean I/O counter =           38
 writing mean record for slope_x; rec. count =           38
 temp: current mean I/O counter =           38
 writing mean record for temp; rec. count =           38
 sst: current mean I/O counter =           38
 writing mean record for sst; rec. count =           38
 ssh: current mean I/O counter =           38
 writing mean record for ssh; rec. count =           38
 hc700m: current mean I/O counter =           38
 writing mean record for hc700m; rec. count =           38
 tflux_unod: current mean I/O counter =           38
 writing mean record for tflux_unod; rec. count =           38
 tflux_w: current mean I/O counter =           38
 writing mean record for tflux_w; rec. count =           38
 curl_u: current mean I/O counter =           39
 writing mean record for curl_u; rec. count =           39
 N2: current mean I/O counter =           39
 writing mean record for N2; rec. count =           39
 slope_y: current mean I/O counter =           39
 writing mean record for slope_y; rec. count =           39
 rosb: current mean I/O counter =           39
 writing mean record for rosb; rec. count =           39
 unod: current mean I/O counter =           39
 writing mean record for unod; rec. count =           39
 u: current mean I/O counter =           39
 writing mean record for u; rec. count =           39
 sst: current mean I/O counter =           39
 writing mean record for sst; rec. count =           39
 hc300m: current mean I/O counter =           39
 writing mean record for hc300m; rec. count =           39
 slope_x: current mean I/O counter =           39
 writing mean record for slope_x; rec. count =           39
 temp: current mean I/O counter =           39
 writing mean record for temp; rec. count =           39
 vnod: current mean I/O counter =           39
 writing mean record for vnod; rec. count =           39
 v: current mean I/O counter =           39
 writing mean record for v; rec. count =           39
 ssh: current mean I/O counter =           39
 writing mean record for ssh; rec. count =           39
 hc700m: current mean I/O counter =           39
 writing mean record for hc700m; rec. count =           39
 hc: current mean I/O counter =           39
 writing mean record for hc; rec. count =           39
 tflux_unod: current mean I/O counter =           39
 writing mean record for tflux_unod; rec. count =           39
 tflux_vnod: current mean I/O counter =           39
 writing mean record for tflux_vnod; rec. count =           39
 tflux_w: current mean I/O counter =           39
 writing mean record for tflux_w; rec. count =           39
 curl_u: current mean I/O counter =           40
 writing mean record for curl_u; rec. count =           40
 rosb: current mean I/O counter =           40
 writing mean record for rosb; rec. count =           40
 N2: current mean I/O counter =           40
 writing mean record for N2; rec. count =           40
 slope_y: current mean I/O counter =           40
 writing mean record for slope_y; rec. count =           40
 temp: current mean I/O counter =           40
 writing mean record for temp; rec. count =           40
 unod: current mean I/O counter =           40
 writing mean record for unod; rec. count =           40
 u: current mean I/O counter =           40
 writing mean record for u; rec. count =           40
 sst: current mean I/O counter =           40
 writing mean record for sst; rec. count =           40
 hc300m: current mean I/O counter =           40
 writing mean record for hc300m; rec. count =           40
 hc: current mean I/O counter =           40
 writing mean record for hc; rec. count =           40
 slope_x: current mean I/O counter =           40
 writing mean record for slope_x; rec. count =           40
 tflux_vnod: current mean I/O counter =           40
 writing mean record for tflux_vnod; rec. count =           40
 ssh: current mean I/O counter =           40
 writing mean record for ssh; rec. count =           40
 hc700m: current mean I/O counter =           40
 writing mean record for hc700m; rec. count =           40
 vnod: current mean I/O counter =           40
 writing mean record for vnod; rec. count =           40
 v: current mean I/O counter =           40
 writing mean record for v; rec. count =           40
 tflux_unod: current mean I/O counter =           40
 writing mean record for tflux_unod; rec. count =           40
 tflux_w: current mean I/O counter =           40
 writing mean record for tflux_w; rec. count =           40
 curl_u: current mean I/O counter =           41
 writing mean record for curl_u; rec. count =           41
 N2: current mean I/O counter =           41
 writing mean record for N2; rec. count =           41
 slope_y: current mean I/O counter =           41
 writing mean record for slope_y; rec. count =           41
 rosb: current mean I/O counter =           41
 writing mean record for rosb; rec. count =           41
 unod: current mean I/O counter =           41
 writing mean record for unod; rec. count =           41
 u: current mean I/O counter =           41
 writing mean record for u; rec. count =           41
 hc300m: current mean I/O counter =           41
 writing mean record for hc300m; rec. count =           41
 sst: current mean I/O counter =           41
 writing mean record for sst; rec. count =           41
 slope_x: current mean I/O counter =           41
 writing mean record for slope_x; rec. count =           41
 temp: current mean I/O counter =           41
 writing mean record for temp; rec. count =           41
 vnod: current mean I/O counter =           41
 writing mean record for vnod; rec. count =           41
 hc: current mean I/O counter =           41
 writing mean record for hc; rec. count =           41
 tflux_vnod: current mean I/O counter =           41
 writing mean record for tflux_vnod; rec. count =           41
 v: current mean I/O counter =           41
 writing mean record for v; rec. count =           41
 ssh: current mean I/O counter =           41
 writing mean record for ssh; rec. count =           41
 hc700m: current mean I/O counter =           41
 writing mean record for hc700m; rec. count =           41
 tflux_w: current mean I/O counter =           41
 writing mean record for tflux_w; rec. count =           41
 tflux_unod: current mean I/O counter =           41
 writing mean record for tflux_unod; rec. count =           41
 curl_u: current mean I/O counter =           42
 writing mean record for curl_u; rec. count =           42
 rosb: current mean I/O counter =           42
 writing mean record for rosb; rec. count =           42
 N2: current mean I/O counter =           42
 writing mean record for N2; rec. count =           42
 slope_y: current mean I/O counter =           42
 writing mean record for slope_y; rec. count =           42
 unod: current mean I/O counter =           42
 writing mean record for unod; rec. count =           42
 u: current mean I/O counter =           42
 writing mean record for u; rec. count =           42
 slope_x: current mean I/O counter =           42
 writing mean record for slope_x; rec. count =           42
 sst: current mean I/O counter =           42
 writing mean record for sst; rec. count =           42
 hc300m: current mean I/O counter =           42
 writing mean record for hc300m; rec. count =           42
 hc: current mean I/O counter =           42
 writing mean record for hc; rec. count =           42
 tflux_vnod: current mean I/O counter =           42
 writing mean record for tflux_vnod; rec. count =           42
 temp: current mean I/O counter =           42
 writing mean record for temp; rec. count =           42
 vnod: current mean I/O counter =           42
 writing mean record for vnod; rec. count =           42
 v: current mean I/O counter =           42
 writing mean record for v; rec. count =           42
 tflux_unod: current mean I/O counter =           42
 writing mean record for tflux_unod; rec. count =           42
 ssh: current mean I/O counter =           42
 writing mean record for ssh; rec. count =           42
 hc700m: current mean I/O counter =           42
 writing mean record for hc700m; rec. count =           42
 tflux_w: current mean I/O counter =           42
 writing mean record for tflux_w; rec. count =           42
 curl_u: current mean I/O counter =           43
 writing mean record for curl_u; rec. count =           43
 N2: current mean I/O counter =           43
 writing mean record for N2; rec. count =           43
 slope_y: current mean I/O counter =           43
 writing mean record for slope_y; rec. count =           43
 rosb: current mean I/O counter =           43
 writing mean record for rosb; rec. count =           43
 unod: current mean I/O counter =           43
 writing mean record for unod; rec. count =           43
 u: current mean I/O counter =           43
 writing mean record for u; rec. count =           43
 sst: current mean I/O counter =           43
 writing mean record for sst; rec. count =           43
 hc300m: current mean I/O counter =           43
 writing mean record for hc300m; rec. count =           43
 hc: current mean I/O counter =           43
 writing mean record for hc; rec. count =           43
 slope_x: current mean I/O counter =           43
 writing mean record for slope_x; rec. count =           43
 temp: current mean I/O counter =           43
 writing mean record for temp; rec. count =           43
 vnod: current mean I/O counter =           43
 writing mean record for vnod; rec. count =           43
 v: current mean I/O counter =           43
 writing mean record for v; rec. count =           43
 ssh: current mean I/O counter =           43
 writing mean record for ssh; rec. count =           43
 hc700m: current mean I/O counter =           43
 writing mean record for hc700m; rec. count =           43
 tflux_vnod: current mean I/O counter =           43
 writing mean record for tflux_vnod; rec. count =           43
 tflux_w: current mean I/O counter =           43
 writing mean record for tflux_w; rec. count =           43
 tflux_unod: current mean I/O counter =           43
 writing mean record for tflux_unod; rec. count =           43
 curl_u: current mean I/O counter =           44
 writing mean record for curl_u; rec. count =           44
 rosb: current mean I/O counter =           44
 writing mean record for rosb; rec. count =           44
 N2: current mean I/O counter =           44
 writing mean record for N2; rec. count =           44
 slope_y: current mean I/O counter =           44
 writing mean record for slope_y; rec. count =           44
 u: current mean I/O counter =           44
 writing mean record for u; rec. count =           44
 tflux_vnod: current mean I/O counter =           44
 writing mean record for tflux_vnod; rec. count =           44
 hc300m: current mean I/O counter =           44
 writing mean record for hc300m; rec. count =           44
 unod: current mean I/O counter =           44
 writing mean record for unod; rec. count =           44
 hc: current mean I/O counter =           44
 writing mean record for hc; rec. count =           44
 slope_x: current mean I/O counter =           44
 writing mean record for slope_x; rec. count =           44
 sst: current mean I/O counter =           44
 writing mean record for sst; rec. count =           44
 temp: current mean I/O counter =           44
 writing mean record for temp; rec. count =           44
 vnod: current mean I/O counter =           44
 writing mean record for vnod; rec. count =           44
 v: current mean I/O counter =           44
 writing mean record for v; rec. count =           44
 ssh: current mean I/O counter =           44
 writing mean record for ssh; rec. count =           44
 hc700m: current mean I/O counter =           44
 writing mean record for hc700m; rec. count =           44
 tflux_unod: current mean I/O counter =           44
 writing mean record for tflux_unod; rec. count =           44
 tflux_w: current mean I/O counter =           44
 writing mean record for tflux_w; rec. count =           44
 curl_u: current mean I/O counter =           45
 writing mean record for curl_u; rec. count =           45
 N2: current mean I/O counter =           45
 writing mean record for N2; rec. count =           45
 slope_y: current mean I/O counter =           45
 writing mean record for slope_y; rec. count =           45
 rosb: current mean I/O counter =           45
 writing mean record for rosb; rec. count =           45
 u: current mean I/O counter =           45
 writing mean record for u; rec. count =           45
 unod: current mean I/O counter =           45
 writing mean record for unod; rec. count =           45
 sst: current mean I/O counter =           45
 writing mean record for sst; rec. count =           45
 hc300m: current mean I/O counter =           45
 writing mean record for hc300m; rec. count =           45
 temp: current mean I/O counter =           45
 writing mean record for temp; rec. count =           45
 hc: current mean I/O counter =           45
 writing mean record for hc; rec. count =           45
 tflux_vnod: current mean I/O counter =           45
 writing mean record for tflux_vnod; rec. count =           45
 slope_x: current mean I/O counter =           45
 writing mean record for slope_x; rec. count =           45
 vnod: current mean I/O counter =           45
 writing mean record for vnod; rec. count =           45
 v: current mean I/O counter =           45
 writing mean record for v; rec. count =           45
 hc700m: current mean I/O counter =           45
 writing mean record for hc700m; rec. count =           45
 ssh: current mean I/O counter =           45
 writing mean record for ssh; rec. count =           45
 tflux_unod: current mean I/O counter =           45
 writing mean record for tflux_unod; rec. count =           45
 tflux_w: current mean I/O counter =           45
 writing mean record for tflux_w; rec. count =           45
 curl_u: current mean I/O counter =           46
 writing mean record for curl_u; rec. count =           46
 N2: current mean I/O counter =           46
 writing mean record for N2; rec. count =           46
 slope_y: current mean I/O counter =           46
 writing mean record for slope_y; rec. count =           46
 unod: current mean I/O counter =           46
 writing mean record for unod; rec. count =           46
 u: current mean I/O counter =           46
 writing mean record for u; rec. count =           46
 rosb: current mean I/O counter =           46
 writing mean record for rosb; rec. count =           46
 sst: current mean I/O counter =           46
 writing mean record for sst; rec. count =           46
 hc300m: current mean I/O counter =           46
 writing mean record for hc300m; rec. count =           46
 hc: current mean I/O counter =           46
 writing mean record for hc; rec. count =           46
 tflux_vnod: current mean I/O counter =           46
 writing mean record for tflux_vnod; rec. count =           46
 vnod: current mean I/O counter =           46
 writing mean record for vnod; rec. count =           46
 slope_x: current mean I/O counter =           46
 writing mean record for slope_x; rec. count =           46
 temp: current mean I/O counter =           46
 writing mean record for temp; rec. count =           46
 v: current mean I/O counter =           46
 writing mean record for v; rec. count =           46
 ssh: current mean I/O counter =           46
 writing mean record for ssh; rec. count =           46
 hc700m: current mean I/O counter =           46
 writing mean record for hc700m; rec. count =           46
 tflux_unod: current mean I/O counter =           46
 writing mean record for tflux_unod; rec. count =           46
 tflux_w: current mean I/O counter =           46
 writing mean record for tflux_w; rec. count =           46
 curl_u: current mean I/O counter =           47
 writing mean record for curl_u; rec. count =           47
 N2: current mean I/O counter =           47
 writing mean record for N2; rec. count =           47
 slope_y: current mean I/O counter =           47
 writing mean record for slope_y; rec. count =           47
 u: current mean I/O counter =           47
 writing mean record for u; rec. count =           47
 sst: current mean I/O counter =           47
 writing mean record for sst; rec. count =           47
 hc300m: current mean I/O counter =           47
 writing mean record for hc300m; rec. count =           47
 rosb: current mean I/O counter =           47
 writing mean record for rosb; rec. count =           47
 unod: current mean I/O counter =           47
 writing mean record for unod; rec. count =           47
 tflux_vnod: current mean I/O counter =           47
 writing mean record for tflux_vnod; rec. count =           47
 hc: current mean I/O counter =           47
 writing mean record for hc; rec. count =           47
 slope_x: current mean I/O counter =           47
 writing mean record for slope_x; rec. count =           47
 temp: current mean I/O counter =           47
 writing mean record for temp; rec. count =           47
 vnod: current mean I/O counter =           47
 writing mean record for vnod; rec. count =           47
 v: current mean I/O counter =           47
 writing mean record for v; rec. count =           47
 ssh: current mean I/O counter =           47
 writing mean record for ssh; rec. count =           47
 hc700m: current mean I/O counter =           47
 writing mean record for hc700m; rec. count =           47
 tflux_unod: current mean I/O counter =           47
 writing mean record for tflux_unod; rec. count =           47
 tflux_w: current mean I/O counter =           47
 writing mean record for tflux_w; rec. count =           47
 curl_u: current mean I/O counter =           48
 writing mean record for curl_u; rec. count =           48
 rosb: current mean I/O counter =           48
 writing mean record for rosb; rec. count =           48
 N2: current mean I/O counter =           48
 writing mean record for N2; rec. count =           48
 slope_y: current mean I/O counter =           48
 writing mean record for slope_y; rec. count =           48
 unod: current mean I/O counter =           48
 writing mean record for unod; rec. count =           48
 u: current mean I/O counter =           48
 writing mean record for u; rec. count =           48
 slope_x: current mean I/O counter =           48
 writing mean record for slope_x; rec. count =           48
 temp: current mean I/O counter =           48
 writing mean record for temp; rec. count =           48
 vnod: current mean I/O counter =           48
 writing mean record for vnod; rec. count =           48
 v: current mean I/O counter =           48
 writing mean record for v; rec. count =           48
 sst: current mean I/O counter =           48
 writing mean record for sst; rec. count =           48
 ssh: current mean I/O counter =           48
 writing mean record for ssh; rec. count =           48
 hc300m: current mean I/O counter =           48
 writing mean record for hc300m; rec. count =           48
 hc700m: current mean I/O counter =           48
 writing mean record for hc700m; rec. count =           48
 hc: current mean I/O counter =           48
 writing mean record for hc; rec. count =           48
 tflux_unod: current mean I/O counter =           48
 writing mean record for tflux_unod; rec. count =           48
 tflux_vnod: current mean I/O counter =           48
 writing mean record for tflux_vnod; rec. count =           48
 tflux_w: current mean I/O counter =           48
 writing mean record for tflux_w; rec. count =           48
 curl_u: current mean I/O counter =           49
 writing mean record for curl_u; rec. count =           49
 rosb: current mean I/O counter =           49
 writing mean record for rosb; rec. count =           49
 N2: current mean I/O counter =           49
 writing mean record for N2; rec. count =           49
 slope_y: current mean I/O counter =           49
 writing mean record for slope_y; rec. count =           49
 u: current mean I/O counter =           49
 writing mean record for u; rec. count =           49
 sst: current mean I/O counter =           49
 writing mean record for sst; rec. count =           49
 hc: current mean I/O counter =           49
 writing mean record for hc; rec. count =           49
 tflux_vnod: current mean I/O counter =           49
 writing mean record for tflux_vnod; rec. count =           49
 slope_x: current mean I/O counter =           49
 writing mean record for slope_x; rec. count =           49
 temp: current mean I/O counter =           49
 writing mean record for temp; rec. count =           49
 unod: current mean I/O counter =           49
 writing mean record for unod; rec. count =           49
 hc300m: current mean I/O counter =           49
 writing mean record for hc300m; rec. count =           49
 vnod: current mean I/O counter =           49
 writing mean record for vnod; rec. count =           49
 v: current mean I/O counter =           49
 writing mean record for v; rec. count =           49
 ssh: current mean I/O counter =           49
 writing mean record for ssh; rec. count =           49
 hc700m: current mean I/O counter =           49
 writing mean record for hc700m; rec. count =           49
 tflux_unod: current mean I/O counter =           49
 writing mean record for tflux_unod; rec. count =           49
 tflux_w: current mean I/O counter =           49
 writing mean record for tflux_w; rec. count =           49
 curl_u: current mean I/O counter =           50
 writing mean record for curl_u; rec. count =           50
 rosb: current mean I/O counter =           50
 writing mean record for rosb; rec. count =           50
 N2: current mean I/O counter =           50
 writing mean record for N2; rec. count =           50
 slope_y: current mean I/O counter =           50
 writing mean record for slope_y; rec. count =           50
 u: current mean I/O counter =           50
 writing mean record for u; rec. count =           50
 sst: current mean I/O counter =           50
 writing mean record for sst; rec. count =           50
 unod: current mean I/O counter =           50
 writing mean record for unod; rec. count =           50
 hc300m: current mean I/O counter =           50
 writing mean record for hc300m; rec. count =           50
 slope_x: current mean I/O counter =           50
 writing mean record for slope_x; rec. count =           50
 temp: current mean I/O counter =           50
 writing mean record for temp; rec. count =           50
 vnod: current mean I/O counter =           50
 writing mean record for vnod; rec. count =           50
 v: current mean I/O counter =           50
 writing mean record for v; rec. count =           50
 ssh: current mean I/O counter =           50
 writing mean record for ssh; rec. count =           50
 hc700m: current mean I/O counter =           50
 writing mean record for hc700m; rec. count =           50
 hc: current mean I/O counter =           50
 writing mean record for hc; rec. count =           50
 tflux_vnod: current mean I/O counter =           50
 writing mean record for tflux_vnod; rec. count =           50
 tflux_unod: current mean I/O counter =           50
 writing mean record for tflux_unod; rec. count =           50
 tflux_w: current mean I/O counter =           50
 writing mean record for tflux_w; rec. count =           50
 curl_u: current mean I/O counter =           51
 writing mean record for curl_u; rec. count =           51
 N2: current mean I/O counter =           51
 writing mean record for N2; rec. count =           51
 slope_y: current mean I/O counter =           51
 writing mean record for slope_y; rec. count =           51
 rosb: current mean I/O counter =           51
 writing mean record for rosb; rec. count =           51
 u: current mean I/O counter =           51
 writing mean record for u; rec. count =           51
 unod: current mean I/O counter =           51
 writing mean record for unod; rec. count =           51
 temp: current mean I/O counter =           51
 writing mean record for temp; rec. count =           51
 slope_x: current mean I/O counter =           51
 writing mean record for slope_x; rec. count =           51
 vnod: current mean I/O counter =           51
 writing mean record for vnod; rec. count =           51
 v: current mean I/O counter =           51
 writing mean record for v; rec. count =           51
 sst: current mean I/O counter =           51
 writing mean record for sst; rec. count =           51
 ssh: current mean I/O counter =           51
 writing mean record for ssh; rec. count =           51
 hc300m: current mean I/O counter =           51
 writing mean record for hc300m; rec. count =           51
 hc700m: current mean I/O counter =           51
 writing mean record for hc700m; rec. count =           51
 hc: current mean I/O counter =           51
 writing mean record for hc; rec. count =           51
 tflux_unod: current mean I/O counter =           51
 writing mean record for tflux_unod; rec. count =           51
 tflux_vnod: current mean I/O counter =           51
 writing mean record for tflux_vnod; rec. count =           51
 tflux_w: current mean I/O counter =           51
 writing mean record for tflux_w; rec. count =           51
 curl_u: current mean I/O counter =           52
 writing mean record for curl_u; rec. count =           52
 rosb: current mean I/O counter =           52
 writing mean record for rosb; rec. count =           52
 N2: current mean I/O counter =           52
 writing mean record for N2; rec. count =           52
 slope_y: current mean I/O counter =           52
 writing mean record for slope_y; rec. count =           52
 unod: current mean I/O counter =           52
 writing mean record for unod; rec. count =           52
 u: current mean I/O counter =           52
 writing mean record for u; rec. count =           52
 sst: current mean I/O counter =           52
 writing mean record for sst; rec. count =           52
 hc300m: current mean I/O counter =           52
 writing mean record for hc300m; rec. count =           52
 hc: current mean I/O counter =           52
 writing mean record for hc; rec. count =           52
 tflux_vnod: current mean I/O counter =           52
 writing mean record for tflux_vnod; rec. count =           52
 slope_x: current mean I/O counter =           52
 writing mean record for slope_x; rec. count =           52
 vnod: current mean I/O counter =           52
 writing mean record for vnod; rec. count =           52
 temp: current mean I/O counter =           52
 writing mean record for temp; rec. count =           52
 v: current mean I/O counter =           52
 writing mean record for v; rec. count =           52
 ssh: current mean I/O counter =           52
 writing mean record for ssh; rec. count =           52
 hc700m: current mean I/O counter =           52
 writing mean record for hc700m; rec. count =           52
 tflux_unod: current mean I/O counter =           52
 writing mean record for tflux_unod; rec. count =           52
 tflux_w: current mean I/O counter =           52
 writing mean record for tflux_w; rec. count =           52
 curl_u: current mean I/O counter =           53
 writing mean record for curl_u; rec. count =           53
 N2: current mean I/O counter =           53
 writing mean record for N2; rec. count =           53
 slope_y: current mean I/O counter =           53
 writing mean record for slope_y; rec. count =           53
 rosb: current mean I/O counter =           53
 writing mean record for rosb; rec. count =           53
 hc: current mean I/O counter =           53
 writing mean record for hc; rec. count =           53
 u: current mean I/O counter =           53
 writing mean record for u; rec. count =           53
 unod: current mean I/O counter =           53
 writing mean record for unod; rec. count =           53
 sst: current mean I/O counter =           53
 writing mean record for sst; rec. count =           53
 hc300m: current mean I/O counter =           53
 writing mean record for hc300m; rec. count =           53
 tflux_vnod: current mean I/O counter =           53
 writing mean record for tflux_vnod; rec. count =           53
 slope_x: current mean I/O counter =           53
 writing mean record for slope_x; rec. count =           53
 temp: current mean I/O counter =           53
 writing mean record for temp; rec. count =           53
 vnod: current mean I/O counter =           53
 writing mean record for vnod; rec. count =           53
 v: current mean I/O counter =           53
 writing mean record for v; rec. count =           53
 ssh: current mean I/O counter =           53
 writing mean record for ssh; rec. count =           53
 hc700m: current mean I/O counter =           53
 writing mean record for hc700m; rec. count =           53
 tflux_unod: current mean I/O counter =           53
 writing mean record for tflux_unod; rec. count =           53
 tflux_w: current mean I/O counter =           53
 writing mean record for tflux_w; rec. count =           53
 curl_u: current mean I/O counter =           54
 writing mean record for curl_u; rec. count =           54
 rosb: current mean I/O counter =           54
 writing mean record for rosb; rec. count =           54
 N2: current mean I/O counter =           54
 writing mean record for N2; rec. count =           54
 slope_y: current mean I/O counter =           54
 writing mean record for slope_y; rec. count =           54
 u: current mean I/O counter =           54
 writing mean record for u; rec. count =           54
 tflux_vnod: current mean I/O counter =           54
 writing mean record for tflux_vnod; rec. count =           54
 unod: current mean I/O counter =           54
 writing mean record for unod; rec. count =           54
 hc: current mean I/O counter =           54
 writing mean record for hc; rec. count =           54
 sst: current mean I/O counter =           54
 writing mean record for sst; rec. count =           54
 hc300m: current mean I/O counter =           54
 writing mean record for hc300m; rec. count =           54
 tflux_w: current mean I/O counter =           54
 writing mean record for tflux_w; rec. count =           54
 slope_x: current mean I/O counter =           54
 writing mean record for slope_x; rec. count =           54
 temp: current mean I/O counter =           54
 writing mean record for temp; rec. count =           54
 vnod: current mean I/O counter =           54
 writing mean record for vnod; rec. count =           54
 v: current mean I/O counter =           54
 writing mean record for v; rec. count =           54
 ssh: current mean I/O counter =           54
 writing mean record for ssh; rec. count =           54
 hc700m: current mean I/O counter =           54
 writing mean record for hc700m; rec. count =           54
 tflux_unod: current mean I/O counter =           54
 writing mean record for tflux_unod; rec. count =           54
 curl_u: current mean I/O counter =           55
 writing mean record for curl_u; rec. count =           55
 rosb: current mean I/O counter =           55
 writing mean record for rosb; rec. count =           55
 N2: current mean I/O counter =           55
 writing mean record for N2; rec. count =           55
 slope_y: current mean I/O counter =           55
 writing mean record for slope_y; rec. count =           55
 unod: current mean I/O counter =           55
 writing mean record for unod; rec. count =           55
 hc300m: current mean I/O counter =           55
 writing mean record for hc300m; rec. count =           55
 hc: current mean I/O counter =           55
 writing mean record for hc; rec. count =           55
 sst: current mean I/O counter =           55
 writing mean record for sst; rec. count =           55
 temp: current mean I/O counter =           55
 writing mean record for temp; rec. count =           55
 u: current mean I/O counter =           55
 writing mean record for u; rec. count =           55
 tflux_vnod: current mean I/O counter =           55
 writing mean record for tflux_vnod; rec. count =           55
 slope_x: current mean I/O counter =           55
 writing mean record for slope_x; rec. count =           55
 vnod: current mean I/O counter =           55
 writing mean record for vnod; rec. count =           55
 v: current mean I/O counter =           55
 writing mean record for v; rec. count =           55
 ssh: current mean I/O counter =           55
 writing mean record for ssh; rec. count =           55
 hc700m: current mean I/O counter =           55
 writing mean record for hc700m; rec. count =           55
 tflux_unod: current mean I/O counter =           55
 writing mean record for tflux_unod; rec. count =           55
 tflux_w: current mean I/O counter =           55
 writing mean record for tflux_w; rec. count =           55
 curl_u: current mean I/O counter =           56
 writing mean record for curl_u; rec. count =           56
 rosb: current mean I/O counter =           56
 writing mean record for rosb; rec. count =           56
 N2: current mean I/O counter =           56
 writing mean record for N2; rec. count =           56
 slope_y: current mean I/O counter =           56
 writing mean record for slope_y; rec. count =           56
 unod: current mean I/O counter =           56
 writing mean record for unod; rec. count =           56
 u: current mean I/O counter =           56
 writing mean record for u; rec. count =           56
 sst: current mean I/O counter =           56
 writing mean record for sst; rec. count =           56
 hc300m: current mean I/O counter =           56
 writing mean record for hc300m; rec. count =           56
 hc: current mean I/O counter =           56
 writing mean record for hc; rec. count =           56
 tflux_vnod: current mean I/O counter =           56
 writing mean record for tflux_vnod; rec. count =           56
 slope_x: current mean I/O counter =           56
 writing mean record for slope_x; rec. count =           56
 temp: current mean I/O counter =           56
 writing mean record for temp; rec. count =           56
 vnod: current mean I/O counter =           56
 writing mean record for vnod; rec. count =           56
 v: current mean I/O counter =           56
 writing mean record for v; rec. count =           56
 ssh: current mean I/O counter =           56
 writing mean record for ssh; rec. count =           56
 hc700m: current mean I/O counter =           56
 writing mean record for hc700m; rec. count =           56
 tflux_unod: current mean I/O counter =           56
 writing mean record for tflux_unod; rec. count =           56
 tflux_w: current mean I/O counter =           56
 writing mean record for tflux_w; rec. count =           56
 curl_u: current mean I/O counter =           57
 writing mean record for curl_u; rec. count =           57
 slope_y: current mean I/O counter =           57
 writing mean record for slope_y; rec. count =           57
 N2: current mean I/O counter =           57
 writing mean record for N2; rec. count =           57
 u: current mean I/O counter =           57
 writing mean record for u; rec. count =           57
 sst: current mean I/O counter =           57
 writing mean record for sst; rec. count =           57
 rosb: current mean I/O counter =           57
 writing mean record for rosb; rec. count =           57
 unod: current mean I/O counter =           57
 writing mean record for unod; rec. count =           57
 hc300m: current mean I/O counter =           57
 writing mean record for hc300m; rec. count =           57
 tflux_vnod: current mean I/O counter =           57
 writing mean record for tflux_vnod; rec. count =           57
 temp: current mean I/O counter =           57
 writing mean record for temp; rec. count =           57
 slope_x: current mean I/O counter =           57
 writing mean record for slope_x; rec. count =           57
 vnod: current mean I/O counter =           57
 writing mean record for vnod; rec. count =           57
 v: current mean I/O counter =           57
 writing mean record for v; rec. count =           57
 ssh: current mean I/O counter =           57
 writing mean record for ssh; rec. count =           57
 hc700m: current mean I/O counter =           57
 writing mean record for hc700m; rec. count =           57
 hc: current mean I/O counter =           57
 writing mean record for hc; rec. count =           57
 tflux_unod: current mean I/O counter =           57
 writing mean record for tflux_unod; rec. count =           57
 tflux_w: current mean I/O counter =           57
 writing mean record for tflux_w; rec. count =           57
 curl_u: current mean I/O counter =           58
 writing mean record for curl_u; rec. count =           58
 rosb: current mean I/O counter =           58
 writing mean record for rosb; rec. count =           58
 N2: current mean I/O counter =           58
 writing mean record for N2; rec. count =           58
 slope_y: current mean I/O counter =           58
 writing mean record for slope_y; rec. count =           58
 u: current mean I/O counter =           58
 writing mean record for u; rec. count =           58
 hc300m: current mean I/O counter =           58
 writing mean record for hc300m; rec. count =           58
 unod: current mean I/O counter =           58
 writing mean record for unod; rec. count =           58
 sst: current mean I/O counter =           58
 writing mean record for sst; rec. count =           58
 tflux_vnod: current mean I/O counter =           58
 writing mean record for tflux_vnod; rec. count =           58
 hc: current mean I/O counter =           58
 writing mean record for hc; rec. count =           58
 slope_x: current mean I/O counter =           58
 writing mean record for slope_x; rec. count =           58
 temp: current mean I/O counter =           58
 writing mean record for temp; rec. count =           58
 ssh: current mean I/O counter =           58
 writing mean record for ssh; rec. count =           58
 v: current mean I/O counter =           58
 writing mean record for v; rec. count =           58
 vnod: current mean I/O counter =           58
 writing mean record for vnod; rec. count =           58
 tflux_w: current mean I/O counter =           58
 writing mean record for tflux_w; rec. count =           58
 hc700m: current mean I/O counter =           58
 writing mean record for hc700m; rec. count =           58
 tflux_unod: current mean I/O counter =           58
 writing mean record for tflux_unod; rec. count =           58
 curl_u: current mean I/O counter =           59
 writing mean record for curl_u; rec. count =           59
 rosb: current mean I/O counter =           59
 writing mean record for rosb; rec. count =           59
 N2: current mean I/O counter =           59
 writing mean record for N2; rec. count =           59
 slope_y: current mean I/O counter =           59
 writing mean record for slope_y; rec. count =           59
 unod: current mean I/O counter =           59
 writing mean record for unod; rec. count =           59
 u: current mean I/O counter =           59
 writing mean record for u; rec. count =           59
 sst: current mean I/O counter =           59
 writing mean record for sst; rec. count =           59
 hc300m: current mean I/O counter =           59
 writing mean record for hc300m; rec. count =           59
 vnod: current mean I/O counter =           59
 writing mean record for vnod; rec. count =           59
 temp: current mean I/O counter =           59
 writing mean record for temp; rec. count =           59
 slope_x: current mean I/O counter =           59
 writing mean record for slope_x; rec. count =           59
 v: current mean I/O counter =           59
 writing mean record for v; rec. count =           59
 hc700m: current mean I/O counter =           59
 writing mean record for hc700m; rec. count =           59
 ssh: current mean I/O counter =           59
 writing mean record for ssh; rec. count =           59
 hc: current mean I/O counter =           59
 writing mean record for hc; rec. count =           59
 tflux_unod: current mean I/O counter =           59
 writing mean record for tflux_unod; rec. count =           59
 tflux_vnod: current mean I/O counter =           59
 writing mean record for tflux_vnod; rec. count =           59
 tflux_w: current mean I/O counter =           59
 writing mean record for tflux_w; rec. count =           59
 curl_u: current mean I/O counter =           60
 writing mean record for curl_u; rec. count =           60
 N2: current mean I/O counter =           60
 writing mean record for N2; rec. count =           60
 slope_y: current mean I/O counter =           60
 writing mean record for slope_y; rec. count =           60
 unod: current mean I/O counter =           60
 writing mean record for unod; rec. count =           60
 rosb: current mean I/O counter =           60
 writing mean record for rosb; rec. count =           60
 u: current mean I/O counter =           60
 writing mean record for u; rec. count =           60
 sst: current mean I/O counter =           60
 writing mean record for sst; rec. count =           60
 hc300m: current mean I/O counter =           60
 writing mean record for hc300m; rec. count =           60
 hc: current mean I/O counter =           60
 writing mean record for hc; rec. count =           60
 tflux_vnod: current mean I/O counter =           60
 writing mean record for tflux_vnod; rec. count =           60
 slope_x: current mean I/O counter =           60
 writing mean record for slope_x; rec. count =           60
 vnod: current mean I/O counter =           60
 writing mean record for vnod; rec. count =           60
 temp: current mean I/O counter =           60
 writing mean record for temp; rec. count =           60
 v: current mean I/O counter =           60
 writing mean record for v; rec. count =           60
 ssh: current mean I/O counter =           60
 writing mean record for ssh; rec. count =           60
 tflux_w: current mean I/O counter =           60
 writing mean record for tflux_w; rec. count =           60
 hc700m: current mean I/O counter =           60
 writing mean record for hc700m; rec. count =           60
 tflux_unod: current mean I/O counter =           60
 writing mean record for tflux_unod; rec. count =           60
 curl_u: current mean I/O counter =           61
 writing mean record for curl_u; rec. count =           61
 rosb: current mean I/O counter =           61
 writing mean record for rosb; rec. count =           61
 N2: current mean I/O counter =           61
 writing mean record for N2; rec. count =           61
 slope_y: current mean I/O counter =           61
 writing mean record for slope_y; rec. count =           61
 unod: current mean I/O counter =           61
 writing mean record for unod; rec. count =           61
 u: current mean I/O counter =           61
 writing mean record for u; rec. count =           61
 v: current mean I/O counter =           61
 writing mean record for v; rec. count =           61
 sst: current mean I/O counter =           61
 writing mean record for sst; rec. count =           61
 hc300m: current mean I/O counter =           61
 writing mean record for hc300m; rec. count =           61
 hc: current mean I/O counter =           61
 writing mean record for hc; rec. count =           61
 tflux_vnod: current mean I/O counter =           61
 writing mean record for tflux_vnod; rec. count =           61
 slope_x: current mean I/O counter =           61
 writing mean record for slope_x; rec. count =           61
 vnod: current mean I/O counter =           61
 writing mean record for vnod; rec. count =           61
 temp: current mean I/O counter =           61
 writing mean record for temp; rec. count =           61
 hc700m: current mean I/O counter =           61
 writing mean record for hc700m; rec. count =           61
 ssh: current mean I/O counter =           61
 writing mean record for ssh; rec. count =           61
 tflux_w: current mean I/O counter =           61
 writing mean record for tflux_w; rec. count =           61
 tflux_unod: current mean I/O counter =           61
 writing mean record for tflux_unod; rec. count =           61
 curl_u: current mean I/O counter =           62
 writing mean record for curl_u; rec. count =           62
 rosb: current mean I/O counter =           62
 writing mean record for rosb; rec. count =           62
 N2: current mean I/O counter =           62
 writing mean record for N2; rec. count =           62
 slope_y: current mean I/O counter =           62
 writing mean record for slope_y; rec. count =           62
 u: current mean I/O counter =           62
 writing mean record for u; rec. count =           62
 hc300m: current mean I/O counter =           62
 writing mean record for hc300m; rec. count =           62
 unod: current mean I/O counter =           62
 writing mean record for unod; rec. count =           62
 sst: current mean I/O counter =           62
 writing mean record for sst; rec. count =           62
 hc: current mean I/O counter =           62
 writing mean record for hc; rec. count =           62
 tflux_vnod: current mean I/O counter =           62
 writing mean record for tflux_vnod; rec. count =           62
 slope_x: current mean I/O counter =           62
 writing mean record for slope_x; rec. count =           62
 temp: current mean I/O counter =           62
 writing mean record for temp; rec. count =           62
 vnod: current mean I/O counter =           62
 writing mean record for vnod; rec. count =           62
 v: current mean I/O counter =           62
 writing mean record for v; rec. count =           62
 ssh: current mean I/O counter =           62
 writing mean record for ssh; rec. count =           62
 hc700m: current mean I/O counter =           62
 writing mean record for hc700m; rec. count =           62
 tflux_unod: current mean I/O counter =           62
 writing mean record for tflux_unod; rec. count =           62
 tflux_w: current mean I/O counter =           62
 writing mean record for tflux_w; rec. count =           62
 curl_u: current mean I/O counter =           63
 writing mean record for curl_u; rec. count =           63
 N2: current mean I/O counter =           63
 writing mean record for N2; rec. count =           63
 slope_y: current mean I/O counter =           63
 writing mean record for slope_y; rec. count =           63
 rosb: current mean I/O counter =           63
 writing mean record for rosb; rec. count =           63
 temp: current mean I/O counter =           63
 writing mean record for temp; rec. count =           63
 unod: current mean I/O counter =           63
 writing mean record for unod; rec. count =           63
 u: current mean I/O counter =           63
 writing mean record for u; rec. count =           63
 sst: current mean I/O counter =           63
 writing mean record for sst; rec. count =           63
 hc300m: current mean I/O counter =           63
 writing mean record for hc300m; rec. count =           63
 hc: current mean I/O counter =           63
 writing mean record for hc; rec. count =           63
 tflux_vnod: current mean I/O counter =           63
 writing mean record for tflux_vnod; rec. count =           63
 slope_x: current mean I/O counter =           63
 writing mean record for slope_x; rec. count =           63
 vnod: current mean I/O counter =           63
 writing mean record for vnod; rec. count =           63
 v: current mean I/O counter =           63
 writing mean record for v; rec. count =           63
 ssh: current mean I/O counter =           63
 writing mean record for ssh; rec. count =           63
 hc700m: current mean I/O counter =           63
 writing mean record for hc700m; rec. count =           63
 tflux_unod: current mean I/O counter =           63
 writing mean record for tflux_unod; rec. count =           63
 tflux_w: current mean I/O counter =           63
 writing mean record for tflux_w; rec. count =           63
 curl_u: current mean I/O counter =           64
 writing mean record for curl_u; rec. count =           64
 rosb: current mean I/O counter =           64
 writing mean record for rosb; rec. count =           64
 N2: current mean I/O counter =           64
 writing mean record for N2; rec. count =           64
 slope_y: current mean I/O counter =           64
 writing mean record for slope_y; rec. count =           64
 u: current mean I/O counter =           64
 writing mean record for u; rec. count =           64
 sst: current mean I/O counter =           64
 writing mean record for sst; rec. count =           64
 hc300m: current mean I/O counter =           64
 writing mean record for hc300m; rec. count =           64
 unod: current mean I/O counter =           64
 writing mean record for unod; rec. count =           64
 hc: current mean I/O counter =           64
 writing mean record for hc; rec. count =           64
 tflux_vnod: current mean I/O counter =           64
 writing mean record for tflux_vnod; rec. count =           64
 slope_x: current mean I/O counter =           64
 writing mean record for slope_x; rec. count =           64
 temp: current mean I/O counter =           64
 writing mean record for temp; rec. count =           64
 vnod: current mean I/O counter =           64
 writing mean record for vnod; rec. count =           64
 v: current mean I/O counter =           64
 writing mean record for v; rec. count =           64
 ssh: current mean I/O counter =           64
 writing mean record for ssh; rec. count =           64
 hc700m: current mean I/O counter =           64
 writing mean record for hc700m; rec. count =           64
 tflux_unod: current mean I/O counter =           64
 writing mean record for tflux_unod; rec. count =           64
 tflux_w: current mean I/O counter =           64
 writing mean record for tflux_w; rec. count =           64
 curl_u: current mean I/O counter =           65
 writing mean record for curl_u; rec. count =           65
 N2: current mean I/O counter =           65
 writing mean record for N2; rec. count =           65
 slope_y: current mean I/O counter =           65
 writing mean record for slope_y; rec. count =           65
 rosb: current mean I/O counter =           65
 writing mean record for rosb; rec. count =           65
 unod: current mean I/O counter =           65
 writing mean record for unod; rec. count =           65
 u: current mean I/O counter =           65
 writing mean record for u; rec. count =           65
 hc300m: current mean I/O counter =           65
 writing mean record for hc300m; rec. count =           65
 hc: current mean I/O counter =           65
 writing mean record for hc; rec. count =           65
 tflux_vnod: current mean I/O counter =           65
 writing mean record for tflux_vnod; rec. count =           65
 slope_x: current mean I/O counter =           65
 writing mean record for slope_x; rec. count =           65
 v: current mean I/O counter =           65
 writing mean record for v; rec. count =           65
 sst: current mean I/O counter =           65
 writing mean record for sst; rec. count =           65
 temp: current mean I/O counter =           65
 writing mean record for temp; rec. count =           65
 vnod: current mean I/O counter =           65
 writing mean record for vnod; rec. count =           65
 ssh: current mean I/O counter =           65
 writing mean record for ssh; rec. count =           65
 hc700m: current mean I/O counter =           65
 writing mean record for hc700m; rec. count =           65
 tflux_unod: current mean I/O counter =           65
 writing mean record for tflux_unod; rec. count =           65
 tflux_w: current mean I/O counter =           65
 writing mean record for tflux_w; rec. count =           65
 curl_u: current mean I/O counter =           66
 writing mean record for curl_u; rec. count =           66
 N2: current mean I/O counter =           66
 writing mean record for N2; rec. count =           66
 slope_y: current mean I/O counter =           66
 writing mean record for slope_y; rec. count =           66
 unod: current mean I/O counter =           66
 writing mean record for unod; rec. count =           66
 u: current mean I/O counter =           66
 writing mean record for u; rec. count =           66
 hc300m: current mean I/O counter =           66
 writing mean record for hc300m; rec. count =           66
 sst: current mean I/O counter =           66
 writing mean record for sst; rec. count =           66
 rosb: current mean I/O counter =           66
 writing mean record for rosb; rec. count =           66
 temp: current mean I/O counter =           66
 writing mean record for temp; rec. count =           66
 hc: current mean I/O counter =           66
 writing mean record for hc; rec. count =           66
 tflux_vnod: current mean I/O counter =           66
 writing mean record for tflux_vnod; rec. count =           66
 vnod: current mean I/O counter =           66
 writing mean record for vnod; rec. count =           66
 tflux_unod: current mean I/O counter =           66
 writing mean record for tflux_unod; rec. count =           66
 ssh: current mean I/O counter =           66
 writing mean record for ssh; rec. count =           66
 slope_x: current mean I/O counter =           66
 writing mean record for slope_x; rec. count =           66
 tflux_w: current mean I/O counter =           66
 writing mean record for tflux_w; rec. count =           66
 v: current mean I/O counter =           66
 writing mean record for v; rec. count =           66
 hc700m: current mean I/O counter =           66
 writing mean record for hc700m; rec. count =           66
 curl_u: current mean I/O counter =           67
 writing mean record for curl_u; rec. count =           67
 rosb: current mean I/O counter =           67
 writing mean record for rosb; rec. count =           67
 N2: current mean I/O counter =           67
 writing mean record for N2; rec. count =           67
 slope_y: current mean I/O counter =           67
 writing mean record for slope_y; rec. count =           67
 unod: current mean I/O counter =           67
 writing mean record for unod; rec. count =           67
 u: current mean I/O counter =           67
 writing mean record for u; rec. count =           67
 sst: current mean I/O counter =           67
 writing mean record for sst; rec. count =           67
 hc300m: current mean I/O counter =           67
 writing mean record for hc300m; rec. count =           67
 hc: current mean I/O counter =           67
 writing mean record for hc; rec. count =           67
 vnod: current mean I/O counter =           67
 writing mean record for vnod; rec. count =           67
 slope_x: current mean I/O counter =           67
 writing mean record for slope_x; rec. count =           67
 ssh: current mean I/O counter =           67
 writing mean record for ssh; rec. count =           67
 tflux_vnod: current mean I/O counter =           67
 writing mean record for tflux_vnod; rec. count =           67
 temp: current mean I/O counter =           67
 writing mean record for temp; rec. count =           67
 v: current mean I/O counter =           67
 writing mean record for v; rec. count =           67
 hc700m: current mean I/O counter =           67
 writing mean record for hc700m; rec. count =           67
 tflux_w: current mean I/O counter =           67
 writing mean record for tflux_w; rec. count =           67
 tflux_unod: current mean I/O counter =           67
 writing mean record for tflux_unod; rec. count =           67
 curl_u: current mean I/O counter =           68
 writing mean record for curl_u; rec. count =           68
 N2: current mean I/O counter =           68
 writing mean record for N2; rec. count =           68
 slope_y: current mean I/O counter =           68
 writing mean record for slope_y; rec. count =           68
 rosb: current mean I/O counter =           68
 writing mean record for rosb; rec. count =           68
 unod: current mean I/O counter =           68
 writing mean record for unod; rec. count =           68
 u: current mean I/O counter =           68
 writing mean record for u; rec. count =           68
 sst: current mean I/O counter =           68
 writing mean record for sst; rec. count =           68
 hc300m: current mean I/O counter =           68
 writing mean record for hc300m; rec. count =           68
 tflux_vnod: current mean I/O counter =           68
 writing mean record for tflux_vnod; rec. count =           68
 hc: current mean I/O counter =           68
 writing mean record for hc; rec. count =           68
 slope_x: current mean I/O counter =           68
 writing mean record for slope_x; rec. count =           68
 temp: current mean I/O counter =           68
 writing mean record for temp; rec. count =           68
 vnod: current mean I/O counter =           68
 writing mean record for vnod; rec. count =           68
 v: current mean I/O counter =           68
 writing mean record for v; rec. count =           68
 ssh: current mean I/O counter =           68
 writing mean record for ssh; rec. count =           68
 hc700m: current mean I/O counter =           68
 writing mean record for hc700m; rec. count =           68
 tflux_unod: current mean I/O counter =           68
 writing mean record for tflux_unod; rec. count =           68
 tflux_w: current mean I/O counter =           68
 writing mean record for tflux_w; rec. count =           68
 curl_u: current mean I/O counter =           69
 writing mean record for curl_u; rec. count =           69
 N2: current mean I/O counter =           69
 writing mean record for N2; rec. count =           69
 slope_y: current mean I/O counter =           69
 writing mean record for slope_y; rec. count =           69
 rosb: current mean I/O counter =           69
 writing mean record for rosb; rec. count =           69
 unod: current mean I/O counter =           69
 writing mean record for unod; rec. count =           69
 u: current mean I/O counter =           69
 writing mean record for u; rec. count =           69
 sst: current mean I/O counter =           69
 writing mean record for sst; rec. count =           69
 hc: current mean I/O counter =           69
 writing mean record for hc; rec. count =           69
 tflux_vnod: current mean I/O counter =           69
 writing mean record for tflux_vnod; rec. count =           69
 hc300m: current mean I/O counter =           69
 writing mean record for hc300m; rec. count =           69
 slope_x: current mean I/O counter =           69
 writing mean record for slope_x; rec. count =           69
 temp: current mean I/O counter =           69
 writing mean record for temp; rec. count =           69
 vnod: current mean I/O counter =           69
 writing mean record for vnod; rec. count =           69
 v: current mean I/O counter =           69
 writing mean record for v; rec. count =           69
 ssh: current mean I/O counter =           69
 writing mean record for ssh; rec. count =           69
 hc700m: current mean I/O counter =           69
 writing mean record for hc700m; rec. count =           69
 tflux_unod: current mean I/O counter =           69
 writing mean record for tflux_unod; rec. count =           69
 tflux_w: current mean I/O counter =           69
 writing mean record for tflux_w; rec. count =           69
 curl_u: current mean I/O counter =           70
 writing mean record for curl_u; rec. count =           70
 rosb: current mean I/O counter =           70
 writing mean record for rosb; rec. count =           70
 N2: current mean I/O counter =           70
 writing mean record for N2; rec. count =           70
 slope_y: current mean I/O counter =           70
 writing mean record for slope_y; rec. count =           70
 unod: current mean I/O counter =           70
 writing mean record for unod; rec. count =           70
 u: current mean I/O counter =           70
 writing mean record for u; rec. count =           70
 sst: current mean I/O counter =           70
 writing mean record for sst; rec. count =           70
 hc300m: current mean I/O counter =           70
 writing mean record for hc300m; rec. count =           70
 hc: current mean I/O counter =           70
 writing mean record for hc; rec. count =           70
 tflux_vnod: current mean I/O counter =           70
 writing mean record for tflux_vnod; rec. count =           70
 slope_x: current mean I/O counter =           70
 writing mean record for slope_x; rec. count =           70
 temp: current mean I/O counter =           70
 writing mean record for temp; rec. count =           70
 vnod: current mean I/O counter =           70
 writing mean record for vnod; rec. count =           70
 v: current mean I/O counter =           70
 writing mean record for v; rec. count =           70
 hc700m: current mean I/O counter =           70
 writing mean record for hc700m; rec. count =           70
 ssh: current mean I/O counter =           70
 writing mean record for ssh; rec. count =           70
 tflux_unod: current mean I/O counter =           70
 writing mean record for tflux_unod; rec. count =           70
 tflux_w: current mean I/O counter =           70
 writing mean record for tflux_w; rec. count =           70
 curl_u: current mean I/O counter =           71
 writing mean record for curl_u; rec. count =           71
 rosb: current mean I/O counter =           71
 writing mean record for rosb; rec. count =           71
 N2: current mean I/O counter =           71
 writing mean record for N2; rec. count =           71
 slope_y: current mean I/O counter =           71
 writing mean record for slope_y; rec. count =           71
 u: current mean I/O counter =           71
 writing mean record for u; rec. count =           71
 hc300m: current mean I/O counter =           71
 writing mean record for hc300m; rec. count =           71
 unod: current mean I/O counter =           71
 writing mean record for unod; rec. count =           71
 sst: current mean I/O counter =           71
 writing mean record for sst; rec. count =           71
 FESOM =======================================================
 FESOM step:          72  day:           1  year:        2008
 
 tflux_vnod: current mean I/O counter =           71
 writing mean record for tflux_vnod; rec. count =           71
 hc: current mean I/O counter =           71
 writing mean record for hc; rec. count =           71
 slope_x: current mean I/O counter =           71
 writing mean record for slope_x; rec. count =           71
 temp: current mean I/O counter =           71
 writing mean record for temp; rec. count =           71
 vnod: current mean I/O counter =           71
 writing mean record for vnod; rec. count =           71
 v: current mean I/O counter =           71
 writing mean record for v; rec. count =           71
 ssh: current mean I/O counter =           71
 writing mean record for ssh; rec. count =           71
 hc700m: current mean I/O counter =           71
 writing mean record for hc700m; rec. count =           71
 tflux_unod: current mean I/O counter =           71
 writing mean record for tflux_unod; rec. count =           71
 tflux_w: current mean I/O counter =           71
 writing mean record for tflux_w; rec. count =           71
 ___CHECK GLOBAL OCEAN VARIABLES --> mstep=          72
   ___global estimat of eta & hbar____________________
    int(eta), int(hbar)      = -5.354214922220900E-002 -5.354214922220900E-002
     --> error(eta-hbar)     =  0.000000000000000E+000
    min(eta) , max(eta)      = -0.586483625565437       0.650209323834885     
    max(hbar), max(hbar)     = -0.586483625565437       0.650209323834885     
 
    int(deta), int(dhbar)    =  0.000000000000000E+000 -2.982661383588578E-004
     --> error(deta-dhbar)   =  2.982661383588578E-004
     --> error(deta-wflux)   =  0.000000000000000E+000
     --> error(dhbar-wflux)  = -2.982661383588578E-004
 
    -int(wflux)*dt          =  0.000000000000000E+000
    int(deta )-int(wflux)*dt =  0.000000000000000E+000
    int(dhbar)-int(wflux)*dt = -2.982661383588578E-004
 
   ___global min/max/mean  --> mstep=          72 ____________
       eta= -5.865E-01 |  6.502E-01 | N.A.
      deta= -2.153E-03 |  2.707E-03 | N.A.
      hbar= -5.865E-01 |  6.502E-01 | N.A.
     wflux=  0.000E+00 |  0.000E+00 |  0.000E+00
     hflux=  7.203E+01 |  1.159E+02 |  0.000E+00
      temp=  2.850E+00 |  2.390E+01 |  0.000E+00
      salt=  3.500E+01 |  3.500E+01 |  0.000E+00
    wvel(1,:)= -3.588E-06 |  4.512E-06 | N.A.
    wvel(2,:)= -1.923E-05 |  1.737E-05 | N.A.
    uvel(1,:)= -3.846E-01 |  3.855E-01 | N.A.
    uvel(2,:)= -3.796E-01 |  3.804E-01 | N.A.
    vvel(1,:)= -2.377E-01 |  3.563E-01 | N.A.
    vvel(2,:)= -2.068E-01 |  3.562E-01 | N.A.
   hnode(1,:)=  9.038E+00 |  9.038E+00 | N.A.
   hnode(2,:)=  9.941E+00 |  9.941E+00 | N.A.
     cfl_z=  N.A.      |  6.975E-03 | N.A.
     pgf_x=  N.A.      |  3.458E-05 | N.A.
     pgf_y=  N.A.      |  4.182E-05 | N.A.
          Av=  N.A.      |  1.000E-01 | N.A.
          Kv=  N.A.      |  1.000E-01 | N.A.
 ___ALE OCEAN STEP EXECUTION TIMES______________________
     Oce. Mix,Press.. : 7.725E-02
     Oce. Dynamics    : 1.123E-04
     Oce. Update Vel. : 2.138E-05
     Oce. Fer-GM.     : 4.000E-08
     _______________________________
     ALE-Solve SSH    : 2.805E-04
     ALE-Calc. hbar   : 9.280E-06
     ALE-Update+W     : 3.029E-05
     ALE-Solve Tracer : 6.336E-02
     ALE-Update hnode : 1.101E-05
     _______________________________
     check for blowup : 1.898E-03
     _______________________________
     Oce. TOTAL       : 1.430E-01
 
 
 curl_u: current mean I/O counter =           72
 writing mean record for curl_u; rec. count =           72
 rosb: current mean I/O counter =           72
 writing mean record for rosb; rec. count =           72
 N2: current mean I/O counter =           72
 writing mean record for N2; rec. count =           72
 slope_x: current mean I/O counter =           72
 writing mean record for slope_x; rec. count =           72
 slope_y: current mean I/O counter =           72
 writing mean record for slope_y; rec. count =           72
 temp: current mean I/O counter =           72
 writing mean record for temp; rec. count =           72
 unod: current mean I/O counter =           72
 writing mean record for unod; rec. count =           72
 vnod: current mean I/O counter =           72
 writing mean record for vnod; rec. count =           72
 u: current mean I/O counter =           72
 writing mean record for u; rec. count =           72
 v: current mean I/O counter =           72
 writing mean record for v; rec. count =           72
 sst: current mean I/O counter =           72
 writing mean record for sst; rec. count =           72
 ssh: current mean I/O counter =           72
 writing mean record for ssh; rec. count =           72
 hc300m: current mean I/O counter =           72
 writing mean record for hc300m; rec. count =           72
 hc700m: current mean I/O counter =           72
 writing mean record for hc700m; rec. count =           72
 hc: current mean I/O counter =           72
 writing mean record for hc; rec. count =           72
 tflux_unod: current mean I/O counter =           72
 writing mean record for tflux_unod; rec. count =           72
 tflux_vnod: current mean I/O counter =           72
 writing mean record for tflux_vnod; rec. count =           72
 tflux_w: current mean I/O counter =           72
 writing mean record for tflux_w; rec. count =           72
 curl_u: current mean I/O counter =           73
 writing mean record for curl_u; rec. count =           73
 rosb: current mean I/O counter =           73
 writing mean record for rosb; rec. count =           73
 N2: current mean I/O counter =           73
 writing mean record for N2; rec. count =           73
 slope_y: current mean I/O counter =           73
 writing mean record for slope_y; rec. count =           73
 u: current mean I/O counter =           73
 writing mean record for u; rec. count =           73
 sst: current mean I/O counter =           73
 writing mean record for sst; rec. count =           73
 unod: current mean I/O counter =           73
 writing mean record for unod; rec. count =           73
 hc300m: current mean I/O counter =           73
 writing mean record for hc300m; rec. count =           73
 hc: current mean I/O counter =           73
 writing mean record for hc; rec. count =           73
 slope_x: current mean I/O counter =           73
 writing mean record for slope_x; rec. count =           73
 tflux_vnod: current mean I/O counter =           73
 writing mean record for tflux_vnod; rec. count =           73
 tflux_unod: current mean I/O counter =           73
 writing mean record for tflux_unod; rec. count =           73
 temp: current mean I/O counter =           73
 writing mean record for temp; rec. count =           73
 vnod: current mean I/O counter =           73
 writing mean record for vnod; rec. count =           73
 v: current mean I/O counter =           73
 writing mean record for v; rec. count =           73
 ssh: current mean I/O counter =           73
 writing mean record for ssh; rec. count =           73
 hc700m: current mean I/O counter =           73
 writing mean record for hc700m; rec. count =           73
 tflux_w: current mean I/O counter =           73
 writing mean record for tflux_w; rec. count =           73
 curl_u: current mean I/O counter =           74
 writing mean record for curl_u; rec. count =           74
 rosb: current mean I/O counter =           74
 writing mean record for rosb; rec. count =           74
 N2: current mean I/O counter =           74
 writing mean record for N2; rec. count =           74
 slope_y: current mean I/O counter =           74
 writing mean record for slope_y; rec. count =           74
 u: current mean I/O counter =           74
 writing mean record for u; rec. count =           74
 sst: current mean I/O counter =           74
 writing mean record for sst; rec. count =           74
 hc300m: current mean I/O counter =           74
 writing mean record for hc300m; rec. count =           74
 hc: current mean I/O counter =           74
 writing mean record for hc; rec. count =           74
 tflux_vnod: current mean I/O counter =           74
 writing mean record for tflux_vnod; rec. count =           74
 slope_x: current mean I/O counter =           74
 writing mean record for slope_x; rec. count =           74
 vnod: current mean I/O counter =           74
 writing mean record for vnod; rec. count =           74
 temp: current mean I/O counter =           74
 writing mean record for temp; rec. count =           74
 unod: current mean I/O counter =           74
 writing mean record for unod; rec. count =           74
 v: current mean I/O counter =           74
 writing mean record for v; rec. count =           74
 ssh: current mean I/O counter =           74
 writing mean record for ssh; rec. count =           74
 hc700m: current mean I/O counter =           74
 writing mean record for hc700m; rec. count =           74
 tflux_unod: current mean I/O counter =           74
 writing mean record for tflux_unod; rec. count =           74
 tflux_w: current mean I/O counter =           74
 writing mean record for tflux_w; rec. count =           74
 curl_u: current mean I/O counter =           75
 writing mean record for curl_u; rec. count =           75
 rosb: current mean I/O counter =           75
 writing mean record for rosb; rec. count =           75
 N2: current mean I/O counter =           75
 writing mean record for N2; rec. count =           75
 slope_y: current mean I/O counter =           75
 writing mean record for slope_y; rec. count =           75
 u: current mean I/O counter =           75
 writing mean record for u; rec. count =           75
 sst: current mean I/O counter =           75
 writing mean record for sst; rec. count =           75
 unod: current mean I/O counter =           75
 writing mean record for unod; rec. count =           75
 hc300m: current mean I/O counter =           75
 writing mean record for hc300m; rec. count =           75
 hc: current mean I/O counter =           75
 writing mean record for hc; rec. count =           75
 temp: current mean I/O counter =           75
 writing mean record for temp; rec. count =           75
 slope_x: current mean I/O counter =           75
 writing mean record for slope_x; rec. count =           75
 vnod: current mean I/O counter =           75
 writing mean record for vnod; rec. count =           75
 tflux_vnod: current mean I/O counter =           75
 writing mean record for tflux_vnod; rec. count =           75
 v: current mean I/O counter =           75
 writing mean record for v; rec. count =           75
 ssh: current mean I/O counter =           75
 writing mean record for ssh; rec. count =           75
 hc700m: current mean I/O counter =           75
 writing mean record for hc700m; rec. count =           75
 tflux_unod: current mean I/O counter =           75
 writing mean record for tflux_unod; rec. count =           75
 tflux_w: current mean I/O counter =           75
 writing mean record for tflux_w; rec. count =           75
 curl_u: current mean I/O counter =           76
 writing mean record for curl_u; rec. count =           76
 N2: current mean I/O counter =           76
 writing mean record for N2; rec. count =           76
 slope_y: current mean I/O counter =           76
 writing mean record for slope_y; rec. count =           76
 u: current mean I/O counter =           76
 writing mean record for u; rec. count =           76
 rosb: current mean I/O counter =           76
 writing mean record for rosb; rec. count =           76
 sst: current mean I/O counter =           76
 writing mean record for sst; rec. count =           76
 hc300m: current mean I/O counter =           76
 writing mean record for hc300m; rec. count =           76
 unod: current mean I/O counter =           76
 writing mean record for unod; rec. count =           76
 hc: current mean I/O counter =           76
 writing mean record for hc; rec. count =           76
 tflux_vnod: current mean I/O counter =           76
 writing mean record for tflux_vnod; rec. count =           76
 slope_x: current mean I/O counter =           76
 writing mean record for slope_x; rec. count =           76
 temp: current mean I/O counter =           76
 writing mean record for temp; rec. count =           76
 vnod: current mean I/O counter =           76
 writing mean record for vnod; rec. count =           76
 v: current mean I/O counter =           76
 writing mean record for v; rec. count =           76
 ssh: current mean I/O counter =           76
 writing mean record for ssh; rec. count =           76
 hc700m: current mean I/O counter =           76
 writing mean record for hc700m; rec. count =           76
 tflux_unod: current mean I/O counter =           76
 writing mean record for tflux_unod; rec. count =           76
 tflux_w: current mean I/O counter =           76
 writing mean record for tflux_w; rec. count =           76
 curl_u: current mean I/O counter =           77
 writing mean record for curl_u; rec. count =           77
 rosb: current mean I/O counter =           77
 writing mean record for rosb; rec. count =           77
 N2: current mean I/O counter =           77
 writing mean record for N2; rec. count =           77
 slope_y: current mean I/O counter =           77
 writing mean record for slope_y; rec. count =           77
 unod: current mean I/O counter =           77
 writing mean record for unod; rec. count =           77
 u: current mean I/O counter =           77
 writing mean record for u; rec. count =           77
 hc300m: current mean I/O counter =           77
 writing mean record for hc300m; rec. count =           77
 sst: current mean I/O counter =           77
 writing mean record for sst; rec. count =           77
 temp: current mean I/O counter =           77
 writing mean record for temp; rec. count =           77
 hc: current mean I/O counter =           77
 writing mean record for hc; rec. count =           77
 tflux_vnod: current mean I/O counter =           77
 writing mean record for tflux_vnod; rec. count =           77
 slope_x: current mean I/O counter =           77
 writing mean record for slope_x; rec. count =           77
 vnod: current mean I/O counter =           77
 writing mean record for vnod; rec. count =           77
 v: current mean I/O counter =           77
 writing mean record for v; rec. count =           77
 ssh: current mean I/O counter =           77
 writing mean record for ssh; rec. count =           77
 hc700m: current mean I/O counter =           77
 writing mean record for hc700m; rec. count =           77
 tflux_unod: current mean I/O counter =           77
 writing mean record for tflux_unod; rec. count =           77
 tflux_w: current mean I/O counter =           77
 writing mean record for tflux_w; rec. count =           77
 curl_u: current mean I/O counter =           78
 writing mean record for curl_u; rec. count =           78
 rosb: current mean I/O counter =           78
 writing mean record for rosb; rec. count =           78
 N2: current mean I/O counter =           78
 writing mean record for N2; rec. count =           78
 slope_y: current mean I/O counter =           78
 writing mean record for slope_y; rec. count =           78
 unod: current mean I/O counter =           78
 writing mean record for unod; rec. count =           78
 u: current mean I/O counter =           78
 writing mean record for u; rec. count =           78
 sst: current mean I/O counter =           78
 writing mean record for sst; rec. count =           78
 hc300m: current mean I/O counter =           78
 writing mean record for hc300m; rec. count =           78
 hc: current mean I/O counter =           78
 writing mean record for hc; rec. count =           78
 tflux_vnod: current mean I/O counter =           78
 writing mean record for tflux_vnod; rec. count =           78
 slope_x: current mean I/O counter =           78
 writing mean record for slope_x; rec. count =           78
 temp: current mean I/O counter =           78
 writing mean record for temp; rec. count =           78
 vnod: current mean I/O counter =           78
 writing mean record for vnod; rec. count =           78
 v: current mean I/O counter =           78
 writing mean record for v; rec. count =           78
 ssh: current mean I/O counter =           78
 writing mean record for ssh; rec. count =           78
 hc700m: current mean I/O counter =           78
 writing mean record for hc700m; rec. count =           78
 tflux_unod: current mean I/O counter =           78
 writing mean record for tflux_unod; rec. count =           78
 tflux_w: current mean I/O counter =           78
 writing mean record for tflux_w; rec. count =           78
 curl_u: current mean I/O counter =           79
 writing mean record for curl_u; rec. count =           79
 N2: current mean I/O counter =           79
 writing mean record for N2; rec. count =           79
 u: current mean I/O counter =           79
 writing mean record for u; rec. count =           79
 rosb: current mean I/O counter =           79
 writing mean record for rosb; rec. count =           79
 unod: current mean I/O counter =           79
 writing mean record for unod; rec. count =           79
 slope_y: current mean I/O counter =           79
 writing mean record for slope_y; rec. count =           79
 slope_x: current mean I/O counter =           79
 writing mean record for slope_x; rec. count =           79
 temp: current mean I/O counter =           79
 writing mean record for temp; rec. count =           79
 vnod: current mean I/O counter =           79
 writing mean record for vnod; rec. count =           79
 v: current mean I/O counter =           79
 writing mean record for v; rec. count =           79
 sst: current mean I/O counter =           79
 writing mean record for sst; rec. count =           79
 ssh: current mean I/O counter =           79
 writing mean record for ssh; rec. count =           79
 hc300m: current mean I/O counter =           79
 writing mean record for hc300m; rec. count =           79
 hc700m: current mean I/O counter =           79
 writing mean record for hc700m; rec. count =           79
 hc: current mean I/O counter =           79
 writing mean record for hc; rec. count =           79
 tflux_unod: current mean I/O counter =           79
 writing mean record for tflux_unod; rec. count =           79
 tflux_vnod: current mean I/O counter =           79
 writing mean record for tflux_vnod; rec. count =           79
 tflux_w: current mean I/O counter =           79
 writing mean record for tflux_w; rec. count =           79
 curl_u: current mean I/O counter =           80
 writing mean record for curl_u; rec. count =           80
 rosb: current mean I/O counter =           80
 writing mean record for rosb; rec. count =           80
 N2: current mean I/O counter =           80
 writing mean record for N2; rec. count =           80
 slope_y: current mean I/O counter =           80
 writing mean record for slope_y; rec. count =           80
 unod: current mean I/O counter =           80
 writing mean record for unod; rec. count =           80
 u: current mean I/O counter =           80
 writing mean record for u; rec. count =           80
 sst: current mean I/O counter =           80
 writing mean record for sst; rec. count =           80
 tflux_vnod: current mean I/O counter =           80
 writing mean record for tflux_vnod; rec. count =           80
 slope_x: current mean I/O counter =           80
 writing mean record for slope_x; rec. count =           80
 temp: current mean I/O counter =           80
 writing mean record for temp; rec. count =           80
 hc300m: current mean I/O counter =           80
 writing mean record for hc300m; rec. count =           80
 hc: current mean I/O counter =           80
 writing mean record for hc; rec. count =           80
 vnod: current mean I/O counter =           80
 writing mean record for vnod; rec. count =           80
 v: current mean I/O counter =           80
 writing mean record for v; rec. count =           80
 ssh: current mean I/O counter =           80
 writing mean record for ssh; rec. count =           80
 hc700m: current mean I/O counter =           80
 writing mean record for hc700m; rec. count =           80
 tflux_unod: current mean I/O counter =           80
 writing mean record for tflux_unod; rec. count =           80
 tflux_w: current mean I/O counter =           80
 writing mean record for tflux_w; rec. count =           80
 curl_u: current mean I/O counter =           81
 writing mean record for curl_u; rec. count =           81
 rosb: current mean I/O counter =           81
 writing mean record for rosb; rec. count =           81
 N2: current mean I/O counter =           81
 writing mean record for N2; rec. count =           81
 slope_y: current mean I/O counter =           81
 writing mean record for slope_y; rec. count =           81
 unod: current mean I/O counter =           81
 writing mean record for unod; rec. count =           81
 u: current mean I/O counter =           81
 writing mean record for u; rec. count =           81
 sst: current mean I/O counter =           81
 writing mean record for sst; rec. count =           81
 hc300m: current mean I/O counter =           81
 writing mean record for hc300m; rec. count =           81
 temp: current mean I/O counter =           81
 writing mean record for temp; rec. count =           81
 vnod: current mean I/O counter =           81
 writing mean record for vnod; rec. count =           81
 ssh: current mean I/O counter =           81
 writing mean record for ssh; rec. count =           81
 slope_x: current mean I/O counter =           81
 writing mean record for slope_x; rec. count =           81
 v: current mean I/O counter =           81
 writing mean record for v; rec. count =           81
 hc700m: current mean I/O counter =           81
 writing mean record for hc700m; rec. count =           81
 hc: current mean I/O counter =           81
 writing mean record for hc; rec. count =           81
 tflux_unod: current mean I/O counter =           81
 writing mean record for tflux_unod; rec. count =           81
 tflux_vnod: current mean I/O counter =           81
 writing mean record for tflux_vnod; rec. count =           81
 tflux_w: current mean I/O counter =           81
 writing mean record for tflux_w; rec. count =           81
 curl_u: current mean I/O counter =           82
 writing mean record for curl_u; rec. count =           82
 rosb: current mean I/O counter =           82
 writing mean record for rosb; rec. count =           82
 N2: current mean I/O counter =           82
 writing mean record for N2; rec. count =           82
 slope_y: current mean I/O counter =           82
 writing mean record for slope_y; rec. count =           82
 unod: current mean I/O counter =           82
 writing mean record for unod; rec. count =           82
 u: current mean I/O counter =           82
 writing mean record for u; rec. count =           82
 hc300m: current mean I/O counter =           82
 writing mean record for hc300m; rec. count =           82
 sst: current mean I/O counter =           82
 writing mean record for sst; rec. count =           82
 slope_x: current mean I/O counter =           82
 writing mean record for slope_x; rec. count =           82
 hc: current mean I/O counter =           82
 writing mean record for hc; rec. count =           82
 tflux_unod: current mean I/O counter =           82
 writing mean record for tflux_unod; rec. count =           82
 tflux_vnod: current mean I/O counter =           82
 writing mean record for tflux_vnod; rec. count =           82
 temp: current mean I/O counter =           82
 writing mean record for temp; rec. count =           82
 vnod: current mean I/O counter =           82
 writing mean record for vnod; rec. count =           82
 ssh: current mean I/O counter =           82
 writing mean record for ssh; rec. count =           82
 v: current mean I/O counter =           82
 writing mean record for v; rec. count =           82
 hc700m: current mean I/O counter =           82
 writing mean record for hc700m; rec. count =           82
 tflux_w: current mean I/O counter =           82
 writing mean record for tflux_w; rec. count =           82
 curl_u: current mean I/O counter =           83
 writing mean record for curl_u; rec. count =           83
 rosb: current mean I/O counter =           83
 writing mean record for rosb; rec. count =           83
 N2: current mean I/O counter =           83
 writing mean record for N2; rec. count =           83
 slope_y: current mean I/O counter =           83
 writing mean record for slope_y; rec. count =           83
 unod: current mean I/O counter =           83
 writing mean record for unod; rec. count =           83
 u: current mean I/O counter =           83
 writing mean record for u; rec. count =           83
 hc300m: current mean I/O counter =           83
 writing mean record for hc300m; rec. count =           83
 tflux_vnod: current mean I/O counter =           83
 writing mean record for tflux_vnod; rec. count =           83
 hc: current mean I/O counter =           83
 writing mean record for hc; rec. count =           83
 sst: current mean I/O counter =           83
 writing mean record for sst; rec. count =           83
 slope_x: current mean I/O counter =           83
 writing mean record for slope_x; rec. count =           83
 temp: current mean I/O counter =           83
 writing mean record for temp; rec. count =           83
 vnod: current mean I/O counter =           83
 writing mean record for vnod; rec. count =           83
 v: current mean I/O counter =           83
 writing mean record for v; rec. count =           83
 ssh: current mean I/O counter =           83
 writing mean record for ssh; rec. count =           83
 hc700m: current mean I/O counter =           83
 writing mean record for hc700m; rec. count =           83
 tflux_unod: current mean I/O counter =           83
 writing mean record for tflux_unod; rec. count =           83
 tflux_w: current mean I/O counter =           83
 writing mean record for tflux_w; rec. count =           83
 curl_u: current mean I/O counter =           84
 writing mean record for curl_u; rec. count =           84
 rosb: current mean I/O counter =           84
 writing mean record for rosb; rec. count =           84
 N2: current mean I/O counter =           84
 writing mean record for N2; rec. count =           84
 slope_y: current mean I/O counter =           84
 writing mean record for slope_y; rec. count =           84
 u: current mean I/O counter =           84
 writing mean record for u; rec. count =           84
 sst: current mean I/O counter =           84
 writing mean record for sst; rec. count =           84
 hc300m: current mean I/O counter =           84
 writing mean record for hc300m; rec. count =           84
 unod: current mean I/O counter =           84
 writing mean record for unod; rec. count =           84
 vnod: current mean I/O counter =           84
 writing mean record for vnod; rec. count =           84
 hc: current mean I/O counter =           84
 writing mean record for hc; rec. count =           84
 slope_x: current mean I/O counter =           84
 writing mean record for slope_x; rec. count =           84
 temp: current mean I/O counter =           84
 writing mean record for temp; rec. count =           84
 v: current mean I/O counter =           84
 writing mean record for v; rec. count =           84
 hc700m: current mean I/O counter =           84
 writing mean record for hc700m; rec. count =           84
 tflux_vnod: current mean I/O counter =           84
 writing mean record for tflux_vnod; rec. count =           84
 tflux_unod: current mean I/O counter =           84
 writing mean record for tflux_unod; rec. count =           84
 tflux_w: current mean I/O counter =           84
 writing mean record for tflux_w; rec. count =           84
 ssh: current mean I/O counter =           84
 writing mean record for ssh; rec. count =           84
 curl_u: current mean I/O counter =           85
 writing mean record for curl_u; rec. count =           85
 N2: current mean I/O counter =           85
 writing mean record for N2; rec. count =           85
 slope_y: current mean I/O counter =           85
 writing mean record for slope_y; rec. count =           85
 rosb: current mean I/O counter =           85
 writing mean record for rosb; rec. count =           85
 u: current mean I/O counter =           85
 writing mean record for u; rec. count =           85
 hc: current mean I/O counter =           85
 writing mean record for hc; rec. count =           85
 vnod: current mean I/O counter =           85
 writing mean record for vnod; rec. count =           85
 slope_x: current mean I/O counter =           85
 writing mean record for slope_x; rec. count =           85
 temp: current mean I/O counter =           85
 writing mean record for temp; rec. count =           85
 unod: current mean I/O counter =           85
 writing mean record for unod; rec. count =           85
 v: current mean I/O counter =           85
 writing mean record for v; rec. count =           85
 sst: current mean I/O counter =           85
 writing mean record for sst; rec. count =           85
 ssh: current mean I/O counter =           85
 writing mean record for ssh; rec. count =           85
 hc300m: current mean I/O counter =           85
 writing mean record for hc300m; rec. count =           85
 hc700m: current mean I/O counter =           85
 writing mean record for hc700m; rec. count =           85
 tflux_unod: current mean I/O counter =           85
 writing mean record for tflux_unod; rec. count =           85
 tflux_vnod: current mean I/O counter =           85
 writing mean record for tflux_vnod; rec. count =           85
 tflux_w: current mean I/O counter =           85
 writing mean record for tflux_w; rec. count =           85
 curl_u: current mean I/O counter =           86
 writing mean record for curl_u; rec. count =           86
 rosb: current mean I/O counter =           86
 writing mean record for rosb; rec. count =           86
 N2: current mean I/O counter =           86
 writing mean record for N2; rec. count =           86
 slope_y: current mean I/O counter =           86
 writing mean record for slope_y; rec. count =           86
 unod: current mean I/O counter =           86
 writing mean record for unod; rec. count =           86
 u: current mean I/O counter =           86
 writing mean record for u; rec. count =           86
 hc: current mean I/O counter =           86
 writing mean record for hc; rec. count =           86
 tflux_vnod: current mean I/O counter =           86
 writing mean record for tflux_vnod; rec. count =           86
 hc300m: current mean I/O counter =           86
 writing mean record for hc300m; rec. count =           86
 temp: current mean I/O counter =           86
 writing mean record for temp; rec. count =           86
 slope_x: current mean I/O counter =           86
 writing mean record for slope_x; rec. count =           86
 sst: current mean I/O counter =           86
 writing mean record for sst; rec. count =           86
 vnod: current mean I/O counter =           86
 writing mean record for vnod; rec. count =           86
 v: current mean I/O counter =           86
 writing mean record for v; rec. count =           86
 ssh: current mean I/O counter =           86
 writing mean record for ssh; rec. count =           86
 hc700m: current mean I/O counter =           86
 writing mean record for hc700m; rec. count =           86
 tflux_unod: current mean I/O counter =           86
 writing mean record for tflux_unod; rec. count =           86
 tflux_w: current mean I/O counter =           86
 writing mean record for tflux_w; rec. count =           86
 curl_u: current mean I/O counter =           87
 writing mean record for curl_u; rec. count =           87
 rosb: current mean I/O counter =           87
 writing mean record for rosb; rec. count =           87
 N2: current mean I/O counter =           87
 writing mean record for N2; rec. count =           87
 slope_y: current mean I/O counter =           87
 writing mean record for slope_y; rec. count =           87
 unod: current mean I/O counter =           87
 writing mean record for unod; rec. count =           87
 u: current mean I/O counter =           87
 writing mean record for u; rec. count =           87
 sst: current mean I/O counter =           87
 writing mean record for sst; rec. count =           87
 hc300m: current mean I/O counter =           87
 writing mean record for hc300m; rec. count =           87
 hc: current mean I/O counter =           87
 writing mean record for hc; rec. count =           87
 tflux_vnod: current mean I/O counter =           87
 writing mean record for tflux_vnod; rec. count =           87
 slope_x: current mean I/O counter =           87
 writing mean record for slope_x; rec. count =           87
 temp: current mean I/O counter =           87
 writing mean record for temp; rec. count =           87
 vnod: current mean I/O counter =           87
 writing mean record for vnod; rec. count =           87
 v: current mean I/O counter =           87
 writing mean record for v; rec. count =           87
 ssh: current mean I/O counter =           87
 writing mean record for ssh; rec. count =           87
 hc700m: current mean I/O counter =           87
 writing mean record for hc700m; rec. count =           87
 tflux_w: current mean I/O counter =           87
 writing mean record for tflux_w; rec. count =           87
 tflux_unod: current mean I/O counter =           87
 writing mean record for tflux_unod; rec. count =           87
 curl_u: current mean I/O counter =           88
 writing mean record for curl_u; rec. count =           88
 N2: current mean I/O counter =           88
 writing mean record for N2; rec. count =           88
 slope_y: current mean I/O counter =           88
 writing mean record for slope_y; rec. count =           88
 rosb: current mean I/O counter =           88
 writing mean record for rosb; rec. count =           88
 u: current mean I/O counter =           88
 writing mean record for u; rec. count =           88
 unod: current mean I/O counter =           88
 writing mean record for unod; rec. count =           88
 sst: current mean I/O counter =           88
 writing mean record for sst; rec. count =           88
 hc300m: current mean I/O counter =           88
 writing mean record for hc300m; rec. count =           88
 tflux_vnod: current mean I/O counter =           88
 writing mean record for tflux_vnod; rec. count =           88
 slope_x: current mean I/O counter =           88
 writing mean record for slope_x; rec. count =           88
 vnod: current mean I/O counter =           88
 writing mean record for vnod; rec. count =           88
 hc: current mean I/O counter =           88
 writing mean record for hc; rec. count =           88
 temp: current mean I/O counter =           88
 writing mean record for temp; rec. count =           88
 ssh: current mean I/O counter =           88
 writing mean record for ssh; rec. count =           88
 v: current mean I/O counter =           88
 writing mean record for v; rec. count =           88
 hc700m: current mean I/O counter =           88
 writing mean record for hc700m; rec. count =           88
 tflux_unod: current mean I/O counter =           88
 writing mean record for tflux_unod; rec. count =           88
 tflux_w: current mean I/O counter =           88
 writing mean record for tflux_w; rec. count =           88
 curl_u: current mean I/O counter =           89
 writing mean record for curl_u; rec. count =           89
 rosb: current mean I/O counter =           89
 writing mean record for rosb; rec. count =           89
 N2: current mean I/O counter =           89
 writing mean record for N2; rec. count =           89
 slope_y: current mean I/O counter =           89
 writing mean record for slope_y; rec. count =           89
 unod: current mean I/O counter =           89
 writing mean record for unod; rec. count =           89
 slope_x: current mean I/O counter =           89
 writing mean record for slope_x; rec. count =           89
 vnod: current mean I/O counter =           89
 writing mean record for vnod; rec. count =           89
 u: current mean I/O counter =           89
 writing mean record for u; rec. count =           89
 v: current mean I/O counter =           89
 writing mean record for v; rec. count =           89
 sst: current mean I/O counter =           89
 writing mean record for sst; rec. count =           89
 ssh: current mean I/O counter =           89
 writing mean record for ssh; rec. count =           89
 hc300m: current mean I/O counter =           89
 writing mean record for hc300m; rec. count =           89
 hc: current mean I/O counter =           89
 writing mean record for hc; rec. count =           89
 tflux_vnod: current mean I/O counter =           89
 writing mean record for tflux_vnod; rec. count =           89
 temp: current mean I/O counter =           89
 writing mean record for temp; rec. count =           89
 hc700m: current mean I/O counter =           89
 writing mean record for hc700m; rec. count =           89
 tflux_unod: current mean I/O counter =           89
 writing mean record for tflux_unod; rec. count =           89
 tflux_w: current mean I/O counter =           89
 writing mean record for tflux_w; rec. count =           89
 curl_u: current mean I/O counter =           90
 writing mean record for curl_u; rec. count =           90
 N2: current mean I/O counter =           90
 writing mean record for N2; rec. count =           90
 slope_y: current mean I/O counter =           90
 writing mean record for slope_y; rec. count =           90
 rosb: current mean I/O counter =           90
 writing mean record for rosb; rec. count =           90
 hc300m: current mean I/O counter =           90
 writing mean record for hc300m; rec. count =           90
 u: current mean I/O counter =           90
 writing mean record for u; rec. count =           90
 sst: current mean I/O counter =           90
 writing mean record for sst; rec. count =           90
 unod: current mean I/O counter =           90
 writing mean record for unod; rec. count =           90
 hc: current mean I/O counter =           90
 writing mean record for hc; rec. count =           90
 vnod: current mean I/O counter =           90
 writing mean record for vnod; rec. count =           90
 tflux_unod: current mean I/O counter =           90
 writing mean record for tflux_unod; rec. count =           90
 slope_x: current mean I/O counter =           90
 writing mean record for slope_x; rec. count =           90
 tflux_vnod: current mean I/O counter =           90
 writing mean record for tflux_vnod; rec. count =           90
 temp: current mean I/O counter =           90
 writing mean record for temp; rec. count =           90
 v: current mean I/O counter =           90
 writing mean record for v; rec. count =           90
 ssh: current mean I/O counter =           90
 writing mean record for ssh; rec. count =           90
 hc700m: current mean I/O counter =           90
 writing mean record for hc700m; rec. count =           90
 tflux_w: current mean I/O counter =           90
 writing mean record for tflux_w; rec. count =           90
 curl_u: current mean I/O counter =           91
 writing mean record for curl_u; rec. count =           91
 rosb: current mean I/O counter =           91
 writing mean record for rosb; rec. count =           91
 N2: current mean I/O counter =           91
 writing mean record for N2; rec. count =           91
 slope_y: current mean I/O counter =           91
 writing mean record for slope_y; rec. count =           91
 unod: current mean I/O counter =           91
 writing mean record for unod; rec. count =           91
 u: current mean I/O counter =           91
 writing mean record for u; rec. count =           91
 hc300m: current mean I/O counter =           91
 writing mean record for hc300m; rec. count =           91
 sst: current mean I/O counter =           91
 writing mean record for sst; rec. count =           91
 hc: current mean I/O counter =           91
 writing mean record for hc; rec. count =           91
 tflux_vnod: current mean I/O counter =           91
 writing mean record for tflux_vnod; rec. count =           91
 slope_x: current mean I/O counter =           91
 writing mean record for slope_x; rec. count =           91
 vnod: current mean I/O counter =           91
 writing mean record for vnod; rec. count =           91
 temp: current mean I/O counter =           91
 writing mean record for temp; rec. count =           91
 v: current mean I/O counter =           91
 writing mean record for v; rec. count =           91
 ssh: current mean I/O counter =           91
 writing mean record for ssh; rec. count =           91
 hc700m: current mean I/O counter =           91
 writing mean record for hc700m; rec. count =           91
 tflux_w: current mean I/O counter =           91
 writing mean record for tflux_w; rec. count =           91
 tflux_unod: current mean I/O counter =           91
 writing mean record for tflux_unod; rec. count =           91
 curl_u: current mean I/O counter =           92
 writing mean record for curl_u; rec. count =           92
 rosb: current mean I/O counter =           92
 writing mean record for rosb; rec. count =           92
 N2: current mean I/O counter =           92
 writing mean record for N2; rec. count =           92
 slope_y: current mean I/O counter =           92
 writing mean record for slope_y; rec. count =           92
 sst: current mean I/O counter =           92
 writing mean record for sst; rec. count =           92
 u: current mean I/O counter =           92
 writing mean record for u; rec. count =           92
 slope_x: current mean I/O counter =           92
 writing mean record for slope_x; rec. count =           92
 temp: current mean I/O counter =           92
 writing mean record for temp; rec. count =           92
 unod: current mean I/O counter =           92
 writing mean record for unod; rec. count =           92
 vnod: current mean I/O counter =           92
 writing mean record for vnod; rec. count =           92
 v: current mean I/O counter =           92
 writing mean record for v; rec. count =           92
 ssh: current mean I/O counter =           92
 writing mean record for ssh; rec. count =           92
 hc300m: current mean I/O counter =           92
 writing mean record for hc300m; rec. count =           92
 hc700m: current mean I/O counter =           92
 writing mean record for hc700m; rec. count =           92
 hc: current mean I/O counter =           92
 writing mean record for hc; rec. count =           92
 tflux_vnod: current mean I/O counter =           92
 writing mean record for tflux_vnod; rec. count =           92
 tflux_unod: current mean I/O counter =           92
 writing mean record for tflux_unod; rec. count =           92
 tflux_w: current mean I/O counter =           92
 writing mean record for tflux_w; rec. count =           92
 curl_u: current mean I/O counter =           93
 writing mean record for curl_u; rec. count =           93
 rosb: current mean I/O counter =           93
 writing mean record for rosb; rec. count =           93
 N2: current mean I/O counter =           93
 writing mean record for N2; rec. count =           93
 slope_y: current mean I/O counter =           93
 writing mean record for slope_y; rec. count =           93
 unod: current mean I/O counter =           93
 writing mean record for unod; rec. count =           93
 u: current mean I/O counter =           93
 writing mean record for u; rec. count =           93
 sst: current mean I/O counter =           93
 writing mean record for sst; rec. count =           93
 hc300m: current mean I/O counter =           93
 writing mean record for hc300m; rec. count =           93
 hc: current mean I/O counter =           93
 writing mean record for hc; rec. count =           93
 tflux_vnod: current mean I/O counter =           93
 writing mean record for tflux_vnod; rec. count =           93
 slope_x: current mean I/O counter =           93
 writing mean record for slope_x; rec. count =           93
 temp: current mean I/O counter =           93
 writing mean record for temp; rec. count =           93
 ssh: current mean I/O counter =           93
 writing mean record for ssh; rec. count =           93
 vnod: current mean I/O counter =           93
 writing mean record for vnod; rec. count =           93
 v: current mean I/O counter =           93
 writing mean record for v; rec. count =           93
 hc700m: current mean I/O counter =           93
 writing mean record for hc700m; rec. count =           93
 tflux_unod: current mean I/O counter =           93
 writing mean record for tflux_unod; rec. count =           93
 tflux_w: current mean I/O counter =           93
 writing mean record for tflux_w; rec. count =           93
 curl_u: current mean I/O counter =           94
 writing mean record for curl_u; rec. count =           94
 rosb: current mean I/O counter =           94
 writing mean record for rosb; rec. count =           94
 N2: current mean I/O counter =           94
 writing mean record for N2; rec. count =           94
 slope_y: current mean I/O counter =           94
 writing mean record for slope_y; rec. count =           94
 u: current mean I/O counter =           94
 writing mean record for u; rec. count =           94
 sst: current mean I/O counter =           94
 writing mean record for sst; rec. count =           94
 hc300m: current mean I/O counter =           94
 writing mean record for hc300m; rec. count =           94
 hc: current mean I/O counter =           94
 writing mean record for hc; rec. count =           94
 unod: current mean I/O counter =           94
 writing mean record for unod; rec. count =           94
 tflux_vnod: current mean I/O counter =           94
 writing mean record for tflux_vnod; rec. count =           94
 slope_x: current mean I/O counter =           94
 writing mean record for slope_x; rec. count =           94
 temp: current mean I/O counter =           94
 writing mean record for temp; rec. count =           94
 vnod: current mean I/O counter =           94
 writing mean record for vnod; rec. count =           94
 v: current mean I/O counter =           94
 writing mean record for v; rec. count =           94
 ssh: current mean I/O counter =           94
 writing mean record for ssh; rec. count =           94
 hc700m: current mean I/O counter =           94
 writing mean record for hc700m; rec. count =           94
 tflux_unod: current mean I/O counter =           94
 writing mean record for tflux_unod; rec. count =           94
 tflux_w: current mean I/O counter =           94
 writing mean record for tflux_w; rec. count =           94
 curl_u: current mean I/O counter =           95
 writing mean record for curl_u; rec. count =           95
 rosb: current mean I/O counter =           95
 writing mean record for rosb; rec. count =           95
 N2: current mean I/O counter =           95
 writing mean record for N2; rec. count =           95
 slope_y: current mean I/O counter =           95
 writing mean record for slope_y; rec. count =           95
 unod: current mean I/O counter =           95
 writing mean record for unod; rec. count =           95
 u: current mean I/O counter =           95
 writing mean record for u; rec. count =           95
 hc: current mean I/O counter =           95
 writing mean record for hc; rec. count =           95
 vnod: current mean I/O counter =           95
 writing mean record for vnod; rec. count =           95
 sst: current mean I/O counter =           95
 writing mean record for sst; rec. count =           95
 hc300m: current mean I/O counter =           95
 writing mean record for hc300m; rec. count =           95
 tflux_vnod: current mean I/O counter =           95
 writing mean record for tflux_vnod; rec. count =           95
 slope_x: current mean I/O counter =           95
 writing mean record for slope_x; rec. count =           95
 temp: current mean I/O counter =           95
 writing mean record for temp; rec. count =           95
 hc700m: current mean I/O counter =           95
 writing mean record for hc700m; rec. count =           95
 v: current mean I/O counter =           95
 writing mean record for v; rec. count =           95
 ssh: current mean I/O counter =           95
 writing mean record for ssh; rec. count =           95
 tflux_unod: current mean I/O counter =           95
 writing mean record for tflux_unod; rec. count =           95
 tflux_w: current mean I/O counter =           95
 writing mean record for tflux_w; rec. count =           95
 curl_u: current mean I/O counter =           96
 writing mean record for curl_u; rec. count =           96
 rosb: current mean I/O counter =           96
 writing mean record for rosb; rec. count =           96
 N2: current mean I/O counter =           96
 writing mean record for N2; rec. count =           96
 slope_y: current mean I/O counter =           96
 writing mean record for slope_y; rec. count =           96
 unod: current mean I/O counter =           96
 writing mean record for unod; rec. count =           96
 vnod: current mean I/O counter =           96
 writing mean record for vnod; rec. count =           96
 u: current mean I/O counter =           96
 writing mean record for u; rec. count =           96
 sst: current mean I/O counter =           96
 writing mean record for sst; rec. count =           96
 hc300m: current mean I/O counter =           96
 writing mean record for hc300m; rec. count =           96
 hc: current mean I/O counter =           96
 writing mean record for hc; rec. count =           96
 tflux_vnod: current mean I/O counter =           96
 writing mean record for tflux_vnod; rec. count =           96
 slope_x: current mean I/O counter =           96
 writing mean record for slope_x; rec. count =           96
 v: current mean I/O counter =           96
 writing mean record for v; rec. count =           96
 temp: current mean I/O counter =           96
 writing mean record for temp; rec. count =           96
 ssh: current mean I/O counter =           96
 writing mean record for ssh; rec. count =           96
 hc700m: current mean I/O counter =           96
 writing mean record for hc700m; rec. count =           96
 tflux_unod: current mean I/O counter =           96
 writing mean record for tflux_unod; rec. count =           96
 tflux_w: current mean I/O counter =           96
 writing mean record for tflux_w; rec. count =           96
 curl_u: current mean I/O counter =           97
 writing mean record for curl_u; rec. count =           97
 N2: current mean I/O counter =           97
 writing mean record for N2; rec. count =           97
 slope_y: current mean I/O counter =           97
 writing mean record for slope_y; rec. count =           97
 rosb: current mean I/O counter =           97
 writing mean record for rosb; rec. count =           97
 unod: current mean I/O counter =           97
 writing mean record for unod; rec. count =           97
 u: current mean I/O counter =           97
 writing mean record for u; rec. count =           97
 sst: current mean I/O counter =           97
 writing mean record for sst; rec. count =           97
 hc300m: current mean I/O counter =           97
 writing mean record for hc300m; rec. count =           97
 hc: current mean I/O counter =           97
 writing mean record for hc; rec. count =           97
 tflux_vnod: current mean I/O counter =           97
 writing mean record for tflux_vnod; rec. count =           97
 tflux_w: current mean I/O counter =           97
 writing mean record for tflux_w; rec. count =           97
 slope_x: current mean I/O counter =           97
 writing mean record for slope_x; rec. count =           97
 ssh: current mean I/O counter =           97
 writing mean record for ssh; rec. count =           97
 hc700m: current mean I/O counter =           97
 writing mean record for hc700m; rec. count =           97
 vnod: current mean I/O counter =           97
 writing mean record for vnod; rec. count =           97
 temp: current mean I/O counter =           97
 writing mean record for temp; rec. count =           97
 v: current mean I/O counter =           97
 writing mean record for v; rec. count =           97
 tflux_unod: current mean I/O counter =           97
 writing mean record for tflux_unod; rec. count =           97
 curl_u: current mean I/O counter =           98
 writing mean record for curl_u; rec. count =           98
 rosb: current mean I/O counter =           98
 writing mean record for rosb; rec. count =           98
 N2: current mean I/O counter =           98
 writing mean record for N2; rec. count =           98
 slope_y: current mean I/O counter =           98
 writing mean record for slope_y; rec. count =           98
 unod: current mean I/O counter =           98
 writing mean record for unod; rec. count =           98
 u: current mean I/O counter =           98
 writing mean record for u; rec. count =           98
 hc: current mean I/O counter =           98
 writing mean record for hc; rec. count =           98
 hc300m: current mean I/O counter =           98
 writing mean record for hc300m; rec. count =           98
 tflux_vnod: current mean I/O counter =           98
 writing mean record for tflux_vnod; rec. count =           98
 sst: current mean I/O counter =           98
 writing mean record for sst; rec. count =           98
 slope_x: current mean I/O counter =           98
 writing mean record for slope_x; rec. count =           98
 vnod: current mean I/O counter =           98
 writing mean record for vnod; rec. count =           98
 temp: current mean I/O counter =           98
 writing mean record for temp; rec. count =           98
 v: current mean I/O counter =           98
 writing mean record for v; rec. count =           98
 ssh: current mean I/O counter =           98
 writing mean record for ssh; rec. count =           98
 hc700m: current mean I/O counter =           98
 writing mean record for hc700m; rec. count =           98
 tflux_unod: current mean I/O counter =           98
 writing mean record for tflux_unod; rec. count =           98
 tflux_w: current mean I/O counter =           98
 writing mean record for tflux_w; rec. count =           98
 curl_u: current mean I/O counter =           99
 writing mean record for curl_u; rec. count =           99
 rosb: current mean I/O counter =           99
 writing mean record for rosb; rec. count =           99
 N2: current mean I/O counter =           99
 writing mean record for N2; rec. count =           99
 slope_x: current mean I/O counter =           99
 writing mean record for slope_x; rec. count =           99
 slope_y: current mean I/O counter =           99
 writing mean record for slope_y; rec. count =           99
 temp: current mean I/O counter =           99
 writing mean record for temp; rec. count =           99
 unod: current mean I/O counter =           99
 writing mean record for unod; rec. count =           99
 vnod: current mean I/O counter =           99
 writing mean record for vnod; rec. count =           99
 u: current mean I/O counter =           99
 writing mean record for u; rec. count =           99
 v: current mean I/O counter =           99
 writing mean record for v; rec. count =           99
 sst: current mean I/O counter =           99
 writing mean record for sst; rec. count =           99
 ssh: current mean I/O counter =           99
 writing mean record for ssh; rec. count =           99
 hc300m: current mean I/O counter =           99
 writing mean record for hc300m; rec. count =           99
 hc700m: current mean I/O counter =           99
 writing mean record for hc700m; rec. count =           99
 hc: current mean I/O counter =           99
 writing mean record for hc; rec. count =           99
 tflux_unod: current mean I/O counter =           99
 writing mean record for tflux_unod; rec. count =           99
 tflux_vnod: current mean I/O counter =           99
 writing mean record for tflux_vnod; rec. count =           99
 tflux_w: current mean I/O counter =           99
 writing mean record for tflux_w; rec. count =           99
 curl_u: current mean I/O counter =          100
 writing mean record for curl_u; rec. count =          100
 rosb: current mean I/O counter =          100
 writing mean record for rosb; rec. count =          100
 N2: current mean I/O counter =          100
 writing mean record for N2; rec. count =          100
 slope_y: current mean I/O counter =          100
 writing mean record for slope_y; rec. count =          100
 unod: current mean I/O counter =          100
 writing mean record for unod; rec. count =          100
 u: current mean I/O counter =          100
 writing mean record for u; rec. count =          100
 hc300m: current mean I/O counter =          100
 writing mean record for hc300m; rec. count =          100
 tflux_vnod: current mean I/O counter =          100
 writing mean record for tflux_vnod; rec. count =          100
 vnod: current mean I/O counter =          100
 writing mean record for vnod; rec. count =          100
 sst: current mean I/O counter =          100
 writing mean record for sst; rec. count =          100
 hc: current mean I/O counter =          100
 writing mean record for hc; rec. count =          100
 slope_x: current mean I/O counter =          100
 writing mean record for slope_x; rec. count =          100
 temp: current mean I/O counter =          100
 writing mean record for temp; rec. count =          100
 v: current mean I/O counter =          100
 writing mean record for v; rec. count =          100
 ssh: current mean I/O counter =          100
 writing mean record for ssh; rec. count =          100
 hc700m: current mean I/O counter =          100
 writing mean record for hc700m; rec. count =          100
 tflux_unod: current mean I/O counter =          100
 writing mean record for tflux_unod; rec. count =          100
 tflux_w: current mean I/O counter =          100
 writing mean record for tflux_w; rec. count =          100
 curl_u: current mean I/O counter =          101
 writing mean record for curl_u; rec. count =          101
 rosb: current mean I/O counter =          101
 writing mean record for rosb; rec. count =          101
 N2: current mean I/O counter =          101
 writing mean record for N2; rec. count =          101
 slope_y: current mean I/O counter =          101
 writing mean record for slope_y; rec. count =          101
 unod: current mean I/O counter =          101
 writing mean record for unod; rec. count =          101
 u: current mean I/O counter =          101
 writing mean record for u; rec. count =          101
 sst: current mean I/O counter =          101
 writing mean record for sst; rec. count =          101
 hc300m: current mean I/O counter =          101
 writing mean record for hc300m; rec. count =          101
 hc: current mean I/O counter =          101
 writing mean record for hc; rec. count =          101
 tflux_vnod: current mean I/O counter =          101
 writing mean record for tflux_vnod; rec. count =          101
 slope_x: current mean I/O counter =          101
 writing mean record for slope_x; rec. count =          101
 temp: current mean I/O counter =          101
 writing mean record for temp; rec. count =          101
 vnod: current mean I/O counter =          101
 writing mean record for vnod; rec. count =          101
 v: current mean I/O counter =          101
 writing mean record for v; rec. count =          101
 ssh: current mean I/O counter =          101
 writing mean record for ssh; rec. count =          101
 hc700m: current mean I/O counter =          101
 writing mean record for hc700m; rec. count =          101
 tflux_unod: current mean I/O counter =          101
 writing mean record for tflux_unod; rec. count =          101
 tflux_w: current mean I/O counter =          101
 writing mean record for tflux_w; rec. count =          101
 curl_u: current mean I/O counter =          102
 writing mean record for curl_u; rec. count =          102
 N2: current mean I/O counter =          102
 writing mean record for N2; rec. count =          102
 slope_y: current mean I/O counter =          102
 writing mean record for slope_y; rec. count =          102
 u: current mean I/O counter =          102
 writing mean record for u; rec. count =          102
 rosb: current mean I/O counter =          102
 writing mean record for rosb; rec. count =          102
 hc300m: current mean I/O counter =          102
 writing mean record for hc300m; rec. count =          102
 sst: current mean I/O counter =          102
 writing mean record for sst; rec. count =          102
 hc: current mean I/O counter =          102
 writing mean record for hc; rec. count =          102
 slope_x: current mean I/O counter =          102
 writing mean record for slope_x; rec. count =          102
 temp: current mean I/O counter =          102
 writing mean record for temp; rec. count =          102
 unod: current mean I/O counter =          102
 writing mean record for unod; rec. count =          102
 vnod: current mean I/O counter =          102
 writing mean record for vnod; rec. count =          102
 v: current mean I/O counter =          102
 writing mean record for v; rec. count =          102
 ssh: current mean I/O counter =          102
 writing mean record for ssh; rec. count =          102
 hc700m: current mean I/O counter =          102
 writing mean record for hc700m; rec. count =          102
 tflux_unod: current mean I/O counter =          102
 writing mean record for tflux_unod; rec. count =          102
 tflux_vnod: current mean I/O counter =          102
 writing mean record for tflux_vnod; rec. count =          102
 tflux_w: current mean I/O counter =          102
 writing mean record for tflux_w; rec. count =          102
 curl_u: current mean I/O counter =          103
 writing mean record for curl_u; rec. count =          103
 N2: current mean I/O counter =          103
 writing mean record for N2; rec. count =          103
 rosb: current mean I/O counter =          103
 writing mean record for rosb; rec. count =          103
 slope_y: current mean I/O counter =          103
 writing mean record for slope_y; rec. count =          103
 vnod: current mean I/O counter =          103
 writing mean record for vnod; rec. count =          103
 v: current mean I/O counter =          103
 writing mean record for v; rec. count =          103
 unod: current mean I/O counter =          103
 writing mean record for unod; rec. count =          103
 slope_x: current mean I/O counter =          103
 writing mean record for slope_x; rec. count =          103
 temp: current mean I/O counter =          103
 writing mean record for temp; rec. count =          103
 u: current mean I/O counter =          103
 writing mean record for u; rec. count =          103
 sst: current mean I/O counter =          103
 writing mean record for sst; rec. count =          103
 ssh: current mean I/O counter =          103
 writing mean record for ssh; rec. count =          103
 hc300m: current mean I/O counter =          103
 writing mean record for hc300m; rec. count =          103
 hc700m: current mean I/O counter =          103
 writing mean record for hc700m; rec. count =          103
 hc: current mean I/O counter =          103
 writing mean record for hc; rec. count =          103
 tflux_unod: current mean I/O counter =          103
 writing mean record for tflux_unod; rec. count =          103
 tflux_vnod: current mean I/O counter =          103
 writing mean record for tflux_vnod; rec. count =          103
 tflux_w: current mean I/O counter =          103
 writing mean record for tflux_w; rec. count =          103
 curl_u: current mean I/O counter =          104
 writing mean record for curl_u; rec. count =          104
 N2: current mean I/O counter =          104
 writing mean record for N2; rec. count =          104
 slope_y: current mean I/O counter =          104
 writing mean record for slope_y; rec. count =          104
 rosb: current mean I/O counter =          104
 writing mean record for rosb; rec. count =          104
 u: current mean I/O counter =          104
 writing mean record for u; rec. count =          104
 unod: current mean I/O counter =          104
 writing mean record for unod; rec. count =          104
 hc300m: current mean I/O counter =          104
 writing mean record for hc300m; rec. count =          104
 hc: current mean I/O counter =          104
 writing mean record for hc; rec. count =          104
 tflux_vnod: current mean I/O counter =          104
 writing mean record for tflux_vnod; rec. count =          104
 slope_x: current mean I/O counter =          104
 writing mean record for slope_x; rec. count =          104
 temp: current mean I/O counter =          104
 writing mean record for temp; rec. count =          104
 sst: current mean I/O counter =          104
 writing mean record for sst; rec. count =          104
 vnod: current mean I/O counter =          104
 writing mean record for vnod; rec. count =          104
 v: current mean I/O counter =          104
 writing mean record for v; rec. count =          104
 ssh: current mean I/O counter =          104
 writing mean record for ssh; rec. count =          104
 hc700m: current mean I/O counter =          104
 writing mean record for hc700m; rec. count =          104
 tflux_unod: current mean I/O counter =          104
 writing mean record for tflux_unod; rec. count =          104
 tflux_w: current mean I/O counter =          104
 writing mean record for tflux_w; rec. count =          104
 curl_u: current mean I/O counter =          105
 writing mean record for curl_u; rec. count =          105
 rosb: current mean I/O counter =          105
 writing mean record for rosb; rec. count =          105
 N2: current mean I/O counter =          105
 writing mean record for N2; rec. count =          105
 slope_y: current mean I/O counter =          105
 writing mean record for slope_y; rec. count =          105
 unod: current mean I/O counter =          105
 writing mean record for unod; rec. count =          105
 u: current mean I/O counter =          105
 writing mean record for u; rec. count =          105
 sst: current mean I/O counter =          105
 writing mean record for sst; rec. count =          105
 hc300m: current mean I/O counter =          105
 writing mean record for hc300m; rec. count =          105
 hc: current mean I/O counter =          105
 writing mean record for hc; rec. count =          105
 tflux_vnod: current mean I/O counter =          105
 writing mean record for tflux_vnod; rec. count =          105
 slope_x: current mean I/O counter =          105
 writing mean record for slope_x; rec. count =          105
 vnod: current mean I/O counter =          105
 writing mean record for vnod; rec. count =          105
 ssh: current mean I/O counter =          105
 writing mean record for ssh; rec. count =          105
 hc700m: current mean I/O counter =          105
 writing mean record for hc700m; rec. count =          105
 temp: current mean I/O counter =          105
 writing mean record for temp; rec. count =          105
 v: current mean I/O counter =          105
 writing mean record for v; rec. count =          105
 tflux_unod: current mean I/O counter =          105
 writing mean record for tflux_unod; rec. count =          105
 tflux_w: current mean I/O counter =          105
 writing mean record for tflux_w; rec. count =          105
 curl_u: current mean I/O counter =          106
 writing mean record for curl_u; rec. count =          106
 rosb: current mean I/O counter =          106
 writing mean record for rosb; rec. count =          106
 N2: current mean I/O counter =          106
 writing mean record for N2; rec. count =          106
 slope_y: current mean I/O counter =          106
 writing mean record for slope_y; rec. count =          106
 u: current mean I/O counter =          106
 writing mean record for u; rec. count =          106
 slope_x: current mean I/O counter =          106
 writing mean record for slope_x; rec. count =          106
 unod: current mean I/O counter =          106
 writing mean record for unod; rec. count =          106
 vnod: current mean I/O counter =          106
 writing mean record for vnod; rec. count =          106
 v: current mean I/O counter =          106
 writing mean record for v; rec. count =          106
 sst: current mean I/O counter =          106
 writing mean record for sst; rec. count =          106
 hc300m: current mean I/O counter =          106
 writing mean record for hc300m; rec. count =          106
 hc: current mean I/O counter =          106
 writing mean record for hc; rec. count =          106
 tflux_vnod: current mean I/O counter =          106
 writing mean record for tflux_vnod; rec. count =          106
 temp: current mean I/O counter =          106
 writing mean record for temp; rec. count =          106
 ssh: current mean I/O counter =          106
 writing mean record for ssh; rec. count =          106
 hc700m: current mean I/O counter =          106
 writing mean record for hc700m; rec. count =          106
 tflux_unod: current mean I/O counter =          106
 writing mean record for tflux_unod; rec. count =          106
 tflux_w: current mean I/O counter =          106
 writing mean record for tflux_w; rec. count =          106
 curl_u: current mean I/O counter =          107
 writing mean record for curl_u; rec. count =          107
 rosb: current mean I/O counter =          107
 writing mean record for rosb; rec. count =          107
 N2: current mean I/O counter =          107
 writing mean record for N2; rec. count =          107
 slope_y: current mean I/O counter =          107
 writing mean record for slope_y; rec. count =          107
 u: current mean I/O counter =          107
 writing mean record for u; rec. count =          107
 sst: current mean I/O counter =          107
 writing mean record for sst; rec. count =          107
 tflux_vnod: current mean I/O counter =          107
 writing mean record for tflux_vnod; rec. count =          107
 vnod: current mean I/O counter =          107
 writing mean record for vnod; rec. count =          107
 hc300m: current mean I/O counter =          107
 writing mean record for hc300m; rec. count =          107
 tflux_unod: current mean I/O counter =          107
 writing mean record for tflux_unod; rec. count =          107
 slope_x: current mean I/O counter =          107
 writing mean record for slope_x; rec. count =          107
 temp: current mean I/O counter =          107
 writing mean record for temp; rec. count =          107
 unod: current mean I/O counter =          107
 writing mean record for unod; rec. count =          107
 v: current mean I/O counter =          107
 writing mean record for v; rec. count =          107
 ssh: current mean I/O counter =          107
 writing mean record for ssh; rec. count =          107
 hc700m: current mean I/O counter =          107
 writing mean record for hc700m; rec. count =          107
 hc: current mean I/O counter =          107
 writing mean record for hc; rec. count =          107
 tflux_w: current mean I/O counter =          107
 writing mean record for tflux_w; rec. count =          107
 curl_u: current mean I/O counter =          108
 writing mean record for curl_u; rec. count =          108
 rosb: current mean I/O counter =          108
 writing mean record for rosb; rec. count =          108
 N2: current mean I/O counter =          108
 writing mean record for N2; rec. count =          108
 slope_y: current mean I/O counter =          108
 writing mean record for slope_y; rec. count =          108
 unod: current mean I/O counter =          108
 writing mean record for unod; rec. count =          108
 hc300m: current mean I/O counter =          108
 writing mean record for hc300m; rec. count =          108
 u: current mean I/O counter =          108
 writing mean record for u; rec. count =          108
 slope_x: current mean I/O counter =          108
 writing mean record for slope_x; rec. count =          108
 temp: current mean I/O counter =          108
 writing mean record for temp; rec. count =          108
 vnod: current mean I/O counter =          108
 writing mean record for vnod; rec. count =          108
 v: current mean I/O counter =          108
 writing mean record for v; rec. count =          108
 sst: current mean I/O counter =          108
 writing mean record for sst; rec. count =          108
 hc: current mean I/O counter =          108
 writing mean record for hc; rec. count =          108
 tflux_vnod: current mean I/O counter =          108
 writing mean record for tflux_vnod; rec. count =          108
 ssh: current mean I/O counter =          108
 writing mean record for ssh; rec. count =          108
 hc700m: current mean I/O counter =          108
 writing mean record for hc700m; rec. count =          108
 tflux_unod: current mean I/O counter =          108
 writing mean record for tflux_unod; rec. count =          108
 tflux_w: current mean I/O counter =          108
 writing mean record for tflux_w; rec. count =          108
 curl_u: current mean I/O counter =          109
 writing mean record for curl_u; rec. count =          109
 rosb: current mean I/O counter =          109
 writing mean record for rosb; rec. count =          109
 N2: current mean I/O counter =          109
 writing mean record for N2; rec. count =          109
 slope_y: current mean I/O counter =          109
 writing mean record for slope_y; rec. count =          109
 u: current mean I/O counter =          109
 writing mean record for u; rec. count =          109
 sst: current mean I/O counter =          109
 writing mean record for sst; rec. count =          109
 hc300m: current mean I/O counter =          109
 writing mean record for hc300m; rec. count =          109
 slope_x: current mean I/O counter =          109
 writing mean record for slope_x; rec. count =          109
 unod: current mean I/O counter =          109
 writing mean record for unod; rec. count =          109
 hc: current mean I/O counter =          109
 writing mean record for hc; rec. count =          109
 tflux_unod: current mean I/O counter =          109
 writing mean record for tflux_unod; rec. count =          109
 tflux_vnod: current mean I/O counter =          109
 writing mean record for tflux_vnod; rec. count =          109
 temp: current mean I/O counter =          109
 writing mean record for temp; rec. count =          109
 vnod: current mean I/O counter =          109
 writing mean record for vnod; rec. count =          109
 v: current mean I/O counter =          109
 writing mean record for v; rec. count =          109
 ssh: current mean I/O counter =          109
 writing mean record for ssh; rec. count =          109
 hc700m: current mean I/O counter =          109
 writing mean record for hc700m; rec. count =          109
 tflux_w: current mean I/O counter =          109
 writing mean record for tflux_w; rec. count =          109
 curl_u: current mean I/O counter =          110
 writing mean record for curl_u; rec. count =          110
 rosb: current mean I/O counter =          110
 writing mean record for rosb; rec. count =          110
 N2: current mean I/O counter =          110
 writing mean record for N2; rec. count =          110
 slope_y: current mean I/O counter =          110
 writing mean record for slope_y; rec. count =          110
 temp: current mean I/O counter =          110
 writing mean record for temp; rec. count =          110
 unod: current mean I/O counter =          110
 writing mean record for unod; rec. count =          110
 u: current mean I/O counter =          110
 writing mean record for u; rec. count =          110
 sst: current mean I/O counter =          110
 writing mean record for sst; rec. count =          110
 hc300m: current mean I/O counter =          110
 writing mean record for hc300m; rec. count =          110
 hc: current mean I/O counter =          110
 writing mean record for hc; rec. count =          110
 tflux_vnod: current mean I/O counter =          110
 writing mean record for tflux_vnod; rec. count =          110
 slope_x: current mean I/O counter =          110
 writing mean record for slope_x; rec. count =          110
 vnod: current mean I/O counter =          110
 writing mean record for vnod; rec. count =          110
 v: current mean I/O counter =          110
 writing mean record for v; rec. count =          110
 ssh: current mean I/O counter =          110
 writing mean record for ssh; rec. count =          110
 hc700m: current mean I/O counter =          110
 writing mean record for hc700m; rec. count =          110
 tflux_unod: current mean I/O counter =          110
 writing mean record for tflux_unod; rec. count =          110
 tflux_w: current mean I/O counter =          110
 writing mean record for tflux_w; rec. count =          110
 curl_u: current mean I/O counter =          111
 writing mean record for curl_u; rec. count =          111
 rosb: current mean I/O counter =          111
 writing mean record for rosb; rec. count =          111
 N2: current mean I/O counter =          111
 writing mean record for N2; rec. count =          111
 slope_y: current mean I/O counter =          111
 writing mean record for slope_y; rec. count =          111
 unod: current mean I/O counter =          111
 writing mean record for unod; rec. count =          111
 u: current mean I/O counter =          111
 writing mean record for u; rec. count =          111
 sst: current mean I/O counter =          111
 writing mean record for sst; rec. count =          111
 slope_x: current mean I/O counter =          111
 writing mean record for slope_x; rec. count =          111
 temp: current mean I/O counter =          111
 writing mean record for temp; rec. count =          111
 vnod: current mean I/O counter =          111
 writing mean record for vnod; rec. count =          111
 v: current mean I/O counter =          111
 writing mean record for v; rec. count =          111
 hc300m: current mean I/O counter =          111
 writing mean record for hc300m; rec. count =          111
 hc: current mean I/O counter =          111
 writing mean record for hc; rec. count =          111
 tflux_vnod: current mean I/O counter =          111
 writing mean record for tflux_vnod; rec. count =          111
 ssh: current mean I/O counter =          111
 writing mean record for ssh; rec. count =          111
 hc700m: current mean I/O counter =          111
 writing mean record for hc700m; rec. count =          111
 tflux_unod: current mean I/O counter =          111
 writing mean record for tflux_unod; rec. count =          111
 tflux_w: current mean I/O counter =          111
 writing mean record for tflux_w; rec. count =          111
 curl_u: current mean I/O counter =          112
 writing mean record for curl_u; rec. count =          112
 rosb: current mean I/O counter =          112
 writing mean record for rosb; rec. count =          112
 N2: current mean I/O counter =          112
 writing mean record for N2; rec. count =          112
 slope_y: current mean I/O counter =          112
 writing mean record for slope_y; rec. count =          112
 u: current mean I/O counter =          112
 writing mean record for u; rec. count =          112
 hc300m: current mean I/O counter =          112
 writing mean record for hc300m; rec. count =          112
 sst: current mean I/O counter =          112
 writing mean record for sst; rec. count =          112
 slope_x: current mean I/O counter =          112
 writing mean record for slope_x; rec. count =          112
 unod: current mean I/O counter =          112
 writing mean record for unod; rec. count =          112
 vnod: current mean I/O counter =          112
 writing mean record for vnod; rec. count =          112
 ssh: current mean I/O counter =          112
 writing mean record for ssh; rec. count =          112
 hc700m: current mean I/O counter =          112
 writing mean record for hc700m; rec. count =          112
 hc: current mean I/O counter =          112
 writing mean record for hc; rec. count =          112
 tflux_unod: current mean I/O counter =          112
 writing mean record for tflux_unod; rec. count =          112
 tflux_vnod: current mean I/O counter =          112
 writing mean record for tflux_vnod; rec. count =          112
 temp: current mean I/O counter =          112
 writing mean record for temp; rec. count =          112
 v: current mean I/O counter =          112
 writing mean record for v; rec. count =          112
 tflux_w: current mean I/O counter =          112
 writing mean record for tflux_w; rec. count =          112
 curl_u: current mean I/O counter =          113
 writing mean record for curl_u; rec. count =          113
 rosb: current mean I/O counter =          113
 writing mean record for rosb; rec. count =          113
 N2: current mean I/O counter =          113
 writing mean record for N2; rec. count =          113
 slope_y: current mean I/O counter =          113
 writing mean record for slope_y; rec. count =          113
 unod: current mean I/O counter =          113
 writing mean record for unod; rec. count =          113
 hc: current mean I/O counter =          113
 writing mean record for hc; rec. count =          113
 slope_x: current mean I/O counter =          113
 writing mean record for slope_x; rec. count =          113
 vnod: current mean I/O counter =          113
 writing mean record for vnod; rec. count =          113
 u: current mean I/O counter =          113
 writing mean record for u; rec. count =          113
 sst: current mean I/O counter =          113
 writing mean record for sst; rec. count =          113
 hc300m: current mean I/O counter =          113
 writing mean record for hc300m; rec. count =          113
 tflux_vnod: current mean I/O counter =          113
 writing mean record for tflux_vnod; rec. count =          113
 temp: current mean I/O counter =          113
 writing mean record for temp; rec. count =          113
 v: current mean I/O counter =          113
 writing mean record for v; rec. count =          113
 ssh: current mean I/O counter =          113
 writing mean record for ssh; rec. count =          113
 hc700m: current mean I/O counter =          113
 writing mean record for hc700m; rec. count =          113
 tflux_unod: current mean I/O counter =          113
 writing mean record for tflux_unod; rec. count =          113
 tflux_w: current mean I/O counter =          113
 writing mean record for tflux_w; rec. count =          113
 curl_u: current mean I/O counter =          114
 writing mean record for curl_u; rec. count =          114
 N2: current mean I/O counter =          114
 writing mean record for N2; rec. count =          114
 slope_y: current mean I/O counter =          114
 writing mean record for slope_y; rec. count =          114
 u: current mean I/O counter =          114
 writing mean record for u; rec. count =          114
 rosb: current mean I/O counter =          114
 writing mean record for rosb; rec. count =          114
 unod: current mean I/O counter =          114
 writing mean record for unod; rec. count =          114
 sst: current mean I/O counter =          114
 writing mean record for sst; rec. count =          114
 hc300m: current mean I/O counter =          114
 writing mean record for hc300m; rec. count =          114
 hc: current mean I/O counter =          114
 writing mean record for hc; rec. count =          114
 tflux_vnod: current mean I/O counter =          114
 writing mean record for tflux_vnod; rec. count =          114
 slope_x: current mean I/O counter =          114
 writing mean record for slope_x; rec. count =          114
 temp: current mean I/O counter =          114
 writing mean record for temp; rec. count =          114
 vnod: current mean I/O counter =          114
 writing mean record for vnod; rec. count =          114
 v: current mean I/O counter =          114
 writing mean record for v; rec. count =          114
 ssh: current mean I/O counter =          114
 writing mean record for ssh; rec. count =          114
 hc700m: current mean I/O counter =          114
 writing mean record for hc700m; rec. count =          114
 tflux_unod: current mean I/O counter =          114
 writing mean record for tflux_unod; rec. count =          114
 tflux_w: current mean I/O counter =          114
 writing mean record for tflux_w; rec. count =          114
 curl_u: current mean I/O counter =          115
 writing mean record for curl_u; rec. count =          115
 rosb: current mean I/O counter =          115
 writing mean record for rosb; rec. count =          115
 N2: current mean I/O counter =          115
 writing mean record for N2; rec. count =          115
 slope_y: current mean I/O counter =          115
 writing mean record for slope_y; rec. count =          115
 unod: current mean I/O counter =          115
 writing mean record for unod; rec. count =          115
 u: current mean I/O counter =          115
 writing mean record for u; rec. count =          115
 sst: current mean I/O counter =          115
 writing mean record for sst; rec. count =          115
 hc300m: current mean I/O counter =          115
 writing mean record for hc300m; rec. count =          115
 hc: current mean I/O counter =          115
 writing mean record for hc; rec. count =          115
 temp: current mean I/O counter =          115
 writing mean record for temp; rec. count =          115
 tflux_vnod: current mean I/O counter =          115
 writing mean record for tflux_vnod; rec. count =          115
 v: current mean I/O counter =          115
 writing mean record for v; rec. count =          115
 slope_x: current mean I/O counter =          115
 writing mean record for slope_x; rec. count =          115
 vnod: current mean I/O counter =          115
 writing mean record for vnod; rec. count =          115
 ssh: current mean I/O counter =          115
 writing mean record for ssh; rec. count =          115
 hc700m: current mean I/O counter =          115
 writing mean record for hc700m; rec. count =          115
 tflux_unod: current mean I/O counter =          115
 writing mean record for tflux_unod; rec. count =          115
 tflux_w: current mean I/O counter =          115
 writing mean record for tflux_w; rec. count =          115
 curl_u: current mean I/O counter =          116
 writing mean record for curl_u; rec. count =          116
 rosb: current mean I/O counter =          116
 writing mean record for rosb; rec. count =          116
 N2: current mean I/O counter =          116
 writing mean record for N2; rec. count =          116
 slope_y: current mean I/O counter =          116
 writing mean record for slope_y; rec. count =          116
 unod: current mean I/O counter =          116
 writing mean record for unod; rec. count =          116
 u: current mean I/O counter =          116
 writing mean record for u; rec. count =          116
 sst: current mean I/O counter =          116
 writing mean record for sst; rec. count =          116
 hc300m: current mean I/O counter =          116
 writing mean record for hc300m; rec. count =          116
 vnod: current mean I/O counter =          116
 writing mean record for vnod; rec. count =          116
 hc: current mean I/O counter =          116
 writing mean record for hc; rec. count =          116
 v: current mean I/O counter =          116
 writing mean record for v; rec. count =          116
 ssh: current mean I/O counter =          116
 writing mean record for ssh; rec. count =          116
 tflux_vnod: current mean I/O counter =          116
 writing mean record for tflux_vnod; rec. count =          116
 slope_x: current mean I/O counter =          116
 writing mean record for slope_x; rec. count =          116
 temp: current mean I/O counter =          116
 writing mean record for temp; rec. count =          116
 hc700m: current mean I/O counter =          116
 writing mean record for hc700m; rec. count =          116
 tflux_unod: current mean I/O counter =          116
 writing mean record for tflux_unod; rec. count =          116
 tflux_w: current mean I/O counter =          116
 writing mean record for tflux_w; rec. count =          116
 curl_u: current mean I/O counter =          117
 writing mean record for curl_u; rec. count =          117
 rosb: current mean I/O counter =          117
 writing mean record for rosb; rec. count =          117
 N2: current mean I/O counter =          117
 writing mean record for N2; rec. count =          117
 slope_x: current mean I/O counter =          117
 writing mean record for slope_x; rec. count =          117
 slope_y: current mean I/O counter =          117
 writing mean record for slope_y; rec. count =          117
 temp: current mean I/O counter =          117
 writing mean record for temp; rec. count =          117
 unod: current mean I/O counter =          117
 writing mean record for unod; rec. count =          117
 vnod: current mean I/O counter =          117
 writing mean record for vnod; rec. count =          117
 u: current mean I/O counter =          117
 writing mean record for u; rec. count =          117
 v: current mean I/O counter =          117
 writing mean record for v; rec. count =          117
 sst: current mean I/O counter =          117
 writing mean record for sst; rec. count =          117
 ssh: current mean I/O counter =          117
 writing mean record for ssh; rec. count =          117
 hc300m: current mean I/O counter =          117
 writing mean record for hc300m; rec. count =          117
 hc700m: current mean I/O counter =          117
 writing mean record for hc700m; rec. count =          117
 hc: current mean I/O counter =          117
 writing mean record for hc; rec. count =          117
 tflux_unod: current mean I/O counter =          117
 writing mean record for tflux_unod; rec. count =          117
 tflux_vnod: current mean I/O counter =          117
 writing mean record for tflux_vnod; rec. count =          117
 tflux_w: current mean I/O counter =          117
 writing mean record for tflux_w; rec. count =          117
 curl_u: current mean I/O counter =          118
 writing mean record for curl_u; rec. count =          118
 rosb: current mean I/O counter =          118
 writing mean record for rosb; rec. count =          118
 N2: current mean I/O counter =          118
 writing mean record for N2; rec. count =          118
 slope_y: current mean I/O counter =          118
 writing mean record for slope_y; rec. count =          118
 unod: current mean I/O counter =          118
 writing mean record for unod; rec. count =          118
 u: current mean I/O counter =          118
 writing mean record for u; rec. count =          118
 sst: current mean I/O counter =          118
 writing mean record for sst; rec. count =          118
 v: current mean I/O counter =          118
 writing mean record for v; rec. count =          118
 slope_x: current mean I/O counter =          118
 writing mean record for slope_x; rec. count =          118
 temp: current mean I/O counter =          118
 writing mean record for temp; rec. count =          118
 vnod: current mean I/O counter =          118
 writing mean record for vnod; rec. count =          118
 hc300m: current mean I/O counter =          118
 writing mean record for hc300m; rec. count =          118
 hc: current mean I/O counter =          118
 writing mean record for hc; rec. count =          118
 tflux_vnod: current mean I/O counter =          118
 writing mean record for tflux_vnod; rec. count =          118
 ssh: current mean I/O counter =          118
 writing mean record for ssh; rec. count =          118
 hc700m: current mean I/O counter =          118
 writing mean record for hc700m; rec. count =          118
 tflux_unod: current mean I/O counter =          118
 writing mean record for tflux_unod; rec. count =          118
 tflux_w: current mean I/O counter =          118
 writing mean record for tflux_w; rec. count =          118
 curl_u: current mean I/O counter =          119
 writing mean record for curl_u; rec. count =          119
 rosb: current mean I/O counter =          119
 writing mean record for rosb; rec. count =          119
 N2: current mean I/O counter =          119
 writing mean record for N2; rec. count =          119
 slope_y: current mean I/O counter =          119
 writing mean record for slope_y; rec. count =          119
 unod: current mean I/O counter =          119
 writing mean record for unod; rec. count =          119
 u: current mean I/O counter =          119
 writing mean record for u; rec. count =          119
 sst: current mean I/O counter =          119
 writing mean record for sst; rec. count =          119
 hc300m: current mean I/O counter =          119
 writing mean record for hc300m; rec. count =          119
 slope_x: current mean I/O counter =          119
 writing mean record for slope_x; rec. count =          119
 temp: current mean I/O counter =          119
 writing mean record for temp; rec. count =          119
 vnod: current mean I/O counter =          119
 writing mean record for vnod; rec. count =          119
 v: current mean I/O counter =          119
 writing mean record for v; rec. count =          119
 ssh: current mean I/O counter =          119
 writing mean record for ssh; rec. count =          119
 hc700m: current mean I/O counter =          119
 writing mean record for hc700m; rec. count =          119
 hc: current mean I/O counter =          119
 writing mean record for hc; rec. count =          119
 tflux_unod: current mean I/O counter =          119
 writing mean record for tflux_unod; rec. count =          119
 tflux_vnod: current mean I/O counter =          119
 writing mean record for tflux_vnod; rec. count =          119
 tflux_w: current mean I/O counter =          119
 writing mean record for tflux_w; rec. count =          119
 curl_u: current mean I/O counter =          120
 writing mean record for curl_u; rec. count =          120
 rosb: current mean I/O counter =          120
 writing mean record for rosb; rec. count =          120
 N2: current mean I/O counter =          120
 writing mean record for N2; rec. count =          120
 slope_y: current mean I/O counter =          120
 writing mean record for slope_y; rec. count =          120
 u: current mean I/O counter =          120
 writing mean record for u; rec. count =          120
 temp: current mean I/O counter =          120
 writing mean record for temp; rec. count =          120
 unod: current mean I/O counter =          120
 writing mean record for unod; rec. count =          120
 sst: current mean I/O counter =          120
 writing mean record for sst; rec. count =          120
 hc300m: current mean I/O counter =          120
 writing mean record for hc300m; rec. count =          120
 hc: current mean I/O counter =          120
 writing mean record for hc; rec. count =          120
 tflux_vnod: current mean I/O counter =          120
 writing mean record for tflux_vnod; rec. count =          120
 slope_x: current mean I/O counter =          120
 writing mean record for slope_x; rec. count =          120
 vnod: current mean I/O counter =          120
 writing mean record for vnod; rec. count =          120
 v: current mean I/O counter =          120
 writing mean record for v; rec. count =          120
 tflux_unod: current mean I/O counter =          120
 writing mean record for tflux_unod; rec. count =          120
 tflux_w: current mean I/O counter =          120
 writing mean record for tflux_w; rec. count =          120
 ssh: current mean I/O counter =          120
 writing mean record for ssh; rec. count =          120
 hc700m: current mean I/O counter =          120
 writing mean record for hc700m; rec. count =          120
 curl_u: current mean I/O counter =          121
 writing mean record for curl_u; rec. count =          121
 rosb: current mean I/O counter =          121
 writing mean record for rosb; rec. count =          121
 N2: current mean I/O counter =          121
 writing mean record for N2; rec. count =          121
 slope_y: current mean I/O counter =          121
 writing mean record for slope_y; rec. count =          121
 unod: current mean I/O counter =          121
 writing mean record for unod; rec. count =          121
 hc300m: current mean I/O counter =          121
 writing mean record for hc300m; rec. count =          121
 u: current mean I/O counter =          121
 writing mean record for u; rec. count =          121
 temp: current mean I/O counter =          121
 writing mean record for temp; rec. count =          121
 sst: current mean I/O counter =          121
 writing mean record for sst; rec. count =          121
 hc: current mean I/O counter =          121
 writing mean record for hc; rec. count =          121
 tflux_vnod: current mean I/O counter =          121
 writing mean record for tflux_vnod; rec. count =          121
 slope_x: current mean I/O counter =          121
 writing mean record for slope_x; rec. count =          121
 v: current mean I/O counter =          121
 writing mean record for v; rec. count =          121
 vnod: current mean I/O counter =          121
 writing mean record for vnod; rec. count =          121
 tflux_w: current mean I/O counter =          121
 writing mean record for tflux_w; rec. count =          121
 ssh: current mean I/O counter =          121
 writing mean record for ssh; rec. count =          121
 hc700m: current mean I/O counter =          121
 writing mean record for hc700m; rec. count =          121
 tflux_unod: current mean I/O counter =          121
 writing mean record for tflux_unod; rec. count =          121
 curl_u: current mean I/O counter =          122
 writing mean record for curl_u; rec. count =          122
 rosb: current mean I/O counter =          122
 writing mean record for rosb; rec. count =          122
 N2: current mean I/O counter =          122
 writing mean record for N2; rec. count =          122
 slope_y: current mean I/O counter =          122
 writing mean record for slope_y; rec. count =          122
 u: current mean I/O counter =          122
 writing mean record for u; rec. count =          122
 unod: current mean I/O counter =          122
 writing mean record for unod; rec. count =          122
 hc: current mean I/O counter =          122
 writing mean record for hc; rec. count =          122
 tflux_vnod: current mean I/O counter =          122
 writing mean record for tflux_vnod; rec. count =          122
 sst: current mean I/O counter =          122
 writing mean record for sst; rec. count =          122
 hc300m: current mean I/O counter =          122
 writing mean record for hc300m; rec. count =          122
 slope_x: current mean I/O counter =          122
 writing mean record for slope_x; rec. count =          122
 temp: current mean I/O counter =          122
 writing mean record for temp; rec. count =          122
 vnod: current mean I/O counter =          122
 writing mean record for vnod; rec. count =          122
 v: current mean I/O counter =          122
 writing mean record for v; rec. count =          122
 ssh: current mean I/O counter =          122
 writing mean record for ssh; rec. count =          122
 tflux_unod: current mean I/O counter =          122
 writing mean record for tflux_unod; rec. count =          122
 hc700m: current mean I/O counter =          122
 writing mean record for hc700m; rec. count =          122
 tflux_w: current mean I/O counter =          122
 writing mean record for tflux_w; rec. count =          122
 curl_u: current mean I/O counter =          123
 writing mean record for curl_u; rec. count =          123
 rosb: current mean I/O counter =          123
 writing mean record for rosb; rec. count =          123
 N2: current mean I/O counter =          123
 writing mean record for N2; rec. count =          123
 slope_y: current mean I/O counter =          123
 writing mean record for slope_y; rec. count =          123
 unod: current mean I/O counter =          123
 writing mean record for unod; rec. count =          123
 u: current mean I/O counter =          123
 writing mean record for u; rec. count =          123
 sst: current mean I/O counter =          123
 writing mean record for sst; rec. count =          123
 hc300m: current mean I/O counter =          123
 writing mean record for hc300m; rec. count =          123
 slope_x: current mean I/O counter =          123
 writing mean record for slope_x; rec. count =          123
 temp: current mean I/O counter =          123
 writing mean record for temp; rec. count =          123
 vnod: current mean I/O counter =          123
 writing mean record for vnod; rec. count =          123
 v: current mean I/O counter =          123
 writing mean record for v; rec. count =          123
 ssh: current mean I/O counter =          123
 writing mean record for ssh; rec. count =          123
 hc700m: current mean I/O counter =          123
 writing mean record for hc700m; rec. count =          123
 hc: current mean I/O counter =          123
 writing mean record for hc; rec. count =          123
 tflux_vnod: current mean I/O counter =          123
 writing mean record for tflux_vnod; rec. count =          123
 tflux_unod: current mean I/O counter =          123
 writing mean record for tflux_unod; rec. count =          123
 tflux_w: current mean I/O counter =          123
 writing mean record for tflux_w; rec. count =          123
 curl_u: current mean I/O counter =          124
 writing mean record for curl_u; rec. count =          124
 N2: current mean I/O counter =          124
 slope_y: current mean I/O counter =          124
 writing mean record for slope_y; rec. count =          124
 rosb: current mean I/O counter =          124
 writing mean record for rosb; rec. count =          124
 writing mean record for N2; rec. count =          124
 slope_x: current mean I/O counter =          124
 writing mean record for slope_x; rec. count =          124
 temp: current mean I/O counter =          124
 writing mean record for temp; rec. count =          124
 unod: current mean I/O counter =          124
 writing mean record for unod; rec. count =          124
 vnod: current mean I/O counter =          124
 writing mean record for vnod; rec. count =          124
 u: current mean I/O counter =          124
 writing mean record for u; rec. count =          124
 v: current mean I/O counter =          124
 writing mean record for v; rec. count =          124
 sst: current mean I/O counter =          124
 writing mean record for sst; rec. count =          124
 ssh: current mean I/O counter =          124
 writing mean record for ssh; rec. count =          124
 hc300m: current mean I/O counter =          124
 writing mean record for hc300m; rec. count =          124
 hc700m: current mean I/O counter =          124
 writing mean record for hc700m; rec. count =          124
 hc: current mean I/O counter =          124
 writing mean record for hc; rec. count =          124
 tflux_unod: current mean I/O counter =          124
 writing mean record for tflux_unod; rec. count =          124
 tflux_vnod: current mean I/O counter =          124
 writing mean record for tflux_vnod; rec. count =          124
 tflux_w: current mean I/O counter =          124
 writing mean record for tflux_w; rec. count =          124
 curl_u: current mean I/O counter =          125
 writing mean record for curl_u; rec. count =          125
 rosb: current mean I/O counter =          125
 writing mean record for rosb; rec. count =          125
 N2: current mean I/O counter =          125
 writing mean record for N2; rec. count =          125
 slope_y: current mean I/O counter =          125
 writing mean record for slope_y; rec. count =          125
 unod: current mean I/O counter =          125
 writing mean record for unod; rec. count =          125
 u: current mean I/O counter =          125
 writing mean record for u; rec. count =          125
 sst: current mean I/O counter =          125
 writing mean record for sst; rec. count =          125
 hc300m: current mean I/O counter =          125
 writing mean record for hc300m; rec. count =          125
 hc: current mean I/O counter =          125
 writing mean record for hc; rec. count =          125
 tflux_vnod: current mean I/O counter =          125
 writing mean record for tflux_vnod; rec. count =          125
 slope_x: current mean I/O counter =          125
 writing mean record for slope_x; rec. count =          125
 vnod: current mean I/O counter =          125
 writing mean record for vnod; rec. count =          125
 temp: current mean I/O counter =          125
 writing mean record for temp; rec. count =          125
 v: current mean I/O counter =          125
 writing mean record for v; rec. count =          125
 ssh: current mean I/O counter =          125
 writing mean record for ssh; rec. count =          125
 hc700m: current mean I/O counter =          125
 writing mean record for hc700m; rec. count =          125
 tflux_unod: current mean I/O counter =          125
 writing mean record for tflux_unod; rec. count =          125
 tflux_w: current mean I/O counter =          125
 writing mean record for tflux_w; rec. count =          125
 curl_u: current mean I/O counter =          126
 writing mean record for curl_u; rec. count =          126
 rosb: current mean I/O counter =          126
 writing mean record for rosb; rec. count =          126
 N2: current mean I/O counter =          126
 writing mean record for N2; rec. count =          126
 slope_y: current mean I/O counter =          126
 writing mean record for slope_y; rec. count =          126
 unod: current mean I/O counter =          126
 writing mean record for unod; rec. count =          126
 u: current mean I/O counter =          126
 writing mean record for u; rec. count =          126
 sst: current mean I/O counter =          126
 writing mean record for sst; rec. count =          126
 hc300m: current mean I/O counter =          126
 writing mean record for hc300m; rec. count =          126
 tflux_vnod: current mean I/O counter =          126
 writing mean record for tflux_vnod; rec. count =          126
 slope_x: current mean I/O counter =          126
 writing mean record for slope_x; rec. count =          126
 temp: current mean I/O counter =          126
 writing mean record for temp; rec. count =          126
 vnod: current mean I/O counter =          126
 writing mean record for vnod; rec. count =          126
 v: current mean I/O counter =          126
 writing mean record for v; rec. count =          126
 ssh: current mean I/O counter =          126
 writing mean record for ssh; rec. count =          126
 hc700m: current mean I/O counter =          126
 writing mean record for hc700m; rec. count =          126
 hc: current mean I/O counter =          126
 writing mean record for hc; rec. count =          126
 tflux_unod: current mean I/O counter =          126
 writing mean record for tflux_unod; rec. count =          126
 tflux_w: current mean I/O counter =          126
 writing mean record for tflux_w; rec. count =          126
 curl_u: current mean I/O counter =          127
 writing mean record for curl_u; rec. count =          127
 N2: current mean I/O counter =          127
 writing mean record for N2; rec. count =          127
 slope_y: current mean I/O counter =          127
 writing mean record for slope_y; rec. count =          127
 unod: current mean I/O counter =          127
 writing mean record for unod; rec. count =          127
 rosb: current mean I/O counter =          127
 writing mean record for rosb; rec. count =          127
 u: current mean I/O counter =          127
 writing mean record for u; rec. count =          127
 sst: current mean I/O counter =          127
 writing mean record for sst; rec. count =          127
 hc300m: current mean I/O counter =          127
 writing mean record for hc300m; rec. count =          127
 tflux_vnod: current mean I/O counter =          127
 writing mean record for tflux_vnod; rec. count =          127
 v: current mean I/O counter =          127
 writing mean record for v; rec. count =          127
 hc: current mean I/O counter =          127
 writing mean record for hc; rec. count =          127
 slope_x: current mean I/O counter =          127
 writing mean record for slope_x; rec. count =          127
 vnod: current mean I/O counter =          127
 writing mean record for vnod; rec. count =          127
 temp: current mean I/O counter =          127
 writing mean record for temp; rec. count =          127
 hc700m: current mean I/O counter =          127
 writing mean record for hc700m; rec. count =          127
 ssh: current mean I/O counter =          127
 writing mean record for ssh; rec. count =          127
 tflux_unod: current mean I/O counter =          127
 writing mean record for tflux_unod; rec. count =          127
 tflux_w: current mean I/O counter =          127
 writing mean record for tflux_w; rec. count =          127
 curl_u: current mean I/O counter =          128
 writing mean record for curl_u; rec. count =          128
 N2: current mean I/O counter =          128
 writing mean record for N2; rec. count =          128
 slope_y: current mean I/O counter =          128
 writing mean record for slope_y; rec. count =          128
 rosb: current mean I/O counter =          128
 writing mean record for rosb; rec. count =          128
 hc: current mean I/O counter =          128
 writing mean record for hc; rec. count =          128
 tflux_vnod: current mean I/O counter =          128
 writing mean record for tflux_vnod; rec. count =          128
 unod: current mean I/O counter =          128
 writing mean record for unod; rec. count =          128
 u: current mean I/O counter =          128
 writing mean record for u; rec. count =          128
 temp: current mean I/O counter =          128
 writing mean record for temp; rec. count =          128
 sst: current mean I/O counter =          128
 writing mean record for sst; rec. count =          128
 hc300m: current mean I/O counter =          128
 writing mean record for hc300m; rec. count =          128
 slope_x: current mean I/O counter =          128
 writing mean record for slope_x; rec. count =          128
 vnod: current mean I/O counter =          128
 writing mean record for vnod; rec. count =          128
 v: current mean I/O counter =          128
 writing mean record for v; rec. count =          128
 ssh: current mean I/O counter =          128
 writing mean record for ssh; rec. count =          128
 hc700m: current mean I/O counter =          128
 writing mean record for hc700m; rec. count =          128
 tflux_unod: current mean I/O counter =          128
 writing mean record for tflux_unod; rec. count =          128
 tflux_w: current mean I/O counter =          128
 writing mean record for tflux_w; rec. count =          128
 curl_u: current mean I/O counter =          129
 writing mean record for curl_u; rec. count =          129
 rosb: current mean I/O counter =          129
 writing mean record for rosb; rec. count =          129
 N2: current mean I/O counter =          129
 writing mean record for N2; rec. count =          129
 slope_y: current mean I/O counter =          129
 writing mean record for slope_y; rec. count =          129
 unod: current mean I/O counter =          129
 writing mean record for unod; rec. count =          129
 u: current mean I/O counter =          129
 writing mean record for u; rec. count =          129
 slope_x: current mean I/O counter =          129
 writing mean record for slope_x; rec. count =          129
 v: current mean I/O counter =          129
 writing mean record for v; rec. count =          129
 sst: current mean I/O counter =          129
 writing mean record for sst; rec. count =          129
 hc: current mean I/O counter =          129
 writing mean record for hc; rec. count =          129
 tflux_vnod: current mean I/O counter =          129
 writing mean record for tflux_vnod; rec. count =          129
 temp: current mean I/O counter =          129
 writing mean record for temp; rec. count =          129
 vnod: current mean I/O counter =          129
 writing mean record for vnod; rec. count =          129
 hc300m: current mean I/O counter =          129
 writing mean record for hc300m; rec. count =          129
 ssh: current mean I/O counter =          129
 writing mean record for ssh; rec. count =          129
 hc700m: current mean I/O counter =          129
 writing mean record for hc700m; rec. count =          129
 tflux_unod: current mean I/O counter =          129
 writing mean record for tflux_unod; rec. count =          129
 tflux_w: current mean I/O counter =          129
 writing mean record for tflux_w; rec. count =          129
 curl_u: current mean I/O counter =          130
 writing mean record for curl_u; rec. count =          130
 rosb: current mean I/O counter =          130
 writing mean record for rosb; rec. count =          130
 N2: current mean I/O counter =          130
 writing mean record for N2; rec. count =          130
 slope_y: current mean I/O counter =          130
 writing mean record for slope_y; rec. count =          130
 unod: current mean I/O counter =          130
 writing mean record for unod; rec. count =          130
 u: current mean I/O counter =          130
 writing mean record for u; rec. count =          130
 sst: current mean I/O counter =          130
 writing mean record for sst; rec. count =          130
 hc300m: current mean I/O counter =          130
 writing mean record for hc300m; rec. count =          130
 temp: current mean I/O counter =          130
 writing mean record for temp; rec. count =          130
 slope_x: current mean I/O counter =          130
 writing mean record for slope_x; rec. count =          130
 vnod: current mean I/O counter =          130
 writing mean record for vnod; rec. count =          130
 tflux_vnod: current mean I/O counter =          130
 writing mean record for tflux_vnod; rec. count =          130
 v: current mean I/O counter =          130
 writing mean record for v; rec. count =          130
 ssh: current mean I/O counter =          130
 writing mean record for ssh; rec. count =          130
 hc700m: current mean I/O counter =          130
 writing mean record for hc700m; rec. count =          130
 hc: current mean I/O counter =          130
 writing mean record for hc; rec. count =          130
 tflux_unod: current mean I/O counter =          130
 writing mean record for tflux_unod; rec. count =          130
 tflux_w: current mean I/O counter =          130
 writing mean record for tflux_w; rec. count =          130
 curl_u: current mean I/O counter =          131
 writing mean record for curl_u; rec. count =          131
 rosb: current mean I/O counter =          131
 writing mean record for rosb; rec. count =          131
 N2: current mean I/O counter =          131
 writing mean record for N2; rec. count =          131
 slope_y: current mean I/O counter =          131
 writing mean record for slope_y; rec. count =          131
 unod: current mean I/O counter =          131
 writing mean record for unod; rec. count =          131
 u: current mean I/O counter =          131
 writing mean record for u; rec. count =          131
 sst: current mean I/O counter =          131
 writing mean record for sst; rec. count =          131
 temp: current mean I/O counter =          131
 writing mean record for temp; rec. count =          131
 hc300m: current mean I/O counter =          131
 writing mean record for hc300m; rec. count =          131
 vnod: current mean I/O counter =          131
 writing mean record for vnod; rec. count =          131
 hc: current mean I/O counter =          131
 writing mean record for hc; rec. count =          131
 tflux_vnod: current mean I/O counter =          131
 writing mean record for tflux_vnod; rec. count =          131
 slope_x: current mean I/O counter =          131
 writing mean record for slope_x; rec. count =          131
 ssh: current mean I/O counter =          131
 writing mean record for ssh; rec. count =          131
 v: current mean I/O counter =          131
 writing mean record for v; rec. count =          131
 hc700m: current mean I/O counter =          131
 writing mean record for hc700m; rec. count =          131
 tflux_unod: current mean I/O counter =          131
 writing mean record for tflux_unod; rec. count =          131
 tflux_w: current mean I/O counter =          131
 writing mean record for tflux_w; rec. count =          131
 curl_u: current mean I/O counter =          132
 writing mean record for curl_u; rec. count =          132
 rosb: current mean I/O counter =          132
 writing mean record for rosb; rec. count =          132
 N2: current mean I/O counter =          132
 writing mean record for N2; rec. count =          132
 slope_y: current mean I/O counter =          132
 writing mean record for slope_y; rec. count =          132
 u: current mean I/O counter =          132
 writing mean record for u; rec. count =          132
 hc300m: current mean I/O counter =          132
 writing mean record for hc300m; rec. count =          132
 unod: current mean I/O counter =          132
 writing mean record for unod; rec. count =          132
 temp: current mean I/O counter =          132
 writing mean record for temp; rec. count =          132
 sst: current mean I/O counter =          132
 writing mean record for sst; rec. count =          132
 hc: current mean I/O counter =          132
 writing mean record for hc; rec. count =          132
 slope_x: current mean I/O counter =          132
 writing mean record for slope_x; rec. count =          132
 vnod: current mean I/O counter =          132
 writing mean record for vnod; rec. count =          132
 v: current mean I/O counter =          132
 writing mean record for v; rec. count =          132
 ssh: current mean I/O counter =          132
 writing mean record for ssh; rec. count =          132
 tflux_vnod: current mean I/O counter =          132
 writing mean record for tflux_vnod; rec. count =          132
 hc700m: current mean I/O counter =          132
 writing mean record for hc700m; rec. count =          132
 tflux_unod: current mean I/O counter =          132
 writing mean record for tflux_unod; rec. count =          132
 tflux_w: current mean I/O counter =          132
 writing mean record for tflux_w; rec. count =          132
 curl_u: current mean I/O counter =          133
 writing mean record for curl_u; rec. count =          133
 rosb: current mean I/O counter =          133
 writing mean record for rosb; rec. count =          133
 N2: current mean I/O counter =          133
 writing mean record for N2; rec. count =          133
 slope_y: current mean I/O counter =          133
 writing mean record for slope_y; rec. count =          133
 u: current mean I/O counter =          133
 writing mean record for u; rec. count =          133
 sst: current mean I/O counter =          133
 writing mean record for sst; rec. count =          133
 hc300m: current mean I/O counter =          133
 writing mean record for hc300m; rec. count =          133
 vnod: current mean I/O counter =          133
 writing mean record for vnod; rec. count =          133
 hc: current mean I/O counter =          133
 writing mean record for hc; rec. count =          133
 tflux_vnod: current mean I/O counter =          133
 writing mean record for tflux_vnod; rec. count =          133
 slope_x: current mean I/O counter =          133
 writing mean record for slope_x; rec. count =          133
 temp: current mean I/O counter =          133
 writing mean record for temp; rec. count =          133
 unod: current mean I/O counter =          133
 writing mean record for unod; rec. count =          133
 ssh: current mean I/O counter =          133
 writing mean record for ssh; rec. count =          133
 v: current mean I/O counter =          133
 writing mean record for v; rec. count =          133
 hc700m: current mean I/O counter =          133
 writing mean record for hc700m; rec. count =          133
 tflux_unod: current mean I/O counter =          133
 writing mean record for tflux_unod; rec. count =          133
 tflux_w: current mean I/O counter =          133
 writing mean record for tflux_w; rec. count =          133
 curl_u: current mean I/O counter =          134
 writing mean record for curl_u; rec. count =          134
 N2: current mean I/O counter =          134
 writing mean record for N2; rec. count =          134
 slope_y: current mean I/O counter =          134
 writing mean record for slope_y; rec. count =          134
 unod: current mean I/O counter =          134
 writing mean record for unod; rec. count =          134
 sst: current mean I/O counter =          134
 writing mean record for sst; rec. count =          134
 u: current mean I/O counter =          134
 writing mean record for u; rec. count =          134
 hc300m: current mean I/O counter =          134
 writing mean record for hc300m; rec. count =          134
 rosb: current mean I/O counter =          134
 writing mean record for rosb; rec. count =          134
 temp: current mean I/O counter =          134
 writing mean record for temp; rec. count =          134
 tflux_vnod: current mean I/O counter =          134
 writing mean record for tflux_vnod; rec. count =          134
 slope_x: current mean I/O counter =          134
 writing mean record for slope_x; rec. count =          134
 hc: current mean I/O counter =          134
 writing mean record for hc; rec. count =          134
 vnod: current mean I/O counter =          134
 writing mean record for vnod; rec. count =          134
 v: current mean I/O counter =          134
 writing mean record for v; rec. count =          134
 ssh: current mean I/O counter =          134
 writing mean record for ssh; rec. count =          134
 hc700m: current mean I/O counter =          134
 writing mean record for hc700m; rec. count =          134
 tflux_unod: current mean I/O counter =          134
 writing mean record for tflux_unod; rec. count =          134
 tflux_w: current mean I/O counter =          134
 writing mean record for tflux_w; rec. count =          134
 curl_u: current mean I/O counter =          135
 writing mean record for curl_u; rec. count =          135
 rosb: current mean I/O counter =          135
 writing mean record for rosb; rec. count =          135
 N2: current mean I/O counter =          135
 writing mean record for N2; rec. count =          135
 slope_y: current mean I/O counter =          135
 writing mean record for slope_y; rec. count =          135
 slope_x: current mean I/O counter =          135
 writing mean record for slope_x; rec. count =          135
 temp: current mean I/O counter =          135
 writing mean record for temp; rec. count =          135
 unod: current mean I/O counter =          135
 writing mean record for unod; rec. count =          135
 vnod: current mean I/O counter =          135
 writing mean record for vnod; rec. count =          135
 u: current mean I/O counter =          135
 writing mean record for u; rec. count =          135
 sst: current mean I/O counter =          135
 writing mean record for sst; rec. count =          135
 ssh: current mean I/O counter =          135
 writing mean record for ssh; rec. count =          135
 hc300m: current mean I/O counter =          135
 writing mean record for hc300m; rec. count =          135
 hc: current mean I/O counter =          135
 writing mean record for hc; rec. count =          135
 tflux_vnod: current mean I/O counter =          135
 writing mean record for tflux_vnod; rec. count =          135
 tflux_unod: current mean I/O counter =          135
 writing mean record for tflux_unod; rec. count =          135
 v: current mean I/O counter =          135
 writing mean record for v; rec. count =          135
 hc700m: current mean I/O counter =          135
 writing mean record for hc700m; rec. count =          135
 tflux_w: current mean I/O counter =          135
 writing mean record for tflux_w; rec. count =          135
 curl_u: current mean I/O counter =          136
 writing mean record for curl_u; rec. count =          136
 rosb: current mean I/O counter =          136
 writing mean record for rosb; rec. count =          136
 N2: current mean I/O counter =          136
 writing mean record for N2; rec. count =          136
 slope_y: current mean I/O counter =          136
 writing mean record for slope_y; rec. count =          136
 unod: current mean I/O counter =          136
 writing mean record for unod; rec. count =          136
 u: current mean I/O counter =          136
 writing mean record for u; rec. count =          136
 sst: current mean I/O counter =          136
 writing mean record for sst; rec. count =          136
 hc300m: current mean I/O counter =          136
 writing mean record for hc300m; rec. count =          136
 tflux_vnod: current mean I/O counter =          136
 writing mean record for tflux_vnod; rec. count =          136
 slope_x: current mean I/O counter =          136
 writing mean record for slope_x; rec. count =          136
 temp: current mean I/O counter =          136
 writing mean record for temp; rec. count =          136
 vnod: current mean I/O counter =          136
 writing mean record for vnod; rec. count =          136
 v: current mean I/O counter =          136
 writing mean record for v; rec. count =          136
 ssh: current mean I/O counter =          136
 writing mean record for ssh; rec. count =          136
 hc700m: current mean I/O counter =          136
 writing mean record for hc700m; rec. count =          136
 hc: current mean I/O counter =          136
 writing mean record for hc; rec. count =          136
 tflux_unod: current mean I/O counter =          136
 writing mean record for tflux_unod; rec. count =          136
 tflux_w: current mean I/O counter =          136
 writing mean record for tflux_w; rec. count =          136
 curl_u: current mean I/O counter =          137
 writing mean record for curl_u; rec. count =          137
 rosb: current mean I/O counter =          137
 writing mean record for rosb; rec. count =          137
 N2: current mean I/O counter =          137
 writing mean record for N2; rec. count =          137
 slope_y: current mean I/O counter =          137
 writing mean record for slope_y; rec. count =          137
 unod: current mean I/O counter =          137
 writing mean record for unod; rec. count =          137
 u: current mean I/O counter =          137
 writing mean record for u; rec. count =          137
 hc300m: current mean I/O counter =          137
 writing mean record for hc300m; rec. count =          137
 sst: current mean I/O counter =          137
 writing mean record for sst; rec. count =          137
 slope_x: current mean I/O counter =          137
 writing mean record for slope_x; rec. count =          137
 vnod: current mean I/O counter =          137
 writing mean record for vnod; rec. count =          137
 hc: current mean I/O counter =          137
 writing mean record for hc; rec. count =          137
 temp: current mean I/O counter =          137
 writing mean record for temp; rec. count =          137
 v: current mean I/O counter =          137
 writing mean record for v; rec. count =          137
 ssh: current mean I/O counter =          137
 writing mean record for ssh; rec. count =          137
 hc700m: current mean I/O counter =          137
 writing mean record for hc700m; rec. count =          137
 tflux_unod: current mean I/O counter =          137
 writing mean record for tflux_unod; rec. count =          137
 tflux_vnod: current mean I/O counter =          137
 writing mean record for tflux_vnod; rec. count =          137
 tflux_w: current mean I/O counter =          137
 writing mean record for tflux_w; rec. count =          137
 curl_u: current mean I/O counter =          138
 writing mean record for curl_u; rec. count =          138
 rosb: current mean I/O counter =          138
 writing mean record for rosb; rec. count =          138
 N2: current mean I/O counter =          138
 writing mean record for N2; rec. count =          138
 slope_y: current mean I/O counter =          138
 writing mean record for slope_y; rec. count =          138
 unod: current mean I/O counter =          138
 writing mean record for unod; rec. count =          138
 vnod: current mean I/O counter =          138
 writing mean record for vnod; rec. count =          138
 u: current mean I/O counter =          138
 writing mean record for u; rec. count =          138
 sst: current mean I/O counter =          138
 writing mean record for sst; rec. count =          138
 hc300m: current mean I/O counter =          138
 writing mean record for hc300m; rec. count =          138
 hc: current mean I/O counter =          138
 writing mean record for hc; rec. count =          138
 slope_x: current mean I/O counter =          138
 writing mean record for slope_x; rec. count =          138
 tflux_vnod: current mean I/O counter =          138
 writing mean record for tflux_vnod; rec. count =          138
 temp: current mean I/O counter =          138
 writing mean record for temp; rec. count =          138
 v: current mean I/O counter =          138
 writing mean record for v; rec. count =          138
 ssh: current mean I/O counter =          138
 writing mean record for ssh; rec. count =          138
 tflux_unod: current mean I/O counter =          138
 writing mean record for tflux_unod; rec. count =          138
 hc700m: current mean I/O counter =          138
 writing mean record for hc700m; rec. count =          138
 tflux_w: current mean I/O counter =          138
 writing mean record for tflux_w; rec. count =          138
 curl_u: current mean I/O counter =          139
 writing mean record for curl_u; rec. count =          139
 rosb: current mean I/O counter =          139
 writing mean record for rosb; rec. count =          139
 N2: current mean I/O counter =          139
 writing mean record for N2; rec. count =          139
 slope_y: current mean I/O counter =          139
 writing mean record for slope_y; rec. count =          139
 u: current mean I/O counter =          139
 writing mean record for u; rec. count =          139
 sst: current mean I/O counter =          139
 writing mean record for sst; rec. count =          139
 slope_x: current mean I/O counter =          139
 writing mean record for slope_x; rec. count =          139
 temp: current mean I/O counter =          139
 writing mean record for temp; rec. count =          139
 unod: current mean I/O counter =          139
 writing mean record for unod; rec. count =          139
 vnod: current mean I/O counter =          139
 writing mean record for vnod; rec. count =          139
 v: current mean I/O counter =          139
 writing mean record for v; rec. count =          139
 hc300m: current mean I/O counter =          139
 writing mean record for hc300m; rec. count =          139
 hc: current mean I/O counter =          139
 writing mean record for hc; rec. count =          139
 tflux_vnod: current mean I/O counter =          139
 writing mean record for tflux_vnod; rec. count =          139
 ssh: current mean I/O counter =          139
 writing mean record for ssh; rec. count =          139
 hc700m: current mean I/O counter =          139
 writing mean record for hc700m; rec. count =          139
 tflux_unod: current mean I/O counter =          139
 writing mean record for tflux_unod; rec. count =          139
 tflux_w: current mean I/O counter =          139
 writing mean record for tflux_w; rec. count =          139
 curl_u: current mean I/O counter =          140
 writing mean record for curl_u; rec. count =          140
 N2: current mean I/O counter =          140
 writing mean record for N2; rec. count =          140
 unod: current mean I/O counter =          140
 writing mean record for unod; rec. count =          140
 rosb: current mean I/O counter =          140
 writing mean record for rosb; rec. count =          140
 slope_y: current mean I/O counter =          140
 writing mean record for slope_y; rec. count =          140
 u: current mean I/O counter =          140
 writing mean record for u; rec. count =          140
 hc300m: current mean I/O counter =          140
 writing mean record for hc300m; rec. count =          140
 slope_x: current mean I/O counter =          140
 writing mean record for slope_x; rec. count =          140
 temp: current mean I/O counter =          140
 writing mean record for temp; rec. count =          140
 vnod: current mean I/O counter =          140
 writing mean record for vnod; rec. count =          140
 v: current mean I/O counter =          140
 writing mean record for v; rec. count =          140
 sst: current mean I/O counter =          140
 writing mean record for sst; rec. count =          140
 hc700m: current mean I/O counter =          140
 writing mean record for hc700m; rec. count =          140
 hc: current mean I/O counter =          140
 writing mean record for hc; rec. count =          140
 ssh: current mean I/O counter =          140
 writing mean record for ssh; rec. count =          140
 tflux_unod: current mean I/O counter =          140
 writing mean record for tflux_unod; rec. count =          140
 tflux_vnod: current mean I/O counter =          140
 writing mean record for tflux_vnod; rec. count =          140
 tflux_w: current mean I/O counter =          140
 writing mean record for tflux_w; rec. count =          140
 curl_u: current mean I/O counter =          141
 writing mean record for curl_u; rec. count =          141
 rosb: current mean I/O counter =          141
 writing mean record for rosb; rec. count =          141
 N2: current mean I/O counter =          141
 writing mean record for N2; rec. count =          141
 slope_y: current mean I/O counter =          141
 writing mean record for slope_y; rec. count =          141
 slope_x: current mean I/O counter =          141
 writing mean record for slope_x; rec. count =          141
 temp: current mean I/O counter =          141
 writing mean record for temp; rec. count =          141
 vnod: current mean I/O counter =          141
 writing mean record for vnod; rec. count =          141
 u: current mean I/O counter =          141
 writing mean record for u; rec. count =          141
 sst: current mean I/O counter =          141
 writing mean record for sst; rec. count =          141
 hc300m: current mean I/O counter =          141
 writing mean record for hc300m; rec. count =          141
 hc: current mean I/O counter =          141
 writing mean record for hc; rec. count =          141
 tflux_vnod: current mean I/O counter =          141
 writing mean record for tflux_vnod; rec. count =          141
 unod: current mean I/O counter =          141
 writing mean record for unod; rec. count =          141
 v: current mean I/O counter =          141
 writing mean record for v; rec. count =          141
 ssh: current mean I/O counter =          141
 writing mean record for ssh; rec. count =          141
 hc700m: current mean I/O counter =          141
 writing mean record for hc700m; rec. count =          141
 tflux_unod: current mean I/O counter =          141
 writing mean record for tflux_unod; rec. count =          141
 tflux_w: current mean I/O counter =          141
 writing mean record for tflux_w; rec. count =          141
 curl_u: current mean I/O counter =          142
 writing mean record for curl_u; rec. count =          142
 N2: current mean I/O counter =          142
 writing mean record for N2; rec. count =          142
 slope_y: current mean I/O counter =          142
 writing mean record for slope_y; rec. count =          142
 rosb: current mean I/O counter =          142
 writing mean record for rosb; rec. count =          142
 unod: current mean I/O counter =          142
 writing mean record for unod; rec. count =          142
 vnod: current mean I/O counter =          142
 writing mean record for vnod; rec. count =          142
 u: current mean I/O counter =          142
 writing mean record for u; rec. count =          142
 sst: current mean I/O counter =          142
 writing mean record for sst; rec. count =          142
 hc300m: current mean I/O counter =          142
 writing mean record for hc300m; rec. count =          142
 slope_x: current mean I/O counter =          142
 writing mean record for slope_x; rec. count =          142
 temp: current mean I/O counter =          142
 writing mean record for temp; rec. count =          142
 tflux_vnod: current mean I/O counter =          142
 writing mean record for tflux_vnod; rec. count =          142
 v: current mean I/O counter =          142
 writing mean record for v; rec. count =          142
 ssh: current mean I/O counter =          142
 writing mean record for ssh; rec. count =          142
 hc700m: current mean I/O counter =          142
 writing mean record for hc700m; rec. count =          142
 hc: current mean I/O counter =          142
 writing mean record for hc; rec. count =          142
 tflux_w: current mean I/O counter =          142
 writing mean record for tflux_w; rec. count =          142
 tflux_unod: current mean I/O counter =          142
 writing mean record for tflux_unod; rec. count =          142
 curl_u: current mean I/O counter =          143
 writing mean record for curl_u; rec. count =          143
 N2: current mean I/O counter =          143
 writing mean record for N2; rec. count =          143
 slope_y: current mean I/O counter =          143
 writing mean record for slope_y; rec. count =          143
 FESOM =======================================================
 FESOM step:         144  day:           1  year:        2008
 
 rosb: current mean I/O counter =          143
 writing mean record for rosb; rec. count =          143
 temp: current mean I/O counter =          143
 writing mean record for temp; rec. count =          143
 sst: current mean I/O counter =          143
 writing mean record for sst; rec. count =          143
 hc300m: current mean I/O counter =          143
 writing mean record for hc300m; rec. count =          143
 hc: current mean I/O counter =          143
 writing mean record for hc; rec. count =          143
 tflux_vnod: current mean I/O counter =          143
 writing mean record for tflux_vnod; rec. count =          143
 unod: current mean I/O counter =          143
 writing mean record for unod; rec. count =          143
 u: current mean I/O counter =          143
 writing mean record for u; rec. count =          143
 slope_x: current mean I/O counter =          143
 writing mean record for slope_x; rec. count =          143
 vnod: current mean I/O counter =          143
 writing mean record for vnod; rec. count =          143
 v: current mean I/O counter =          143
 writing mean record for v; rec. count =          143
 ssh: current mean I/O counter =          143
 writing mean record for ssh; rec. count =          143
 hc700m: current mean I/O counter =          143
 writing mean record for hc700m; rec. count =          143
 tflux_unod: current mean I/O counter =          143
 writing mean record for tflux_unod; rec. count =          143
 tflux_w: current mean I/O counter =          143
 writing mean record for tflux_w; rec. count =          143
 ___CHECK GLOBAL OCEAN VARIABLES --> mstep=         144
   ___global estimat of eta & hbar____________________
    int(eta), int(hbar)      = -6.265112878914775E-002 -6.265112878914775E-002
     --> error(eta-hbar)     =  0.000000000000000E+000
    min(eta) , max(eta)      = -0.633834467067349       0.636049333353775     
    max(hbar), max(hbar)     = -0.633834467067349       0.636049333353775     
 
    int(deta), int(dhbar)    =  0.000000000000000E+000 -8.692141939093326E-004
     --> error(deta-dhbar)   =  8.692141939093326E-004
     --> error(deta-wflux)   =  0.000000000000000E+000
     --> error(dhbar-wflux)  = -8.692141939093326E-004
 
    -int(wflux)*dt          =  0.000000000000000E+000
    int(deta )-int(wflux)*dt =  0.000000000000000E+000
    int(dhbar)-int(wflux)*dt = -8.692141939093326E-004
 
   ___global min/max/mean  --> mstep=         144 ____________
       eta= -6.338E-01 |  6.360E-01 | N.A.
      deta= -2.993E-03 |  4.974E-03 | N.A.
      hbar= -6.338E-01 |  6.360E-01 | N.A.
     wflux=  0.000E+00 |  0.000E+00 |  0.000E+00
     hflux=  4.909E+01 |  1.664E+02 |  0.000E+00
      temp=  2.171E+00 |  3.345E+01 |  0.000E+00
      salt=  3.500E+01 |  3.500E+01 |  0.000E+00
    wvel(1,:)= -4.988E-06 |  8.289E-06 | N.A.
    wvel(2,:)= -1.980E-05 |  2.403E-05 | N.A.
    uvel(1,:)= -4.495E-01 |  3.980E-01 | N.A.
    uvel(2,:)= -4.463E-01 |  3.785E-01 | N.A.
    vvel(1,:)= -3.413E-01 |  3.928E-01 | N.A.
    vvel(2,:)= -2.758E-01 |  3.931E-01 | N.A.
   hnode(1,:)=  9.038E+00 |  9.038E+00 | N.A.
   hnode(2,:)=  9.941E+00 |  9.941E+00 | N.A.
     cfl_z=  N.A.      |  1.475E-02 | N.A.
     pgf_x=  N.A.      |  5.185E-05 | N.A.
     pgf_y=  N.A.      |  4.155E-05 | N.A.
          Av=  N.A.      |  1.000E-01 | N.A.
          Kv=  N.A.      |  1.000E-01 | N.A.
 ___ALE OCEAN STEP EXECUTION TIMES______________________
     Oce. Mix,Press.. : 7.742E-02
     Oce. Dynamics    : 1.132E-04
     Oce. Update Vel. : 1.987E-05
     Oce. Fer-GM.     : 4.000E-08
     _______________________________
     ALE-Solve SSH    : 2.632E-04
     ALE-Calc. hbar   : 8.840E-06
     ALE-Update+W     : 2.918E-05
     ALE-Solve Tracer : 6.339E-02
     ALE-Update hnode : 1.132E-05
     _______________________________
     check for blowup : 5.405E-04
     _______________________________
     Oce. TOTAL       : 1.418E-01
 
 
 curl_u: current mean I/O counter =          144
 writing mean record for curl_u; rec. count =          144
 rosb: current mean I/O counter =          144
 writing mean record for rosb; rec. count =          144
 N2: current mean I/O counter =          144
 writing mean record for N2; rec. count =          144
 slope_y: current mean I/O counter =          144
 writing mean record for slope_y; rec. count =          144
 unod: current mean I/O counter =          144
 writing mean record for unod; rec. count =          144
 u: current mean I/O counter =          144
 writing mean record for u; rec. count =          144
 sst: current mean I/O counter =          144
 writing mean record for sst; rec. count =          144
 hc300m: current mean I/O counter =          144
 writing mean record for hc300m; rec. count =          144
 vnod: current mean I/O counter =          144
 writing mean record for vnod; rec. count =          144
 hc: current mean I/O counter =          144
 writing mean record for hc; rec. count =          144
 tflux_vnod: current mean I/O counter =          144
 writing mean record for tflux_vnod; rec. count =          144
 tflux_w: current mean I/O counter =          144
 writing mean record for tflux_w; rec. count =          144
 slope_x: current mean I/O counter =          144
 writing mean record for slope_x; rec. count =          144
 ssh: current mean I/O counter =          144
 writing mean record for ssh; rec. count =          144
 temp: current mean I/O counter =          144
 writing mean record for temp; rec. count =          144
 v: current mean I/O counter =          144
 writing mean record for v; rec. count =          144
 hc700m: current mean I/O counter =          144
 writing mean record for hc700m; rec. count =          144
 tflux_unod: current mean I/O counter =          144
 writing mean record for tflux_unod; rec. count =          144
 curl_u: current mean I/O counter =          145
 writing mean record for curl_u; rec. count =          145
 N2: current mean I/O counter =          145
 writing mean record for N2; rec. count =          145
 slope_y: current mean I/O counter =          145
 writing mean record for slope_y; rec. count =          145
 rosb: current mean I/O counter =          145
 writing mean record for rosb; rec. count =          145
 u: current mean I/O counter =          145
 writing mean record for u; rec. count =          145
 unod: current mean I/O counter =          145
 writing mean record for unod; rec. count =          145
 vnod: current mean I/O counter =          145
 writing mean record for vnod; rec. count =          145
 sst: current mean I/O counter =          145
 writing mean record for sst; rec. count =          145
 hc300m: current mean I/O counter =          145
 writing mean record for hc300m; rec. count =          145
 hc: current mean I/O counter =          145
 writing mean record for hc; rec. count =          145
 tflux_vnod: current mean I/O counter =          145
 writing mean record for tflux_vnod; rec. count =          145
 slope_x: current mean I/O counter =          145
 writing mean record for slope_x; rec. count =          145
 ssh: current mean I/O counter =          145
 writing mean record for ssh; rec. count =          145
 temp: current mean I/O counter =          145
 writing mean record for temp; rec. count =          145
 v: current mean I/O counter =          145
 writing mean record for v; rec. count =          145
 hc700m: current mean I/O counter =          145
 writing mean record for hc700m; rec. count =          145
 tflux_unod: current mean I/O counter =          145
 writing mean record for tflux_unod; rec. count =          145
 tflux_w: current mean I/O counter =          145
 writing mean record for tflux_w; rec. count =          145
 curl_u: current mean I/O counter =          146
 writing mean record for curl_u; rec. count =          146
 rosb: current mean I/O counter =          146
 writing mean record for rosb; rec. count =          146
 N2: current mean I/O counter =          146
 writing mean record for N2; rec. count =          146
 slope_y: current mean I/O counter =          146
 writing mean record for slope_y; rec. count =          146
 unod: current mean I/O counter =          146
 writing mean record for unod; rec. count =          146
 u: current mean I/O counter =          146
 writing mean record for u; rec. count =          146
 hc300m: current mean I/O counter =          146
 writing mean record for hc300m; rec. count =          146
 hc: current mean I/O counter =          146
 writing mean record for hc; rec. count =          146
 tflux_vnod: current mean I/O counter =          146
 writing mean record for tflux_vnod; rec. count =          146
 sst: current mean I/O counter =          146
 writing mean record for sst; rec. count =          146
 slope_x: current mean I/O counter =          146
 writing mean record for slope_x; rec. count =          146
 v: current mean I/O counter =          146
 writing mean record for v; rec. count =          146
 temp: current mean I/O counter =          146
 writing mean record for temp; rec. count =          146
 vnod: current mean I/O counter =          146
 writing mean record for vnod; rec. count =          146
 ssh: current mean I/O counter =          146
 writing mean record for ssh; rec. count =          146
 hc700m: current mean I/O counter =          146
 writing mean record for hc700m; rec. count =          146
 tflux_unod: current mean I/O counter =          146
 writing mean record for tflux_unod; rec. count =          146
 tflux_w: current mean I/O counter =          146
 writing mean record for tflux_w; rec. count =          146
 curl_u: current mean I/O counter =          147
 writing mean record for curl_u; rec. count =          147
 rosb: current mean I/O counter =          147
 writing mean record for rosb; rec. count =          147
 N2: current mean I/O counter =          147
 writing mean record for N2; rec. count =          147
 slope_y: current mean I/O counter =          147
 writing mean record for slope_y; rec. count =          147
 unod: current mean I/O counter =          147
 writing mean record for unod; rec. count =          147
 u: current mean I/O counter =          147
 writing mean record for u; rec. count =          147
 hc300m: current mean I/O counter =          147
 writing mean record for hc300m; rec. count =          147
 temp: current mean I/O counter =          147
 writing mean record for temp; rec. count =          147
 sst: current mean I/O counter =          147
 writing mean record for sst; rec. count =          147
 hc: current mean I/O counter =          147
 writing mean record for hc; rec. count =          147
 tflux_vnod: current mean I/O counter =          147
 writing mean record for tflux_vnod; rec. count =          147
 slope_x: current mean I/O counter =          147
 writing mean record for slope_x; rec. count =          147
 ssh: current mean I/O counter =          147
 writing mean record for ssh; rec. count =          147
 vnod: current mean I/O counter =          147
 writing mean record for vnod; rec. count =          147
 v: current mean I/O counter =          147
 writing mean record for v; rec. count =          147
 hc700m: current mean I/O counter =          147
 writing mean record for hc700m; rec. count =          147
 tflux_unod: current mean I/O counter =          147
 writing mean record for tflux_unod; rec. count =          147
 tflux_w: current mean I/O counter =          147
 writing mean record for tflux_w; rec. count =          147
 curl_u: current mean I/O counter =          148
 writing mean record for curl_u; rec. count =          148
 rosb: current mean I/O counter =          148
 writing mean record for rosb; rec. count =          148
 N2: current mean I/O counter =          148
 writing mean record for N2; rec. count =          148
 slope_x: current mean I/O counter =          148
 writing mean record for slope_x; rec. count =          148
 slope_y: current mean I/O counter =          148
 writing mean record for slope_y; rec. count =          148
 temp: current mean I/O counter =          148
 writing mean record for temp; rec. count =          148
 unod: current mean I/O counter =          148
 writing mean record for unod; rec. count =          148
 vnod: current mean I/O counter =          148
 writing mean record for vnod; rec. count =          148
 u: current mean I/O counter =          148
 writing mean record for u; rec. count =          148
 v: current mean I/O counter =          148
 writing mean record for v; rec. count =          148
 sst: current mean I/O counter =          148
 writing mean record for sst; rec. count =          148
 ssh: current mean I/O counter =          148
 writing mean record for ssh; rec. count =          148
 hc300m: current mean I/O counter =          148
 writing mean record for hc300m; rec. count =          148
 hc700m: current mean I/O counter =          148
 writing mean record for hc700m; rec. count =          148
 hc: current mean I/O counter =          148
 writing mean record for hc; rec. count =          148
 tflux_unod: current mean I/O counter =          148
 writing mean record for tflux_unod; rec. count =          148
 tflux_vnod: current mean I/O counter =          148
 writing mean record for tflux_vnod; rec. count =          148
 tflux_w: current mean I/O counter =          148
 writing mean record for tflux_w; rec. count =          148
 curl_u: current mean I/O counter =          149
 writing mean record for curl_u; rec. count =          149
 N2: current mean I/O counter =          149
 writing mean record for N2; rec. count =          149
 slope_y: current mean I/O counter =          149
 writing mean record for slope_y; rec. count =          149
 u: current mean I/O counter =          149
 writing mean record for u; rec. count =          149
 rosb: current mean I/O counter =          149
 writing mean record for rosb; rec. count =          149
 unod: current mean I/O counter =          149
 writing mean record for unod; rec. count =          149
 sst: current mean I/O counter =          149
 writing mean record for sst; rec. count =          149
 hc300m: current mean I/O counter =          149
 writing mean record for hc300m; rec. count =          149
 hc: current mean I/O counter =          149
 writing mean record for hc; rec. count =          149
 tflux_unod: current mean I/O counter =          149
 writing mean record for tflux_unod; rec. count =          149
 temp: current mean I/O counter =          149
 writing mean record for temp; rec. count =          149
 slope_x: current mean I/O counter =          149
 writing mean record for slope_x; rec. count =          149
 vnod: current mean I/O counter =          149
 writing mean record for vnod; rec. count =          149
 tflux_vnod: current mean I/O counter =          149
 writing mean record for tflux_vnod; rec. count =          149
 v: current mean I/O counter =          149
 writing mean record for v; rec. count =          149
 ssh: current mean I/O counter =          149
 writing mean record for ssh; rec. count =          149
 hc700m: current mean I/O counter =          149
 writing mean record for hc700m; rec. count =          149
 tflux_w: current mean I/O counter =          149
 writing mean record for tflux_w; rec. count =          149
 curl_u: current mean I/O counter =          150
 writing mean record for curl_u; rec. count =          150
 rosb: current mean I/O counter =          150
 writing mean record for rosb; rec. count =          150
 N2: current mean I/O counter =          150
 writing mean record for N2; rec. count =          150
 slope_y: current mean I/O counter =          150
 writing mean record for slope_y; rec. count =          150
 slope_x: current mean I/O counter =          150
 writing mean record for slope_x; rec. count =          150
 temp: current mean I/O counter =          150
 writing mean record for temp; rec. count =          150
 vnod: current mean I/O counter =          150
 writing mean record for vnod; rec. count =          150
 u: current mean I/O counter =          150
 writing mean record for u; rec. count =          150
 sst: current mean I/O counter =          150
 writing mean record for sst; rec. count =          150
 hc300m: current mean I/O counter =          150
 writing mean record for hc300m; rec. count =          150
 hc: current mean I/O counter =          150
 writing mean record for hc; rec. count =          150
 tflux_vnod: current mean I/O counter =          150
 writing mean record for tflux_vnod; rec. count =          150
 unod: current mean I/O counter =          150
 writing mean record for unod; rec. count =          150
 v: current mean I/O counter =          150
 writing mean record for v; rec. count =          150
 ssh: current mean I/O counter =          150
 writing mean record for ssh; rec. count =          150
 hc700m: current mean I/O counter =          150
 writing mean record for hc700m; rec. count =          150
 tflux_unod: current mean I/O counter =          150
 writing mean record for tflux_unod; rec. count =          150
 tflux_w: current mean I/O counter =          150
 writing mean record for tflux_w; rec. count =          150
 curl_u: current mean I/O counter =          151
 writing mean record for curl_u; rec. count =          151
 rosb: current mean I/O counter =          151
 writing mean record for rosb; rec. count =          151
 N2: current mean I/O counter =          151
 writing mean record for N2; rec. count =          151
 slope_y: current mean I/O counter =          151
 writing mean record for slope_y; rec. count =          151
 unod: current mean I/O counter =          151
 writing mean record for unod; rec. count =          151
 sst: current mean I/O counter =          151
 writing mean record for sst; rec. count =          151
 vnod: current mean I/O counter =          151
 writing mean record for vnod; rec. count =          151
 u: current mean I/O counter =          151
 writing mean record for u; rec. count =          151
 v: current mean I/O counter =          151
 writing mean record for v; rec. count =          151
 hc300m: current mean I/O counter =          151
 writing mean record for hc300m; rec. count =          151
 hc: current mean I/O counter =          151
 writing mean record for hc; rec. count =          151
 tflux_vnod: current mean I/O counter =          151
 writing mean record for tflux_vnod; rec. count =          151
 slope_x: current mean I/O counter =          151
 writing mean record for slope_x; rec. count =          151
 tflux_w: current mean I/O counter =          151
 writing mean record for tflux_w; rec. count =          151
 temp: current mean I/O counter =          151
 writing mean record for temp; rec. count =          151
 ssh: current mean I/O counter =          151
 writing mean record for ssh; rec. count =          151
 hc700m: current mean I/O counter =          151
 writing mean record for hc700m; rec. count =          151
 tflux_unod: current mean I/O counter =          151
 writing mean record for tflux_unod; rec. count =          151
 curl_u: current mean I/O counter =          152
 writing mean record for curl_u; rec. count =          152
 N2: current mean I/O counter =          152
 writing mean record for N2; rec. count =          152
 slope_y: current mean I/O counter =          152
 writing mean record for slope_y; rec. count =          152
 u: current mean I/O counter =          152
 writing mean record for u; rec. count =          152
 rosb: current mean I/O counter =          152
 writing mean record for rosb; rec. count =          152
 unod: current mean I/O counter =          152
 writing mean record for unod; rec. count =          152
 hc: current mean I/O counter =          152
 writing mean record for hc; rec. count =          152
 tflux_vnod: current mean I/O counter =          152
 writing mean record for tflux_vnod; rec. count =          152
 sst: current mean I/O counter =          152
 writing mean record for sst; rec. count =          152
 hc300m: current mean I/O counter =          152
 writing mean record for hc300m; rec. count =          152
 slope_x: current mean I/O counter =          152
 writing mean record for slope_x; rec. count =          152
 temp: current mean I/O counter =          152
 writing mean record for temp; rec. count =          152
 vnod: current mean I/O counter =          152
 writing mean record for vnod; rec. count =          152
 v: current mean I/O counter =          152
 writing mean record for v; rec. count =          152
 ssh: current mean I/O counter =          152
 writing mean record for ssh; rec. count =          152
 hc700m: current mean I/O counter =          152
 writing mean record for hc700m; rec. count =          152
 tflux_unod: current mean I/O counter =          152
 writing mean record for tflux_unod; rec. count =          152
 tflux_w: current mean I/O counter =          152
 writing mean record for tflux_w; rec. count =          152
 curl_u: current mean I/O counter =          153
 writing mean record for curl_u; rec. count =          153
 N2: current mean I/O counter =          153
 writing mean record for N2; rec. count =          153
 slope_y: current mean I/O counter =          153
 writing mean record for slope_y; rec. count =          153
 u: current mean I/O counter =          153
 writing mean record for u; rec. count =          153
 sst: current mean I/O counter =          153
 writing mean record for sst; rec. count =          153
 hc300m: current mean I/O counter =          153
 writing mean record for hc300m; rec. count =          153
 unod: current mean I/O counter =          153
 writing mean record for unod; rec. count =          153
 rosb: current mean I/O counter =          153
 writing mean record for rosb; rec. count =          153
 slope_x: current mean I/O counter =          153
 writing mean record for slope_x; rec. count =          153
 temp: current mean I/O counter =          153
 writing mean record for temp; rec. count =          153
 vnod: current mean I/O counter =          153
 writing mean record for vnod; rec. count =          153
 v: current mean I/O counter =          153
 writing mean record for v; rec. count =          153
 ssh: current mean I/O counter =          153
 writing mean record for ssh; rec. count =          153
 hc700m: current mean I/O counter =          153
 writing mean record for hc700m; rec. count =          153
 hc: current mean I/O counter =          153
 writing mean record for hc; rec. count =          153
 tflux_unod: current mean I/O counter =          153
 writing mean record for tflux_unod; rec. count =          153
 tflux_vnod: current mean I/O counter =          153
 writing mean record for tflux_vnod; rec. count =          153
 tflux_w: current mean I/O counter =          153
 writing mean record for tflux_w; rec. count =          153
 curl_u: current mean I/O counter =          154
 writing mean record for curl_u; rec. count =          154
 rosb: current mean I/O counter =          154
 writing mean record for rosb; rec. count =          154
 N2: current mean I/O counter =          154
 writing mean record for N2; rec. count =          154
 slope_y: current mean I/O counter =          154
 writing mean record for slope_y; rec. count =          154
 unod: current mean I/O counter =          154
 writing mean record for unod; rec. count =          154
 u: current mean I/O counter =          154
 writing mean record for u; rec. count =          154
 hc300m: current mean I/O counter =          154
 writing mean record for hc300m; rec. count =          154
 tflux_vnod: current mean I/O counter =          154
 writing mean record for tflux_vnod; rec. count =          154
 slope_x: current mean I/O counter =          154
 writing mean record for slope_x; rec. count =          154
 temp: current mean I/O counter =          154
 writing mean record for temp; rec. count =          154
 vnod: current mean I/O counter =          154
 writing mean record for vnod; rec. count =          154
 v: current mean I/O counter =          154
 writing mean record for v; rec. count =          154
 sst: current mean I/O counter =          154
 writing mean record for sst; rec. count =          154
 ssh: current mean I/O counter =          154
 writing mean record for ssh; rec. count =          154
 hc700m: current mean I/O counter =          154
 writing mean record for hc700m; rec. count =          154
 hc: current mean I/O counter =          154
 writing mean record for hc; rec. count =          154
 tflux_unod: current mean I/O counter =          154
 writing mean record for tflux_unod; rec. count =          154
 tflux_w: current mean I/O counter =          154
 writing mean record for tflux_w; rec. count =          154
 curl_u: current mean I/O counter =          155
 writing mean record for curl_u; rec. count =          155
 N2: current mean I/O counter =          155
 writing mean record for N2; rec. count =          155
 slope_y: current mean I/O counter =          155
 writing mean record for slope_y; rec. count =          155
 rosb: current mean I/O counter =          155
 writing mean record for rosb; rec. count =          155
 slope_x: current mean I/O counter =          155
 writing mean record for slope_x; rec. count =          155
 unod: current mean I/O counter =          155
 writing mean record for unod; rec. count =          155
 u: current mean I/O counter =          155
 writing mean record for u; rec. count =          155
 sst: current mean I/O counter =          155
 writing mean record for sst; rec. count =          155
 hc: current mean I/O counter =          155
 writing mean record for hc; rec. count =          155
 hc300m: current mean I/O counter =          155
 writing mean record for hc300m; rec. count =          155
 temp: current mean I/O counter =          155
 writing mean record for temp; rec. count =          155
 vnod: current mean I/O counter =          155
 writing mean record for vnod; rec. count =          155
 v: current mean I/O counter =          155
 writing mean record for v; rec. count =          155
 ssh: current mean I/O counter =          155
 writing mean record for ssh; rec. count =          155
 hc700m: current mean I/O counter =          155
 writing mean record for hc700m; rec. count =          155
 tflux_vnod: current mean I/O counter =          155
 writing mean record for tflux_vnod; rec. count =          155
 tflux_w: current mean I/O counter =          155
 writing mean record for tflux_w; rec. count =          155
 tflux_unod: current mean I/O counter =          155
 writing mean record for tflux_unod; rec. count =          155
 curl_u: current mean I/O counter =          156
 writing mean record for curl_u; rec. count =          156
 N2: current mean I/O counter =          156
 writing mean record for N2; rec. count =          156
 slope_y: current mean I/O counter =          156
 writing mean record for slope_y; rec. count =          156
 rosb: current mean I/O counter =          156
 writing mean record for rosb; rec. count =          156
 hc: current mean I/O counter =          156
 writing mean record for hc; rec. count =          156
 tflux_vnod: current mean I/O counter =          156
 writing mean record for tflux_vnod; rec. count =          156
 u: current mean I/O counter =          156
 writing mean record for u; rec. count =          156
 vnod: current mean I/O counter =          156
 writing mean record for vnod; rec. count =          156
 slope_x: current mean I/O counter =          156
 writing mean record for slope_x; rec. count =          156
 sst: current mean I/O counter =          156
 writing mean record for sst; rec. count =          156
 hc300m: current mean I/O counter =          156
 writing mean record for hc300m; rec. count =          156
 temp: current mean I/O counter =          156
 writing mean record for temp; rec. count =          156
 unod: current mean I/O counter =          156
 writing mean record for unod; rec. count =          156
 v: current mean I/O counter =          156
 writing mean record for v; rec. count =          156
 ssh: current mean I/O counter =          156
 writing mean record for ssh; rec. count =          156
 hc700m: current mean I/O counter =          156
 writing mean record for hc700m; rec. count =          156
 tflux_unod: current mean I/O counter =          156
 writing mean record for tflux_unod; rec. count =          156
 tflux_w: current mean I/O counter =          156
 writing mean record for tflux_w; rec. count =          156
 curl_u: current mean I/O counter =          157
 writing mean record for curl_u; rec. count =          157
 rosb: current mean I/O counter =          157
 writing mean record for rosb; rec. count =          157
 N2: current mean I/O counter =          157
 writing mean record for N2; rec. count =          157
 slope_y: current mean I/O counter =          157
 writing mean record for slope_y; rec. count =          157
 unod: current mean I/O counter =          157
 writing mean record for unod; rec. count =          157
 u: current mean I/O counter =          157
 writing mean record for u; rec. count =          157
 sst: current mean I/O counter =          157
 writing mean record for sst; rec. count =          157
 hc300m: current mean I/O counter =          157
 writing mean record for hc300m; rec. count =          157
 hc: current mean I/O counter =          157
 writing mean record for hc; rec. count =          157
 slope_x: current mean I/O counter =          157
 writing mean record for slope_x; rec. count =          157
 temp: current mean I/O counter =          157
 writing mean record for temp; rec. count =          157
 vnod: current mean I/O counter =          157
 writing mean record for vnod; rec. count =          157
 v: current mean I/O counter =          157
 writing mean record for v; rec. count =          157
 ssh: current mean I/O counter =          157
 writing mean record for ssh; rec. count =          157
 hc700m: current mean I/O counter =          157
 writing mean record for hc700m; rec. count =          157
 tflux_unod: current mean I/O counter =          157
 writing mean record for tflux_unod; rec. count =          157
 tflux_vnod: current mean I/O counter =          157
 writing mean record for tflux_vnod; rec. count =          157
 tflux_w: current mean I/O counter =          157
 writing mean record for tflux_w; rec. count =          157
 ___CHECK FOR BLOW UP___________ --> mstep=         158
  --STOP--> found temperture becomes NaN or <-5.0, >60
 mype     =           53
 mstep    =          158
 node     =            2
 lon,lat     =    19.7626000000000        47.9660000000000     
 nz       =            1
 nzmin, nzmax=            1          41
 x=   19.7626000000000       ; y=   47.9660000000000     
 temp(nz, n) =   -5.40231778779355     
 temp(: , n) =   -5.40231778779355        14.5633595807887        12.4899109589121        13.6978156725388        13.8848569582554        14.9225381093069        12.2003618044387        12.8331688180585        13.1795245527344        13.0053151676639        12.9467065905575        14.4449186748481        14.1243860434344        13.8688350252109        13.9033973129113        14.0292944058190        14.1359922217181        13.8288125068579        13.5853265180999        13.2664699590130        12.8659024331939        11.9380563753169        10.8134864275042        10.1739633105397        9.50018869774541        8.85870414528646        8.31273265516296        7.87825493368769        7.52779268469253        7.20295096949099        6.86206688402504        6.49067363479435        6.06862109872243        5.56085800259235        4.99915394210585        4.49458007839759        4.07053576547219        3.62395054110671        3.57185076420137        2.64729821334501     
 temp_old(nz,n)=   -5.00708792753945     
 temp_old(: ,n)=   -5.00708792753945        14.5485617528153        12.5357480131699        13.6237667912653        14.1058963640808        14.7633798499954        12.2240505611389        12.8425174887152        13.1874445366442        13.0163922342390        12.9633460770545        14.4406835927543        14.1216176061685        13.8697971512374        13.9055880950641        14.0306680779880        14.1361728721394        13.8297226471504        13.5860621516450        13.2671069932098        12.8663732853720        11.9381678885992        10.8136063307808        10.1735131465946        9.49989237864160        8.85859922188532        8.31269541457308        7.87829306082784        7.52788838662955        7.20308141346901        6.86220962773162        6.49083360705056        6.06879093272668        5.56105318478341        4.99935118317993        4.49481062733645        4.07080588333984        3.62378138632450        3.56617630167987        2.65085895404478     
 
 hflux    =    16.9590935635646     
 wflux    =   0.000000000000000E+000
 
 eta_n    =  -0.376988872897502     
 d_eta(n)    =  -1.783653383956753E-003
 hbar     =  -0.376988872897502     
 hbar_old    =  -0.375205207902965     
 ssh_rhs     =   -303462.113143749     
 ssh_rhs_old =   -39674.6003944414     
 
 hnode    =    9.03766000000000        9.94144000000000        10.9355000000000        12.0292000000000        13.2320000000000        14.5552000000000        16.0108000000000        17.6122000000000        19.3730000000000        21.3100000000000        23.4410000000000        25.7860000000000        28.3640000000000        31.2000000000000        34.3210000000000        37.7520000000000        41.5280000000000        45.6810000000000        50.2480000000000        55.2739999999999        60.8010000000000        66.8810000000000        73.5690000000001        80.9259999999999        89.0180000000000        97.9200000000000        107.713000000000        118.480000000000        130.340000000000        143.360000000000        157.700000000000        173.470000000000        190.820000000000        209.900000000000        230.900000000000        253.980000000000        279.370000000000        307.320000000000        338.050000000000        371.850000000000     
 ___CHECK GLOBAL OCEAN VARIABLES --> mstep=         158
   ___global estimat of eta & hbar____________________
    int(eta), int(hbar)      = -7.701750207794038E-002 -7.701750207794038E-002
     --> error(eta-hbar)     =  0.000000000000000E+000
    min(eta) , max(eta)      = -0.655977391949102       0.626031881063431     
    max(hbar), max(hbar)     = -0.655977391949102       0.626031881063431     
 
    int(deta), int(dhbar)    =  0.000000000000000E+000 -1.123078775956778E-003
     --> error(deta-dhbar)   =  1.123078775956778E-003
     --> error(deta-wflux)   =  0.000000000000000E+000
     --> error(dhbar-wflux)  = -1.123078775956778E-003
 
    -int(wflux)*dt          =  0.000000000000000E+000
    int(deta )-int(wflux)*dt =  0.000000000000000E+000
    int(dhbar)-int(wflux)*dt = -1.123078775956778E-003
 
   ___global min/max/mean  --> mstep=         158 ____________
       eta= -6.560E-01 |  6.260E-01 | N.A.
      deta= -3.533E-03 |  7.533E-03 | N.A.
      hbar= -6.560E-01 |  6.260E-01 | N.A.
     wflux=  0.000E+00 |  0.000E+00 |  0.000E+00
     hflux=  1.696E+01 |  2.086E+02 |  0.000E+00
      temp= -5.402E+00 |  4.415E+01 |  0.000E+00
 hnode_new   =    9.03766000000000        9.94144000000000        10.9355000000000        12.0292000000000        13.2320000000000        14.5552000000000        16.0108000000000        17.6122000000000        19.3730000000000        21.3100000000000        23.4410000000000        25.7860000000000        28.3640000000000        31.2000000000000        34.3210000000000        37.7520000000000        41.5280000000000        45.6810000000000        50.2480000000000        55.2739999999999        60.8010000000000        66.8810000000000        73.5690000000001        80.9259999999999        89.0180000000000        97.9200000000000        107.713000000000        118.480000000000        130.340000000000        143.360000000000        157.700000000000        173.470000000000        190.820000000000        209.900000000000        230.900000000000        253.980000000000        279.370000000000        307.320000000000        338.050000000000        371.850000000000     
 
 Kv       =   0.000000000000000E+000  1.016795519445115E-005  1.002427009213758E-005  1.003839989546896E-005  0.100000000000000       1.006789206429528E-005  1.008621210911472E-005  1.020707536564526E-005  1.022278785229546E-005  0.100000000000000       0.100000000000000       1.030379304456932E-005  1.025040944754527E-005  1.028995890726182E-005  1.033584838377189E-005  1.038652283092292E-005  1.044516918287858E-005  1.051100607544343E-005  1.058704404551889E-005  1.067455417321258E-005  1.077589491403254E-005  1.089401548409986E-005  1.103277380499927E-005  1.119726622278917E-005  1.139438564478584E-005  1.163368013214314E-005  1.192877362363787E-005  1.229978679406850E-005  1.277768898865268E-005  1.341285759368794E-005  1.429244203482904E-005  1.558176401309776E-005  1.763327593614021E-005  2.133783282917140E-005  2.955506591362467E-005  5.245175774332352E-005  8.500496331724223E-005  9.843748828584674E-005  1.037408430285200E-004  1.064290053785690E-004  0.000000000000000E+000
 
 W          =  -2.972774990895532E-006 -1.265053119088436E-006 -9.141012390150869E-006 -1.712398804149837E-005 -2.569545594457848E-005 -3.354987813406200E-005 -4.084739100252655E-005 -4.881433429808310E-005 -5.656304592280438E-005 -6.463131875909217E-005 -7.029701177934198E-005 -7.322802816205374E-005 -7.650304446957236E-005 -8.104396805694136E-005 -8.708448358539175E-005 -9.280996934661362E-005 -9.631637634163334E-005 -1.017382521100224E-004 -1.069483297514134E-004 -1.118070803281877E-004 -1.163203754792551E-004 -1.203461426827517E-004 -1.235547808708668E-004 -1.257711645965020E-004 -1.273948579268202E-004 -1.289212965861289E-004 -1.302579626792827E-004 -1.311082872035723E-004 -1.313420117405417E-004 -1.308598522129790E-004 -1.294269628179523E-004 -1.268031294684363E-004 -1.227931474552983E-004 -1.171492927302512E-004 -1.096789716399906E-004 -1.003554131698500E-004 -8.878613777518768E-005 -6.994733304941101E-005 -3.851935442244438E-005 -3.160514729995801E-005  0.000000000000000E+000
 
 CFL_z(:,n)  =   1.973591609484445E-004  1.603357366586350E-004  1.053232981528821E-003  1.793665901640762E-003  2.446804768113378E-003  2.904312304119362E-003  3.214570625410389E-003  3.492275047550385E-003  3.678760571091880E-003  3.821438814109251E-003  3.778603081863867E-003  3.578259613978240E-003  3.398419403742428E-003  3.272907500124519E-003  3.197113254835261E-003  3.097551828290784E-003  2.922362232966377E-003  2.806210276552066E-003  2.681765449275143E-003  2.548730384795347E-003  2.410538774694111E-003  2.267251102997556E-003  2.116093912576621E-003  1.958230605313953E-003  1.803196592494589E-003  1.658915517665860E-003  1.523732800360006E-003  1.394271619682103E-003  1.269747709178477E-003  1.150076592393454E-003  1.034116296110648E-003  9.210350096859963E-004  8.108198299374373E-004  7.032271182912584E-004  5.985216086800956E-004  4.978549997283290E-004  4.004326005524538E-004  2.867876889535100E-004  1.435711763490745E-004  1.070921208024176E-004  0.000000000000000E+000
 
 
      salt=  3.500E+01 |  3.500E+01 |  0.000E+00
    wvel(1,:)= -5.888E-06 |  1.255E-05 | N.A.
    wvel(2,:)= -2.049E-05 |  2.420E-05 | N.A.
    uvel(1,:)= -4.823E-01 |  3.917E-01 | N.A.
    uvel(2,:)= -4.770E-01 |  3.761E-01 | N.A.
    vvel(1,:)= -3.397E-01 |  4.022E-01 | N.A.
    vvel(2,:)= -2.867E-01 |  4.021E-01 | N.A.
   hnode(1,:)=  9.038E+00 |  9.038E+00 | N.A.
   hnode(2,:)=  9.941E+00 |  9.941E+00 | N.A.
     cfl_z=  N.A.      |  1.794E-02 | N.A.
     pgf_x=  N.A.      |  5.582E-05 | N.A.
     pgf_y=  N.A.      |  4.193E-05 | N.A.
          Av=  N.A.      |  1.000E-01 | N.A.
          Kv=  N.A.      |  1.000E-01 | N.A.
 
 
                                                           
         YOUR MODEL BLOW UP, CODE GREMLIN IN ACTION !!!    
 [34m                              ____                        [0m
 [34m                       __,-~~/~   `---.                   [0m
 [34m                     _/_,---(      ,   )                  [0m
 [34m                 __ /        <   /   )   \___             [0m
 [0m - -- ----===;;;`====------------------===;;;===---- -- - [0m
 [0m.____________.      \/  ~"~"~"~"~"~\~"~)~"/               [0m
 [0m|Code Gremlin|      (_ (   \  (     >    \)               [0m
 [0m`----+-------´[33m        \_( _ <         >_>`                 [0m
 [0m     v        [33m           ~ `-i` ::>|--"                    [0m
 [31m   (`-´)  [0m              [33m    I;|.|.|                       [0m
 [31m  _( o<)_ [0m __T__        [31m   <|i::|i|`                      [0m
 [31m (,_ w _,)[0m |TNT|        [31m  (` ^`[0m,-*[31m ")                     [0m
 [31m<-´()^()  [0m |___|\_______[35m.,-#%&[0m(_)[35m%#&#~,.                  [0m
 
 
  Things to try (if you havent changed anything in the code)
      - 1st. increase the step_per_day (namelist.config,    
        steps_per_day=32(45min),36(40min)...,48(30min)...
        ...,60(24min)...,72(20min)...,96(15min)...,144(10min)
        ...,160(9min),180(8min)...,240(6min)...,288(5min)
        ...,360(4min)...,480(3min)...,720(2min)...,1440(1min))
      - 2nd. increase slowly background viscosity visc_gamma0 within
        its bounds (namelist.dyn)
      - 3nd. increase slowly flow aware viscosity visc_gamma1 within
        its bounds (namelist.dyn)
      - 4th. contact developers :-D
 
                                                           
             [31m(`- ́)  _ (`- ́).->          <-. (`- ́)[0m          
    [31m<-.      ( oo).-/ ( oo)_      .->      \(oo )_[0m         
 [31m(`- ́)[36m-----.[31m([36m,------.[31m(_)[36m--[31m\_)(`- ́)[36m----. ,--.[31m/[36m  ,-.[31m)[36m .----. [0m
 [31m(oo[36m|[31m(_\[36m--- ́ |  .--- ́/    _ /[31m( oo)[36m.-.  `|   `. ́   |\_,-.  |[0m
 [31m / [36m|  `--. [31m([36m|  `--. \_..`--.[31m( _)[36m | |  ||  |`. ́|  |   . ́ . ́[0m
 [31m \_)[36m  .-- ́  |  .-- ́ .-._)   \[31m\[36m|  |[31m)[36m|  ||  |   |  | . ́  /_ [0m
 [31m  `[36m|  |[31m_)[36m   |  `---.\       / `  `- ́   ́|  |   |  ||      |[0m
 [36m   `-- ́     `------ ́ `----- ́   `----- ́ `-- ́   `-- ́`------ ́[0m
                                                           
 
  --> Init. blowpup file 
 Do output (netCDF, blowup) ...
  --> call assoc_ids(bid)
 associating blowup file /albedo/work/projects/p_clidyn_work/rjuhrban/double_gyre/m100/results/NN_after_spinup_none/08xrpqa1/fesom.2008.oce.blowup.nc
 initializing blowup file /albedo/work/projects/p_clidyn_work/rjuhrban/double_gyre/m100/results/NN_after_spinup_none/08xrpqa1/fesom.2008.oce.blowup.nc
 current restart counter =            1
  --> call write_blowup(bid, istep)
 writing blowup record            1
  --> finished writing blow up file
Attempting to use an MPI routine after finalizing MPICH
Attempting to use an MPI routine after finalizing MPICH
Attempting to use an MPI routine after finalizing MPICH
Attempting to use an MPI routine after finalizing MPICH
Attempting to use an MPI routine after finalizing MPICH
Attempting to use an MPI routine after finalizing MPICH
Attempting to use an MPI routine after finalizing MPICH
Attempting to use an MPI routine after finalizing MPICH
Attempting to use an MPI routine after finalizing MPICH
Attempting to use an MPI routine after finalizing MPICH
Attempting to use an MPI routine after finalizing MPICH
Attempting to use an MPI routine after finalizing MPICH
Attempting to use an MPI routine after finalizing MPICH
Attempting to use an MPI routine after finalizing MPICH
Attempting to use an MPI routine after finalizing MPICH
Attempting to use an MPI routine after finalizing MPICH
Attempting to use an MPI routine after finalizing MPICH
Attempting to use an MPI routine after finalizing MPICH
Attempting to use an MPI routine after finalizing MPICH
Attempting to use an MPI routine after finalizing MPICH
Attempting to use an MPI routine after finalizing MPICH
Attempting to use an MPI routine after finalizing MPICH
Attempting to use an MPI routine after finalizing MPICH
Attempting to use an MPI routine after finalizing MPICH
Attempting to use an MPI routine after finalizing MPICH
Attempting to use an MPI routine after finalizing MPICH
Attempting to use an MPI routine after finalizing MPICH
Attempting to use an MPI routine after finalizing MPICH
Attempting to use an MPI routine after finalizing MPICH
Attempting to use an MPI routine after finalizing MPICH
Attempting to use an MPI routine after finalizing MPICH
Attempting to use an MPI routine after finalizing MPICH
 fesom should stop with exit status = 0
Attempting to use an MPI routine after finalizing MPICH
Attempting to use an MPI routine after finalizing MPICH
Attempting to use an MPI routine after finalizing MPICH
Attempting to use an MPI routine after finalizing MPICH
Attempting to use an MPI routine after finalizing MPICH
Attempting to use an MPI routine after finalizing MPICH
Attempting to use an MPI routine after finalizing MPICH
Attempting to use an MPI routine after finalizing MPICH
Attempting to use an MPI routine after finalizing MPICH
Attempting to use an MPI routine after finalizing MPICH
Attempting to use an MPI routine after finalizing MPICH
Attempting to use an MPI routine after finalizing MPICH
Attempting to use an MPI routine after finalizing MPICH
Attempting to use an MPI routine after finalizing MPICH
Attempting to use an MPI routine after finalizing MPICH
Attempting to use an MPI routine after finalizing MPICH
Attempting to use an MPI routine after finalizing MPICH
Attempting to use an MPI routine after finalizing MPICH
Attempting to use an MPI routine after finalizing MPICH
Attempting to use an MPI routine after finalizing MPICH
Attempting to use an MPI routine after finalizing MPICH
Attempting to use an MPI routine after finalizing MPICH
Attempting to use an MPI routine after finalizing MPICH
Attempting to use an MPI routine after finalizing MPICH
Attempting to use an MPI routine after finalizing MPICH
Attempting to use an MPI routine after finalizing MPICH
Attempting to use an MPI routine after finalizing MPICH
Attempting to use an MPI routine after finalizing MPICH
srun: error: prod-004: tasks 0-59: Exited with exit code 1
srun: launch/slurm: _step_signal: Terminating StepId=43998113.0
Thu May 21 11:50:19 CEST 2026
