Module for intel-oneapi-compilers version 2022.1.0 loaded
Module for intel-oneapi-mpi version 2021.6.0 loaded
Module for intel-oneapi-mkl version 2022.1.0 loaded
Module for netcdf-fortran version 4.5.4 loaded
Module for netcdf-c version 4.8.1 loaded
ln: failed to create symbolic link './fesom.x': File exists
Fri May 22 11:23:59 CEST 2026
 MPI has been initialized, provided MPI thread support level: MPI_THREAD_MULTIPLE           3
 Running on                             60  PEs
 
 [36m .------. ------. ------.  .-----. ,--.   ,-.  .----.  [0m
 [36m |  .--- ́|  .--- ́/    _ / ´  .-.  `|   `. ́   |\_,-.  | [0m
 [36m |  `--. |  `--. \_..`--. |  | |  ||  |`. ́|  |   . ́ . ́ [0m
 [36m |  .-- ́ |  .-- ́ .-._)   \|  | |  ||  |   |  | . ́  /_  [0m
 [36m |  |    |  `---.\       /`  `- ́   ́|  |   |  ||      | [0m
 [36m `-- ́    `------ ́ `----- ́  `----- ́ `-- ́   `-- ́`------ ́ [0m
                                           _____           
       ___________                     ,-:` \;´,``-,       
      | .-------. |                  .´-;_,;  `:-;_,`.     
      | |       | |                 /;   `/    ,  _`.-\    
      | |       | |                | ´`. (`     /` ` \`|   
      | |__   __| |            ,-C=|:.  `\`-.   \_   / |   
       `---|-|---´          ,-´    |     (   `,  .`\ ;`|   
        [====  O]--,    ,--´        \     | .´     `-´/    
      /:::::::::::\ \_,-             `.   ;/        .´     
     /:::::===:::::\                   ``-._____.-´`       
    ´---------------`                                      
 
 
 FESOM2 git SHA: c34a956e
 MPI library version: Intel(R) MPI Library 2021.6 for Linux* OS

 [32m____________________________________________________________[0m
 [7;32m --> FESOM BUILDS UP MODEL CONFIGURATION                    [0m
 Restart path configuration:
   Input path:  /albedo/work/projects/p_clidyn_work/rjuhrban/double_gyre/m100/results/NN_after_spinup_none/GM/short_run_to_check_runtime_outputfreq_d/
   Output path: /albedo/work/projects/p_clidyn_work/rjuhrban/double_gyre/m100/results/NN_after_spinup_none/GM/short_run_to_check_runtime_outputfreq_d/
   Note: Using same directory for input and output (legacy mode)
 Namelist files are read in
 time step size is set to    600.000000000000      sec
 Value of which_NN:udcjhprx
 [34m --> call clock_init[0m
 
 [31m____________________________________________________________[0m
 [5;7;31m --> THIS IS A RESTART RUN !!!                              [0m
     > clock restarted at time:    0.00   1 2008
 
 [34m --> call get_run_steps[0m
         144  steps to run for fesom      job submission
 [34m --> call mesh_setup[0m
 [36m     --> call set_mesh_transform_matrix[0m
 [36m     --> call read_mesh[0m
           0 rpart is read
 myLists are read
 reading /albedo/work/projects/p_clidyn_work/rjuhrban/double_gyre/m100/nod2d.out
 reading /albedo/work/projects/p_clidyn_work/rjuhrban/double_gyre/m100/elem2d.out
 elements are read
 communication arrays are read
 =========================
 2D mesh was read in   0.236907335056458       seconds
 2D mesh info : nod2D=         389  elem2D=         702 checksum= 
 =========================
 [36m     --> call init_mpi_types[0m
 [36m     --> call init_gatherLists[0m
 Communication arrays are set
 [36m     --> call test_tri[0m
 test_tri finished in   3.530061803758144E-006  seconds
 =========================
 [36m     --> call load_edges[0m
 reading /albedo/work/projects/p_clidyn_work/rjuhrban/double_gyre/m100/edgenum.out
 2D mesh info : edge2D=        1090
 reading /albedo/work/projects/p_clidyn_work/rjuhrban/double_gyre/m100/edges.out
 reading /albedo/work/projects/p_clidyn_work/rjuhrban/double_gyre/m100/edge_tri.out
 load_edges finished in   3.580500924726948E-002  seconds
 =========================
 [36m     --> call find_neighbors[0m
 find_neighbors finished in   2.539241715567186E-003  seconds
 =========================
 [36m     --> call find_levels[0m
 reading /albedo/work/projects/p_clidyn_work/rjuhrban/double_gyre/m100/elvls.out
 reading /albedo/work/projects/p_clidyn_work/rjuhrban/double_gyre/m100/nlvls.out
 ____________________________________________________________________
  --> 3D mesh was read in   6.229201870155521E-002  seconds
  --> Min/max depth on mype :            0   4000.00000000000        4000.00000000000     
 [36m     --> call find_levels_min_e2n[0m
 ____________________________________________________________________
  --> find min/max level e2n in  1.390928227920085E-004  seconds
 [36m     --> call mesh_areas[0m
 ____________________________________________________________________
  --> mesh statistics:           0
           0 maxArea    8831835589.32587         MinArea    8415276695.49772     
           0 maxScArea    17565690548.2392         MinScArea    16940789623.1981     
           0 Edges:            1090  internal         1016
      > Total ocean surface area is           :    5843962925012.69       m^2
      > Total ocean surface area with cavity is:    5843962925012.69       m^2
      > mesh_areas finished in   7.560054073110223E-004  seconds
 [36m     --> call mesh_auxiliary_arrays[0m
 mesh_auxiliary_arrays finished in   5.889819876756519E-004  seconds
 =========================
 FESOM mesh_setup... complete
 [34m --> call check_mesh_consistency[0m
 ***start level area_test***
   5843962925012.69        5843962925012.69     
   5843962925012.69        5843962925012.69     
   5843962925012.69        5843962925012.69     
   5843962925012.69        5843962925012.69     
   5843962925012.69        5843962925012.69     
   5843962925012.69        5843962925012.69     
   5843962925012.69        5843962925012.69     
   5843962925012.69        5843962925012.69     
   5843962925012.69        5843962925012.69     
   5843962925012.69        5843962925012.69     
   5843962925012.69        5843962925012.69     
   5843962925012.69        5843962925012.69     
   5843962925012.69        5843962925012.69     
   5843962925012.69        5843962925012.69     
   5843962925012.69        5843962925012.69     
   5843962925012.69        5843962925012.69     
   5843962925012.69        5843962925012.69     
   5843962925012.69        5843962925012.69     
   5843962925012.69        5843962925012.69     
   5843962925012.69        5843962925012.69     
   5843962925012.69        5843962925012.69     
   5843962925012.69        5843962925012.69     
   5843962925012.69        5843962925012.69     
   5843962925012.69        5843962925012.69     
   5843962925012.69        5843962925012.69     
   5843962925012.69        5843962925012.69     
   5843962925012.69        5843962925012.69     
   5843962925012.69        5843962925012.69     
   5843962925012.69        5843962925012.69     
   5843962925012.69        5843962925012.69     
   5843962925012.69        5843962925012.69     
   5843962925012.69        5843962925012.69     
   5843962925012.69        5843962925012.69     
   5843962925012.69        5843962925012.69     
   5843962925012.69        5843962925012.69     
   5843962925012.69        5843962925012.69     
   5843962925012.69        5843962925012.69     
   5843962925012.69        5843962925012.69     
   5843962925012.69        5843962925012.69     
   5843962925012.69        5843962925012.69     
  0.000000000000000E+000  0.000000000000000E+000
 ***end level area_test***
 [34m --> call dynamics_init[0m
      file   : namelist.dyn open ok
 [34m --> call tracer_init[0m
      file   : namelist.tra open ok
 number of tracers will be changed from          100  to            2 !
 total number of tracers is:            2
 [34m --> call arrays_init[0m
 [34m --> call ocean_setup[0m
 ____________________________________________________________
  --> initialise ALE arrays + sparse SSH stiff matrix
 
 [36m     --> call init_ale[0m
 [36m     --> call init_stiff_mat_ale[0m
 ____________________________________________________________
  --> initialise ssh operator using unperturbed ocean depth
      > in stiff_mat_ale, reading /albedo/work/projects/p_clidyn_work/rjuhrban/double_gyre/m100/dist_60/rpart.out
      took:   5.652814870700240E-004  sec
 
 Arrays are set
 [36m     --> call oce_adv_tra_fct_init[0m
 FCT is initialized
           0 COR  0.993800598845800       0.933901681697525     
           0 COR_n  0.999790490560628       0.927911789982697     
 ____________________________________________________________
  --> call init_thickness_ale
 
 [36m     --> call init_thickness_ale[0m
 ____________________________________________________________
  --> initialise ALE layerthicknesses, depth levels and middepth levels
 
           2 COR  0.975830923701317       0.903952223123387     
           2 COR_n  0.981820815416145       0.891972439693731     
           1 COR   1.01177027399028       0.951871356842007     
           1 COR_n   1.01776016570511       0.945881465127180     
           3 COR  0.939891573412352       0.879992656264076     
           3 COR_n  0.945881465127180       0.874002764549249     
           7 COR   1.04770962427925       0.987810707130973     
           7 COR_n   1.05369951599408       0.981820815416145     
           4 COR  0.903952223123387       0.844053305975111     
           4 COR_n  0.909942114838214       0.838063414260283     
           8 COR   1.09562875799787        1.02375005741994     
           8 COR_n   1.10760854142752        1.01776016570511     
          10 COR   1.14953778343132        1.07765908285339     
          10 COR_n   1.16151756686097        1.07166919113856     
          25 COR  0.814103847400973       0.754204930252697     
          25 COR_n  0.820093739115801       0.748215038537870     
          27 COR  0.760194821967525       0.706285796534076     
          27 COR_n  0.766184713682352       0.694306013104421     
          26 COR  0.760194821967525       0.700295904819249     
          26 COR_n  0.766184713682352       0.694306013104421     
           6 COR  0.921921898267869       0.862022981119593     
           6 COR_n  0.927911789982697       0.856033089404766     
          18 COR  0.939891573412352       0.885982547978904     
          18 COR_n  0.945881465127180       0.874002764549249     
          24 COR  0.850043197689938       0.790144280541663     
          24 COR_n  0.856033089404766       0.784154388826835     
           5 COR  0.975830923701317       0.915932006553042     
           5 COR_n  0.981820815416145       0.909942114838214     
          28 COR  0.814103847400973       0.742225146823042     
          28 COR_n  0.820093739115801       0.730245363393387     
          52 COR   1.32923453487614        1.25735583429821     
          52 COR_n   1.34121431830580        1.25136594258339     
          53 COR   1.33522442659097        1.29329518458718     
          53 COR_n   1.34121431830580        1.28730529287235     
           9 COR   1.10161864971270        1.04171973256442     
           9 COR_n   1.10760854142752        1.03572984084959     
          11 COR   1.04770962427925       0.969841031986490     
          11 COR_n   1.05369951599408       0.963851140271662     
          12 COR   1.06567929942373        1.00578038227546     
          12 COR_n   1.07166919113856       0.999790490560628     
 Initial state
 [34m --> call find_node_neighbors[0m
          16 COR  0.921921898267869       0.879992656264076     
          16 COR_n  0.927911789982697       0.874002764549249     
          20 COR  0.868012872834421       0.796134172256490     
          20 COR_n  0.874002764549249       0.784154388826835     
          35 COR  0.993800598845800       0.933901681697525     
          35 COR_n  0.999790490560628       0.927911789982697     
          13 COR   1.02973994913477       0.969841031986490     
          13 COR_n   1.03572984084959       0.963851140271662     
          22 COR  0.868012872834421       0.790144280541663     
          22 COR_n  0.874002764549249       0.784154388826835     
          29 COR  0.832073522545456       0.754204930252697     
          29 COR_n  0.838063414260283       0.748215038537870     
          49 COR   1.13755800000166        1.07765908285339     
          49 COR_n   1.14354789171649        1.07166919113856     
          50 COR   1.17349735029063        1.13156810828683     
          50 COR_n   1.17948724200546        1.12557821657201     
          15 COR  0.939891573412352       0.862022981119593     
          15 COR_n  0.945881465127180       0.856033089404766     
          17 COR  0.957861248556835       0.915932006553042     
          17 COR_n  0.963851140271662       0.909942114838214     
          19 COR  0.921921898267869       0.850043197689938     
          19 COR_n  0.927911789982697       0.838063414260283     
          23 COR  0.885982547978904       0.826083630830628     
          23 COR_n  0.891972439693731       0.820093739115801     
          30 COR   1.06567929942373        1.00578038227546     
          30 COR_n   1.07166919113856       0.999790490560628     
          32 COR   1.06567929942373        1.00578038227546     
          32 COR_n   1.07166919113856       0.999790490560628     
          34 COR  0.993800598845800       0.933901681697525     
          34 COR_n  0.999790490560628       0.927911789982697     
          38 COR   1.13755800000166        1.07765908285339     
          38 COR_n   1.14354789171649        1.07166919113856     
          41 COR   1.04770962427925       0.987810707130973     
          41 COR_n   1.05369951599408       0.981820815416145     
          42 COR   1.08364897456821        1.04171973256442     
          42 COR_n   1.08963886628304        1.03572984084959     
          46 COR   1.22740637572408        1.16750745857580     
          46 COR_n   1.23339626743890        1.16151756686097     
          47 COR   1.27532550944270        1.22141648400925     
          47 COR_n   1.28730529287235        1.21542659229442     
          48 COR   1.19146702543511        1.13156810828683     
          48 COR_n   1.19745691714994        1.12557821657201     
          55 COR   1.29928507630201        1.23938615915373     
          55 COR_n   1.30527496801683        1.23339626743890     
          56 COR   1.19146702543511        1.13156810828683     
          56 COR_n   1.19745691714994        1.12557821657201     
          14 COR  0.993800598845800       0.933901681697525     
          14 COR_n  0.999790490560628       0.927911789982697     
          21 COR  0.885982547978904       0.808113955686145     
          21 COR_n  0.891972439693731       0.802124063971318     
          31 COR   1.10161864971270        1.05968940770890     
          31 COR_n   1.10760854142752        1.05369951599408     
          33 COR   1.01177027399028       0.951871356842007     
          33 COR_n   1.01776016570511       0.945881465127180     
          36 COR   1.04770962427925       0.969841031986490     
          36 COR_n   1.05369951599408       0.963851140271662     
          37 COR   1.13755800000166        1.05968940770890     
          37 COR_n   1.14354789171649        1.05369951599408     
          39 COR   1.13755800000166        1.07765908285339     
          39 COR_n   1.14354789171649        1.07166919113856     
          40 COR   1.15552767514614        1.07765908285339     
          40 COR_n   1.16151756686097        1.07166919113856     
          43 COR   1.09562875799787        1.02973994913477     
          43 COR_n   1.10760854142752        1.01776016570511     
          44 COR   1.04770962427925       0.975830923701317     
          44 COR_n   1.05369951599408       0.963851140271662     
          45 COR   1.22740637572408        1.16750745857580     
          45 COR_n   1.23339626743890        1.16151756686097     
          51 COR   1.15552767514614        1.09562875799787     
          51 COR_n   1.16151756686097        1.08963886628304     
          54 COR   1.28131540115752        1.22141648400925     
          54 COR_n   1.28730529287235        1.21542659229442     
          57 COR   1.22141648400925        1.14953778343132     
          57 COR_n   1.23339626743890        1.14354789171649     
          58 COR   1.22740637572408        1.14953778343132     
          58 COR_n   1.23339626743890        1.14354789171649     
          59 COR   1.24537605086856        1.18547713372028     
          59 COR_n   1.25136594258339        1.17948724200546     
 [37m         --> call load_nn_normalization_params[0m
 [37m         --> call load_nn_output_unnormalization_params[0m
 output unnormalization params full:
 output unnormalization params train:
 FESOM ocean_setup... complete
 ****************************************************
 use_landice_water F
 use_age_tracer F
 [1;33m --> read restarts from netcdf file: ocean[0m
 reading restart for ssh at /albedo/work/projects/p_clidyn_work/rjuhrban/double_gyre/m100/results/NN_after_spinup_none/GM/short_run_to_check_runtime_outputfreq_d/fesom.2007.oce.restart/ssh.nc
==================================
RESTART READ TIMING for file: ssh
  NetCDF read time:       0.000 seconds
  MPI scatter time:       0.008 seconds
  TOTAL time:             0.008 seconds
==================================
 restart from record            1  of            1 /albedo/work/projects/p_clidyn_work/rjuhrban/double_gyre/m100/results/NN_after_spinup_none/GM/short_run_to_check_runtime_outputfreq_d/fesom.2007.oce.restart/ssh.nc
 reading restart for hbar at /albedo/work/projects/p_clidyn_work/rjuhrban/double_gyre/m100/results/NN_after_spinup_none/GM/short_run_to_check_runtime_outputfreq_d/fesom.2007.oce.restart/hbar.nc
 [33m____________________________________________________________[0m
 [5;33m --> WARNING: RESTART TIMESTAMP MISMATCH !!!               [0m
 WARNING: timestamps in restart and in clock files do not match for ssh
          at path: /albedo/work/projects/p_clidyn_work/rjuhrban/double_gyre/m100/results/NN_after_spinup_none/GM/short_run_to_check_runtime_outputfreq_d/fesom.2007.oce.restart/ssh.nc
          clock time  =   31534800.0000000     
          restart time=   31535400.0000000     
 WARNING: This mismatch will be ignored and the model will continue running.
 WARNING: Please verify that this is the intended behavior for your simulation.
 [33m____________________________________________________________[0m
==================================
RESTART READ TIMING for file: hbar
  NetCDF read time:       0.000 seconds
  MPI scatter time:       0.005 seconds
  TOTAL time:             0.005 seconds
==================================
 restart from record            1  of            1 /albedo/work/projects/p_clidyn_work/rjuhrban/double_gyre/m100/results/NN_after_spinup_none/GM/short_run_to_check_runtime_outputfreq_d/fesom.2007.oce.restart/hbar.nc
 reading restart for ssh_rhs_old at /albedo/work/projects/p_clidyn_work/rjuhrban/double_gyre/m100/results/NN_after_spinup_none/GM/short_run_to_check_runtime_outputfreq_d/fesom.2007.oce.restart/ssh_rhs_old.nc
 [33m____________________________________________________________[0m
 [5;33m --> WARNING: RESTART TIMESTAMP MISMATCH !!!               [0m
 WARNING: timestamps in restart and in clock files do not match for hbar
          at path: /albedo/work/projects/p_clidyn_work/rjuhrban/double_gyre/m100/results/NN_after_spinup_none/GM/short_run_to_check_runtime_outputfreq_d/fesom.2007.oce.restart/hbar.nc
          clock time  =   31534800.0000000     
          restart time=   31535400.0000000     
 WARNING: This mismatch will be ignored and the model will continue running.
 WARNING: Please verify that this is the intended behavior for your simulation.
 [33m____________________________________________________________[0m
==================================
RESTART READ TIMING for file: ssh_rhs_old
  NetCDF read time:       0.000 seconds
  MPI scatter time:       0.143 seconds
  TOTAL time:             0.143 seconds
==================================
 restart from record            1  of            1 /albedo/work/projects/p_clidyn_work/rjuhrban/double_gyre/m100/results/NN_after_spinup_none/GM/short_run_to_check_runtime_outputfreq_d/fesom.2007.oce.restart/ssh_rhs_old.nc
 reading restart for hnode at /albedo/work/projects/p_clidyn_work/rjuhrban/double_gyre/m100/results/NN_after_spinup_none/GM/short_run_to_check_runtime_outputfreq_d/fesom.2007.oce.restart/hnode.nc
 [33m____________________________________________________________[0m
 [5;33m --> WARNING: RESTART TIMESTAMP MISMATCH !!!               [0m
 WARNING: timestamps in restart and in clock files do not match for ssh_rhs_old
          at path: /albedo/work/projects/p_clidyn_work/rjuhrban/double_gyre/m100/results/NN_after_spinup_none/GM/short_run_to_check_runtime_outputfreq_d/fesom.2007.oce.restart/ssh_rhs_old.nc
          clock time  =   31534800.0000000     
          restart time=   31535400.0000000     
 WARNING: This mismatch will be ignored and the model will continue running.
 WARNING: Please verify that this is the intended behavior for your simulation.
 [33m____________________________________________________________[0m
==================================
RESTART READ TIMING for file: hnode
  NetCDF read time:       0.000 seconds
  MPI scatter time:       0.009 seconds
  TOTAL time:             0.009 seconds
==================================
 restart from record            1  of            1 /albedo/work/projects/p_clidyn_work/rjuhrban/double_gyre/m100/results/NN_after_spinup_none/GM/short_run_to_check_runtime_outputfreq_d/fesom.2007.oce.restart/hnode.nc
 reading restart for u at /albedo/work/projects/p_clidyn_work/rjuhrban/double_gyre/m100/results/NN_after_spinup_none/GM/short_run_to_check_runtime_outputfreq_d/fesom.2007.oce.restart/u.nc
 [33m____________________________________________________________[0m
 [5;33m --> WARNING: RESTART TIMESTAMP MISMATCH !!!               [0m
 WARNING: timestamps in restart and in clock files do not match for hnode
          at path: /albedo/work/projects/p_clidyn_work/rjuhrban/double_gyre/m100/results/NN_after_spinup_none/GM/short_run_to_check_runtime_outputfreq_d/fesom.2007.oce.restart/hnode.nc
          clock time  =   31534800.0000000     
          restart time=   31535400.0000000     
 WARNING: This mismatch will be ignored and the model will continue running.
 WARNING: Please verify that this is the intended behavior for your simulation.
 [33m____________________________________________________________[0m
==================================
RESTART READ TIMING for file: u
  NetCDF read time:       0.000 seconds
  MPI scatter time:       0.009 seconds
  TOTAL time:             0.009 seconds
==================================
 restart from record            1  of            1 /albedo/work/projects/p_clidyn_work/rjuhrban/double_gyre/m100/results/NN_after_spinup_none/GM/short_run_to_check_runtime_outputfreq_d/fesom.2007.oce.restart/u.nc
 reading restart for v at /albedo/work/projects/p_clidyn_work/rjuhrban/double_gyre/m100/results/NN_after_spinup_none/GM/short_run_to_check_runtime_outputfreq_d/fesom.2007.oce.restart/v.nc
 [33m____________________________________________________________[0m
 [5;33m --> WARNING: RESTART TIMESTAMP MISMATCH !!!               [0m
 WARNING: timestamps in restart and in clock files do not match for u
          at path: /albedo/work/projects/p_clidyn_work/rjuhrban/double_gyre/m100/results/NN_after_spinup_none/GM/short_run_to_check_runtime_outputfreq_d/fesom.2007.oce.restart/u.nc
          clock time  =   31534800.0000000     
          restart time=   31535400.0000000     
 WARNING: This mismatch will be ignored and the model will continue running.
 WARNING: Please verify that this is the intended behavior for your simulation.
 [33m____________________________________________________________[0m
==================================
RESTART READ TIMING for file: v
  NetCDF read time:       0.000 seconds
  MPI scatter time:       0.009 seconds
  TOTAL time:             0.009 seconds
==================================
 restart from record            1  of            1 /albedo/work/projects/p_clidyn_work/rjuhrban/double_gyre/m100/results/NN_after_spinup_none/GM/short_run_to_check_runtime_outputfreq_d/fesom.2007.oce.restart/v.nc
 reading restart for urhs_AB at /albedo/work/projects/p_clidyn_work/rjuhrban/double_gyre/m100/results/NN_after_spinup_none/GM/short_run_to_check_runtime_outputfreq_d/fesom.2007.oce.restart/urhs_AB.nc
 [33m____________________________________________________________[0m
 [5;33m --> WARNING: RESTART TIMESTAMP MISMATCH !!!               [0m
 WARNING: timestamps in restart and in clock files do not match for v
          at path: /albedo/work/projects/p_clidyn_work/rjuhrban/double_gyre/m100/results/NN_after_spinup_none/GM/short_run_to_check_runtime_outputfreq_d/fesom.2007.oce.restart/v.nc
          clock time  =   31534800.0000000     
          restart time=   31535400.0000000     
 WARNING: This mismatch will be ignored and the model will continue running.
 WARNING: Please verify that this is the intended behavior for your simulation.
 [33m____________________________________________________________[0m
==================================
RESTART READ TIMING for file: urhs_AB
  NetCDF read time:       0.000 seconds
  MPI scatter time:       0.009 seconds
  TOTAL time:             0.009 seconds
==================================
 restart from record            1  of            1 /albedo/work/projects/p_clidyn_work/rjuhrban/double_gyre/m100/results/NN_after_spinup_none/GM/short_run_to_check_runtime_outputfreq_d/fesom.2007.oce.restart/urhs_AB.nc
 reading restart for vrhs_AB at /albedo/work/projects/p_clidyn_work/rjuhrban/double_gyre/m100/results/NN_after_spinup_none/GM/short_run_to_check_runtime_outputfreq_d/fesom.2007.oce.restart/vrhs_AB.nc
 [33m____________________________________________________________[0m
 [5;33m --> WARNING: RESTART TIMESTAMP MISMATCH !!!               [0m
 WARNING: timestamps in restart and in clock files do not match for urhs_AB
          at path: /albedo/work/projects/p_clidyn_work/rjuhrban/double_gyre/m100/results/NN_after_spinup_none/GM/short_run_to_check_runtime_outputfreq_d/fesom.2007.oce.restart/urhs_AB.nc
          clock time  =   31534800.0000000     
          restart time=   31535400.0000000     
 WARNING: This mismatch will be ignored and the model will continue running.
 WARNING: Please verify that this is the intended behavior for your simulation.
 [33m____________________________________________________________[0m
==================================
RESTART READ TIMING for file: vrhs_AB
  NetCDF read time:       0.000 seconds
  MPI scatter time:       0.009 seconds
  TOTAL time:             0.009 seconds
==================================
 restart from record            1  of            1 /albedo/work/projects/p_clidyn_work/rjuhrban/double_gyre/m100/results/NN_after_spinup_none/GM/short_run_to_check_runtime_outputfreq_d/fesom.2007.oce.restart/vrhs_AB.nc
 reading restart for temp at /albedo/work/projects/p_clidyn_work/rjuhrban/double_gyre/m100/results/NN_after_spinup_none/GM/short_run_to_check_runtime_outputfreq_d/fesom.2007.oce.restart/temp.nc
 [33m____________________________________________________________[0m
 [5;33m --> WARNING: RESTART TIMESTAMP MISMATCH !!!               [0m
 WARNING: timestamps in restart and in clock files do not match for vrhs_AB
          at path: /albedo/work/projects/p_clidyn_work/rjuhrban/double_gyre/m100/results/NN_after_spinup_none/GM/short_run_to_check_runtime_outputfreq_d/fesom.2007.oce.restart/vrhs_AB.nc
          clock time  =   31534800.0000000     
          restart time=   31535400.0000000     
 WARNING: This mismatch will be ignored and the model will continue running.
 WARNING: Please verify that this is the intended behavior for your simulation.
 [33m____________________________________________________________[0m
==================================
RESTART READ TIMING for file: temp
  NetCDF read time:       0.000 seconds
  MPI scatter time:       0.012 seconds
  TOTAL time:             0.012 seconds
==================================
 restart from record            1  of            1 /albedo/work/projects/p_clidyn_work/rjuhrban/double_gyre/m100/results/NN_after_spinup_none/GM/short_run_to_check_runtime_outputfreq_d/fesom.2007.oce.restart/temp.nc
 reading restart for temp_AB at /albedo/work/projects/p_clidyn_work/rjuhrban/double_gyre/m100/results/NN_after_spinup_none/GM/short_run_to_check_runtime_outputfreq_d/fesom.2007.oce.restart/temp_AB.nc
 [33m____________________________________________________________[0m
 [5;33m --> WARNING: RESTART TIMESTAMP MISMATCH !!!               [0m
 WARNING: timestamps in restart and in clock files do not match for temp
          at path: /albedo/work/projects/p_clidyn_work/rjuhrban/double_gyre/m100/results/NN_after_spinup_none/GM/short_run_to_check_runtime_outputfreq_d/fesom.2007.oce.restart/temp.nc
          clock time  =   31534800.0000000     
          restart time=   31535400.0000000     
 WARNING: This mismatch will be ignored and the model will continue running.
 WARNING: Please verify that this is the intended behavior for your simulation.
 [33m____________________________________________________________[0m
==================================
RESTART READ TIMING for file: temp_AB
  NetCDF read time:       0.000 seconds
  MPI scatter time:       0.008 seconds
  TOTAL time:             0.008 seconds
==================================
 restart from record            1  of            1 /albedo/work/projects/p_clidyn_work/rjuhrban/double_gyre/m100/results/NN_after_spinup_none/GM/short_run_to_check_runtime_outputfreq_d/fesom.2007.oce.restart/temp_AB.nc
 [33m____________________________________________________________[0m
 [5;33m --> WARNING: RESTART TIMESTAMP MISMATCH !!!               [0m
 WARNING: timestamps in restart and in clock files do not match for temp_AB
          at path: /albedo/work/projects/p_clidyn_work/rjuhrban/double_gyre/m100/results/NN_after_spinup_none/GM/short_run_to_check_runtime_outputfreq_d/fesom.2007.oce.restart/temp_AB.nc
          clock time  =   31534800.0000000     
          restart time=   31535400.0000000     
 WARNING: This mismatch will be ignored and the model will continue running.
 WARNING: Please verify that this is the intended behavior for your simulation.
 [33m____________________________________________________________[0m
 reading restart for temp_M1 at /albedo/work/projects/p_clidyn_work/rjuhrban/double_gyre/m100/results/NN_after_spinup_none/GM/short_run_to_check_runtime_outputfreq_d/fesom.2007.oce.restart/temp_M1.nc
==================================
RESTART READ TIMING for file: temp_M1
  NetCDF read time:       0.000 seconds
  MPI scatter time:       0.005 seconds
  TOTAL time:             0.005 seconds
==================================
 restart from record            1  of            1 /albedo/work/projects/p_clidyn_work/rjuhrban/double_gyre/m100/results/NN_after_spinup_none/GM/short_run_to_check_runtime_outputfreq_d/fesom.2007.oce.restart/temp_M1.nc
 reading restart for salt at /albedo/work/projects/p_clidyn_work/rjuhrban/double_gyre/m100/results/NN_after_spinup_none/GM/short_run_to_check_runtime_outputfreq_d/fesom.2007.oce.restart/salt.nc
 [33m____________________________________________________________[0m
 [5;33m --> WARNING: RESTART TIMESTAMP MISMATCH !!!               [0m
 WARNING: timestamps in restart and in clock files do not match for temp_M1
          at path: /albedo/work/projects/p_clidyn_work/rjuhrban/double_gyre/m100/results/NN_after_spinup_none/GM/short_run_to_check_runtime_outputfreq_d/fesom.2007.oce.restart/temp_M1.nc
          clock time  =   31534800.0000000     
          restart time=   31535400.0000000     
 WARNING: This mismatch will be ignored and the model will continue running.
 WARNING: Please verify that this is the intended behavior for your simulation.
 [33m____________________________________________________________[0m
==================================
RESTART READ TIMING for file: salt
  NetCDF read time:       0.000 seconds
  MPI scatter time:       0.008 seconds
  TOTAL time:             0.008 seconds
==================================
 restart from record            1  of            1 /albedo/work/projects/p_clidyn_work/rjuhrban/double_gyre/m100/results/NN_after_spinup_none/GM/short_run_to_check_runtime_outputfreq_d/fesom.2007.oce.restart/salt.nc
 reading restart for salt_AB at /albedo/work/projects/p_clidyn_work/rjuhrban/double_gyre/m100/results/NN_after_spinup_none/GM/short_run_to_check_runtime_outputfreq_d/fesom.2007.oce.restart/salt_AB.nc
 [33m____________________________________________________________[0m
 [5;33m --> WARNING: RESTART TIMESTAMP MISMATCH !!!               [0m
 WARNING: timestamps in restart and in clock files do not match for salt
          at path: /albedo/work/projects/p_clidyn_work/rjuhrban/double_gyre/m100/results/NN_after_spinup_none/GM/short_run_to_check_runtime_outputfreq_d/fesom.2007.oce.restart/salt.nc
          clock time  =   31534800.0000000     
          restart time=   31535400.0000000     
 WARNING: This mismatch will be ignored and the model will continue running.
 WARNING: Please verify that this is the intended behavior for your simulation.
 [33m____________________________________________________________[0m
==================================
RESTART READ TIMING for file: salt_AB
  NetCDF read time:       0.000 seconds
  MPI scatter time:       0.008 seconds
  TOTAL time:             0.008 seconds
==================================
 restart from record            1  of            1 /albedo/work/projects/p_clidyn_work/rjuhrban/double_gyre/m100/results/NN_after_spinup_none/GM/short_run_to_check_runtime_outputfreq_d/fesom.2007.oce.restart/salt_AB.nc
 [33m____________________________________________________________[0m
 [5;33m --> WARNING: RESTART TIMESTAMP MISMATCH !!!               [0m
 WARNING: timestamps in restart and in clock files do not match for salt_AB
          at path: /albedo/work/projects/p_clidyn_work/rjuhrban/double_gyre/m100/results/NN_after_spinup_none/GM/short_run_to_check_runtime_outputfreq_d/fesom.2007.oce.restart/salt_AB.nc
          clock time  =   31534800.0000000     
          restart time=   31535400.0000000     
 WARNING: This mismatch will be ignored and the model will continue running.
 WARNING: Please verify that this is the intended behavior for your simulation.
 [33m____________________________________________________________[0m
 reading restart for salt_M1 at /albedo/work/projects/p_clidyn_work/rjuhrban/double_gyre/m100/results/NN_after_spinup_none/GM/short_run_to_check_runtime_outputfreq_d/fesom.2007.oce.restart/salt_M1.nc
==================================
RESTART READ TIMING for file: salt_M1
  NetCDF read time:       0.000 seconds
  MPI scatter time:       0.005 seconds
  TOTAL time:             0.005 seconds
==================================
 restart from record            1  of            1 /albedo/work/projects/p_clidyn_work/rjuhrban/double_gyre/m100/results/NN_after_spinup_none/GM/short_run_to_check_runtime_outputfreq_d/fesom.2007.oce.restart/salt_M1.nc
 reading restart for w at /albedo/work/projects/p_clidyn_work/rjuhrban/double_gyre/m100/results/NN_after_spinup_none/GM/short_run_to_check_runtime_outputfreq_d/fesom.2007.oce.restart/w.nc
 [33m____________________________________________________________[0m
 [5;33m --> WARNING: RESTART TIMESTAMP MISMATCH !!!               [0m
 WARNING: timestamps in restart and in clock files do not match for salt_M1
          at path: /albedo/work/projects/p_clidyn_work/rjuhrban/double_gyre/m100/results/NN_after_spinup_none/GM/short_run_to_check_runtime_outputfreq_d/fesom.2007.oce.restart/salt_M1.nc
          clock time  =   31534800.0000000     
          restart time=   31535400.0000000     
 WARNING: This mismatch will be ignored and the model will continue running.
 WARNING: Please verify that this is the intended behavior for your simulation.
 [33m____________________________________________________________[0m
==================================
RESTART READ TIMING for file: w
  NetCDF read time:       0.000 seconds
  MPI scatter time:       0.009 seconds
  TOTAL time:             0.009 seconds
==================================
 restart from record            1  of            1 /albedo/work/projects/p_clidyn_work/rjuhrban/double_gyre/m100/results/NN_after_spinup_none/GM/short_run_to_check_runtime_outputfreq_d/fesom.2007.oce.restart/w.nc
 reading restart for w_expl at /albedo/work/projects/p_clidyn_work/rjuhrban/double_gyre/m100/results/NN_after_spinup_none/GM/short_run_to_check_runtime_outputfreq_d/fesom.2007.oce.restart/w_expl.nc
 [33m____________________________________________________________[0m
 [5;33m --> WARNING: RESTART TIMESTAMP MISMATCH !!!               [0m
 WARNING: timestamps in restart and in clock files do not match for w
          at path: /albedo/work/projects/p_clidyn_work/rjuhrban/double_gyre/m100/results/NN_after_spinup_none/GM/short_run_to_check_runtime_outputfreq_d/fesom.2007.oce.restart/w.nc
          clock time  =   31534800.0000000     
          restart time=   31535400.0000000     
 WARNING: This mismatch will be ignored and the model will continue running.
 WARNING: Please verify that this is the intended behavior for your simulation.
 [33m____________________________________________________________[0m
==================================
RESTART READ TIMING for file: w_expl
  NetCDF read time:       0.000 seconds
  MPI scatter time:       0.010 seconds
  TOTAL time:             0.010 seconds
==================================
 restart from record            1  of            1 /albedo/work/projects/p_clidyn_work/rjuhrban/double_gyre/m100/results/NN_after_spinup_none/GM/short_run_to_check_runtime_outputfreq_d/fesom.2007.oce.restart/w_expl.nc
 reading restart for w_impl at /albedo/work/projects/p_clidyn_work/rjuhrban/double_gyre/m100/results/NN_after_spinup_none/GM/short_run_to_check_runtime_outputfreq_d/fesom.2007.oce.restart/w_impl.nc
 [33m____________________________________________________________[0m
 [5;33m --> WARNING: RESTART TIMESTAMP MISMATCH !!!               [0m
 WARNING: timestamps in restart and in clock files do not match for w_expl
          at path: /albedo/work/projects/p_clidyn_work/rjuhrban/double_gyre/m100/results/NN_after_spinup_none/GM/short_run_to_check_runtime_outputfreq_d/fesom.2007.oce.restart/w_expl.nc
          clock time  =   31534800.0000000     
          restart time=   31535400.0000000     
 WARNING: This mismatch will be ignored and the model will continue running.
 WARNING: Please verify that this is the intended behavior for your simulation.
 [33m____________________________________________________________[0m
==================================
RESTART READ TIMING for file: w_impl
  NetCDF read time:       0.000 seconds
  MPI scatter time:       0.009 seconds
  TOTAL time:             0.009 seconds
==================================
 restart from record            1  of            1 /albedo/work/projects/p_clidyn_work/rjuhrban/double_gyre/m100/results/NN_after_spinup_none/GM/short_run_to_check_runtime_outputfreq_d/fesom.2007.oce.restart/w_impl.nc
 [33m____________________________________________________________[0m
 [5;33m --> WARNING: RESTART TIMESTAMP MISMATCH !!!               [0m
 WARNING: timestamps in restart and in clock files do not match for w_impl
          at path: /albedo/work/projects/p_clidyn_work/rjuhrban/double_gyre/m100/results/NN_after_spinup_none/GM/short_run_to_check_runtime_outputfreq_d/fesom.2007.oce.restart/w_impl.nc
          clock time  =   31534800.0000000     
          restart time=   31535400.0000000     
 WARNING: This mismatch will be ignored and the model will continue running.
 WARNING: Please verify that this is the intended behavior for your simulation.
 [33m____________________________________________________________[0m
 ____________________________________________________________
  --> restart ALE layerthicknesses, depth levels and middepth levels
 
 ==========================================
 MODEL SETUP took on mype=0 [seconds]      
 runtime setup total        0.6833110    
  > runtime setup mesh      0.3735440    
  > runtime setup ocean     1.4748421E-02
  > runtime setup forcing   3.6920741E-05
  > runtime setup ice       1.1610246E-05
  > runtime setup restart   0.2945809    
  > runtime setup other     3.8910794E-04
 ============================================
 current_nsteps, steps_per_ib_step, icb_outfreq :         144           8           0
 FESOM start iteration before the barrier...
 FESOM start iteration after the barrier...
 
 [32m____________________________________________________________[0m
 [7;32m --> FESOM STARTS TIME LOOP                                 [0m
 [34m --> call compute_vel_nodes[0m
 [34m --> call oce_timestep_ale[0m
 [36m     --> call pressure_bv[0m
 [36m     --> call pressure_force_4_...[0m
 [36m     --> call oce_mixing_PP[0m
 [36m     --> call compute_vel_rhs[0m
 [36m     --> call viscosity_filter[0m
 [37m         --> call visc_filt_bcksct[0m
 [36m     --> call impl_vert_visc_ale[0m
 [36m     --> call compute_ssh_rhs_ale[0m
 [36m     --> call update_vel[0m
 [36m     --> call compute_hbar_ale[0m
 [36m     --> call fer_solve_Gamma[0m
 [36m     --> call vert_vel_ale[0m
 [36m     --> call solve_tracers_ale[0m
 [37m         --> call init_tracers_AB[0m
 [38m             --> call tracer_gradient_elements[0m
 [38m             --> call tracer_gradient_z[0m
 [38m             --> call fill_up_dn_grad[0m
 [38m             --> call tracer_gradient_elements[0m
 [37m         --> call adv_tracers_ale[0m
 [37m         --> call diff_tracers_ale[0m
 [37m         --> call relax_to_clim[0m
 [37m         --> call init_tracers_AB[0m
 [38m             --> call tracer_gradient_elements[0m
 [38m             --> call tracer_gradient_z[0m
 [38m             --> call fill_up_dn_grad[0m
 [38m             --> call tracer_gradient_elements[0m
 [37m         --> call adv_tracers_ale[0m
 [37m         --> call diff_tracers_ale[0m
 [37m         --> call relax_to_clim[0m
 [36m     --> call update_thickness_ale[0m
 [36m     --> call write_step_info[0m
 [36m     --> call check_blowup[0m
 [34m --> call compute_diagnostics(1)[0m
 [34m --> call output (n)[0m
      file   : namelist.io open ok
 io_listsize will be changed from          120  to            0 !
 adding I/O stream 3D for bolus_u
 adding I/O stream 3D for bolus_v
 adding I/O stream 3D for bolus_w
 [34m --> call compute_vel_nodes[0m
 [34m --> call oce_timestep_ale[0m
 [36m     --> call pressure_bv[0m
 [36m     --> call pressure_force_4_...[0m
 [36m     --> call oce_mixing_PP[0m
 [36m     --> call compute_vel_rhs[0m
 [36m     --> call viscosity_filter[0m
 [37m         --> call visc_filt_bcksct[0m
 [36m     --> call impl_vert_visc_ale[0m
 [36m     --> call compute_ssh_rhs_ale[0m
 [36m     --> call update_vel[0m
 [36m     --> call compute_hbar_ale[0m
 [36m     --> call fer_solve_Gamma[0m
 [36m     --> call vert_vel_ale[0m
 [36m     --> call solve_tracers_ale[0m
 [37m         --> call init_tracers_AB[0m
 [38m             --> call tracer_gradient_elements[0m
 [38m             --> call tracer_gradient_z[0m
 [38m             --> call fill_up_dn_grad[0m
 [38m             --> call tracer_gradient_elements[0m
 [37m         --> call adv_tracers_ale[0m
 [37m         --> call diff_tracers_ale[0m
 [37m         --> call relax_to_clim[0m
 [37m         --> call init_tracers_AB[0m
 [38m             --> call tracer_gradient_elements[0m
 [38m             --> call tracer_gradient_z[0m
 [38m             --> call fill_up_dn_grad[0m
 [38m             --> call tracer_gradient_elements[0m
 [37m         --> call adv_tracers_ale[0m
 [37m         --> call diff_tracers_ale[0m
 [37m         --> call relax_to_clim[0m
 [36m     --> call update_thickness_ale[0m
 [36m     --> call write_step_info[0m
 [36m     --> call check_blowup[0m
 [34m --> call compute_diagnostics(1)[0m
 [34m --> call output (n)[0m
 [34m --> call compute_vel_nodes[0m
 [34m --> call oce_timestep_ale[0m
 [36m     --> call pressure_bv[0m
 [36m     --> call pressure_force_4_...[0m
 [36m     --> call oce_mixing_PP[0m
 [36m     --> call compute_vel_rhs[0m
 [36m     --> call viscosity_filter[0m
 [37m         --> call visc_filt_bcksct[0m
 [36m     --> call impl_vert_visc_ale[0m
 [36m     --> call compute_ssh_rhs_ale[0m
 [36m     --> call update_vel[0m
 [36m     --> call compute_hbar_ale[0m
 [36m     --> call fer_solve_Gamma[0m
 [36m     --> call vert_vel_ale[0m
 [36m     --> call solve_tracers_ale[0m
 [37m         --> call init_tracers_AB[0m
 [38m             --> call tracer_gradient_elements[0m
 [38m             --> call tracer_gradient_z[0m
 [38m             --> call fill_up_dn_grad[0m
 [38m             --> call tracer_gradient_elements[0m
 [37m         --> call adv_tracers_ale[0m
 [37m         --> call diff_tracers_ale[0m
 [37m         --> call relax_to_clim[0m
 [37m         --> call init_tracers_AB[0m
 [38m             --> call tracer_gradient_elements[0m
 [38m             --> call tracer_gradient_z[0m
 [38m             --> call fill_up_dn_grad[0m
 [38m             --> call tracer_gradient_elements[0m
 [37m         --> call adv_tracers_ale[0m
 [37m         --> call diff_tracers_ale[0m
 [37m         --> call relax_to_clim[0m
 [36m     --> call update_thickness_ale[0m
 [36m     --> call write_step_info[0m
 [36m     --> call check_blowup[0m
 [34m --> call compute_diagnostics(1)[0m
 [34m --> call output (n)[0m
 [34m --> call compute_vel_nodes[0m
 [34m --> call oce_timestep_ale[0m
 [36m     --> call pressure_bv[0m
 [36m     --> call pressure_force_4_...[0m
 [36m     --> call oce_mixing_PP[0m
 [36m     --> call compute_vel_rhs[0m
 [36m     --> call viscosity_filter[0m
 [37m         --> call visc_filt_bcksct[0m
 [36m     --> call impl_vert_visc_ale[0m
 [36m     --> call compute_ssh_rhs_ale[0m
 [36m     --> call update_vel[0m
 [36m     --> call compute_hbar_ale[0m
 [36m     --> call fer_solve_Gamma[0m
 [36m     --> call vert_vel_ale[0m
 [36m     --> call solve_tracers_ale[0m
 [37m         --> call init_tracers_AB[0m
 [38m             --> call tracer_gradient_elements[0m
 [38m             --> call tracer_gradient_z[0m
 [38m             --> call fill_up_dn_grad[0m
 [38m             --> call tracer_gradient_elements[0m
 [37m         --> call adv_tracers_ale[0m
 [37m         --> call diff_tracers_ale[0m
 [37m         --> call relax_to_clim[0m
 [37m         --> call init_tracers_AB[0m
 [38m             --> call tracer_gradient_elements[0m
 [38m             --> call tracer_gradient_z[0m
 [38m             --> call fill_up_dn_grad[0m
 [38m             --> call tracer_gradient_elements[0m
 [37m         --> call adv_tracers_ale[0m
 [37m         --> call diff_tracers_ale[0m
 [37m         --> call relax_to_clim[0m
 [36m     --> call update_thickness_ale[0m
 [36m     --> call write_step_info[0m
 [36m     --> call check_blowup[0m
 [34m --> call compute_diagnostics(1)[0m
 [34m --> call output (n)[0m
 [34m --> call compute_vel_nodes[0m
 [34m --> call oce_timestep_ale[0m
 [36m     --> call pressure_bv[0m
 [36m     --> call pressure_force_4_...[0m
 [36m     --> call oce_mixing_PP[0m
 [36m     --> call compute_vel_rhs[0m
 [36m     --> call viscosity_filter[0m
 [37m         --> call visc_filt_bcksct[0m
 [36m     --> call impl_vert_visc_ale[0m
 [36m     --> call compute_ssh_rhs_ale[0m
 [36m     --> call update_vel[0m
 [36m     --> call compute_hbar_ale[0m
 [36m     --> call fer_solve_Gamma[0m
 [36m     --> call vert_vel_ale[0m
 [36m     --> call solve_tracers_ale[0m
 [37m         --> call init_tracers_AB[0m
 [38m             --> call tracer_gradient_elements[0m
 [38m             --> call tracer_gradient_z[0m
 [38m             --> call fill_up_dn_grad[0m
 [38m             --> call tracer_gradient_elements[0m
 [37m         --> call adv_tracers_ale[0m
 [37m         --> call diff_tracers_ale[0m
 [37m         --> call relax_to_clim[0m
 [37m         --> call init_tracers_AB[0m
 [38m             --> call tracer_gradient_elements[0m
 [38m             --> call tracer_gradient_z[0m
 [38m             --> call fill_up_dn_grad[0m
 [38m             --> call tracer_gradient_elements[0m
 [37m         --> call adv_tracers_ale[0m
 [37m         --> call diff_tracers_ale[0m
 [37m         --> call relax_to_clim[0m
 [36m     --> call update_thickness_ale[0m
 [36m     --> call write_step_info[0m
 [36m     --> call check_blowup[0m
 [34m --> call compute_diagnostics(1)[0m
 [34m --> call output (n)[0m
 [34m --> call compute_vel_nodes[0m
 [34m --> call oce_timestep_ale[0m
 [36m     --> call pressure_bv[0m
 [36m     --> call pressure_force_4_...[0m
 [36m     --> call oce_mixing_PP[0m
 [36m     --> call compute_vel_rhs[0m
 [36m     --> call viscosity_filter[0m
 [37m         --> call visc_filt_bcksct[0m
 [36m     --> call impl_vert_visc_ale[0m
 [36m     --> call compute_ssh_rhs_ale[0m
 [36m     --> call update_vel[0m
 [36m     --> call compute_hbar_ale[0m
 [36m     --> call fer_solve_Gamma[0m
 [36m     --> call vert_vel_ale[0m
 [36m     --> call solve_tracers_ale[0m
 [37m         --> call init_tracers_AB[0m
 [38m             --> call tracer_gradient_elements[0m
 [38m             --> call tracer_gradient_z[0m
 [38m             --> call fill_up_dn_grad[0m
 [38m             --> call tracer_gradient_elements[0m
 [37m         --> call adv_tracers_ale[0m
 [37m         --> call diff_tracers_ale[0m
 [37m         --> call relax_to_clim[0m
 [37m         --> call init_tracers_AB[0m
 [38m             --> call tracer_gradient_elements[0m
 [38m             --> call tracer_gradient_z[0m
 [38m             --> call fill_up_dn_grad[0m
 [38m             --> call tracer_gradient_elements[0m
 [37m         --> call adv_tracers_ale[0m
 [37m         --> call diff_tracers_ale[0m
 [37m         --> call relax_to_clim[0m
 [36m     --> call update_thickness_ale[0m
 [36m     --> call write_step_info[0m
 [36m     --> call check_blowup[0m
 [34m --> call compute_diagnostics(1)[0m
 [34m --> call output (n)[0m
 [34m --> call compute_vel_nodes[0m
 [34m --> call oce_timestep_ale[0m
 [36m     --> call pressure_bv[0m
 [36m     --> call pressure_force_4_...[0m
 [36m     --> call oce_mixing_PP[0m
 [36m     --> call compute_vel_rhs[0m
 [36m     --> call viscosity_filter[0m
 [37m         --> call visc_filt_bcksct[0m
 [36m     --> call impl_vert_visc_ale[0m
 [36m     --> call compute_ssh_rhs_ale[0m
 [36m     --> call update_vel[0m
 [36m     --> call compute_hbar_ale[0m
 [36m     --> call fer_solve_Gamma[0m
 [36m     --> call vert_vel_ale[0m
 [36m     --> call solve_tracers_ale[0m
 [37m         --> call init_tracers_AB[0m
 [38m             --> call tracer_gradient_elements[0m
 [38m             --> call tracer_gradient_z[0m
 [38m             --> call fill_up_dn_grad[0m
 [38m             --> call tracer_gradient_elements[0m
 [37m         --> call adv_tracers_ale[0m
 [37m         --> call diff_tracers_ale[0m
 [37m         --> call relax_to_clim[0m
 [37m         --> call init_tracers_AB[0m
 [38m             --> call tracer_gradient_elements[0m
 [38m             --> call tracer_gradient_z[0m
 [38m             --> call fill_up_dn_grad[0m
 [38m             --> call tracer_gradient_elements[0m
 [37m         --> call adv_tracers_ale[0m
 [37m         --> call diff_tracers_ale[0m
 [37m         --> call relax_to_clim[0m
 [36m     --> call update_thickness_ale[0m
 [36m     --> call write_step_info[0m
 [36m     --> call check_blowup[0m
 [34m --> call compute_diagnostics(1)[0m
 [34m --> call output (n)[0m
 [34m --> call compute_vel_nodes[0m
 [34m --> call oce_timestep_ale[0m
 [36m     --> call pressure_bv[0m
 [36m     --> call pressure_force_4_...[0m
 [36m     --> call oce_mixing_PP[0m
 [36m     --> call compute_vel_rhs[0m
 [36m     --> call viscosity_filter[0m
 [37m         --> call visc_filt_bcksct[0m
 [36m     --> call impl_vert_visc_ale[0m
 [36m     --> call compute_ssh_rhs_ale[0m
 [36m     --> call update_vel[0m
 [36m     --> call compute_hbar_ale[0m
 [36m     --> call fer_solve_Gamma[0m
 [36m     --> call vert_vel_ale[0m
 [36m     --> call solve_tracers_ale[0m
 [37m         --> call init_tracers_AB[0m
 [38m             --> call tracer_gradient_elements[0m
 [38m             --> call tracer_gradient_z[0m
 [38m             --> call fill_up_dn_grad[0m
 [38m             --> call tracer_gradient_elements[0m
 [37m         --> call adv_tracers_ale[0m
 [37m         --> call diff_tracers_ale[0m
 [37m         --> call relax_to_clim[0m
 [37m         --> call init_tracers_AB[0m
 [38m             --> call tracer_gradient_elements[0m
 [38m             --> call tracer_gradient_z[0m
 [38m             --> call fill_up_dn_grad[0m
 [38m             --> call tracer_gradient_elements[0m
 [37m         --> call adv_tracers_ale[0m
 [37m         --> call diff_tracers_ale[0m
 [37m         --> call relax_to_clim[0m
 [36m     --> call update_thickness_ale[0m
 [36m     --> call write_step_info[0m
 [36m     --> call check_blowup[0m
 [34m --> call compute_diagnostics(1)[0m
 [34m --> call output (n)[0m
 [34m --> call compute_vel_nodes[0m
 [34m --> call oce_timestep_ale[0m
 [36m     --> call pressure_bv[0m
 [36m     --> call pressure_force_4_...[0m
 [36m     --> call oce_mixing_PP[0m
 [36m     --> call compute_vel_rhs[0m
 [36m     --> call viscosity_filter[0m
 [37m         --> call visc_filt_bcksct[0m
 [36m     --> call impl_vert_visc_ale[0m
 [36m     --> call compute_ssh_rhs_ale[0m
 [36m     --> call update_vel[0m
 [36m     --> call compute_hbar_ale[0m
 [36m     --> call fer_solve_Gamma[0m
 [36m     --> call vert_vel_ale[0m
 [36m     --> call solve_tracers_ale[0m
 [37m         --> call init_tracers_AB[0m
 [38m             --> call tracer_gradient_elements[0m
 [38m             --> call tracer_gradient_z[0m
 [38m             --> call fill_up_dn_grad[0m
 [38m             --> call tracer_gradient_elements[0m
 [37m         --> call adv_tracers_ale[0m
 [37m         --> call diff_tracers_ale[0m
 [37m         --> call relax_to_clim[0m
 [37m         --> call init_tracers_AB[0m
 [38m             --> call tracer_gradient_elements[0m
 [38m             --> call tracer_gradient_z[0m
 [38m             --> call fill_up_dn_grad[0m
 [38m             --> call tracer_gradient_elements[0m
 [37m         --> call adv_tracers_ale[0m
 [37m         --> call diff_tracers_ale[0m
 [37m         --> call relax_to_clim[0m
 [36m     --> call update_thickness_ale[0m
 [36m     --> call write_step_info[0m
 [36m     --> call check_blowup[0m
 [34m --> call compute_diagnostics(1)[0m
 [34m --> call output (n)[0m
 [34m --> call compute_vel_nodes[0m
 [34m --> call oce_timestep_ale[0m
 [36m     --> call pressure_bv[0m
 [36m     --> call pressure_force_4_...[0m
 [36m     --> call oce_mixing_PP[0m
 [36m     --> call compute_vel_rhs[0m
 [36m     --> call viscosity_filter[0m
 [37m         --> call visc_filt_bcksct[0m
 [36m     --> call impl_vert_visc_ale[0m
 [36m     --> call compute_ssh_rhs_ale[0m
 [36m     --> call update_vel[0m
 [36m     --> call compute_hbar_ale[0m
 [36m     --> call fer_solve_Gamma[0m
 [36m     --> call vert_vel_ale[0m
 [36m     --> call solve_tracers_ale[0m
 [37m         --> call init_tracers_AB[0m
 [38m             --> call tracer_gradient_elements[0m
 [38m             --> call tracer_gradient_z[0m
 [38m             --> call fill_up_dn_grad[0m
 [38m             --> call tracer_gradient_elements[0m
 [37m         --> call adv_tracers_ale[0m
 [37m         --> call diff_tracers_ale[0m
 [37m         --> call relax_to_clim[0m
 [37m         --> call init_tracers_AB[0m
 [38m             --> call tracer_gradient_elements[0m
 [38m             --> call tracer_gradient_z[0m
 [38m             --> call fill_up_dn_grad[0m
 [38m             --> call tracer_gradient_elements[0m
 [37m         --> call adv_tracers_ale[0m
 [37m         --> call diff_tracers_ale[0m
 [37m         --> call relax_to_clim[0m
 [36m     --> call update_thickness_ale[0m
 [36m     --> call write_step_info[0m
 [36m     --> call check_blowup[0m
 [34m --> call compute_diagnostics(1)[0m
 [34m --> call output (n)[0m
 [34m --> call compute_vel_nodes[0m
 [34m --> call oce_timestep_ale[0m
 [36m     --> call pressure_bv[0m
 [36m     --> call pressure_force_4_...[0m
 [36m     --> call oce_mixing_PP[0m
 [36m     --> call compute_vel_rhs[0m
 [36m     --> call viscosity_filter[0m
 [37m         --> call visc_filt_bcksct[0m
 [36m     --> call impl_vert_visc_ale[0m
 [36m     --> call compute_ssh_rhs_ale[0m
 [36m     --> call update_vel[0m
 [36m     --> call compute_hbar_ale[0m
 [36m     --> call fer_solve_Gamma[0m
 [36m     --> call vert_vel_ale[0m
 [36m     --> call solve_tracers_ale[0m
 [37m         --> call init_tracers_AB[0m
 [38m             --> call tracer_gradient_elements[0m
 [38m             --> call tracer_gradient_z[0m
 [38m             --> call fill_up_dn_grad[0m
 [38m             --> call tracer_gradient_elements[0m
 [37m         --> call adv_tracers_ale[0m
 [37m         --> call diff_tracers_ale[0m
 [37m         --> call relax_to_clim[0m
 [37m         --> call init_tracers_AB[0m
 [38m             --> call tracer_gradient_elements[0m
 [38m             --> call tracer_gradient_z[0m
 [38m             --> call fill_up_dn_grad[0m
 [38m             --> call tracer_gradient_elements[0m
 [37m         --> call adv_tracers_ale[0m
 [37m         --> call diff_tracers_ale[0m
 [37m         --> call relax_to_clim[0m
 [36m     --> call update_thickness_ale[0m
 [36m     --> call write_step_info[0m
 [36m     --> call check_blowup[0m
 [34m --> call compute_diagnostics(1)[0m
 [34m --> call output (n)[0m
 [34m --> call compute_vel_nodes[0m
 [34m --> call oce_timestep_ale[0m
 [36m     --> call pressure_bv[0m
 [36m     --> call pressure_force_4_...[0m
 [36m     --> call oce_mixing_PP[0m
 [36m     --> call compute_vel_rhs[0m
 [36m     --> call viscosity_filter[0m
 [37m         --> call visc_filt_bcksct[0m
 [36m     --> call impl_vert_visc_ale[0m
 [36m     --> call compute_ssh_rhs_ale[0m
 [36m     --> call update_vel[0m
 [36m     --> call compute_hbar_ale[0m
 [36m     --> call fer_solve_Gamma[0m
 [36m     --> call vert_vel_ale[0m
 [36m     --> call solve_tracers_ale[0m
 [37m         --> call init_tracers_AB[0m
 [38m             --> call tracer_gradient_elements[0m
 [38m             --> call tracer_gradient_z[0m
 [38m             --> call fill_up_dn_grad[0m
 [38m             --> call tracer_gradient_elements[0m
 [37m         --> call adv_tracers_ale[0m
 [37m         --> call diff_tracers_ale[0m
 [37m         --> call relax_to_clim[0m
 [37m         --> call init_tracers_AB[0m
 [38m             --> call tracer_gradient_elements[0m
 [38m             --> call tracer_gradient_z[0m
 [38m             --> call fill_up_dn_grad[0m
 [38m             --> call tracer_gradient_elements[0m
 [37m         --> call adv_tracers_ale[0m
 [37m         --> call diff_tracers_ale[0m
 [37m         --> call relax_to_clim[0m
 [36m     --> call update_thickness_ale[0m
 [36m     --> call write_step_info[0m
 [36m     --> call check_blowup[0m
 [34m --> call compute_diagnostics(1)[0m
 [34m --> call output (n)[0m
 [34m --> call compute_vel_nodes[0m
 [34m --> call oce_timestep_ale[0m
 [36m     --> call pressure_bv[0m
 [36m     --> call pressure_force_4_...[0m
 [36m     --> call oce_mixing_PP[0m
 [36m     --> call compute_vel_rhs[0m
 [36m     --> call viscosity_filter[0m
 [37m         --> call visc_filt_bcksct[0m
 [36m     --> call impl_vert_visc_ale[0m
 [36m     --> call compute_ssh_rhs_ale[0m
 [36m     --> call update_vel[0m
 [36m     --> call compute_hbar_ale[0m
 [36m     --> call fer_solve_Gamma[0m
 [36m     --> call vert_vel_ale[0m
 [36m     --> call solve_tracers_ale[0m
 [37m         --> call init_tracers_AB[0m
 [38m             --> call tracer_gradient_elements[0m
 [38m             --> call tracer_gradient_z[0m
 [38m             --> call fill_up_dn_grad[0m
 [38m             --> call tracer_gradient_elements[0m
 [37m         --> call adv_tracers_ale[0m
 [37m         --> call diff_tracers_ale[0m
 [37m         --> call relax_to_clim[0m
 [37m         --> call init_tracers_AB[0m
 [38m             --> call tracer_gradient_elements[0m
 [38m             --> call tracer_gradient_z[0m
 [38m             --> call fill_up_dn_grad[0m
 [38m             --> call tracer_gradient_elements[0m
 [37m         --> call adv_tracers_ale[0m
 [37m         --> call diff_tracers_ale[0m
 [37m         --> call relax_to_clim[0m
 [36m     --> call update_thickness_ale[0m
 [36m     --> call write_step_info[0m
 [36m     --> call check_blowup[0m
 [34m --> call compute_diagnostics(1)[0m
 [34m --> call output (n)[0m
 [34m --> call compute_vel_nodes[0m
 [34m --> call oce_timestep_ale[0m
 [36m     --> call pressure_bv[0m
 [36m     --> call pressure_force_4_...[0m
 [36m     --> call oce_mixing_PP[0m
 [36m     --> call compute_vel_rhs[0m
 [36m     --> call viscosity_filter[0m
 [37m         --> call visc_filt_bcksct[0m
 [36m     --> call impl_vert_visc_ale[0m
 [36m     --> call compute_ssh_rhs_ale[0m
 [36m     --> call update_vel[0m
 [36m     --> call compute_hbar_ale[0m
 [36m     --> call fer_solve_Gamma[0m
 [36m     --> call vert_vel_ale[0m
 [36m     --> call solve_tracers_ale[0m
 [37m         --> call init_tracers_AB[0m
 [38m             --> call tracer_gradient_elements[0m
 [38m             --> call tracer_gradient_z[0m
 [38m             --> call fill_up_dn_grad[0m
 [38m             --> call tracer_gradient_elements[0m
 [37m         --> call adv_tracers_ale[0m
 [37m         --> call diff_tracers_ale[0m
 [37m         --> call relax_to_clim[0m
 [37m         --> call init_tracers_AB[0m
 [38m             --> call tracer_gradient_elements[0m
 [38m             --> call tracer_gradient_z[0m
 [38m             --> call fill_up_dn_grad[0m
 [38m             --> call tracer_gradient_elements[0m
 [37m         --> call adv_tracers_ale[0m
 [37m         --> call diff_tracers_ale[0m
 [37m         --> call relax_to_clim[0m
 [36m     --> call update_thickness_ale[0m
 [36m     --> call write_step_info[0m
 [36m     --> call check_blowup[0m
 [34m --> call compute_diagnostics(1)[0m
 [34m --> call output (n)[0m
 [34m --> call compute_vel_nodes[0m
 [34m --> call oce_timestep_ale[0m
 [36m     --> call pressure_bv[0m
 [36m     --> call pressure_force_4_...[0m
 [36m     --> call oce_mixing_PP[0m
 [36m     --> call compute_vel_rhs[0m
 [36m     --> call viscosity_filter[0m
 [37m         --> call visc_filt_bcksct[0m
 [36m     --> call impl_vert_visc_ale[0m
 [36m     --> call compute_ssh_rhs_ale[0m
 [36m     --> call update_vel[0m
 [36m     --> call compute_hbar_ale[0m
 [36m     --> call fer_solve_Gamma[0m
 [36m     --> call vert_vel_ale[0m
 [36m     --> call solve_tracers_ale[0m
 [37m         --> call init_tracers_AB[0m
 [38m             --> call tracer_gradient_elements[0m
 [38m             --> call tracer_gradient_z[0m
 [38m             --> call fill_up_dn_grad[0m
 [38m             --> call tracer_gradient_elements[0m
 [37m         --> call adv_tracers_ale[0m
 [37m         --> call diff_tracers_ale[0m
 [37m         --> call relax_to_clim[0m
 [37m         --> call init_tracers_AB[0m
 [38m             --> call tracer_gradient_elements[0m
 [38m             --> call tracer_gradient_z[0m
 [38m             --> call fill_up_dn_grad[0m
 [38m             --> call tracer_gradient_elements[0m
 [37m         --> call adv_tracers_ale[0m
 [37m         --> call diff_tracers_ale[0m
 [37m         --> call relax_to_clim[0m
 [36m     --> call update_thickness_ale[0m
 [36m     --> call write_step_info[0m
 [36m     --> call check_blowup[0m
 [34m --> call compute_diagnostics(1)[0m
 [34m --> call output (n)[0m
 [34m --> call compute_vel_nodes[0m
 [34m --> call oce_timestep_ale[0m
 [36m     --> call pressure_bv[0m
 [36m     --> call pressure_force_4_...[0m
 [36m     --> call oce_mixing_PP[0m
 [36m     --> call compute_vel_rhs[0m
 [36m     --> call viscosity_filter[0m
 [37m         --> call visc_filt_bcksct[0m
 [36m     --> call impl_vert_visc_ale[0m
 [36m     --> call compute_ssh_rhs_ale[0m
 [36m     --> call update_vel[0m
 [36m     --> call compute_hbar_ale[0m
 [36m     --> call fer_solve_Gamma[0m
 [36m     --> call vert_vel_ale[0m
 [36m     --> call solve_tracers_ale[0m
 [37m         --> call init_tracers_AB[0m
 [38m             --> call tracer_gradient_elements[0m
 [38m             --> call tracer_gradient_z[0m
 [38m             --> call fill_up_dn_grad[0m
 [38m             --> call tracer_gradient_elements[0m
 [37m         --> call adv_tracers_ale[0m
 [37m         --> call diff_tracers_ale[0m
 [37m         --> call relax_to_clim[0m
 [37m         --> call init_tracers_AB[0m
 [38m             --> call tracer_gradient_elements[0m
 [38m             --> call tracer_gradient_z[0m
 [38m             --> call fill_up_dn_grad[0m
 [38m             --> call tracer_gradient_elements[0m
 [37m         --> call adv_tracers_ale[0m
 [37m         --> call diff_tracers_ale[0m
 [37m         --> call relax_to_clim[0m
 [36m     --> call update_thickness_ale[0m
 [36m     --> call write_step_info[0m
 [36m     --> call check_blowup[0m
 [34m --> call compute_diagnostics(1)[0m
 [34m --> call output (n)[0m
 [34m --> call compute_vel_nodes[0m
 [34m --> call oce_timestep_ale[0m
 [36m     --> call pressure_bv[0m
 [36m     --> call pressure_force_4_...[0m
 [36m     --> call oce_mixing_PP[0m
 [36m     --> call compute_vel_rhs[0m
 [36m     --> call viscosity_filter[0m
 [37m         --> call visc_filt_bcksct[0m
 [36m     --> call impl_vert_visc_ale[0m
 [36m     --> call compute_ssh_rhs_ale[0m
 [36m     --> call update_vel[0m
 [36m     --> call compute_hbar_ale[0m
 [36m     --> call fer_solve_Gamma[0m
 [36m     --> call vert_vel_ale[0m
 [36m     --> call solve_tracers_ale[0m
 [37m         --> call init_tracers_AB[0m
 [38m             --> call tracer_gradient_elements[0m
 [38m             --> call tracer_gradient_z[0m
 [38m             --> call fill_up_dn_grad[0m
 [38m             --> call tracer_gradient_elements[0m
 [37m         --> call adv_tracers_ale[0m
 [37m         --> call diff_tracers_ale[0m
 [37m         --> call relax_to_clim[0m
 [37m         --> call init_tracers_AB[0m
 [38m             --> call tracer_gradient_elements[0m
 [38m             --> call tracer_gradient_z[0m
 [38m             --> call fill_up_dn_grad[0m
 [38m             --> call tracer_gradient_elements[0m
 [37m         --> call adv_tracers_ale[0m
 [37m         --> call diff_tracers_ale[0m
 [37m         --> call relax_to_clim[0m
 [36m     --> call update_thickness_ale[0m
 [36m     --> call write_step_info[0m
 [36m     --> call check_blowup[0m
 [34m --> call compute_diagnostics(1)[0m
 [34m --> call output (n)[0m
 [34m --> call compute_vel_nodes[0m
 [34m --> call oce_timestep_ale[0m
 [36m     --> call pressure_bv[0m
 [36m     --> call pressure_force_4_...[0m
 [36m     --> call oce_mixing_PP[0m
 [36m     --> call compute_vel_rhs[0m
 [36m     --> call viscosity_filter[0m
 [37m         --> call visc_filt_bcksct[0m
 [36m     --> call impl_vert_visc_ale[0m
 [36m     --> call compute_ssh_rhs_ale[0m
 [36m     --> call update_vel[0m
 [36m     --> call compute_hbar_ale[0m
 [36m     --> call fer_solve_Gamma[0m
 [36m     --> call vert_vel_ale[0m
 [36m     --> call solve_tracers_ale[0m
 [37m         --> call init_tracers_AB[0m
 [38m             --> call tracer_gradient_elements[0m
 [38m             --> call tracer_gradient_z[0m
 [38m             --> call fill_up_dn_grad[0m
 [38m             --> call tracer_gradient_elements[0m
 [37m         --> call adv_tracers_ale[0m
 [37m         --> call diff_tracers_ale[0m
 [37m         --> call relax_to_clim[0m
 [37m         --> call init_tracers_AB[0m
 [38m             --> call tracer_gradient_elements[0m
 [38m             --> call tracer_gradient_z[0m
 [38m             --> call fill_up_dn_grad[0m
 [38m             --> call tracer_gradient_elements[0m
 [37m         --> call adv_tracers_ale[0m
 [37m         --> call diff_tracers_ale[0m
 [37m         --> call relax_to_clim[0m
 [36m     --> call update_thickness_ale[0m
 [36m     --> call write_step_info[0m
 [36m     --> call check_blowup[0m
 [34m --> call compute_diagnostics(1)[0m
 [34m --> call output (n)[0m
 [34m --> call compute_vel_nodes[0m
 [34m --> call oce_timestep_ale[0m
 [36m     --> call pressure_bv[0m
 [36m     --> call pressure_force_4_...[0m
 [36m     --> call oce_mixing_PP[0m
 [36m     --> call compute_vel_rhs[0m
 [36m     --> call viscosity_filter[0m
 [37m         --> call visc_filt_bcksct[0m
 [36m     --> call impl_vert_visc_ale[0m
 [36m     --> call compute_ssh_rhs_ale[0m
 [36m     --> call update_vel[0m
 [36m     --> call compute_hbar_ale[0m
 [36m     --> call fer_solve_Gamma[0m
 [36m     --> call vert_vel_ale[0m
 [36m     --> call solve_tracers_ale[0m
 [37m         --> call init_tracers_AB[0m
 [38m             --> call tracer_gradient_elements[0m
 [38m             --> call tracer_gradient_z[0m
 [38m             --> call fill_up_dn_grad[0m
 [38m             --> call tracer_gradient_elements[0m
 [37m         --> call adv_tracers_ale[0m
 [37m         --> call diff_tracers_ale[0m
 [37m         --> call relax_to_clim[0m
 [37m         --> call init_tracers_AB[0m
 [38m             --> call tracer_gradient_elements[0m
 [38m             --> call tracer_gradient_z[0m
 [38m             --> call fill_up_dn_grad[0m
 [38m             --> call tracer_gradient_elements[0m
 [37m         --> call adv_tracers_ale[0m
 [37m         --> call diff_tracers_ale[0m
 [37m         --> call relax_to_clim[0m
 [36m     --> call update_thickness_ale[0m
 [36m     --> call write_step_info[0m
 [36m     --> call check_blowup[0m
 [34m --> call compute_diagnostics(1)[0m
 [34m --> call output (n)[0m
 [34m --> call compute_vel_nodes[0m
 [34m --> call oce_timestep_ale[0m
 [36m     --> call pressure_bv[0m
 [36m     --> call pressure_force_4_...[0m
 [36m     --> call oce_mixing_PP[0m
 [36m     --> call compute_vel_rhs[0m
 [36m     --> call viscosity_filter[0m
 [37m         --> call visc_filt_bcksct[0m
 [36m     --> call impl_vert_visc_ale[0m
 [36m     --> call compute_ssh_rhs_ale[0m
 [36m     --> call update_vel[0m
 [36m     --> call compute_hbar_ale[0m
 [36m     --> call fer_solve_Gamma[0m
 [36m     --> call vert_vel_ale[0m
 [36m     --> call solve_tracers_ale[0m
 [37m         --> call init_tracers_AB[0m
 [38m             --> call tracer_gradient_elements[0m
 [38m             --> call tracer_gradient_z[0m
 [38m             --> call fill_up_dn_grad[0m
 [38m             --> call tracer_gradient_elements[0m
 [37m         --> call adv_tracers_ale[0m
 [37m         --> call diff_tracers_ale[0m
 [37m         --> call relax_to_clim[0m
 [37m         --> call init_tracers_AB[0m
 [38m             --> call tracer_gradient_elements[0m
 [38m             --> call tracer_gradient_z[0m
 [38m             --> call fill_up_dn_grad[0m
 [38m             --> call tracer_gradient_elements[0m
 [37m         --> call adv_tracers_ale[0m
 [37m         --> call diff_tracers_ale[0m
 [37m         --> call relax_to_clim[0m
 [36m     --> call update_thickness_ale[0m
 [36m     --> call write_step_info[0m
 [36m     --> call check_blowup[0m
 [34m --> call compute_diagnostics(1)[0m
 [34m --> call output (n)[0m
 [34m --> call compute_vel_nodes[0m
 [34m --> call oce_timestep_ale[0m
 [36m     --> call pressure_bv[0m
 [36m     --> call pressure_force_4_...[0m
 [36m     --> call oce_mixing_PP[0m
 [36m     --> call compute_vel_rhs[0m
 [36m     --> call viscosity_filter[0m
 [37m         --> call visc_filt_bcksct[0m
 [36m     --> call impl_vert_visc_ale[0m
 [36m     --> call compute_ssh_rhs_ale[0m
 [36m     --> call update_vel[0m
 [36m     --> call compute_hbar_ale[0m
 [36m     --> call fer_solve_Gamma[0m
 [36m     --> call vert_vel_ale[0m
 [36m     --> call solve_tracers_ale[0m
 [37m         --> call init_tracers_AB[0m
 [38m             --> call tracer_gradient_elements[0m
 [38m             --> call tracer_gradient_z[0m
 [38m             --> call fill_up_dn_grad[0m
 [38m             --> call tracer_gradient_elements[0m
 [37m         --> call adv_tracers_ale[0m
 [37m         --> call diff_tracers_ale[0m
 [37m         --> call relax_to_clim[0m
 [37m         --> call init_tracers_AB[0m
 [38m             --> call tracer_gradient_elements[0m
 [38m             --> call tracer_gradient_z[0m
 [38m             --> call fill_up_dn_grad[0m
 [38m             --> call tracer_gradient_elements[0m
 [37m         --> call adv_tracers_ale[0m
 [37m         --> call diff_tracers_ale[0m
 [37m         --> call relax_to_clim[0m
 [36m     --> call update_thickness_ale[0m
 [36m     --> call write_step_info[0m
 [36m     --> call check_blowup[0m
 [34m --> call compute_diagnostics(1)[0m
 [34m --> call output (n)[0m
 [34m --> call compute_vel_nodes[0m
 [34m --> call oce_timestep_ale[0m
 [36m     --> call pressure_bv[0m
 [36m     --> call pressure_force_4_...[0m
 [36m     --> call oce_mixing_PP[0m
 [36m     --> call compute_vel_rhs[0m
 [36m     --> call viscosity_filter[0m
 [37m         --> call visc_filt_bcksct[0m
 [36m     --> call impl_vert_visc_ale[0m
 [36m     --> call compute_ssh_rhs_ale[0m
 [36m     --> call update_vel[0m
 [36m     --> call compute_hbar_ale[0m
 [36m     --> call fer_solve_Gamma[0m
 [36m     --> call vert_vel_ale[0m
 [36m     --> call solve_tracers_ale[0m
 [37m         --> call init_tracers_AB[0m
 [38m             --> call tracer_gradient_elements[0m
 [38m             --> call tracer_gradient_z[0m
 [38m             --> call fill_up_dn_grad[0m
 [38m             --> call tracer_gradient_elements[0m
 [37m         --> call adv_tracers_ale[0m
 [37m         --> call diff_tracers_ale[0m
 [37m         --> call relax_to_clim[0m
 [37m         --> call init_tracers_AB[0m
 [38m             --> call tracer_gradient_elements[0m
 [38m             --> call tracer_gradient_z[0m
 [38m             --> call fill_up_dn_grad[0m
 [38m             --> call tracer_gradient_elements[0m
 [37m         --> call adv_tracers_ale[0m
 [37m         --> call diff_tracers_ale[0m
 [37m         --> call relax_to_clim[0m
 [36m     --> call update_thickness_ale[0m
 [36m     --> call write_step_info[0m
 [36m     --> call check_blowup[0m
 [34m --> call compute_diagnostics(1)[0m
 [34m --> call output (n)[0m
 [34m --> call compute_vel_nodes[0m
 [34m --> call oce_timestep_ale[0m
 [36m     --> call pressure_bv[0m
 [36m     --> call pressure_force_4_...[0m
 [36m     --> call oce_mixing_PP[0m
 [36m     --> call compute_vel_rhs[0m
 [36m     --> call viscosity_filter[0m
 [37m         --> call visc_filt_bcksct[0m
 [36m     --> call impl_vert_visc_ale[0m
 [36m     --> call compute_ssh_rhs_ale[0m
 [36m     --> call update_vel[0m
 [36m     --> call compute_hbar_ale[0m
 [36m     --> call fer_solve_Gamma[0m
 [36m     --> call vert_vel_ale[0m
 [36m     --> call solve_tracers_ale[0m
 [37m         --> call init_tracers_AB[0m
 [38m             --> call tracer_gradient_elements[0m
 [38m             --> call tracer_gradient_z[0m
 [38m             --> call fill_up_dn_grad[0m
 [38m             --> call tracer_gradient_elements[0m
 [37m         --> call adv_tracers_ale[0m
 [37m         --> call diff_tracers_ale[0m
 [37m         --> call relax_to_clim[0m
 [37m         --> call init_tracers_AB[0m
 [38m             --> call tracer_gradient_elements[0m
 [38m             --> call tracer_gradient_z[0m
 [38m             --> call fill_up_dn_grad[0m
 [38m             --> call tracer_gradient_elements[0m
 [37m         --> call adv_tracers_ale[0m
 [37m         --> call diff_tracers_ale[0m
 [37m         --> call relax_to_clim[0m
 [36m     --> call update_thickness_ale[0m
 [36m     --> call write_step_info[0m
 [36m     --> call check_blowup[0m
 [34m --> call compute_diagnostics(1)[0m
 [34m --> call output (n)[0m
 [34m --> call compute_vel_nodes[0m
 [34m --> call oce_timestep_ale[0m
 [36m     --> call pressure_bv[0m
 [36m     --> call pressure_force_4_...[0m
 [36m     --> call oce_mixing_PP[0m
 [36m     --> call compute_vel_rhs[0m
 [36m     --> call viscosity_filter[0m
 [37m         --> call visc_filt_bcksct[0m
 [36m     --> call impl_vert_visc_ale[0m
 [36m     --> call compute_ssh_rhs_ale[0m
 [36m     --> call update_vel[0m
 [36m     --> call compute_hbar_ale[0m
 [36m     --> call fer_solve_Gamma[0m
 [36m     --> call vert_vel_ale[0m
 [36m     --> call solve_tracers_ale[0m
 [37m         --> call init_tracers_AB[0m
 [38m             --> call tracer_gradient_elements[0m
 [38m             --> call tracer_gradient_z[0m
 [38m             --> call fill_up_dn_grad[0m
 [38m             --> call tracer_gradient_elements[0m
 [37m         --> call adv_tracers_ale[0m
 [37m         --> call diff_tracers_ale[0m
 [37m         --> call relax_to_clim[0m
 [37m         --> call init_tracers_AB[0m
 [38m             --> call tracer_gradient_elements[0m
 [38m             --> call tracer_gradient_z[0m
 [38m             --> call fill_up_dn_grad[0m
 [38m             --> call tracer_gradient_elements[0m
 [37m         --> call adv_tracers_ale[0m
 [37m         --> call diff_tracers_ale[0m
 [37m         --> call relax_to_clim[0m
 [36m     --> call update_thickness_ale[0m
 [36m     --> call write_step_info[0m
 [36m     --> call check_blowup[0m
 [34m --> call compute_diagnostics(1)[0m
 [34m --> call output (n)[0m
 [34m --> call compute_vel_nodes[0m
 [34m --> call oce_timestep_ale[0m
 [36m     --> call pressure_bv[0m
 [36m     --> call pressure_force_4_...[0m
 [36m     --> call oce_mixing_PP[0m
 [36m     --> call compute_vel_rhs[0m
 [36m     --> call viscosity_filter[0m
 [37m         --> call visc_filt_bcksct[0m
 [36m     --> call impl_vert_visc_ale[0m
 [36m     --> call compute_ssh_rhs_ale[0m
 [36m     --> call update_vel[0m
 [36m     --> call compute_hbar_ale[0m
 [36m     --> call fer_solve_Gamma[0m
 [36m     --> call vert_vel_ale[0m
 [36m     --> call solve_tracers_ale[0m
 [37m         --> call init_tracers_AB[0m
 [38m             --> call tracer_gradient_elements[0m
 [38m             --> call tracer_gradient_z[0m
 [38m             --> call fill_up_dn_grad[0m
 [38m             --> call tracer_gradient_elements[0m
 [37m         --> call adv_tracers_ale[0m
 [37m         --> call diff_tracers_ale[0m
 [37m         --> call relax_to_clim[0m
 [37m         --> call init_tracers_AB[0m
 [38m             --> call tracer_gradient_elements[0m
 [38m             --> call tracer_gradient_z[0m
 [38m             --> call fill_up_dn_grad[0m
 [38m             --> call tracer_gradient_elements[0m
 [37m         --> call adv_tracers_ale[0m
 [37m         --> call diff_tracers_ale[0m
 [37m         --> call relax_to_clim[0m
 [36m     --> call update_thickness_ale[0m
 [36m     --> call write_step_info[0m
 [36m     --> call check_blowup[0m
 [34m --> call compute_diagnostics(1)[0m
 [34m --> call output (n)[0m
 [34m --> call compute_vel_nodes[0m
 [34m --> call oce_timestep_ale[0m
 [36m     --> call pressure_bv[0m
 [36m     --> call pressure_force_4_...[0m
 [36m     --> call oce_mixing_PP[0m
 [36m     --> call compute_vel_rhs[0m
 [36m     --> call viscosity_filter[0m
 [37m         --> call visc_filt_bcksct[0m
 [36m     --> call impl_vert_visc_ale[0m
 [36m     --> call compute_ssh_rhs_ale[0m
 [36m     --> call update_vel[0m
 [36m     --> call compute_hbar_ale[0m
 [36m     --> call fer_solve_Gamma[0m
 [36m     --> call vert_vel_ale[0m
 [36m     --> call solve_tracers_ale[0m
 [37m         --> call init_tracers_AB[0m
 [38m             --> call tracer_gradient_elements[0m
 [38m             --> call tracer_gradient_z[0m
 [38m             --> call fill_up_dn_grad[0m
 [38m             --> call tracer_gradient_elements[0m
 [37m         --> call adv_tracers_ale[0m
 [37m         --> call diff_tracers_ale[0m
 [37m         --> call relax_to_clim[0m
 [37m         --> call init_tracers_AB[0m
 [38m             --> call tracer_gradient_elements[0m
 [38m             --> call tracer_gradient_z[0m
 [38m             --> call fill_up_dn_grad[0m
 [38m             --> call tracer_gradient_elements[0m
 [37m         --> call adv_tracers_ale[0m
 [37m         --> call diff_tracers_ale[0m
 [37m         --> call relax_to_clim[0m
 [36m     --> call update_thickness_ale[0m
 [36m     --> call write_step_info[0m
 [36m     --> call check_blowup[0m
 [34m --> call compute_diagnostics(1)[0m
 [34m --> call output (n)[0m
 [34m --> call compute_vel_nodes[0m
 [34m --> call oce_timestep_ale[0m
 [36m     --> call pressure_bv[0m
 [36m     --> call pressure_force_4_...[0m
 [36m     --> call oce_mixing_PP[0m
 [36m     --> call compute_vel_rhs[0m
 [36m     --> call viscosity_filter[0m
 [37m         --> call visc_filt_bcksct[0m
 [36m     --> call impl_vert_visc_ale[0m
 [36m     --> call compute_ssh_rhs_ale[0m
 [36m     --> call update_vel[0m
 [36m     --> call compute_hbar_ale[0m
 [36m     --> call fer_solve_Gamma[0m
 [36m     --> call vert_vel_ale[0m
 [36m     --> call solve_tracers_ale[0m
 [37m         --> call init_tracers_AB[0m
 [38m             --> call tracer_gradient_elements[0m
 [38m             --> call tracer_gradient_z[0m
 [38m             --> call fill_up_dn_grad[0m
 [38m             --> call tracer_gradient_elements[0m
 [37m         --> call adv_tracers_ale[0m
 [37m         --> call diff_tracers_ale[0m
 [37m         --> call relax_to_clim[0m
 [37m         --> call init_tracers_AB[0m
 [38m             --> call tracer_gradient_elements[0m
 [38m             --> call tracer_gradient_z[0m
 [38m             --> call fill_up_dn_grad[0m
 [38m             --> call tracer_gradient_elements[0m
 [37m         --> call adv_tracers_ale[0m
 [37m         --> call diff_tracers_ale[0m
 [37m         --> call relax_to_clim[0m
 [36m     --> call update_thickness_ale[0m
 [36m     --> call write_step_info[0m
 [36m     --> call check_blowup[0m
 [34m --> call compute_diagnostics(1)[0m
 [34m --> call output (n)[0m
 [34m --> call compute_vel_nodes[0m
 [34m --> call oce_timestep_ale[0m
 [36m     --> call pressure_bv[0m
 [36m     --> call pressure_force_4_...[0m
 [36m     --> call oce_mixing_PP[0m
 [36m     --> call compute_vel_rhs[0m
 [36m     --> call viscosity_filter[0m
 [37m         --> call visc_filt_bcksct[0m
 [36m     --> call impl_vert_visc_ale[0m
 [36m     --> call compute_ssh_rhs_ale[0m
 [36m     --> call update_vel[0m
 [36m     --> call compute_hbar_ale[0m
 [36m     --> call fer_solve_Gamma[0m
 [36m     --> call vert_vel_ale[0m
 [36m     --> call solve_tracers_ale[0m
 [37m         --> call init_tracers_AB[0m
 [38m             --> call tracer_gradient_elements[0m
 [38m             --> call tracer_gradient_z[0m
 [38m             --> call fill_up_dn_grad[0m
 [38m             --> call tracer_gradient_elements[0m
 [37m         --> call adv_tracers_ale[0m
 [37m         --> call diff_tracers_ale[0m
 [37m         --> call relax_to_clim[0m
 [37m         --> call init_tracers_AB[0m
 [38m             --> call tracer_gradient_elements[0m
 [38m             --> call tracer_gradient_z[0m
 [38m             --> call fill_up_dn_grad[0m
 [38m             --> call tracer_gradient_elements[0m
 [37m         --> call adv_tracers_ale[0m
 [37m         --> call diff_tracers_ale[0m
 [37m         --> call relax_to_clim[0m
 [36m     --> call update_thickness_ale[0m
 [36m     --> call write_step_info[0m
 [36m     --> call check_blowup[0m
 [34m --> call compute_diagnostics(1)[0m
 [34m --> call output (n)[0m
 [34m --> call compute_vel_nodes[0m
 [34m --> call oce_timestep_ale[0m
 [36m     --> call pressure_bv[0m
 [36m     --> call pressure_force_4_...[0m
 [36m     --> call oce_mixing_PP[0m
 [36m     --> call compute_vel_rhs[0m
 [36m     --> call viscosity_filter[0m
 [37m         --> call visc_filt_bcksct[0m
 [36m     --> call impl_vert_visc_ale[0m
 [36m     --> call compute_ssh_rhs_ale[0m
 [36m     --> call update_vel[0m
 [36m     --> call compute_hbar_ale[0m
 [36m     --> call fer_solve_Gamma[0m
 [36m     --> call vert_vel_ale[0m
 [36m     --> call solve_tracers_ale[0m
 [37m         --> call init_tracers_AB[0m
 [38m             --> call tracer_gradient_elements[0m
 [38m             --> call tracer_gradient_z[0m
 [38m             --> call fill_up_dn_grad[0m
 [38m             --> call tracer_gradient_elements[0m
 [37m         --> call adv_tracers_ale[0m
 [37m         --> call diff_tracers_ale[0m
 [37m         --> call relax_to_clim[0m
 [37m         --> call init_tracers_AB[0m
 [38m             --> call tracer_gradient_elements[0m
 [38m             --> call tracer_gradient_z[0m
 [38m             --> call fill_up_dn_grad[0m
 [38m             --> call tracer_gradient_elements[0m
 [37m         --> call adv_tracers_ale[0m
 [37m         --> call diff_tracers_ale[0m
 [37m         --> call relax_to_clim[0m
 [36m     --> call update_thickness_ale[0m
 [36m     --> call write_step_info[0m
 [36m     --> call check_blowup[0m
 [34m --> call compute_diagnostics(1)[0m
 [34m --> call output (n)[0m
 [34m --> call compute_vel_nodes[0m
 [34m --> call oce_timestep_ale[0m
 [36m     --> call pressure_bv[0m
 [36m     --> call pressure_force_4_...[0m
 [36m     --> call oce_mixing_PP[0m
 [36m     --> call compute_vel_rhs[0m
 [36m     --> call viscosity_filter[0m
 [37m         --> call visc_filt_bcksct[0m
 [36m     --> call impl_vert_visc_ale[0m
 [36m     --> call compute_ssh_rhs_ale[0m
 [36m     --> call update_vel[0m
 [36m     --> call compute_hbar_ale[0m
 [36m     --> call fer_solve_Gamma[0m
 [36m     --> call vert_vel_ale[0m
 [36m     --> call solve_tracers_ale[0m
 [37m         --> call init_tracers_AB[0m
 [38m             --> call tracer_gradient_elements[0m
 [38m             --> call tracer_gradient_z[0m
 [38m             --> call fill_up_dn_grad[0m
 [38m             --> call tracer_gradient_elements[0m
 [37m         --> call adv_tracers_ale[0m
 [37m         --> call diff_tracers_ale[0m
 [37m         --> call relax_to_clim[0m
 [37m         --> call init_tracers_AB[0m
 [38m             --> call tracer_gradient_elements[0m
 [38m             --> call tracer_gradient_z[0m
 [38m             --> call fill_up_dn_grad[0m
 [38m             --> call tracer_gradient_elements[0m
 [37m         --> call adv_tracers_ale[0m
 [37m         --> call diff_tracers_ale[0m
 [37m         --> call relax_to_clim[0m
 [36m     --> call update_thickness_ale[0m
 [36m     --> call write_step_info[0m
 [36m     --> call check_blowup[0m
 [34m --> call compute_diagnostics(1)[0m
 [34m --> call output (n)[0m
 [34m --> call compute_vel_nodes[0m
 [34m --> call oce_timestep_ale[0m
 [36m     --> call pressure_bv[0m
 [36m     --> call pressure_force_4_...[0m
 [36m     --> call oce_mixing_PP[0m
 [36m     --> call compute_vel_rhs[0m
 [36m     --> call viscosity_filter[0m
 [37m         --> call visc_filt_bcksct[0m
 [36m     --> call impl_vert_visc_ale[0m
 [36m     --> call compute_ssh_rhs_ale[0m
 [36m     --> call update_vel[0m
 [36m     --> call compute_hbar_ale[0m
 [36m     --> call fer_solve_Gamma[0m
 [36m     --> call vert_vel_ale[0m
 [36m     --> call solve_tracers_ale[0m
 [37m         --> call init_tracers_AB[0m
 [38m             --> call tracer_gradient_elements[0m
 [38m             --> call tracer_gradient_z[0m
 [38m             --> call fill_up_dn_grad[0m
 [38m             --> call tracer_gradient_elements[0m
 [37m         --> call adv_tracers_ale[0m
 [37m         --> call diff_tracers_ale[0m
 [37m         --> call relax_to_clim[0m
 [37m         --> call init_tracers_AB[0m
 [38m             --> call tracer_gradient_elements[0m
 [38m             --> call tracer_gradient_z[0m
 [38m             --> call fill_up_dn_grad[0m
 [38m             --> call tracer_gradient_elements[0m
 [37m         --> call adv_tracers_ale[0m
 [37m         --> call diff_tracers_ale[0m
 [37m         --> call relax_to_clim[0m
 [36m     --> call update_thickness_ale[0m
 [36m     --> call write_step_info[0m
 [36m     --> call check_blowup[0m
 [34m --> call compute_diagnostics(1)[0m
 [34m --> call output (n)[0m
 [34m --> call compute_vel_nodes[0m
 [34m --> call oce_timestep_ale[0m
 [36m     --> call pressure_bv[0m
 [36m     --> call pressure_force_4_...[0m
 [36m     --> call oce_mixing_PP[0m
 [36m     --> call compute_vel_rhs[0m
 [36m     --> call viscosity_filter[0m
 [37m         --> call visc_filt_bcksct[0m
 [36m     --> call impl_vert_visc_ale[0m
 [36m     --> call compute_ssh_rhs_ale[0m
 [36m     --> call update_vel[0m
 [36m     --> call compute_hbar_ale[0m
 [36m     --> call fer_solve_Gamma[0m
 [36m     --> call vert_vel_ale[0m
 [36m     --> call solve_tracers_ale[0m
 [37m         --> call init_tracers_AB[0m
 [38m             --> call tracer_gradient_elements[0m
 [38m             --> call tracer_gradient_z[0m
 [38m             --> call fill_up_dn_grad[0m
 [38m             --> call tracer_gradient_elements[0m
 [37m         --> call adv_tracers_ale[0m
 [37m         --> call diff_tracers_ale[0m
 [37m         --> call relax_to_clim[0m
 [37m         --> call init_tracers_AB[0m
 [38m             --> call tracer_gradient_elements[0m
 [38m             --> call tracer_gradient_z[0m
 [38m             --> call fill_up_dn_grad[0m
 [38m             --> call tracer_gradient_elements[0m
 [37m         --> call adv_tracers_ale[0m
 [37m         --> call diff_tracers_ale[0m
 [37m         --> call relax_to_clim[0m
 [36m     --> call update_thickness_ale[0m
 [36m     --> call write_step_info[0m
 [36m     --> call check_blowup[0m
 [34m --> call compute_diagnostics(1)[0m
 [34m --> call output (n)[0m
 [34m --> call compute_vel_nodes[0m
 [34m --> call oce_timestep_ale[0m
 [36m     --> call pressure_bv[0m
 [36m     --> call pressure_force_4_...[0m
 [36m     --> call oce_mixing_PP[0m
 [36m     --> call compute_vel_rhs[0m
 [36m     --> call viscosity_filter[0m
 [37m         --> call visc_filt_bcksct[0m
 [36m     --> call impl_vert_visc_ale[0m
 [36m     --> call compute_ssh_rhs_ale[0m
 [36m     --> call update_vel[0m
 [36m     --> call compute_hbar_ale[0m
 [36m     --> call fer_solve_Gamma[0m
 [36m     --> call vert_vel_ale[0m
 [36m     --> call solve_tracers_ale[0m
 [37m         --> call init_tracers_AB[0m
 [38m             --> call tracer_gradient_elements[0m
 [38m             --> call tracer_gradient_z[0m
 [38m             --> call fill_up_dn_grad[0m
 [38m             --> call tracer_gradient_elements[0m
 [37m         --> call adv_tracers_ale[0m
 [37m         --> call diff_tracers_ale[0m
 [37m         --> call relax_to_clim[0m
 [37m         --> call init_tracers_AB[0m
 [38m             --> call tracer_gradient_elements[0m
 [38m             --> call tracer_gradient_z[0m
 [38m             --> call fill_up_dn_grad[0m
 [38m             --> call tracer_gradient_elements[0m
 [37m         --> call adv_tracers_ale[0m
 [37m         --> call diff_tracers_ale[0m
 [37m         --> call relax_to_clim[0m
 [36m     --> call update_thickness_ale[0m
 [36m     --> call write_step_info[0m
 [36m     --> call check_blowup[0m
 [34m --> call compute_diagnostics(1)[0m
 [34m --> call output (n)[0m
 [34m --> call compute_vel_nodes[0m
 [34m --> call oce_timestep_ale[0m
 [36m     --> call pressure_bv[0m
 [36m     --> call pressure_force_4_...[0m
 [36m     --> call oce_mixing_PP[0m
 [36m     --> call compute_vel_rhs[0m
 [36m     --> call viscosity_filter[0m
 [37m         --> call visc_filt_bcksct[0m
 [36m     --> call impl_vert_visc_ale[0m
 [36m     --> call compute_ssh_rhs_ale[0m
 [36m     --> call update_vel[0m
 [36m     --> call compute_hbar_ale[0m
 [36m     --> call fer_solve_Gamma[0m
 [36m     --> call vert_vel_ale[0m
 [36m     --> call solve_tracers_ale[0m
 [37m         --> call init_tracers_AB[0m
 [38m             --> call tracer_gradient_elements[0m
 [38m             --> call tracer_gradient_z[0m
 [38m             --> call fill_up_dn_grad[0m
 [38m             --> call tracer_gradient_elements[0m
 [37m         --> call adv_tracers_ale[0m
 [37m         --> call diff_tracers_ale[0m
 [37m         --> call relax_to_clim[0m
 [37m         --> call init_tracers_AB[0m
 [38m             --> call tracer_gradient_elements[0m
 [38m             --> call tracer_gradient_z[0m
 [38m             --> call fill_up_dn_grad[0m
 [38m             --> call tracer_gradient_elements[0m
 [37m         --> call adv_tracers_ale[0m
 [37m         --> call diff_tracers_ale[0m
 [37m         --> call relax_to_clim[0m
 [36m     --> call update_thickness_ale[0m
 [36m     --> call write_step_info[0m
 [36m     --> call check_blowup[0m
 [34m --> call compute_diagnostics(1)[0m
 [34m --> call output (n)[0m
 [34m --> call compute_vel_nodes[0m
 [34m --> call oce_timestep_ale[0m
 [36m     --> call pressure_bv[0m
 [36m     --> call pressure_force_4_...[0m
 [36m     --> call oce_mixing_PP[0m
 [36m     --> call compute_vel_rhs[0m
 [36m     --> call viscosity_filter[0m
 [37m         --> call visc_filt_bcksct[0m
 [36m     --> call impl_vert_visc_ale[0m
 [36m     --> call compute_ssh_rhs_ale[0m
 [36m     --> call update_vel[0m
 [36m     --> call compute_hbar_ale[0m
 [36m     --> call fer_solve_Gamma[0m
 [36m     --> call vert_vel_ale[0m
 [36m     --> call solve_tracers_ale[0m
 [37m         --> call init_tracers_AB[0m
 [38m             --> call tracer_gradient_elements[0m
 [38m             --> call tracer_gradient_z[0m
 [38m             --> call fill_up_dn_grad[0m
 [38m             --> call tracer_gradient_elements[0m
 [37m         --> call adv_tracers_ale[0m
 [37m         --> call diff_tracers_ale[0m
 [37m         --> call relax_to_clim[0m
 [37m         --> call init_tracers_AB[0m
 [38m             --> call tracer_gradient_elements[0m
 [38m             --> call tracer_gradient_z[0m
 [38m             --> call fill_up_dn_grad[0m
 [38m             --> call tracer_gradient_elements[0m
 [37m         --> call adv_tracers_ale[0m
 [37m         --> call diff_tracers_ale[0m
 [37m         --> call relax_to_clim[0m
 [36m     --> call update_thickness_ale[0m
 [36m     --> call write_step_info[0m
 [36m     --> call check_blowup[0m
 [34m --> call compute_diagnostics(1)[0m
 [34m --> call output (n)[0m
 [34m --> call compute_vel_nodes[0m
 [34m --> call oce_timestep_ale[0m
 [36m     --> call pressure_bv[0m
 [36m     --> call pressure_force_4_...[0m
 [36m     --> call oce_mixing_PP[0m
 [36m     --> call compute_vel_rhs[0m
 [36m     --> call viscosity_filter[0m
 [37m         --> call visc_filt_bcksct[0m
 [36m     --> call impl_vert_visc_ale[0m
 [36m     --> call compute_ssh_rhs_ale[0m
 [36m     --> call update_vel[0m
 [36m     --> call compute_hbar_ale[0m
 [36m     --> call fer_solve_Gamma[0m
 [36m     --> call vert_vel_ale[0m
 [36m     --> call solve_tracers_ale[0m
 [37m         --> call init_tracers_AB[0m
 [38m             --> call tracer_gradient_elements[0m
 [38m             --> call tracer_gradient_z[0m
 [38m             --> call fill_up_dn_grad[0m
 [38m             --> call tracer_gradient_elements[0m
 [37m         --> call adv_tracers_ale[0m
 [37m         --> call diff_tracers_ale[0m
 [37m         --> call relax_to_clim[0m
 [37m         --> call init_tracers_AB[0m
 [38m             --> call tracer_gradient_elements[0m
 [38m             --> call tracer_gradient_z[0m
 [38m             --> call fill_up_dn_grad[0m
 [38m             --> call tracer_gradient_elements[0m
 [37m         --> call adv_tracers_ale[0m
 [37m         --> call diff_tracers_ale[0m
 [37m         --> call relax_to_clim[0m
 [36m     --> call update_thickness_ale[0m
 [36m     --> call write_step_info[0m
 [36m     --> call check_blowup[0m
 [34m --> call compute_diagnostics(1)[0m
 [34m --> call output (n)[0m
 [34m --> call compute_vel_nodes[0m
 [34m --> call oce_timestep_ale[0m
 [36m     --> call pressure_bv[0m
 [36m     --> call pressure_force_4_...[0m
 [36m     --> call oce_mixing_PP[0m
 [36m     --> call compute_vel_rhs[0m
 [36m     --> call viscosity_filter[0m
 [37m         --> call visc_filt_bcksct[0m
 [36m     --> call impl_vert_visc_ale[0m
 [36m     --> call compute_ssh_rhs_ale[0m
 [36m     --> call update_vel[0m
 [36m     --> call compute_hbar_ale[0m
 [36m     --> call fer_solve_Gamma[0m
 [36m     --> call vert_vel_ale[0m
 [36m     --> call solve_tracers_ale[0m
 [37m         --> call init_tracers_AB[0m
 [38m             --> call tracer_gradient_elements[0m
 [38m             --> call tracer_gradient_z[0m
 [38m             --> call fill_up_dn_grad[0m
 [38m             --> call tracer_gradient_elements[0m
 [37m         --> call adv_tracers_ale[0m
 [37m         --> call diff_tracers_ale[0m
 [37m         --> call relax_to_clim[0m
 [37m         --> call init_tracers_AB[0m
 [38m             --> call tracer_gradient_elements[0m
 [38m             --> call tracer_gradient_z[0m
 [38m             --> call fill_up_dn_grad[0m
 [38m             --> call tracer_gradient_elements[0m
 [37m         --> call adv_tracers_ale[0m
 [37m         --> call diff_tracers_ale[0m
 [37m         --> call relax_to_clim[0m
 [36m     --> call update_thickness_ale[0m
 [36m     --> call write_step_info[0m
 [36m     --> call check_blowup[0m
 [34m --> call compute_diagnostics(1)[0m
 [34m --> call output (n)[0m
 [34m --> call compute_vel_nodes[0m
 [34m --> call oce_timestep_ale[0m
 [36m     --> call pressure_bv[0m
 [36m     --> call pressure_force_4_...[0m
 [36m     --> call oce_mixing_PP[0m
 [36m     --> call compute_vel_rhs[0m
 [36m     --> call viscosity_filter[0m
 [37m         --> call visc_filt_bcksct[0m
 [36m     --> call impl_vert_visc_ale[0m
 [36m     --> call compute_ssh_rhs_ale[0m
 [36m     --> call update_vel[0m
 [36m     --> call compute_hbar_ale[0m
 [36m     --> call fer_solve_Gamma[0m
 [36m     --> call vert_vel_ale[0m
 [36m     --> call solve_tracers_ale[0m
 [37m         --> call init_tracers_AB[0m
 [38m             --> call tracer_gradient_elements[0m
 [38m             --> call tracer_gradient_z[0m
 [38m             --> call fill_up_dn_grad[0m
 [38m             --> call tracer_gradient_elements[0m
 [37m         --> call adv_tracers_ale[0m
 [37m         --> call diff_tracers_ale[0m
 [37m         --> call relax_to_clim[0m
 [37m         --> call init_tracers_AB[0m
 [38m             --> call tracer_gradient_elements[0m
 [38m             --> call tracer_gradient_z[0m
 [38m             --> call fill_up_dn_grad[0m
 [38m             --> call tracer_gradient_elements[0m
 [37m         --> call adv_tracers_ale[0m
 [37m         --> call diff_tracers_ale[0m
 [37m         --> call relax_to_clim[0m
 [36m     --> call update_thickness_ale[0m
 [36m     --> call write_step_info[0m
 [36m     --> call check_blowup[0m
 [34m --> call compute_diagnostics(1)[0m
 [34m --> call output (n)[0m
 [34m --> call compute_vel_nodes[0m
 [34m --> call oce_timestep_ale[0m
 [36m     --> call pressure_bv[0m
 [36m     --> call pressure_force_4_...[0m
 [36m     --> call oce_mixing_PP[0m
 [36m     --> call compute_vel_rhs[0m
 [36m     --> call viscosity_filter[0m
 [37m         --> call visc_filt_bcksct[0m
 [36m     --> call impl_vert_visc_ale[0m
 [36m     --> call compute_ssh_rhs_ale[0m
 [36m     --> call update_vel[0m
 [36m     --> call compute_hbar_ale[0m
 [36m     --> call fer_solve_Gamma[0m
 [36m     --> call vert_vel_ale[0m
 [36m     --> call solve_tracers_ale[0m
 [37m         --> call init_tracers_AB[0m
 [38m             --> call tracer_gradient_elements[0m
 [38m             --> call tracer_gradient_z[0m
 [38m             --> call fill_up_dn_grad[0m
 [38m             --> call tracer_gradient_elements[0m
 [37m         --> call adv_tracers_ale[0m
 [37m         --> call diff_tracers_ale[0m
 [37m         --> call relax_to_clim[0m
 [37m         --> call init_tracers_AB[0m
 [38m             --> call tracer_gradient_elements[0m
 [38m             --> call tracer_gradient_z[0m
 [38m             --> call fill_up_dn_grad[0m
 [38m             --> call tracer_gradient_elements[0m
 [37m         --> call adv_tracers_ale[0m
 [37m         --> call diff_tracers_ale[0m
 [37m         --> call relax_to_clim[0m
 [36m     --> call update_thickness_ale[0m
 [36m     --> call write_step_info[0m
 [36m     --> call check_blowup[0m
 [34m --> call compute_diagnostics(1)[0m
 [34m --> call output (n)[0m
 [34m --> call compute_vel_nodes[0m
 [34m --> call oce_timestep_ale[0m
 [36m     --> call pressure_bv[0m
 [36m     --> call pressure_force_4_...[0m
 [36m     --> call oce_mixing_PP[0m
 [36m     --> call compute_vel_rhs[0m
 [36m     --> call viscosity_filter[0m
 [37m         --> call visc_filt_bcksct[0m
 [36m     --> call impl_vert_visc_ale[0m
 [36m     --> call compute_ssh_rhs_ale[0m
 [36m     --> call update_vel[0m
 [36m     --> call compute_hbar_ale[0m
 [36m     --> call fer_solve_Gamma[0m
 [36m     --> call vert_vel_ale[0m
 [36m     --> call solve_tracers_ale[0m
 [37m         --> call init_tracers_AB[0m
 [38m             --> call tracer_gradient_elements[0m
 [38m             --> call tracer_gradient_z[0m
 [38m             --> call fill_up_dn_grad[0m
 [38m             --> call tracer_gradient_elements[0m
 [37m         --> call adv_tracers_ale[0m
 [37m         --> call diff_tracers_ale[0m
 [37m         --> call relax_to_clim[0m
 [37m         --> call init_tracers_AB[0m
 [38m             --> call tracer_gradient_elements[0m
 [38m             --> call tracer_gradient_z[0m
 [38m             --> call fill_up_dn_grad[0m
 [38m             --> call tracer_gradient_elements[0m
 [37m         --> call adv_tracers_ale[0m
 [37m         --> call diff_tracers_ale[0m
 [37m         --> call relax_to_clim[0m
 [36m     --> call update_thickness_ale[0m
 [36m     --> call write_step_info[0m
 [36m     --> call check_blowup[0m
 [34m --> call compute_diagnostics(1)[0m
 [34m --> call output (n)[0m
 [34m --> call compute_vel_nodes[0m
 [34m --> call oce_timestep_ale[0m
 [36m     --> call pressure_bv[0m
 [36m     --> call pressure_force_4_...[0m
 [36m     --> call oce_mixing_PP[0m
 [36m     --> call compute_vel_rhs[0m
 [36m     --> call viscosity_filter[0m
 [37m         --> call visc_filt_bcksct[0m
 [36m     --> call impl_vert_visc_ale[0m
 [36m     --> call compute_ssh_rhs_ale[0m
 [36m     --> call update_vel[0m
 [36m     --> call compute_hbar_ale[0m
 [36m     --> call fer_solve_Gamma[0m
 [36m     --> call vert_vel_ale[0m
 [36m     --> call solve_tracers_ale[0m
 [37m         --> call init_tracers_AB[0m
 [38m             --> call tracer_gradient_elements[0m
 [38m             --> call tracer_gradient_z[0m
 [38m             --> call fill_up_dn_grad[0m
 [38m             --> call tracer_gradient_elements[0m
 [37m         --> call adv_tracers_ale[0m
 [37m         --> call diff_tracers_ale[0m
 [37m         --> call relax_to_clim[0m
 [37m         --> call init_tracers_AB[0m
 [38m             --> call tracer_gradient_elements[0m
 [38m             --> call tracer_gradient_z[0m
 [38m             --> call fill_up_dn_grad[0m
 [38m             --> call tracer_gradient_elements[0m
 [37m         --> call adv_tracers_ale[0m
 [37m         --> call diff_tracers_ale[0m
 [37m         --> call relax_to_clim[0m
 [36m     --> call update_thickness_ale[0m
 [36m     --> call write_step_info[0m
 [36m     --> call check_blowup[0m
 [34m --> call compute_diagnostics(1)[0m
 [34m --> call output (n)[0m
 [34m --> call compute_vel_nodes[0m
 [34m --> call oce_timestep_ale[0m
 [36m     --> call pressure_bv[0m
 [36m     --> call pressure_force_4_...[0m
 [36m     --> call oce_mixing_PP[0m
 [36m     --> call compute_vel_rhs[0m
 [36m     --> call viscosity_filter[0m
 [37m         --> call visc_filt_bcksct[0m
 [36m     --> call impl_vert_visc_ale[0m
 [36m     --> call compute_ssh_rhs_ale[0m
 [36m     --> call update_vel[0m
 [36m     --> call compute_hbar_ale[0m
 [36m     --> call fer_solve_Gamma[0m
 [36m     --> call vert_vel_ale[0m
 [36m     --> call solve_tracers_ale[0m
 [37m         --> call init_tracers_AB[0m
 [38m             --> call tracer_gradient_elements[0m
 [38m             --> call tracer_gradient_z[0m
 [38m             --> call fill_up_dn_grad[0m
 [38m             --> call tracer_gradient_elements[0m
 [37m         --> call adv_tracers_ale[0m
 [37m         --> call diff_tracers_ale[0m
 [37m         --> call relax_to_clim[0m
 [37m         --> call init_tracers_AB[0m
 [38m             --> call tracer_gradient_elements[0m
 [38m             --> call tracer_gradient_z[0m
 [38m             --> call fill_up_dn_grad[0m
 [38m             --> call tracer_gradient_elements[0m
 [37m         --> call adv_tracers_ale[0m
 [37m         --> call diff_tracers_ale[0m
 [37m         --> call relax_to_clim[0m
 [36m     --> call update_thickness_ale[0m
 [36m     --> call write_step_info[0m
 [36m     --> call check_blowup[0m
 [34m --> call compute_diagnostics(1)[0m
 [34m --> call output (n)[0m
 [34m --> call compute_vel_nodes[0m
 [34m --> call oce_timestep_ale[0m
 [36m     --> call pressure_bv[0m
 [36m     --> call pressure_force_4_...[0m
 [36m     --> call oce_mixing_PP[0m
 [36m     --> call compute_vel_rhs[0m
 [36m     --> call viscosity_filter[0m
 [37m         --> call visc_filt_bcksct[0m
 [36m     --> call impl_vert_visc_ale[0m
 [36m     --> call compute_ssh_rhs_ale[0m
 [36m     --> call update_vel[0m
 [36m     --> call compute_hbar_ale[0m
 [36m     --> call fer_solve_Gamma[0m
 [36m     --> call vert_vel_ale[0m
 [36m     --> call solve_tracers_ale[0m
 [37m         --> call init_tracers_AB[0m
 [38m             --> call tracer_gradient_elements[0m
 [38m             --> call tracer_gradient_z[0m
 [38m             --> call fill_up_dn_grad[0m
 [38m             --> call tracer_gradient_elements[0m
 [37m         --> call adv_tracers_ale[0m
 [37m         --> call diff_tracers_ale[0m
 [37m         --> call relax_to_clim[0m
 [37m         --> call init_tracers_AB[0m
 [38m             --> call tracer_gradient_elements[0m
 [38m             --> call tracer_gradient_z[0m
 [38m             --> call fill_up_dn_grad[0m
 [38m             --> call tracer_gradient_elements[0m
 [37m         --> call adv_tracers_ale[0m
 [37m         --> call diff_tracers_ale[0m
 [37m         --> call relax_to_clim[0m
 [36m     --> call update_thickness_ale[0m
 [36m     --> call write_step_info[0m
 [36m     --> call check_blowup[0m
 [34m --> call compute_diagnostics(1)[0m
 [34m --> call output (n)[0m
 [34m --> call compute_vel_nodes[0m
 [34m --> call oce_timestep_ale[0m
 [36m     --> call pressure_bv[0m
 [36m     --> call pressure_force_4_...[0m
 [36m     --> call oce_mixing_PP[0m
 [36m     --> call compute_vel_rhs[0m
 [36m     --> call viscosity_filter[0m
 [37m         --> call visc_filt_bcksct[0m
 [36m     --> call impl_vert_visc_ale[0m
 [36m     --> call compute_ssh_rhs_ale[0m
 [36m     --> call update_vel[0m
 [36m     --> call compute_hbar_ale[0m
 [36m     --> call fer_solve_Gamma[0m
 [36m     --> call vert_vel_ale[0m
 [36m     --> call solve_tracers_ale[0m
 [37m         --> call init_tracers_AB[0m
 [38m             --> call tracer_gradient_elements[0m
 [38m             --> call tracer_gradient_z[0m
 [38m             --> call fill_up_dn_grad[0m
 [38m             --> call tracer_gradient_elements[0m
 [37m         --> call adv_tracers_ale[0m
 [37m         --> call diff_tracers_ale[0m
 [37m         --> call relax_to_clim[0m
 [37m         --> call init_tracers_AB[0m
 [38m             --> call tracer_gradient_elements[0m
 [38m             --> call tracer_gradient_z[0m
 [38m             --> call fill_up_dn_grad[0m
 [38m             --> call tracer_gradient_elements[0m
 [37m         --> call adv_tracers_ale[0m
 [37m         --> call diff_tracers_ale[0m
 [37m         --> call relax_to_clim[0m
 [36m     --> call update_thickness_ale[0m
 [36m     --> call write_step_info[0m
 [36m     --> call check_blowup[0m
 [34m --> call compute_diagnostics(1)[0m
 [34m --> call output (n)[0m
 [34m --> call compute_vel_nodes[0m
 [34m --> call oce_timestep_ale[0m
 [36m     --> call pressure_bv[0m
 [36m     --> call pressure_force_4_...[0m
 [36m     --> call oce_mixing_PP[0m
 [36m     --> call compute_vel_rhs[0m
 [36m     --> call viscosity_filter[0m
 [37m         --> call visc_filt_bcksct[0m
 [36m     --> call impl_vert_visc_ale[0m
 [36m     --> call compute_ssh_rhs_ale[0m
 [36m     --> call update_vel[0m
 [36m     --> call compute_hbar_ale[0m
 [36m     --> call fer_solve_Gamma[0m
 [36m     --> call vert_vel_ale[0m
 [36m     --> call solve_tracers_ale[0m
 [37m         --> call init_tracers_AB[0m
 [38m             --> call tracer_gradient_elements[0m
 [38m             --> call tracer_gradient_z[0m
 [38m             --> call fill_up_dn_grad[0m
 [38m             --> call tracer_gradient_elements[0m
 [37m         --> call adv_tracers_ale[0m
 [37m         --> call diff_tracers_ale[0m
 [37m         --> call relax_to_clim[0m
 [37m         --> call init_tracers_AB[0m
 [38m             --> call tracer_gradient_elements[0m
 [38m             --> call tracer_gradient_z[0m
 [38m             --> call fill_up_dn_grad[0m
 [38m             --> call tracer_gradient_elements[0m
 [37m         --> call adv_tracers_ale[0m
 [37m         --> call diff_tracers_ale[0m
 [37m         --> call relax_to_clim[0m
 [36m     --> call update_thickness_ale[0m
 [36m     --> call write_step_info[0m
 [36m     --> call check_blowup[0m
 [34m --> call compute_diagnostics(1)[0m
 [34m --> call output (n)[0m
 [34m --> call compute_vel_nodes[0m
 [34m --> call oce_timestep_ale[0m
 [36m     --> call pressure_bv[0m
 [36m     --> call pressure_force_4_...[0m
 [36m     --> call oce_mixing_PP[0m
 [36m     --> call compute_vel_rhs[0m
 [36m     --> call viscosity_filter[0m
 [37m         --> call visc_filt_bcksct[0m
 [36m     --> call impl_vert_visc_ale[0m
 [36m     --> call compute_ssh_rhs_ale[0m
 [36m     --> call update_vel[0m
 [36m     --> call compute_hbar_ale[0m
 [36m     --> call fer_solve_Gamma[0m
 [36m     --> call vert_vel_ale[0m
 [36m     --> call solve_tracers_ale[0m
 [37m         --> call init_tracers_AB[0m
 [38m             --> call tracer_gradient_elements[0m
 [38m             --> call tracer_gradient_z[0m
 [38m             --> call fill_up_dn_grad[0m
 [38m             --> call tracer_gradient_elements[0m
 [37m         --> call adv_tracers_ale[0m
 [37m         --> call diff_tracers_ale[0m
 [37m         --> call relax_to_clim[0m
 [37m         --> call init_tracers_AB[0m
 [38m             --> call tracer_gradient_elements[0m
 [38m             --> call tracer_gradient_z[0m
 [38m             --> call fill_up_dn_grad[0m
 [38m             --> call tracer_gradient_elements[0m
 [37m         --> call adv_tracers_ale[0m
 [37m         --> call diff_tracers_ale[0m
 [37m         --> call relax_to_clim[0m
 [36m     --> call update_thickness_ale[0m
 [36m     --> call write_step_info[0m
 [36m     --> call check_blowup[0m
 [34m --> call compute_diagnostics(1)[0m
 [34m --> call output (n)[0m
 [34m --> call compute_vel_nodes[0m
 [34m --> call oce_timestep_ale[0m
 [36m     --> call pressure_bv[0m
 [36m     --> call pressure_force_4_...[0m
 [36m     --> call oce_mixing_PP[0m
 [36m     --> call compute_vel_rhs[0m
 [36m     --> call viscosity_filter[0m
 [37m         --> call visc_filt_bcksct[0m
 [36m     --> call impl_vert_visc_ale[0m
 [36m     --> call compute_ssh_rhs_ale[0m
 [36m     --> call update_vel[0m
 [36m     --> call compute_hbar_ale[0m
 [36m     --> call fer_solve_Gamma[0m
 [36m     --> call vert_vel_ale[0m
 [36m     --> call solve_tracers_ale[0m
 [37m         --> call init_tracers_AB[0m
 [38m             --> call tracer_gradient_elements[0m
 [38m             --> call tracer_gradient_z[0m
 [38m             --> call fill_up_dn_grad[0m
 [38m             --> call tracer_gradient_elements[0m
 [37m         --> call adv_tracers_ale[0m
 [37m         --> call diff_tracers_ale[0m
 [37m         --> call relax_to_clim[0m
 [37m         --> call init_tracers_AB[0m
 [38m             --> call tracer_gradient_elements[0m
 [38m             --> call tracer_gradient_z[0m
 [38m             --> call fill_up_dn_grad[0m
 [38m             --> call tracer_gradient_elements[0m
 [37m         --> call adv_tracers_ale[0m
 [37m         --> call diff_tracers_ale[0m
 [37m         --> call relax_to_clim[0m
 [36m     --> call update_thickness_ale[0m
 [36m     --> call write_step_info[0m
 [36m     --> call check_blowup[0m
 [34m --> call compute_diagnostics(1)[0m
 [34m --> call output (n)[0m
 [34m --> call compute_vel_nodes[0m
 [34m --> call oce_timestep_ale[0m
 [36m     --> call pressure_bv[0m
 [36m     --> call pressure_force_4_...[0m
 [36m     --> call oce_mixing_PP[0m
 [36m     --> call compute_vel_rhs[0m
 [36m     --> call viscosity_filter[0m
 [37m         --> call visc_filt_bcksct[0m
 [36m     --> call impl_vert_visc_ale[0m
 [36m     --> call compute_ssh_rhs_ale[0m
 [36m     --> call update_vel[0m
 [36m     --> call compute_hbar_ale[0m
 [36m     --> call fer_solve_Gamma[0m
 [36m     --> call vert_vel_ale[0m
 [36m     --> call solve_tracers_ale[0m
 [37m         --> call init_tracers_AB[0m
 [38m             --> call tracer_gradient_elements[0m
 [38m             --> call tracer_gradient_z[0m
 [38m             --> call fill_up_dn_grad[0m
 [38m             --> call tracer_gradient_elements[0m
 [37m         --> call adv_tracers_ale[0m
 [37m         --> call diff_tracers_ale[0m
 [37m         --> call relax_to_clim[0m
 [37m         --> call init_tracers_AB[0m
 [38m             --> call tracer_gradient_elements[0m
 [38m             --> call tracer_gradient_z[0m
 [38m             --> call fill_up_dn_grad[0m
 [38m             --> call tracer_gradient_elements[0m
 [37m         --> call adv_tracers_ale[0m
 [37m         --> call diff_tracers_ale[0m
 [37m         --> call relax_to_clim[0m
 [36m     --> call update_thickness_ale[0m
 [36m     --> call write_step_info[0m
 [36m     --> call check_blowup[0m
 [34m --> call compute_diagnostics(1)[0m
 [34m --> call output (n)[0m
 [34m --> call compute_vel_nodes[0m
 [34m --> call oce_timestep_ale[0m
 [36m     --> call pressure_bv[0m
 [36m     --> call pressure_force_4_...[0m
 [36m     --> call oce_mixing_PP[0m
 [36m     --> call compute_vel_rhs[0m
 [36m     --> call viscosity_filter[0m
 [37m         --> call visc_filt_bcksct[0m
 [36m     --> call impl_vert_visc_ale[0m
 [36m     --> call compute_ssh_rhs_ale[0m
 [36m     --> call update_vel[0m
 [36m     --> call compute_hbar_ale[0m
 [36m     --> call fer_solve_Gamma[0m
 [36m     --> call vert_vel_ale[0m
 [36m     --> call solve_tracers_ale[0m
 [37m         --> call init_tracers_AB[0m
 [38m             --> call tracer_gradient_elements[0m
 [38m             --> call tracer_gradient_z[0m
 [38m             --> call fill_up_dn_grad[0m
 [38m             --> call tracer_gradient_elements[0m
 [37m         --> call adv_tracers_ale[0m
 [37m         --> call diff_tracers_ale[0m
 [37m         --> call relax_to_clim[0m
 [37m         --> call init_tracers_AB[0m
 [38m             --> call tracer_gradient_elements[0m
 [38m             --> call tracer_gradient_z[0m
 [38m             --> call fill_up_dn_grad[0m
 [38m             --> call tracer_gradient_elements[0m
 [37m         --> call adv_tracers_ale[0m
 [37m         --> call diff_tracers_ale[0m
 [37m         --> call relax_to_clim[0m
 [36m     --> call update_thickness_ale[0m
 [36m     --> call write_step_info[0m
 [36m     --> call check_blowup[0m
 [34m --> call compute_diagnostics(1)[0m
 [34m --> call output (n)[0m
 [34m --> call compute_vel_nodes[0m
 [34m --> call oce_timestep_ale[0m
 [36m     --> call pressure_bv[0m
 [36m     --> call pressure_force_4_...[0m
 [36m     --> call oce_mixing_PP[0m
 [36m     --> call compute_vel_rhs[0m
 [36m     --> call viscosity_filter[0m
 [37m         --> call visc_filt_bcksct[0m
 [36m     --> call impl_vert_visc_ale[0m
 [36m     --> call compute_ssh_rhs_ale[0m
 [36m     --> call update_vel[0m
 [36m     --> call compute_hbar_ale[0m
 [36m     --> call fer_solve_Gamma[0m
 [36m     --> call vert_vel_ale[0m
 [36m     --> call solve_tracers_ale[0m
 [37m         --> call init_tracers_AB[0m
 [38m             --> call tracer_gradient_elements[0m
 [38m             --> call tracer_gradient_z[0m
 [38m             --> call fill_up_dn_grad[0m
 [38m             --> call tracer_gradient_elements[0m
 [37m         --> call adv_tracers_ale[0m
 [37m         --> call diff_tracers_ale[0m
 [37m         --> call relax_to_clim[0m
 [37m         --> call init_tracers_AB[0m
 [38m             --> call tracer_gradient_elements[0m
 [38m             --> call tracer_gradient_z[0m
 [38m             --> call fill_up_dn_grad[0m
 [38m             --> call tracer_gradient_elements[0m
 [37m         --> call adv_tracers_ale[0m
 [37m         --> call diff_tracers_ale[0m
 [37m         --> call relax_to_clim[0m
 [36m     --> call update_thickness_ale[0m
 [36m     --> call write_step_info[0m
 [36m     --> call check_blowup[0m
 [34m --> call compute_diagnostics(1)[0m
 [34m --> call output (n)[0m
 [34m --> call compute_vel_nodes[0m
 [34m --> call oce_timestep_ale[0m
 [36m     --> call pressure_bv[0m
 [36m     --> call pressure_force_4_...[0m
 [36m     --> call oce_mixing_PP[0m
 [36m     --> call compute_vel_rhs[0m
 [36m     --> call viscosity_filter[0m
 [37m         --> call visc_filt_bcksct[0m
 [36m     --> call impl_vert_visc_ale[0m
 [36m     --> call compute_ssh_rhs_ale[0m
 [36m     --> call update_vel[0m
 [36m     --> call compute_hbar_ale[0m
 [36m     --> call fer_solve_Gamma[0m
 [36m     --> call vert_vel_ale[0m
 [36m     --> call solve_tracers_ale[0m
 [37m         --> call init_tracers_AB[0m
 [38m             --> call tracer_gradient_elements[0m
 [38m             --> call tracer_gradient_z[0m
 [38m             --> call fill_up_dn_grad[0m
 [38m             --> call tracer_gradient_elements[0m
 [37m         --> call adv_tracers_ale[0m
 [37m         --> call diff_tracers_ale[0m
 [37m         --> call relax_to_clim[0m
 [37m         --> call init_tracers_AB[0m
 [38m             --> call tracer_gradient_elements[0m
 [38m             --> call tracer_gradient_z[0m
 [38m             --> call fill_up_dn_grad[0m
 [38m             --> call tracer_gradient_elements[0m
 [37m         --> call adv_tracers_ale[0m
 [37m         --> call diff_tracers_ale[0m
 [37m         --> call relax_to_clim[0m
 [36m     --> call update_thickness_ale[0m
 [36m     --> call write_step_info[0m
 [36m     --> call check_blowup[0m
 [34m --> call compute_diagnostics(1)[0m
 [34m --> call output (n)[0m
 [34m --> call compute_vel_nodes[0m
 [34m --> call oce_timestep_ale[0m
 [36m     --> call pressure_bv[0m
 [36m     --> call pressure_force_4_...[0m
 [36m     --> call oce_mixing_PP[0m
 [36m     --> call compute_vel_rhs[0m
 [36m     --> call viscosity_filter[0m
 [37m         --> call visc_filt_bcksct[0m
 [36m     --> call impl_vert_visc_ale[0m
 [36m     --> call compute_ssh_rhs_ale[0m
 [36m     --> call update_vel[0m
 [36m     --> call compute_hbar_ale[0m
 [36m     --> call fer_solve_Gamma[0m
 [36m     --> call vert_vel_ale[0m
 [36m     --> call solve_tracers_ale[0m
 [37m         --> call init_tracers_AB[0m
 [38m             --> call tracer_gradient_elements[0m
 [38m             --> call tracer_gradient_z[0m
 [38m             --> call fill_up_dn_grad[0m
 [38m             --> call tracer_gradient_elements[0m
 [37m         --> call adv_tracers_ale[0m
 [37m         --> call diff_tracers_ale[0m
 [37m         --> call relax_to_clim[0m
 [37m         --> call init_tracers_AB[0m
 [38m             --> call tracer_gradient_elements[0m
 [38m             --> call tracer_gradient_z[0m
 [38m             --> call fill_up_dn_grad[0m
 [38m             --> call tracer_gradient_elements[0m
 [37m         --> call adv_tracers_ale[0m
 [37m         --> call diff_tracers_ale[0m
 [37m         --> call relax_to_clim[0m
 [36m     --> call update_thickness_ale[0m
 [36m     --> call write_step_info[0m
 [36m     --> call check_blowup[0m
 [34m --> call compute_diagnostics(1)[0m
 [34m --> call output (n)[0m
 [34m --> call compute_vel_nodes[0m
 [34m --> call oce_timestep_ale[0m
 [36m     --> call pressure_bv[0m
 [36m     --> call pressure_force_4_...[0m
 [36m     --> call oce_mixing_PP[0m
 [36m     --> call compute_vel_rhs[0m
 [36m     --> call viscosity_filter[0m
 [37m         --> call visc_filt_bcksct[0m
 [36m     --> call impl_vert_visc_ale[0m
 [36m     --> call compute_ssh_rhs_ale[0m
 [36m     --> call update_vel[0m
 [36m     --> call compute_hbar_ale[0m
 [36m     --> call fer_solve_Gamma[0m
 [36m     --> call vert_vel_ale[0m
 [36m     --> call solve_tracers_ale[0m
 [37m         --> call init_tracers_AB[0m
 [38m             --> call tracer_gradient_elements[0m
 [38m             --> call tracer_gradient_z[0m
 [38m             --> call fill_up_dn_grad[0m
 [38m             --> call tracer_gradient_elements[0m
 [37m         --> call adv_tracers_ale[0m
 [37m         --> call diff_tracers_ale[0m
 [37m         --> call relax_to_clim[0m
 [37m         --> call init_tracers_AB[0m
 [38m             --> call tracer_gradient_elements[0m
 [38m             --> call tracer_gradient_z[0m
 [38m             --> call fill_up_dn_grad[0m
 [38m             --> call tracer_gradient_elements[0m
 [37m         --> call adv_tracers_ale[0m
 [37m         --> call diff_tracers_ale[0m
 [37m         --> call relax_to_clim[0m
 [36m     --> call update_thickness_ale[0m
 [36m     --> call write_step_info[0m
 [36m     --> call check_blowup[0m
 [34m --> call compute_diagnostics(1)[0m
 [34m --> call output (n)[0m
 [34m --> call compute_vel_nodes[0m
 [34m --> call oce_timestep_ale[0m
 [36m     --> call pressure_bv[0m
 [36m     --> call pressure_force_4_...[0m
 [36m     --> call oce_mixing_PP[0m
 [36m     --> call compute_vel_rhs[0m
 [36m     --> call viscosity_filter[0m
 [37m         --> call visc_filt_bcksct[0m
 [36m     --> call impl_vert_visc_ale[0m
 [36m     --> call compute_ssh_rhs_ale[0m
 [36m     --> call update_vel[0m
 [36m     --> call compute_hbar_ale[0m
 [36m     --> call fer_solve_Gamma[0m
 [36m     --> call vert_vel_ale[0m
 [36m     --> call solve_tracers_ale[0m
 [37m         --> call init_tracers_AB[0m
 [38m             --> call tracer_gradient_elements[0m
 [38m             --> call tracer_gradient_z[0m
 [38m             --> call fill_up_dn_grad[0m
 [38m             --> call tracer_gradient_elements[0m
 [37m         --> call adv_tracers_ale[0m
 [37m         --> call diff_tracers_ale[0m
 [37m         --> call relax_to_clim[0m
 [37m         --> call init_tracers_AB[0m
 [38m             --> call tracer_gradient_elements[0m
 [38m             --> call tracer_gradient_z[0m
 [38m             --> call fill_up_dn_grad[0m
 [38m             --> call tracer_gradient_elements[0m
 [37m         --> call adv_tracers_ale[0m
 [37m         --> call diff_tracers_ale[0m
 [37m         --> call relax_to_clim[0m
 [36m     --> call update_thickness_ale[0m
 [36m     --> call write_step_info[0m
 [36m     --> call check_blowup[0m
 [34m --> call compute_diagnostics(1)[0m
 [34m --> call output (n)[0m
 [34m --> call compute_vel_nodes[0m
 [34m --> call oce_timestep_ale[0m
 [36m     --> call pressure_bv[0m
 [36m     --> call pressure_force_4_...[0m
 [36m     --> call oce_mixing_PP[0m
 [36m     --> call compute_vel_rhs[0m
 [36m     --> call viscosity_filter[0m
 [37m         --> call visc_filt_bcksct[0m
 [36m     --> call impl_vert_visc_ale[0m
 [36m     --> call compute_ssh_rhs_ale[0m
 [36m     --> call update_vel[0m
 [36m     --> call compute_hbar_ale[0m
 [36m     --> call fer_solve_Gamma[0m
 [36m     --> call vert_vel_ale[0m
 [36m     --> call solve_tracers_ale[0m
 [37m         --> call init_tracers_AB[0m
 [38m             --> call tracer_gradient_elements[0m
 [38m             --> call tracer_gradient_z[0m
 [38m             --> call fill_up_dn_grad[0m
 [38m             --> call tracer_gradient_elements[0m
 [37m         --> call adv_tracers_ale[0m
 [37m         --> call diff_tracers_ale[0m
 [37m         --> call relax_to_clim[0m
 [37m         --> call init_tracers_AB[0m
 [38m             --> call tracer_gradient_elements[0m
 [38m             --> call tracer_gradient_z[0m
 [38m             --> call fill_up_dn_grad[0m
 [38m             --> call tracer_gradient_elements[0m
 [37m         --> call adv_tracers_ale[0m
 [37m         --> call diff_tracers_ale[0m
 [37m         --> call relax_to_clim[0m
 [36m     --> call update_thickness_ale[0m
 [36m     --> call write_step_info[0m
 [36m     --> call check_blowup[0m
 [34m --> call compute_diagnostics(1)[0m
 [34m --> call output (n)[0m
 [34m --> call compute_vel_nodes[0m
 [34m --> call oce_timestep_ale[0m
 [36m     --> call pressure_bv[0m
 [36m     --> call pressure_force_4_...[0m
 [36m     --> call oce_mixing_PP[0m
 [36m     --> call compute_vel_rhs[0m
 [36m     --> call viscosity_filter[0m
 [37m         --> call visc_filt_bcksct[0m
 [36m     --> call impl_vert_visc_ale[0m
 [36m     --> call compute_ssh_rhs_ale[0m
 [36m     --> call update_vel[0m
 [36m     --> call compute_hbar_ale[0m
 [36m     --> call fer_solve_Gamma[0m
 [36m     --> call vert_vel_ale[0m
 [36m     --> call solve_tracers_ale[0m
 [37m         --> call init_tracers_AB[0m
 [38m             --> call tracer_gradient_elements[0m
 [38m             --> call tracer_gradient_z[0m
 [38m             --> call fill_up_dn_grad[0m
 [38m             --> call tracer_gradient_elements[0m
 [37m         --> call adv_tracers_ale[0m
 [37m         --> call diff_tracers_ale[0m
 [37m         --> call relax_to_clim[0m
 [37m         --> call init_tracers_AB[0m
 [38m             --> call tracer_gradient_elements[0m
 [38m             --> call tracer_gradient_z[0m
 [38m             --> call fill_up_dn_grad[0m
 [38m             --> call tracer_gradient_elements[0m
 [37m         --> call adv_tracers_ale[0m
 [37m         --> call diff_tracers_ale[0m
 [37m         --> call relax_to_clim[0m
 [36m     --> call update_thickness_ale[0m
 [36m     --> call write_step_info[0m
 [36m     --> call check_blowup[0m
 [34m --> call compute_diagnostics(1)[0m
 [34m --> call output (n)[0m
 [34m --> call compute_vel_nodes[0m
 [34m --> call oce_timestep_ale[0m
 [36m     --> call pressure_bv[0m
 [36m     --> call pressure_force_4_...[0m
 [36m     --> call oce_mixing_PP[0m
 [36m     --> call compute_vel_rhs[0m
 [36m     --> call viscosity_filter[0m
 [37m         --> call visc_filt_bcksct[0m
 [36m     --> call impl_vert_visc_ale[0m
 [36m     --> call compute_ssh_rhs_ale[0m
 [36m     --> call update_vel[0m
 [36m     --> call compute_hbar_ale[0m
 [36m     --> call fer_solve_Gamma[0m
 [36m     --> call vert_vel_ale[0m
 [36m     --> call solve_tracers_ale[0m
 [37m         --> call init_tracers_AB[0m
 [38m             --> call tracer_gradient_elements[0m
 [38m             --> call tracer_gradient_z[0m
 [38m             --> call fill_up_dn_grad[0m
 [38m             --> call tracer_gradient_elements[0m
 [37m         --> call adv_tracers_ale[0m
 [37m         --> call diff_tracers_ale[0m
 [37m         --> call relax_to_clim[0m
 [37m         --> call init_tracers_AB[0m
 [38m             --> call tracer_gradient_elements[0m
 [38m             --> call tracer_gradient_z[0m
 [38m             --> call fill_up_dn_grad[0m
 [38m             --> call tracer_gradient_elements[0m
 [37m         --> call adv_tracers_ale[0m
 [37m         --> call diff_tracers_ale[0m
 [37m         --> call relax_to_clim[0m
 [36m     --> call update_thickness_ale[0m
 [36m     --> call write_step_info[0m
 [36m     --> call check_blowup[0m
 [34m --> call compute_diagnostics(1)[0m
 [34m --> call output (n)[0m
 [34m --> call compute_vel_nodes[0m
 [34m --> call oce_timestep_ale[0m
 [36m     --> call pressure_bv[0m
 [36m     --> call pressure_force_4_...[0m
 [36m     --> call oce_mixing_PP[0m
 [36m     --> call compute_vel_rhs[0m
 [36m     --> call viscosity_filter[0m
 [37m         --> call visc_filt_bcksct[0m
 [36m     --> call impl_vert_visc_ale[0m
 [36m     --> call compute_ssh_rhs_ale[0m
 [36m     --> call update_vel[0m
 [36m     --> call compute_hbar_ale[0m
 [36m     --> call fer_solve_Gamma[0m
 [36m     --> call vert_vel_ale[0m
 [36m     --> call solve_tracers_ale[0m
 [37m         --> call init_tracers_AB[0m
 [38m             --> call tracer_gradient_elements[0m
 [38m             --> call tracer_gradient_z[0m
 [38m             --> call fill_up_dn_grad[0m
 [38m             --> call tracer_gradient_elements[0m
 [37m         --> call adv_tracers_ale[0m
 [37m         --> call diff_tracers_ale[0m
 [37m         --> call relax_to_clim[0m
 [37m         --> call init_tracers_AB[0m
 [38m             --> call tracer_gradient_elements[0m
 [38m             --> call tracer_gradient_z[0m
 [38m             --> call fill_up_dn_grad[0m
 [38m             --> call tracer_gradient_elements[0m
 [37m         --> call adv_tracers_ale[0m
 [37m         --> call diff_tracers_ale[0m
 [37m         --> call relax_to_clim[0m
 [36m     --> call update_thickness_ale[0m
 [36m     --> call write_step_info[0m
 [36m     --> call check_blowup[0m
 [34m --> call compute_diagnostics(1)[0m
 [34m --> call output (n)[0m
 [34m --> call compute_vel_nodes[0m
 [34m --> call oce_timestep_ale[0m
 [36m     --> call pressure_bv[0m
 [36m     --> call pressure_force_4_...[0m
 [36m     --> call oce_mixing_PP[0m
 [36m     --> call compute_vel_rhs[0m
 [36m     --> call viscosity_filter[0m
 [37m         --> call visc_filt_bcksct[0m
 [36m     --> call impl_vert_visc_ale[0m
 [36m     --> call compute_ssh_rhs_ale[0m
 [36m     --> call update_vel[0m
 [36m     --> call compute_hbar_ale[0m
 [36m     --> call fer_solve_Gamma[0m
 [36m     --> call vert_vel_ale[0m
 [36m     --> call solve_tracers_ale[0m
 [37m         --> call init_tracers_AB[0m
 [38m             --> call tracer_gradient_elements[0m
 [38m             --> call tracer_gradient_z[0m
 [38m             --> call fill_up_dn_grad[0m
 [38m             --> call tracer_gradient_elements[0m
 [37m         --> call adv_tracers_ale[0m
 [37m         --> call diff_tracers_ale[0m
 [37m         --> call relax_to_clim[0m
 [37m         --> call init_tracers_AB[0m
 [38m             --> call tracer_gradient_elements[0m
 [38m             --> call tracer_gradient_z[0m
 [38m             --> call fill_up_dn_grad[0m
 [38m             --> call tracer_gradient_elements[0m
 [37m         --> call adv_tracers_ale[0m
 [37m         --> call diff_tracers_ale[0m
 [37m         --> call relax_to_clim[0m
 [36m     --> call update_thickness_ale[0m
 [36m     --> call write_step_info[0m
 [36m     --> call check_blowup[0m
 [34m --> call compute_diagnostics(1)[0m
 [34m --> call output (n)[0m
 [34m --> call compute_vel_nodes[0m
 [34m --> call oce_timestep_ale[0m
 [36m     --> call pressure_bv[0m
 [36m     --> call pressure_force_4_...[0m
 [36m     --> call oce_mixing_PP[0m
 [36m     --> call compute_vel_rhs[0m
 [36m     --> call viscosity_filter[0m
 [37m         --> call visc_filt_bcksct[0m
 [36m     --> call impl_vert_visc_ale[0m
 [36m     --> call compute_ssh_rhs_ale[0m
 [36m     --> call update_vel[0m
 [36m     --> call compute_hbar_ale[0m
 [36m     --> call fer_solve_Gamma[0m
 [36m     --> call vert_vel_ale[0m
 [36m     --> call solve_tracers_ale[0m
 [37m         --> call init_tracers_AB[0m
 [38m             --> call tracer_gradient_elements[0m
 [38m             --> call tracer_gradient_z[0m
 [38m             --> call fill_up_dn_grad[0m
 [38m             --> call tracer_gradient_elements[0m
 [37m         --> call adv_tracers_ale[0m
 [37m         --> call diff_tracers_ale[0m
 [37m         --> call relax_to_clim[0m
 [37m         --> call init_tracers_AB[0m
 [38m             --> call tracer_gradient_elements[0m
 [38m             --> call tracer_gradient_z[0m
 [38m             --> call fill_up_dn_grad[0m
 [38m             --> call tracer_gradient_elements[0m
 [37m         --> call adv_tracers_ale[0m
 [37m         --> call diff_tracers_ale[0m
 [37m         --> call relax_to_clim[0m
 [36m     --> call update_thickness_ale[0m
 [36m     --> call write_step_info[0m
 [36m     --> call check_blowup[0m
 [34m --> call compute_diagnostics(1)[0m
 [34m --> call output (n)[0m
 [34m --> call compute_vel_nodes[0m
 [34m --> call oce_timestep_ale[0m
 [36m     --> call pressure_bv[0m
 [36m     --> call pressure_force_4_...[0m
 [36m     --> call oce_mixing_PP[0m
 [36m     --> call compute_vel_rhs[0m
 [36m     --> call viscosity_filter[0m
 [37m         --> call visc_filt_bcksct[0m
 [36m     --> call impl_vert_visc_ale[0m
 [36m     --> call compute_ssh_rhs_ale[0m
 [36m     --> call update_vel[0m
 [36m     --> call compute_hbar_ale[0m
 [36m     --> call fer_solve_Gamma[0m
 [36m     --> call vert_vel_ale[0m
 [36m     --> call solve_tracers_ale[0m
 [37m         --> call init_tracers_AB[0m
 [38m             --> call tracer_gradient_elements[0m
 [38m             --> call tracer_gradient_z[0m
 [38m             --> call fill_up_dn_grad[0m
 [38m             --> call tracer_gradient_elements[0m
 [37m         --> call adv_tracers_ale[0m
 [37m         --> call diff_tracers_ale[0m
 [37m         --> call relax_to_clim[0m
 [37m         --> call init_tracers_AB[0m
 [38m             --> call tracer_gradient_elements[0m
 [38m             --> call tracer_gradient_z[0m
 [38m             --> call fill_up_dn_grad[0m
 [38m             --> call tracer_gradient_elements[0m
 [37m         --> call adv_tracers_ale[0m
 [37m         --> call diff_tracers_ale[0m
 [37m         --> call relax_to_clim[0m
 [36m     --> call update_thickness_ale[0m
 [36m     --> call write_step_info[0m
 [36m     --> call check_blowup[0m
 [34m --> call compute_diagnostics(1)[0m
 [34m --> call output (n)[0m
 [34m --> call compute_vel_nodes[0m
 [34m --> call oce_timestep_ale[0m
 [36m     --> call pressure_bv[0m
 [36m     --> call pressure_force_4_...[0m
 [36m     --> call oce_mixing_PP[0m
 [36m     --> call compute_vel_rhs[0m
 [36m     --> call viscosity_filter[0m
 [37m         --> call visc_filt_bcksct[0m
 [36m     --> call impl_vert_visc_ale[0m
 [36m     --> call compute_ssh_rhs_ale[0m
 [36m     --> call update_vel[0m
 [36m     --> call compute_hbar_ale[0m
 [36m     --> call fer_solve_Gamma[0m
 [36m     --> call vert_vel_ale[0m
 [36m     --> call solve_tracers_ale[0m
 [37m         --> call init_tracers_AB[0m
 [38m             --> call tracer_gradient_elements[0m
 [38m             --> call tracer_gradient_z[0m
 [38m             --> call fill_up_dn_grad[0m
 [38m             --> call tracer_gradient_elements[0m
 [37m         --> call adv_tracers_ale[0m
 [37m         --> call diff_tracers_ale[0m
 [37m         --> call relax_to_clim[0m
 [37m         --> call init_tracers_AB[0m
 [38m             --> call tracer_gradient_elements[0m
 [38m             --> call tracer_gradient_z[0m
 [38m             --> call fill_up_dn_grad[0m
 [38m             --> call tracer_gradient_elements[0m
 [37m         --> call adv_tracers_ale[0m
 [37m         --> call diff_tracers_ale[0m
 [37m         --> call relax_to_clim[0m
 [36m     --> call update_thickness_ale[0m
 [36m     --> call write_step_info[0m
 [36m     --> call check_blowup[0m
 [34m --> call compute_diagnostics(1)[0m
 [34m --> call output (n)[0m
 [34m --> call compute_vel_nodes[0m
 [34m --> call oce_timestep_ale[0m
 [36m     --> call pressure_bv[0m
 [36m     --> call pressure_force_4_...[0m
 [36m     --> call oce_mixing_PP[0m
 [36m     --> call compute_vel_rhs[0m
 [36m     --> call viscosity_filter[0m
 [37m         --> call visc_filt_bcksct[0m
 [36m     --> call impl_vert_visc_ale[0m
 [36m     --> call compute_ssh_rhs_ale[0m
 [36m     --> call update_vel[0m
 [36m     --> call compute_hbar_ale[0m
 [36m     --> call fer_solve_Gamma[0m
 [36m     --> call vert_vel_ale[0m
 [36m     --> call solve_tracers_ale[0m
 [37m         --> call init_tracers_AB[0m
 [38m             --> call tracer_gradient_elements[0m
 [38m             --> call tracer_gradient_z[0m
 [38m             --> call fill_up_dn_grad[0m
 [38m             --> call tracer_gradient_elements[0m
 [37m         --> call adv_tracers_ale[0m
 [37m         --> call diff_tracers_ale[0m
 [37m         --> call relax_to_clim[0m
 [37m         --> call init_tracers_AB[0m
 [38m             --> call tracer_gradient_elements[0m
 [38m             --> call tracer_gradient_z[0m
 [38m             --> call fill_up_dn_grad[0m
 [38m             --> call tracer_gradient_elements[0m
 [37m         --> call adv_tracers_ale[0m
 [37m         --> call diff_tracers_ale[0m
 [37m         --> call relax_to_clim[0m
 [36m     --> call update_thickness_ale[0m
 [36m     --> call write_step_info[0m
 [36m     --> call check_blowup[0m
 [34m --> call compute_diagnostics(1)[0m
 [34m --> call output (n)[0m
 [34m --> call compute_vel_nodes[0m
 [34m --> call oce_timestep_ale[0m
 [36m     --> call pressure_bv[0m
 [36m     --> call pressure_force_4_...[0m
 [36m     --> call oce_mixing_PP[0m
 [36m     --> call compute_vel_rhs[0m
 [36m     --> call viscosity_filter[0m
 [37m         --> call visc_filt_bcksct[0m
 [36m     --> call impl_vert_visc_ale[0m
 [36m     --> call compute_ssh_rhs_ale[0m
 [36m     --> call update_vel[0m
 [36m     --> call compute_hbar_ale[0m
 [36m     --> call fer_solve_Gamma[0m
 [36m     --> call vert_vel_ale[0m
 [36m     --> call solve_tracers_ale[0m
 [37m         --> call init_tracers_AB[0m
 [38m             --> call tracer_gradient_elements[0m
 [38m             --> call tracer_gradient_z[0m
 [38m             --> call fill_up_dn_grad[0m
 [38m             --> call tracer_gradient_elements[0m
 [37m         --> call adv_tracers_ale[0m
 [37m         --> call diff_tracers_ale[0m
 [37m         --> call relax_to_clim[0m
 [37m         --> call init_tracers_AB[0m
 [38m             --> call tracer_gradient_elements[0m
 [38m             --> call tracer_gradient_z[0m
 [38m             --> call fill_up_dn_grad[0m
 [38m             --> call tracer_gradient_elements[0m
 [37m         --> call adv_tracers_ale[0m
 [37m         --> call diff_tracers_ale[0m
 [37m         --> call relax_to_clim[0m
 [36m     --> call update_thickness_ale[0m
 [36m     --> call write_step_info[0m
 [36m     --> call check_blowup[0m
 [34m --> call compute_diagnostics(1)[0m
 [34m --> call output (n)[0m
 [34m --> call compute_vel_nodes[0m
 [34m --> call oce_timestep_ale[0m
 [36m     --> call pressure_bv[0m
 [36m     --> call pressure_force_4_...[0m
 [36m     --> call oce_mixing_PP[0m
 [36m     --> call compute_vel_rhs[0m
 [36m     --> call viscosity_filter[0m
 [37m         --> call visc_filt_bcksct[0m
 [36m     --> call impl_vert_visc_ale[0m
 [36m     --> call compute_ssh_rhs_ale[0m
 [36m     --> call update_vel[0m
 [36m     --> call compute_hbar_ale[0m
 [36m     --> call fer_solve_Gamma[0m
 [36m     --> call vert_vel_ale[0m
 [36m     --> call solve_tracers_ale[0m
 [37m         --> call init_tracers_AB[0m
 [38m             --> call tracer_gradient_elements[0m
 [38m             --> call tracer_gradient_z[0m
 [38m             --> call fill_up_dn_grad[0m
 [38m             --> call tracer_gradient_elements[0m
 [37m         --> call adv_tracers_ale[0m
 [37m         --> call diff_tracers_ale[0m
 [37m         --> call relax_to_clim[0m
 [37m         --> call init_tracers_AB[0m
 [38m             --> call tracer_gradient_elements[0m
 [38m             --> call tracer_gradient_z[0m
 [38m             --> call fill_up_dn_grad[0m
 [38m             --> call tracer_gradient_elements[0m
 [37m         --> call adv_tracers_ale[0m
 [37m         --> call diff_tracers_ale[0m
 [37m         --> call relax_to_clim[0m
 [36m     --> call update_thickness_ale[0m
 [36m     --> call write_step_info[0m
 [36m     --> call check_blowup[0m
 [34m --> call compute_diagnostics(1)[0m
 [34m --> call output (n)[0m
 [34m --> call compute_vel_nodes[0m
 [34m --> call oce_timestep_ale[0m
 [36m     --> call pressure_bv[0m
 [36m     --> call pressure_force_4_...[0m
 [36m     --> call oce_mixing_PP[0m
 [36m     --> call compute_vel_rhs[0m
 [36m     --> call viscosity_filter[0m
 [37m         --> call visc_filt_bcksct[0m
 [36m     --> call impl_vert_visc_ale[0m
 [36m     --> call compute_ssh_rhs_ale[0m
 [36m     --> call update_vel[0m
 [36m     --> call compute_hbar_ale[0m
 [36m     --> call fer_solve_Gamma[0m
 [36m     --> call vert_vel_ale[0m
 [36m     --> call solve_tracers_ale[0m
 [37m         --> call init_tracers_AB[0m
 [38m             --> call tracer_gradient_elements[0m
 [38m             --> call tracer_gradient_z[0m
 [38m             --> call fill_up_dn_grad[0m
 [38m             --> call tracer_gradient_elements[0m
 [37m         --> call adv_tracers_ale[0m
 [37m         --> call diff_tracers_ale[0m
 [37m         --> call relax_to_clim[0m
 [37m         --> call init_tracers_AB[0m
 [38m             --> call tracer_gradient_elements[0m
 [38m             --> call tracer_gradient_z[0m
 [38m             --> call fill_up_dn_grad[0m
 [38m             --> call tracer_gradient_elements[0m
 [37m         --> call adv_tracers_ale[0m
 [37m         --> call diff_tracers_ale[0m
 [37m         --> call relax_to_clim[0m
 [36m     --> call update_thickness_ale[0m
 [36m     --> call write_step_info[0m
 [36m     --> call check_blowup[0m
 [34m --> call compute_diagnostics(1)[0m
 [34m --> call output (n)[0m
 [34m --> call compute_vel_nodes[0m
 [34m --> call oce_timestep_ale[0m
 [36m     --> call pressure_bv[0m
 [36m     --> call pressure_force_4_...[0m
 [36m     --> call oce_mixing_PP[0m
 [36m     --> call compute_vel_rhs[0m
 [36m     --> call viscosity_filter[0m
 [37m         --> call visc_filt_bcksct[0m
 [36m     --> call impl_vert_visc_ale[0m
 [36m     --> call compute_ssh_rhs_ale[0m
 [36m     --> call update_vel[0m
 [36m     --> call compute_hbar_ale[0m
 [36m     --> call fer_solve_Gamma[0m
 [36m     --> call vert_vel_ale[0m
 [36m     --> call solve_tracers_ale[0m
 [37m         --> call init_tracers_AB[0m
 [38m             --> call tracer_gradient_elements[0m
 [38m             --> call tracer_gradient_z[0m
 [38m             --> call fill_up_dn_grad[0m
 [38m             --> call tracer_gradient_elements[0m
 [37m         --> call adv_tracers_ale[0m
 [37m         --> call diff_tracers_ale[0m
 [37m         --> call relax_to_clim[0m
 [37m         --> call init_tracers_AB[0m
 [38m             --> call tracer_gradient_elements[0m
 [38m             --> call tracer_gradient_z[0m
 [38m             --> call fill_up_dn_grad[0m
 [38m             --> call tracer_gradient_elements[0m
 [37m         --> call adv_tracers_ale[0m
 [37m         --> call diff_tracers_ale[0m
 [37m         --> call relax_to_clim[0m
 [36m     --> call update_thickness_ale[0m
 [36m     --> call write_step_info[0m
 [36m     --> call check_blowup[0m
 [34m --> call compute_diagnostics(1)[0m
 [34m --> call output (n)[0m
 [34m --> call compute_vel_nodes[0m
 [34m --> call oce_timestep_ale[0m
 [36m     --> call pressure_bv[0m
 [36m     --> call pressure_force_4_...[0m
 [36m     --> call oce_mixing_PP[0m
 [36m     --> call compute_vel_rhs[0m
 [36m     --> call viscosity_filter[0m
 [37m         --> call visc_filt_bcksct[0m
 [36m     --> call impl_vert_visc_ale[0m
 [36m     --> call compute_ssh_rhs_ale[0m
 [36m     --> call update_vel[0m
 [36m     --> call compute_hbar_ale[0m
 [36m     --> call fer_solve_Gamma[0m
 [36m     --> call vert_vel_ale[0m
 [36m     --> call solve_tracers_ale[0m
 [37m         --> call init_tracers_AB[0m
 [38m             --> call tracer_gradient_elements[0m
 [38m             --> call tracer_gradient_z[0m
 [38m             --> call fill_up_dn_grad[0m
 [38m             --> call tracer_gradient_elements[0m
 [37m         --> call adv_tracers_ale[0m
 [37m         --> call diff_tracers_ale[0m
 [37m         --> call relax_to_clim[0m
 [37m         --> call init_tracers_AB[0m
 [38m             --> call tracer_gradient_elements[0m
 [38m             --> call tracer_gradient_z[0m
 [38m             --> call fill_up_dn_grad[0m
 [38m             --> call tracer_gradient_elements[0m
 [37m         --> call adv_tracers_ale[0m
 [37m         --> call diff_tracers_ale[0m
 [37m         --> call relax_to_clim[0m
 [36m     --> call update_thickness_ale[0m
 [36m     --> call write_step_info[0m
 [36m     --> call check_blowup[0m
 [34m --> call compute_diagnostics(1)[0m
 [34m --> call output (n)[0m
 [34m --> call compute_vel_nodes[0m
 [34m --> call oce_timestep_ale[0m
 [36m     --> call pressure_bv[0m
 [36m     --> call pressure_force_4_...[0m
 [36m     --> call oce_mixing_PP[0m
 [36m     --> call compute_vel_rhs[0m
 [36m     --> call viscosity_filter[0m
 [37m         --> call visc_filt_bcksct[0m
 [36m     --> call impl_vert_visc_ale[0m
 [36m     --> call compute_ssh_rhs_ale[0m
 [36m     --> call update_vel[0m
 [36m     --> call compute_hbar_ale[0m
 [36m     --> call fer_solve_Gamma[0m
 [36m     --> call vert_vel_ale[0m
 [36m     --> call solve_tracers_ale[0m
 [37m         --> call init_tracers_AB[0m
 [38m             --> call tracer_gradient_elements[0m
 [38m             --> call tracer_gradient_z[0m
 [38m             --> call fill_up_dn_grad[0m
 [38m             --> call tracer_gradient_elements[0m
 [37m         --> call adv_tracers_ale[0m
 [37m         --> call diff_tracers_ale[0m
 [37m         --> call relax_to_clim[0m
 [37m         --> call init_tracers_AB[0m
 [38m             --> call tracer_gradient_elements[0m
 [38m             --> call tracer_gradient_z[0m
 [38m             --> call fill_up_dn_grad[0m
 [38m             --> call tracer_gradient_elements[0m
 [37m         --> call adv_tracers_ale[0m
 [37m         --> call diff_tracers_ale[0m
 [37m         --> call relax_to_clim[0m
 [36m     --> call update_thickness_ale[0m
 [36m     --> call write_step_info[0m
 [36m     --> call check_blowup[0m
 [34m --> call compute_diagnostics(1)[0m
 [34m --> call output (n)[0m
 [34m --> call compute_vel_nodes[0m
 [34m --> call oce_timestep_ale[0m
 [36m     --> call pressure_bv[0m
 [36m     --> call pressure_force_4_...[0m
 [36m     --> call oce_mixing_PP[0m
 [36m     --> call compute_vel_rhs[0m
 [36m     --> call viscosity_filter[0m
 [37m         --> call visc_filt_bcksct[0m
 [36m     --> call impl_vert_visc_ale[0m
 [36m     --> call compute_ssh_rhs_ale[0m
 [36m     --> call update_vel[0m
 [36m     --> call compute_hbar_ale[0m
 [36m     --> call fer_solve_Gamma[0m
 [36m     --> call vert_vel_ale[0m
 [36m     --> call solve_tracers_ale[0m
 [37m         --> call init_tracers_AB[0m
 [38m             --> call tracer_gradient_elements[0m
 [38m             --> call tracer_gradient_z[0m
 [38m             --> call fill_up_dn_grad[0m
 [38m             --> call tracer_gradient_elements[0m
 [37m         --> call adv_tracers_ale[0m
 [37m         --> call diff_tracers_ale[0m
 [37m         --> call relax_to_clim[0m
 [37m         --> call init_tracers_AB[0m
 [38m             --> call tracer_gradient_elements[0m
 [38m             --> call tracer_gradient_z[0m
 [38m             --> call fill_up_dn_grad[0m
 [38m             --> call tracer_gradient_elements[0m
 [37m         --> call adv_tracers_ale[0m
 [37m         --> call diff_tracers_ale[0m
 [37m         --> call relax_to_clim[0m
 [36m     --> call update_thickness_ale[0m
 [36m     --> call write_step_info[0m
 [36m     --> call check_blowup[0m
 [34m --> call compute_diagnostics(1)[0m
 [34m --> call output (n)[0m
 [34m --> call compute_vel_nodes[0m
 [34m --> call oce_timestep_ale[0m
 [36m     --> call pressure_bv[0m
 [36m     --> call pressure_force_4_...[0m
 [36m     --> call oce_mixing_PP[0m
 [36m     --> call compute_vel_rhs[0m
 [36m     --> call viscosity_filter[0m
 [37m         --> call visc_filt_bcksct[0m
 [36m     --> call impl_vert_visc_ale[0m
 [36m     --> call compute_ssh_rhs_ale[0m
 [36m     --> call update_vel[0m
 [36m     --> call compute_hbar_ale[0m
 [36m     --> call fer_solve_Gamma[0m
 [36m     --> call vert_vel_ale[0m
 [36m     --> call solve_tracers_ale[0m
 [37m         --> call init_tracers_AB[0m
 [38m             --> call tracer_gradient_elements[0m
 [38m             --> call tracer_gradient_z[0m
 [38m             --> call fill_up_dn_grad[0m
 [38m             --> call tracer_gradient_elements[0m
 [37m         --> call adv_tracers_ale[0m
 [37m         --> call diff_tracers_ale[0m
 [37m         --> call relax_to_clim[0m
 [37m         --> call init_tracers_AB[0m
 [38m             --> call tracer_gradient_elements[0m
 [38m             --> call tracer_gradient_z[0m
 [38m             --> call fill_up_dn_grad[0m
 [38m             --> call tracer_gradient_elements[0m
 [37m         --> call adv_tracers_ale[0m
 [37m         --> call diff_tracers_ale[0m
 [37m         --> call relax_to_clim[0m
 [36m     --> call update_thickness_ale[0m
 [36m     --> call write_step_info[0m
 [36m     --> call check_blowup[0m
 [34m --> call compute_diagnostics(1)[0m
 [34m --> call output (n)[0m
 FESOM =======================================================
 FESOM step:          72  day:           1  year:        2008
 
 [34m --> call compute_vel_nodes[0m
 [34m --> call oce_timestep_ale[0m
 [36m     --> call pressure_bv[0m
 [36m     --> call pressure_force_4_...[0m
 [36m     --> call oce_mixing_PP[0m
 [36m     --> call compute_vel_rhs[0m
 [36m     --> call viscosity_filter[0m
 [37m         --> call visc_filt_bcksct[0m
 [36m     --> call impl_vert_visc_ale[0m
 [36m     --> call compute_ssh_rhs_ale[0m
 [36m     --> call update_vel[0m
 [36m     --> call compute_hbar_ale[0m
 [36m     --> call fer_solve_Gamma[0m
 [36m     --> call vert_vel_ale[0m
 [36m     --> call solve_tracers_ale[0m
 [37m         --> call init_tracers_AB[0m
 [38m             --> call tracer_gradient_elements[0m
 [38m             --> call tracer_gradient_z[0m
 [38m             --> call fill_up_dn_grad[0m
 [38m             --> call tracer_gradient_elements[0m
 [37m         --> call adv_tracers_ale[0m
 [37m         --> call diff_tracers_ale[0m
 [37m         --> call relax_to_clim[0m
 [37m         --> call init_tracers_AB[0m
 [38m             --> call tracer_gradient_elements[0m
 [38m             --> call tracer_gradient_z[0m
 [38m             --> call fill_up_dn_grad[0m
 [38m             --> call tracer_gradient_elements[0m
 [37m         --> call adv_tracers_ale[0m
 [37m         --> call diff_tracers_ale[0m
 [37m         --> call relax_to_clim[0m
 [36m     --> call update_thickness_ale[0m
 [36m     --> call write_step_info[0m
 ___CHECK GLOBAL OCEAN VARIABLES --> mstep=          72
   ___global estimat of eta & hbar____________________
    int(eta), int(hbar)      =  1.378626238458298E-015  1.378626238458298E-015
     --> error(eta-hbar)     =  0.000000000000000E+000
    min(eta) , max(eta)      = -0.497058150373471       0.711613868454143     
    max(hbar), max(hbar)     = -0.497058150373471       0.711613868454143     
 
    int(deta), int(dhbar)    =  0.000000000000000E+000  2.505963271060969E-019
     --> error(deta-dhbar)   = -2.505963271060969E-019
     --> error(deta-wflux)   =  0.000000000000000E+000
     --> error(dhbar-wflux)  =  2.505963271060969E-019
 
    -int(wflux)*dt          =  0.000000000000000E+000
    int(deta )-int(wflux)*dt =  0.000000000000000E+000
    int(dhbar)-int(wflux)*dt =  2.505963271060969E-019
 
   ___global min/max/mean  --> mstep=          72 ____________
       eta= -4.971E-01 |  7.116E-01 | N.A.
      deta= -2.639E-05 |  2.697E-05 | N.A.
      hbar= -4.971E-01 |  7.116E-01 | N.A.
     wflux=  0.000E+00 |  0.000E+00 |  0.000E+00
     hflux=  7.310E+01 |  9.967E+01 |  0.000E+00
      temp=  2.948E+00 |  2.120E+01 |  0.000E+00
      salt=  3.500E+01 |  3.500E+01 |  0.000E+00
    wvel(1,:)= -4.399E-08 |  4.495E-08 | N.A.
    wvel(2,:)= -6.391E-06 |  1.055E-05 | N.A.
    uvel(1,:)= -2.655E-01 |  3.868E-01 | N.A.
    uvel(2,:)= -2.644E-01 |  3.823E-01 | N.A.
    vvel(1,:)= -1.518E-01 |  3.255E-01 | N.A.
    vvel(2,:)= -1.511E-01 |  3.259E-01 | N.A.
   hnode(1,:)=  9.038E+00 |  9.038E+00 | N.A.
   hnode(2,:)=  9.941E+00 |  9.941E+00 | N.A.
     cfl_z=  N.A.      |  4.671E-03 | N.A.
     pgf_x=  N.A.      |  1.981E-05 | N.A.
     pgf_y=  N.A.      |  4.457E-05 | N.A.
          Av=  N.A.      |  1.000E-01 | N.A.
          Kv=  N.A.      |  1.000E-01 | N.A.
 [36m     --> call check_blowup[0m
 ___ALE OCEAN STEP EXECUTION TIMES______________________
     Oce. Mix,Press.. : 1.826E-04
     Oce. Dynamics    : 9.072E-05
     Oce. Update Vel. : 1.623E-05
     Oce. Fer-GM.     : 4.573E-05
     _______________________________
     ALE-Solve SSH    : 1.676E-04
     ALE-Calc. hbar   : 8.920E-06
     ALE-Update+W     : 4.307E-05
     ALE-Solve Tracer : 3.968E-04
     ALE-Update hnode : 1.645E-05
     _______________________________
     check for blowup : 1.940E-03
     _______________________________
     Oce. TOTAL       : 2.908E-03
 
 
 [34m --> call compute_diagnostics(1)[0m
 [34m --> call output (n)[0m
 [34m --> call compute_vel_nodes[0m
 [34m --> call oce_timestep_ale[0m
 [36m     --> call pressure_bv[0m
 [36m     --> call pressure_force_4_...[0m
 [36m     --> call oce_mixing_PP[0m
 [36m     --> call compute_vel_rhs[0m
 [36m     --> call viscosity_filter[0m
 [37m         --> call visc_filt_bcksct[0m
 [36m     --> call impl_vert_visc_ale[0m
 [36m     --> call compute_ssh_rhs_ale[0m
 [36m     --> call update_vel[0m
 [36m     --> call compute_hbar_ale[0m
 [36m     --> call fer_solve_Gamma[0m
 [36m     --> call vert_vel_ale[0m
 [36m     --> call solve_tracers_ale[0m
 [37m         --> call init_tracers_AB[0m
 [38m             --> call tracer_gradient_elements[0m
 [38m             --> call tracer_gradient_z[0m
 [38m             --> call fill_up_dn_grad[0m
 [38m             --> call tracer_gradient_elements[0m
 [37m         --> call adv_tracers_ale[0m
 [37m         --> call diff_tracers_ale[0m
 [37m         --> call relax_to_clim[0m
 [37m         --> call init_tracers_AB[0m
 [38m             --> call tracer_gradient_elements[0m
 [38m             --> call tracer_gradient_z[0m
 [38m             --> call fill_up_dn_grad[0m
 [38m             --> call tracer_gradient_elements[0m
 [37m         --> call adv_tracers_ale[0m
 [37m         --> call diff_tracers_ale[0m
 [37m         --> call relax_to_clim[0m
 [36m     --> call update_thickness_ale[0m
 [36m     --> call write_step_info[0m
 [36m     --> call check_blowup[0m
 [34m --> call compute_diagnostics(1)[0m
 [34m --> call output (n)[0m
 [34m --> call compute_vel_nodes[0m
 [34m --> call oce_timestep_ale[0m
 [36m     --> call pressure_bv[0m
 [36m     --> call pressure_force_4_...[0m
 [36m     --> call oce_mixing_PP[0m
 [36m     --> call compute_vel_rhs[0m
 [36m     --> call viscosity_filter[0m
 [37m         --> call visc_filt_bcksct[0m
 [36m     --> call impl_vert_visc_ale[0m
 [36m     --> call compute_ssh_rhs_ale[0m
 [36m     --> call update_vel[0m
 [36m     --> call compute_hbar_ale[0m
 [36m     --> call fer_solve_Gamma[0m
 [36m     --> call vert_vel_ale[0m
 [36m     --> call solve_tracers_ale[0m
 [37m         --> call init_tracers_AB[0m
 [38m             --> call tracer_gradient_elements[0m
 [38m             --> call tracer_gradient_z[0m
 [38m             --> call fill_up_dn_grad[0m
 [38m             --> call tracer_gradient_elements[0m
 [37m         --> call adv_tracers_ale[0m
 [37m         --> call diff_tracers_ale[0m
 [37m         --> call relax_to_clim[0m
 [37m         --> call init_tracers_AB[0m
 [38m             --> call tracer_gradient_elements[0m
 [38m             --> call tracer_gradient_z[0m
 [38m             --> call fill_up_dn_grad[0m
 [38m             --> call tracer_gradient_elements[0m
 [37m         --> call adv_tracers_ale[0m
 [37m         --> call diff_tracers_ale[0m
 [37m         --> call relax_to_clim[0m
 [36m     --> call update_thickness_ale[0m
 [36m     --> call write_step_info[0m
 [36m     --> call check_blowup[0m
 [34m --> call compute_diagnostics(1)[0m
 [34m --> call output (n)[0m
 [34m --> call compute_vel_nodes[0m
 [34m --> call oce_timestep_ale[0m
 [36m     --> call pressure_bv[0m
 [36m     --> call pressure_force_4_...[0m
 [36m     --> call oce_mixing_PP[0m
 [36m     --> call compute_vel_rhs[0m
 [36m     --> call viscosity_filter[0m
 [37m         --> call visc_filt_bcksct[0m
 [36m     --> call impl_vert_visc_ale[0m
 [36m     --> call compute_ssh_rhs_ale[0m
 [36m     --> call update_vel[0m
 [36m     --> call compute_hbar_ale[0m
 [36m     --> call fer_solve_Gamma[0m
 [36m     --> call vert_vel_ale[0m
 [36m     --> call solve_tracers_ale[0m
 [37m         --> call init_tracers_AB[0m
 [38m             --> call tracer_gradient_elements[0m
 [38m             --> call tracer_gradient_z[0m
 [38m             --> call fill_up_dn_grad[0m
 [38m             --> call tracer_gradient_elements[0m
 [37m         --> call adv_tracers_ale[0m
 [37m         --> call diff_tracers_ale[0m
 [37m         --> call relax_to_clim[0m
 [37m         --> call init_tracers_AB[0m
 [38m             --> call tracer_gradient_elements[0m
 [38m             --> call tracer_gradient_z[0m
 [38m             --> call fill_up_dn_grad[0m
 [38m             --> call tracer_gradient_elements[0m
 [37m         --> call adv_tracers_ale[0m
 [37m         --> call diff_tracers_ale[0m
 [37m         --> call relax_to_clim[0m
 [36m     --> call update_thickness_ale[0m
 [36m     --> call write_step_info[0m
 [36m     --> call check_blowup[0m
 [34m --> call compute_diagnostics(1)[0m
 [34m --> call output (n)[0m
 [34m --> call compute_vel_nodes[0m
 [34m --> call oce_timestep_ale[0m
 [36m     --> call pressure_bv[0m
 [36m     --> call pressure_force_4_...[0m
 [36m     --> call oce_mixing_PP[0m
 [36m     --> call compute_vel_rhs[0m
 [36m     --> call viscosity_filter[0m
 [37m         --> call visc_filt_bcksct[0m
 [36m     --> call impl_vert_visc_ale[0m
 [36m     --> call compute_ssh_rhs_ale[0m
 [36m     --> call update_vel[0m
 [36m     --> call compute_hbar_ale[0m
 [36m     --> call fer_solve_Gamma[0m
 [36m     --> call vert_vel_ale[0m
 [36m     --> call solve_tracers_ale[0m
 [37m         --> call init_tracers_AB[0m
 [38m             --> call tracer_gradient_elements[0m
 [38m             --> call tracer_gradient_z[0m
 [38m             --> call fill_up_dn_grad[0m
 [38m             --> call tracer_gradient_elements[0m
 [37m         --> call adv_tracers_ale[0m
 [37m         --> call diff_tracers_ale[0m
 [37m         --> call relax_to_clim[0m
 [37m         --> call init_tracers_AB[0m
 [38m             --> call tracer_gradient_elements[0m
 [38m             --> call tracer_gradient_z[0m
 [38m             --> call fill_up_dn_grad[0m
 [38m             --> call tracer_gradient_elements[0m
 [37m         --> call adv_tracers_ale[0m
 [37m         --> call diff_tracers_ale[0m
 [37m         --> call relax_to_clim[0m
 [36m     --> call update_thickness_ale[0m
 [36m     --> call write_step_info[0m
 [36m     --> call check_blowup[0m
 [34m --> call compute_diagnostics(1)[0m
 [34m --> call output (n)[0m
 [34m --> call compute_vel_nodes[0m
 [34m --> call oce_timestep_ale[0m
 [36m     --> call pressure_bv[0m
 [36m     --> call pressure_force_4_...[0m
 [36m     --> call oce_mixing_PP[0m
 [36m     --> call compute_vel_rhs[0m
 [36m     --> call viscosity_filter[0m
 [37m         --> call visc_filt_bcksct[0m
 [36m     --> call impl_vert_visc_ale[0m
 [36m     --> call compute_ssh_rhs_ale[0m
 [36m     --> call update_vel[0m
 [36m     --> call compute_hbar_ale[0m
 [36m     --> call fer_solve_Gamma[0m
 [36m     --> call vert_vel_ale[0m
 [36m     --> call solve_tracers_ale[0m
 [37m         --> call init_tracers_AB[0m
 [38m             --> call tracer_gradient_elements[0m
 [38m             --> call tracer_gradient_z[0m
 [38m             --> call fill_up_dn_grad[0m
 [38m             --> call tracer_gradient_elements[0m
 [37m         --> call adv_tracers_ale[0m
 [37m         --> call diff_tracers_ale[0m
 [37m         --> call relax_to_clim[0m
 [37m         --> call init_tracers_AB[0m
 [38m             --> call tracer_gradient_elements[0m
 [38m             --> call tracer_gradient_z[0m
 [38m             --> call fill_up_dn_grad[0m
 [38m             --> call tracer_gradient_elements[0m
 [37m         --> call adv_tracers_ale[0m
 [37m         --> call diff_tracers_ale[0m
 [37m         --> call relax_to_clim[0m
 [36m     --> call update_thickness_ale[0m
 [36m     --> call write_step_info[0m
 [36m     --> call check_blowup[0m
 [34m --> call compute_diagnostics(1)[0m
 [34m --> call output (n)[0m
 [34m --> call compute_vel_nodes[0m
 [34m --> call oce_timestep_ale[0m
 [36m     --> call pressure_bv[0m
 [36m     --> call pressure_force_4_...[0m
 [36m     --> call oce_mixing_PP[0m
 [36m     --> call compute_vel_rhs[0m
 [36m     --> call viscosity_filter[0m
 [37m         --> call visc_filt_bcksct[0m
 [36m     --> call impl_vert_visc_ale[0m
 [36m     --> call compute_ssh_rhs_ale[0m
 [36m     --> call update_vel[0m
 [36m     --> call compute_hbar_ale[0m
 [36m     --> call fer_solve_Gamma[0m
 [36m     --> call vert_vel_ale[0m
 [36m     --> call solve_tracers_ale[0m
 [37m         --> call init_tracers_AB[0m
 [38m             --> call tracer_gradient_elements[0m
 [38m             --> call tracer_gradient_z[0m
 [38m             --> call fill_up_dn_grad[0m
 [38m             --> call tracer_gradient_elements[0m
 [37m         --> call adv_tracers_ale[0m
 [37m         --> call diff_tracers_ale[0m
 [37m         --> call relax_to_clim[0m
 [37m         --> call init_tracers_AB[0m
 [38m             --> call tracer_gradient_elements[0m
 [38m             --> call tracer_gradient_z[0m
 [38m             --> call fill_up_dn_grad[0m
 [38m             --> call tracer_gradient_elements[0m
 [37m         --> call adv_tracers_ale[0m
 [37m         --> call diff_tracers_ale[0m
 [37m         --> call relax_to_clim[0m
 [36m     --> call update_thickness_ale[0m
 [36m     --> call write_step_info[0m
 [36m     --> call check_blowup[0m
 [34m --> call compute_diagnostics(1)[0m
 [34m --> call output (n)[0m
 [34m --> call compute_vel_nodes[0m
 [34m --> call oce_timestep_ale[0m
 [36m     --> call pressure_bv[0m
 [36m     --> call pressure_force_4_...[0m
 [36m     --> call oce_mixing_PP[0m
 [36m     --> call compute_vel_rhs[0m
 [36m     --> call viscosity_filter[0m
 [37m         --> call visc_filt_bcksct[0m
 [36m     --> call impl_vert_visc_ale[0m
 [36m     --> call compute_ssh_rhs_ale[0m
 [36m     --> call update_vel[0m
 [36m     --> call compute_hbar_ale[0m
 [36m     --> call fer_solve_Gamma[0m
 [36m     --> call vert_vel_ale[0m
 [36m     --> call solve_tracers_ale[0m
 [37m         --> call init_tracers_AB[0m
 [38m             --> call tracer_gradient_elements[0m
 [38m             --> call tracer_gradient_z[0m
 [38m             --> call fill_up_dn_grad[0m
 [38m             --> call tracer_gradient_elements[0m
 [37m         --> call adv_tracers_ale[0m
 [37m         --> call diff_tracers_ale[0m
 [37m         --> call relax_to_clim[0m
 [37m         --> call init_tracers_AB[0m
 [38m             --> call tracer_gradient_elements[0m
 [38m             --> call tracer_gradient_z[0m
 [38m             --> call fill_up_dn_grad[0m
 [38m             --> call tracer_gradient_elements[0m
 [37m         --> call adv_tracers_ale[0m
 [37m         --> call diff_tracers_ale[0m
 [37m         --> call relax_to_clim[0m
 [36m     --> call update_thickness_ale[0m
 [36m     --> call write_step_info[0m
 [36m     --> call check_blowup[0m
 [34m --> call compute_diagnostics(1)[0m
 [34m --> call output (n)[0m
 [34m --> call compute_vel_nodes[0m
 [34m --> call oce_timestep_ale[0m
 [36m     --> call pressure_bv[0m
 [36m     --> call pressure_force_4_...[0m
 [36m     --> call oce_mixing_PP[0m
 [36m     --> call compute_vel_rhs[0m
 [36m     --> call viscosity_filter[0m
 [37m         --> call visc_filt_bcksct[0m
 [36m     --> call impl_vert_visc_ale[0m
 [36m     --> call compute_ssh_rhs_ale[0m
 [36m     --> call update_vel[0m
 [36m     --> call compute_hbar_ale[0m
 [36m     --> call fer_solve_Gamma[0m
 [36m     --> call vert_vel_ale[0m
 [36m     --> call solve_tracers_ale[0m
 [37m         --> call init_tracers_AB[0m
 [38m             --> call tracer_gradient_elements[0m
 [38m             --> call tracer_gradient_z[0m
 [38m             --> call fill_up_dn_grad[0m
 [38m             --> call tracer_gradient_elements[0m
 [37m         --> call adv_tracers_ale[0m
 [37m         --> call diff_tracers_ale[0m
 [37m         --> call relax_to_clim[0m
 [37m         --> call init_tracers_AB[0m
 [38m             --> call tracer_gradient_elements[0m
 [38m             --> call tracer_gradient_z[0m
 [38m             --> call fill_up_dn_grad[0m
 [38m             --> call tracer_gradient_elements[0m
 [37m         --> call adv_tracers_ale[0m
 [37m         --> call diff_tracers_ale[0m
 [37m         --> call relax_to_clim[0m
 [36m     --> call update_thickness_ale[0m
 [36m     --> call write_step_info[0m
 [36m     --> call check_blowup[0m
 [34m --> call compute_diagnostics(1)[0m
 [34m --> call output (n)[0m
 [34m --> call compute_vel_nodes[0m
 [34m --> call oce_timestep_ale[0m
 [36m     --> call pressure_bv[0m
 [36m     --> call pressure_force_4_...[0m
 [36m     --> call oce_mixing_PP[0m
 [36m     --> call compute_vel_rhs[0m
 [36m     --> call viscosity_filter[0m
 [37m         --> call visc_filt_bcksct[0m
 [36m     --> call impl_vert_visc_ale[0m
 [36m     --> call compute_ssh_rhs_ale[0m
 [36m     --> call update_vel[0m
 [36m     --> call compute_hbar_ale[0m
 [36m     --> call fer_solve_Gamma[0m
 [36m     --> call vert_vel_ale[0m
 [36m     --> call solve_tracers_ale[0m
 [37m         --> call init_tracers_AB[0m
 [38m             --> call tracer_gradient_elements[0m
 [38m             --> call tracer_gradient_z[0m
 [38m             --> call fill_up_dn_grad[0m
 [38m             --> call tracer_gradient_elements[0m
 [37m         --> call adv_tracers_ale[0m
 [37m         --> call diff_tracers_ale[0m
 [37m         --> call relax_to_clim[0m
 [37m         --> call init_tracers_AB[0m
 [38m             --> call tracer_gradient_elements[0m
 [38m             --> call tracer_gradient_z[0m
 [38m             --> call fill_up_dn_grad[0m
 [38m             --> call tracer_gradient_elements[0m
 [37m         --> call adv_tracers_ale[0m
 [37m         --> call diff_tracers_ale[0m
 [37m         --> call relax_to_clim[0m
 [36m     --> call update_thickness_ale[0m
 [36m     --> call write_step_info[0m
 [36m     --> call check_blowup[0m
 [34m --> call compute_diagnostics(1)[0m
 [34m --> call output (n)[0m
 [34m --> call compute_vel_nodes[0m
 [34m --> call oce_timestep_ale[0m
 [36m     --> call pressure_bv[0m
 [36m     --> call pressure_force_4_...[0m
 [36m     --> call oce_mixing_PP[0m
 [36m     --> call compute_vel_rhs[0m
 [36m     --> call viscosity_filter[0m
 [37m         --> call visc_filt_bcksct[0m
 [36m     --> call impl_vert_visc_ale[0m
 [36m     --> call compute_ssh_rhs_ale[0m
 [36m     --> call update_vel[0m
 [36m     --> call compute_hbar_ale[0m
 [36m     --> call fer_solve_Gamma[0m
 [36m     --> call vert_vel_ale[0m
 [36m     --> call solve_tracers_ale[0m
 [37m         --> call init_tracers_AB[0m
 [38m             --> call tracer_gradient_elements[0m
 [38m             --> call tracer_gradient_z[0m
 [38m             --> call fill_up_dn_grad[0m
 [38m             --> call tracer_gradient_elements[0m
 [37m         --> call adv_tracers_ale[0m
 [37m         --> call diff_tracers_ale[0m
 [37m         --> call relax_to_clim[0m
 [37m         --> call init_tracers_AB[0m
 [38m             --> call tracer_gradient_elements[0m
 [38m             --> call tracer_gradient_z[0m
 [38m             --> call fill_up_dn_grad[0m
 [38m             --> call tracer_gradient_elements[0m
 [37m         --> call adv_tracers_ale[0m
 [37m         --> call diff_tracers_ale[0m
 [37m         --> call relax_to_clim[0m
 [36m     --> call update_thickness_ale[0m
 [36m     --> call write_step_info[0m
 [36m     --> call check_blowup[0m
 [34m --> call compute_diagnostics(1)[0m
 [34m --> call output (n)[0m
 [34m --> call compute_vel_nodes[0m
 [34m --> call oce_timestep_ale[0m
 [36m     --> call pressure_bv[0m
 [36m     --> call pressure_force_4_...[0m
 [36m     --> call oce_mixing_PP[0m
 [36m     --> call compute_vel_rhs[0m
 [36m     --> call viscosity_filter[0m
 [37m         --> call visc_filt_bcksct[0m
 [36m     --> call impl_vert_visc_ale[0m
 [36m     --> call compute_ssh_rhs_ale[0m
 [36m     --> call update_vel[0m
 [36m     --> call compute_hbar_ale[0m
 [36m     --> call fer_solve_Gamma[0m
 [36m     --> call vert_vel_ale[0m
 [36m     --> call solve_tracers_ale[0m
 [37m         --> call init_tracers_AB[0m
 [38m             --> call tracer_gradient_elements[0m
 [38m             --> call tracer_gradient_z[0m
 [38m             --> call fill_up_dn_grad[0m
 [38m             --> call tracer_gradient_elements[0m
 [37m         --> call adv_tracers_ale[0m
 [37m         --> call diff_tracers_ale[0m
 [37m         --> call relax_to_clim[0m
 [37m         --> call init_tracers_AB[0m
 [38m             --> call tracer_gradient_elements[0m
 [38m             --> call tracer_gradient_z[0m
 [38m             --> call fill_up_dn_grad[0m
 [38m             --> call tracer_gradient_elements[0m
 [37m         --> call adv_tracers_ale[0m
 [37m         --> call diff_tracers_ale[0m
 [37m         --> call relax_to_clim[0m
 [36m     --> call update_thickness_ale[0m
 [36m     --> call write_step_info[0m
 [36m     --> call check_blowup[0m
 [34m --> call compute_diagnostics(1)[0m
 [34m --> call output (n)[0m
 [34m --> call compute_vel_nodes[0m
 [34m --> call oce_timestep_ale[0m
 [36m     --> call pressure_bv[0m
 [36m     --> call pressure_force_4_...[0m
 [36m     --> call oce_mixing_PP[0m
 [36m     --> call compute_vel_rhs[0m
 [36m     --> call viscosity_filter[0m
 [37m         --> call visc_filt_bcksct[0m
 [36m     --> call impl_vert_visc_ale[0m
 [36m     --> call compute_ssh_rhs_ale[0m
 [36m     --> call update_vel[0m
 [36m     --> call compute_hbar_ale[0m
 [36m     --> call fer_solve_Gamma[0m
 [36m     --> call vert_vel_ale[0m
 [36m     --> call solve_tracers_ale[0m
 [37m         --> call init_tracers_AB[0m
 [38m             --> call tracer_gradient_elements[0m
 [38m             --> call tracer_gradient_z[0m
 [38m             --> call fill_up_dn_grad[0m
 [38m             --> call tracer_gradient_elements[0m
 [37m         --> call adv_tracers_ale[0m
 [37m         --> call diff_tracers_ale[0m
 [37m         --> call relax_to_clim[0m
 [37m         --> call init_tracers_AB[0m
 [38m             --> call tracer_gradient_elements[0m
 [38m             --> call tracer_gradient_z[0m
 [38m             --> call fill_up_dn_grad[0m
 [38m             --> call tracer_gradient_elements[0m
 [37m         --> call adv_tracers_ale[0m
 [37m         --> call diff_tracers_ale[0m
 [37m         --> call relax_to_clim[0m
 [36m     --> call update_thickness_ale[0m
 [36m     --> call write_step_info[0m
 [36m     --> call check_blowup[0m
 [34m --> call compute_diagnostics(1)[0m
 [34m --> call output (n)[0m
 [34m --> call compute_vel_nodes[0m
 [34m --> call oce_timestep_ale[0m
 [36m     --> call pressure_bv[0m
 [36m     --> call pressure_force_4_...[0m
 [36m     --> call oce_mixing_PP[0m
 [36m     --> call compute_vel_rhs[0m
 [36m     --> call viscosity_filter[0m
 [37m         --> call visc_filt_bcksct[0m
 [36m     --> call impl_vert_visc_ale[0m
 [36m     --> call compute_ssh_rhs_ale[0m
 [36m     --> call update_vel[0m
 [36m     --> call compute_hbar_ale[0m
 [36m     --> call fer_solve_Gamma[0m
 [36m     --> call vert_vel_ale[0m
 [36m     --> call solve_tracers_ale[0m
 [37m         --> call init_tracers_AB[0m
 [38m             --> call tracer_gradient_elements[0m
 [38m             --> call tracer_gradient_z[0m
 [38m             --> call fill_up_dn_grad[0m
 [38m             --> call tracer_gradient_elements[0m
 [37m         --> call adv_tracers_ale[0m
 [37m         --> call diff_tracers_ale[0m
 [37m         --> call relax_to_clim[0m
 [37m         --> call init_tracers_AB[0m
 [38m             --> call tracer_gradient_elements[0m
 [38m             --> call tracer_gradient_z[0m
 [38m             --> call fill_up_dn_grad[0m
 [38m             --> call tracer_gradient_elements[0m
 [37m         --> call adv_tracers_ale[0m
 [37m         --> call diff_tracers_ale[0m
 [37m         --> call relax_to_clim[0m
 [36m     --> call update_thickness_ale[0m
 [36m     --> call write_step_info[0m
 [36m     --> call check_blowup[0m
 [34m --> call compute_diagnostics(1)[0m
 [34m --> call output (n)[0m
 [34m --> call compute_vel_nodes[0m
 [34m --> call oce_timestep_ale[0m
 [36m     --> call pressure_bv[0m
 [36m     --> call pressure_force_4_...[0m
 [36m     --> call oce_mixing_PP[0m
 [36m     --> call compute_vel_rhs[0m
 [36m     --> call viscosity_filter[0m
 [37m         --> call visc_filt_bcksct[0m
 [36m     --> call impl_vert_visc_ale[0m
 [36m     --> call compute_ssh_rhs_ale[0m
 [36m     --> call update_vel[0m
 [36m     --> call compute_hbar_ale[0m
 [36m     --> call fer_solve_Gamma[0m
 [36m     --> call vert_vel_ale[0m
 [36m     --> call solve_tracers_ale[0m
 [37m         --> call init_tracers_AB[0m
 [38m             --> call tracer_gradient_elements[0m
 [38m             --> call tracer_gradient_z[0m
 [38m             --> call fill_up_dn_grad[0m
 [38m             --> call tracer_gradient_elements[0m
 [37m         --> call adv_tracers_ale[0m
 [37m         --> call diff_tracers_ale[0m
 [37m         --> call relax_to_clim[0m
 [37m         --> call init_tracers_AB[0m
 [38m             --> call tracer_gradient_elements[0m
 [38m             --> call tracer_gradient_z[0m
 [38m             --> call fill_up_dn_grad[0m
 [38m             --> call tracer_gradient_elements[0m
 [37m         --> call adv_tracers_ale[0m
 [37m         --> call diff_tracers_ale[0m
 [37m         --> call relax_to_clim[0m
 [36m     --> call update_thickness_ale[0m
 [36m     --> call write_step_info[0m
 [36m     --> call check_blowup[0m
 [34m --> call compute_diagnostics(1)[0m
 [34m --> call output (n)[0m
 [34m --> call compute_vel_nodes[0m
 [34m --> call oce_timestep_ale[0m
 [36m     --> call pressure_bv[0m
 [36m     --> call pressure_force_4_...[0m
 [36m     --> call oce_mixing_PP[0m
 [36m     --> call compute_vel_rhs[0m
 [36m     --> call viscosity_filter[0m
 [37m         --> call visc_filt_bcksct[0m
 [36m     --> call impl_vert_visc_ale[0m
 [36m     --> call compute_ssh_rhs_ale[0m
 [36m     --> call update_vel[0m
 [36m     --> call compute_hbar_ale[0m
 [36m     --> call fer_solve_Gamma[0m
 [36m     --> call vert_vel_ale[0m
 [36m     --> call solve_tracers_ale[0m
 [37m         --> call init_tracers_AB[0m
 [38m             --> call tracer_gradient_elements[0m
 [38m             --> call tracer_gradient_z[0m
 [38m             --> call fill_up_dn_grad[0m
 [38m             --> call tracer_gradient_elements[0m
 [37m         --> call adv_tracers_ale[0m
 [37m         --> call diff_tracers_ale[0m
 [37m         --> call relax_to_clim[0m
 [37m         --> call init_tracers_AB[0m
 [38m             --> call tracer_gradient_elements[0m
 [38m             --> call tracer_gradient_z[0m
 [38m             --> call fill_up_dn_grad[0m
 [38m             --> call tracer_gradient_elements[0m
 [37m         --> call adv_tracers_ale[0m
 [37m         --> call diff_tracers_ale[0m
 [37m         --> call relax_to_clim[0m
 [36m     --> call update_thickness_ale[0m
 [36m     --> call write_step_info[0m
 [36m     --> call check_blowup[0m
 [34m --> call compute_diagnostics(1)[0m
 [34m --> call output (n)[0m
 [34m --> call compute_vel_nodes[0m
 [34m --> call oce_timestep_ale[0m
 [36m     --> call pressure_bv[0m
 [36m     --> call pressure_force_4_...[0m
 [36m     --> call oce_mixing_PP[0m
 [36m     --> call compute_vel_rhs[0m
 [36m     --> call viscosity_filter[0m
 [37m         --> call visc_filt_bcksct[0m
 [36m     --> call impl_vert_visc_ale[0m
 [36m     --> call compute_ssh_rhs_ale[0m
 [36m     --> call update_vel[0m
 [36m     --> call compute_hbar_ale[0m
 [36m     --> call fer_solve_Gamma[0m
 [36m     --> call vert_vel_ale[0m
 [36m     --> call solve_tracers_ale[0m
 [37m         --> call init_tracers_AB[0m
 [38m             --> call tracer_gradient_elements[0m
 [38m             --> call tracer_gradient_z[0m
 [38m             --> call fill_up_dn_grad[0m
 [38m             --> call tracer_gradient_elements[0m
 [37m         --> call adv_tracers_ale[0m
 [37m         --> call diff_tracers_ale[0m
 [37m         --> call relax_to_clim[0m
 [37m         --> call init_tracers_AB[0m
 [38m             --> call tracer_gradient_elements[0m
 [38m             --> call tracer_gradient_z[0m
 [38m             --> call fill_up_dn_grad[0m
 [38m             --> call tracer_gradient_elements[0m
 [37m         --> call adv_tracers_ale[0m
 [37m         --> call diff_tracers_ale[0m
 [37m         --> call relax_to_clim[0m
 [36m     --> call update_thickness_ale[0m
 [36m     --> call write_step_info[0m
 [36m     --> call check_blowup[0m
 [34m --> call compute_diagnostics(1)[0m
 [34m --> call output (n)[0m
 [34m --> call compute_vel_nodes[0m
 [34m --> call oce_timestep_ale[0m
 [36m     --> call pressure_bv[0m
 [36m     --> call pressure_force_4_...[0m
 [36m     --> call oce_mixing_PP[0m
 [36m     --> call compute_vel_rhs[0m
 [36m     --> call viscosity_filter[0m
 [37m         --> call visc_filt_bcksct[0m
 [36m     --> call impl_vert_visc_ale[0m
 [36m     --> call compute_ssh_rhs_ale[0m
 [36m     --> call update_vel[0m
 [36m     --> call compute_hbar_ale[0m
 [36m     --> call fer_solve_Gamma[0m
 [36m     --> call vert_vel_ale[0m
 [36m     --> call solve_tracers_ale[0m
 [37m         --> call init_tracers_AB[0m
 [38m             --> call tracer_gradient_elements[0m
 [38m             --> call tracer_gradient_z[0m
 [38m             --> call fill_up_dn_grad[0m
 [38m             --> call tracer_gradient_elements[0m
 [37m         --> call adv_tracers_ale[0m
 [37m         --> call diff_tracers_ale[0m
 [37m         --> call relax_to_clim[0m
 [37m         --> call init_tracers_AB[0m
 [38m             --> call tracer_gradient_elements[0m
 [38m             --> call tracer_gradient_z[0m
 [38m             --> call fill_up_dn_grad[0m
 [38m             --> call tracer_gradient_elements[0m
 [37m         --> call adv_tracers_ale[0m
 [37m         --> call diff_tracers_ale[0m
 [37m         --> call relax_to_clim[0m
 [36m     --> call update_thickness_ale[0m
 [36m     --> call write_step_info[0m
 [36m     --> call check_blowup[0m
 [34m --> call compute_diagnostics(1)[0m
 [34m --> call output (n)[0m
 [34m --> call compute_vel_nodes[0m
 [34m --> call oce_timestep_ale[0m
 [36m     --> call pressure_bv[0m
 [36m     --> call pressure_force_4_...[0m
 [36m     --> call oce_mixing_PP[0m
 [36m     --> call compute_vel_rhs[0m
 [36m     --> call viscosity_filter[0m
 [37m         --> call visc_filt_bcksct[0m
 [36m     --> call impl_vert_visc_ale[0m
 [36m     --> call compute_ssh_rhs_ale[0m
 [36m     --> call update_vel[0m
 [36m     --> call compute_hbar_ale[0m
 [36m     --> call fer_solve_Gamma[0m
 [36m     --> call vert_vel_ale[0m
 [36m     --> call solve_tracers_ale[0m
 [37m         --> call init_tracers_AB[0m
 [38m             --> call tracer_gradient_elements[0m
 [38m             --> call tracer_gradient_z[0m
 [38m             --> call fill_up_dn_grad[0m
 [38m             --> call tracer_gradient_elements[0m
 [37m         --> call adv_tracers_ale[0m
 [37m         --> call diff_tracers_ale[0m
 [37m         --> call relax_to_clim[0m
 [37m         --> call init_tracers_AB[0m
 [38m             --> call tracer_gradient_elements[0m
 [38m             --> call tracer_gradient_z[0m
 [38m             --> call fill_up_dn_grad[0m
 [38m             --> call tracer_gradient_elements[0m
 [37m         --> call adv_tracers_ale[0m
 [37m         --> call diff_tracers_ale[0m
 [37m         --> call relax_to_clim[0m
 [36m     --> call update_thickness_ale[0m
 [36m     --> call write_step_info[0m
 [36m     --> call check_blowup[0m
 [34m --> call compute_diagnostics(1)[0m
 [34m --> call output (n)[0m
 [34m --> call compute_vel_nodes[0m
 [34m --> call oce_timestep_ale[0m
 [36m     --> call pressure_bv[0m
 [36m     --> call pressure_force_4_...[0m
 [36m     --> call oce_mixing_PP[0m
 [36m     --> call compute_vel_rhs[0m
 [36m     --> call viscosity_filter[0m
 [37m         --> call visc_filt_bcksct[0m
 [36m     --> call impl_vert_visc_ale[0m
 [36m     --> call compute_ssh_rhs_ale[0m
 [36m     --> call update_vel[0m
 [36m     --> call compute_hbar_ale[0m
 [36m     --> call fer_solve_Gamma[0m
 [36m     --> call vert_vel_ale[0m
 [36m     --> call solve_tracers_ale[0m
 [37m         --> call init_tracers_AB[0m
 [38m             --> call tracer_gradient_elements[0m
 [38m             --> call tracer_gradient_z[0m
 [38m             --> call fill_up_dn_grad[0m
 [38m             --> call tracer_gradient_elements[0m
 [37m         --> call adv_tracers_ale[0m
 [37m         --> call diff_tracers_ale[0m
 [37m         --> call relax_to_clim[0m
 [37m         --> call init_tracers_AB[0m
 [38m             --> call tracer_gradient_elements[0m
 [38m             --> call tracer_gradient_z[0m
 [38m             --> call fill_up_dn_grad[0m
 [38m             --> call tracer_gradient_elements[0m
 [37m         --> call adv_tracers_ale[0m
 [37m         --> call diff_tracers_ale[0m
 [37m         --> call relax_to_clim[0m
 [36m     --> call update_thickness_ale[0m
 [36m     --> call write_step_info[0m
 [36m     --> call check_blowup[0m
 [34m --> call compute_diagnostics(1)[0m
 [34m --> call output (n)[0m
 [34m --> call compute_vel_nodes[0m
 [34m --> call oce_timestep_ale[0m
 [36m     --> call pressure_bv[0m
 [36m     --> call pressure_force_4_...[0m
 [36m     --> call oce_mixing_PP[0m
 [36m     --> call compute_vel_rhs[0m
 [36m     --> call viscosity_filter[0m
 [37m         --> call visc_filt_bcksct[0m
 [36m     --> call impl_vert_visc_ale[0m
 [36m     --> call compute_ssh_rhs_ale[0m
 [36m     --> call update_vel[0m
 [36m     --> call compute_hbar_ale[0m
 [36m     --> call fer_solve_Gamma[0m
 [36m     --> call vert_vel_ale[0m
 [36m     --> call solve_tracers_ale[0m
 [37m         --> call init_tracers_AB[0m
 [38m             --> call tracer_gradient_elements[0m
 [38m             --> call tracer_gradient_z[0m
 [38m             --> call fill_up_dn_grad[0m
 [38m             --> call tracer_gradient_elements[0m
 [37m         --> call adv_tracers_ale[0m
 [37m         --> call diff_tracers_ale[0m
 [37m         --> call relax_to_clim[0m
 [37m         --> call init_tracers_AB[0m
 [38m             --> call tracer_gradient_elements[0m
 [38m             --> call tracer_gradient_z[0m
 [38m             --> call fill_up_dn_grad[0m
 [38m             --> call tracer_gradient_elements[0m
 [37m         --> call adv_tracers_ale[0m
 [37m         --> call diff_tracers_ale[0m
 [37m         --> call relax_to_clim[0m
 [36m     --> call update_thickness_ale[0m
 [36m     --> call write_step_info[0m
 [36m     --> call check_blowup[0m
 [34m --> call compute_diagnostics(1)[0m
 [34m --> call output (n)[0m
 [34m --> call compute_vel_nodes[0m
 [34m --> call oce_timestep_ale[0m
 [36m     --> call pressure_bv[0m
 [36m     --> call pressure_force_4_...[0m
 [36m     --> call oce_mixing_PP[0m
 [36m     --> call compute_vel_rhs[0m
 [36m     --> call viscosity_filter[0m
 [37m         --> call visc_filt_bcksct[0m
 [36m     --> call impl_vert_visc_ale[0m
 [36m     --> call compute_ssh_rhs_ale[0m
 [36m     --> call update_vel[0m
 [36m     --> call compute_hbar_ale[0m
 [36m     --> call fer_solve_Gamma[0m
 [36m     --> call vert_vel_ale[0m
 [36m     --> call solve_tracers_ale[0m
 [37m         --> call init_tracers_AB[0m
 [38m             --> call tracer_gradient_elements[0m
 [38m             --> call tracer_gradient_z[0m
 [38m             --> call fill_up_dn_grad[0m
 [38m             --> call tracer_gradient_elements[0m
 [37m         --> call adv_tracers_ale[0m
 [37m         --> call diff_tracers_ale[0m
 [37m         --> call relax_to_clim[0m
 [37m         --> call init_tracers_AB[0m
 [38m             --> call tracer_gradient_elements[0m
 [38m             --> call tracer_gradient_z[0m
 [38m             --> call fill_up_dn_grad[0m
 [38m             --> call tracer_gradient_elements[0m
 [37m         --> call adv_tracers_ale[0m
 [37m         --> call diff_tracers_ale[0m
 [37m         --> call relax_to_clim[0m
 [36m     --> call update_thickness_ale[0m
 [36m     --> call write_step_info[0m
 [36m     --> call check_blowup[0m
 [34m --> call compute_diagnostics(1)[0m
 [34m --> call output (n)[0m
 [34m --> call compute_vel_nodes[0m
 [34m --> call oce_timestep_ale[0m
 [36m     --> call pressure_bv[0m
 [36m     --> call pressure_force_4_...[0m
 [36m     --> call oce_mixing_PP[0m
 [36m     --> call compute_vel_rhs[0m
 [36m     --> call viscosity_filter[0m
 [37m         --> call visc_filt_bcksct[0m
 [36m     --> call impl_vert_visc_ale[0m
 [36m     --> call compute_ssh_rhs_ale[0m
 [36m     --> call update_vel[0m
 [36m     --> call compute_hbar_ale[0m
 [36m     --> call fer_solve_Gamma[0m
 [36m     --> call vert_vel_ale[0m
 [36m     --> call solve_tracers_ale[0m
 [37m         --> call init_tracers_AB[0m
 [38m             --> call tracer_gradient_elements[0m
 [38m             --> call tracer_gradient_z[0m
 [38m             --> call fill_up_dn_grad[0m
 [38m             --> call tracer_gradient_elements[0m
 [37m         --> call adv_tracers_ale[0m
 [37m         --> call diff_tracers_ale[0m
 [37m         --> call relax_to_clim[0m
 [37m         --> call init_tracers_AB[0m
 [38m             --> call tracer_gradient_elements[0m
 [38m             --> call tracer_gradient_z[0m
 [38m             --> call fill_up_dn_grad[0m
 [38m             --> call tracer_gradient_elements[0m
 [37m         --> call adv_tracers_ale[0m
 [37m         --> call diff_tracers_ale[0m
 [37m         --> call relax_to_clim[0m
 [36m     --> call update_thickness_ale[0m
 [36m     --> call write_step_info[0m
 [36m     --> call check_blowup[0m
 [34m --> call compute_diagnostics(1)[0m
 [34m --> call output (n)[0m
 [34m --> call compute_vel_nodes[0m
 [34m --> call oce_timestep_ale[0m
 [36m     --> call pressure_bv[0m
 [36m     --> call pressure_force_4_...[0m
 [36m     --> call oce_mixing_PP[0m
 [36m     --> call compute_vel_rhs[0m
 [36m     --> call viscosity_filter[0m
 [37m         --> call visc_filt_bcksct[0m
 [36m     --> call impl_vert_visc_ale[0m
 [36m     --> call compute_ssh_rhs_ale[0m
 [36m     --> call update_vel[0m
 [36m     --> call compute_hbar_ale[0m
 [36m     --> call fer_solve_Gamma[0m
 [36m     --> call vert_vel_ale[0m
 [36m     --> call solve_tracers_ale[0m
 [37m         --> call init_tracers_AB[0m
 [38m             --> call tracer_gradient_elements[0m
 [38m             --> call tracer_gradient_z[0m
 [38m             --> call fill_up_dn_grad[0m
 [38m             --> call tracer_gradient_elements[0m
 [37m         --> call adv_tracers_ale[0m
 [37m         --> call diff_tracers_ale[0m
 [37m         --> call relax_to_clim[0m
 [37m         --> call init_tracers_AB[0m
 [38m             --> call tracer_gradient_elements[0m
 [38m             --> call tracer_gradient_z[0m
 [38m             --> call fill_up_dn_grad[0m
 [38m             --> call tracer_gradient_elements[0m
 [37m         --> call adv_tracers_ale[0m
 [37m         --> call diff_tracers_ale[0m
 [37m         --> call relax_to_clim[0m
 [36m     --> call update_thickness_ale[0m
 [36m     --> call write_step_info[0m
 [36m     --> call check_blowup[0m
 [34m --> call compute_diagnostics(1)[0m
 [34m --> call output (n)[0m
 [34m --> call compute_vel_nodes[0m
 [34m --> call oce_timestep_ale[0m
 [36m     --> call pressure_bv[0m
 [36m     --> call pressure_force_4_...[0m
 [36m     --> call oce_mixing_PP[0m
 [36m     --> call compute_vel_rhs[0m
 [36m     --> call viscosity_filter[0m
 [37m         --> call visc_filt_bcksct[0m
 [36m     --> call impl_vert_visc_ale[0m
 [36m     --> call compute_ssh_rhs_ale[0m
 [36m     --> call update_vel[0m
 [36m     --> call compute_hbar_ale[0m
 [36m     --> call fer_solve_Gamma[0m
 [36m     --> call vert_vel_ale[0m
 [36m     --> call solve_tracers_ale[0m
 [37m         --> call init_tracers_AB[0m
 [38m             --> call tracer_gradient_elements[0m
 [38m             --> call tracer_gradient_z[0m
 [38m             --> call fill_up_dn_grad[0m
 [38m             --> call tracer_gradient_elements[0m
 [37m         --> call adv_tracers_ale[0m
 [37m         --> call diff_tracers_ale[0m
 [37m         --> call relax_to_clim[0m
 [37m         --> call init_tracers_AB[0m
 [38m             --> call tracer_gradient_elements[0m
 [38m             --> call tracer_gradient_z[0m
 [38m             --> call fill_up_dn_grad[0m
 [38m             --> call tracer_gradient_elements[0m
 [37m         --> call adv_tracers_ale[0m
 [37m         --> call diff_tracers_ale[0m
 [37m         --> call relax_to_clim[0m
 [36m     --> call update_thickness_ale[0m
 [36m     --> call write_step_info[0m
 [36m     --> call check_blowup[0m
 [34m --> call compute_diagnostics(1)[0m
 [34m --> call output (n)[0m
 [34m --> call compute_vel_nodes[0m
 [34m --> call oce_timestep_ale[0m
 [36m     --> call pressure_bv[0m
 [36m     --> call pressure_force_4_...[0m
 [36m     --> call oce_mixing_PP[0m
 [36m     --> call compute_vel_rhs[0m
 [36m     --> call viscosity_filter[0m
 [37m         --> call visc_filt_bcksct[0m
 [36m     --> call impl_vert_visc_ale[0m
 [36m     --> call compute_ssh_rhs_ale[0m
 [36m     --> call update_vel[0m
 [36m     --> call compute_hbar_ale[0m
 [36m     --> call fer_solve_Gamma[0m
 [36m     --> call vert_vel_ale[0m
 [36m     --> call solve_tracers_ale[0m
 [37m         --> call init_tracers_AB[0m
 [38m             --> call tracer_gradient_elements[0m
 [38m             --> call tracer_gradient_z[0m
 [38m             --> call fill_up_dn_grad[0m
 [38m             --> call tracer_gradient_elements[0m
 [37m         --> call adv_tracers_ale[0m
 [37m         --> call diff_tracers_ale[0m
 [37m         --> call relax_to_clim[0m
 [37m         --> call init_tracers_AB[0m
 [38m             --> call tracer_gradient_elements[0m
 [38m             --> call tracer_gradient_z[0m
 [38m             --> call fill_up_dn_grad[0m
 [38m             --> call tracer_gradient_elements[0m
 [37m         --> call adv_tracers_ale[0m
 [37m         --> call diff_tracers_ale[0m
 [37m         --> call relax_to_clim[0m
 [36m     --> call update_thickness_ale[0m
 [36m     --> call write_step_info[0m
 [36m     --> call check_blowup[0m
 [34m --> call compute_diagnostics(1)[0m
 [34m --> call output (n)[0m
 [34m --> call compute_vel_nodes[0m
 [34m --> call oce_timestep_ale[0m
 [36m     --> call pressure_bv[0m
 [36m     --> call pressure_force_4_...[0m
 [36m     --> call oce_mixing_PP[0m
 [36m     --> call compute_vel_rhs[0m
 [36m     --> call viscosity_filter[0m
 [37m         --> call visc_filt_bcksct[0m
 [36m     --> call impl_vert_visc_ale[0m
 [36m     --> call compute_ssh_rhs_ale[0m
 [36m     --> call update_vel[0m
 [36m     --> call compute_hbar_ale[0m
 [36m     --> call fer_solve_Gamma[0m
 [36m     --> call vert_vel_ale[0m
 [36m     --> call solve_tracers_ale[0m
 [37m         --> call init_tracers_AB[0m
 [38m             --> call tracer_gradient_elements[0m
 [38m             --> call tracer_gradient_z[0m
 [38m             --> call fill_up_dn_grad[0m
 [38m             --> call tracer_gradient_elements[0m
 [37m         --> call adv_tracers_ale[0m
 [37m         --> call diff_tracers_ale[0m
 [37m         --> call relax_to_clim[0m
 [37m         --> call init_tracers_AB[0m
 [38m             --> call tracer_gradient_elements[0m
 [38m             --> call tracer_gradient_z[0m
 [38m             --> call fill_up_dn_grad[0m
 [38m             --> call tracer_gradient_elements[0m
 [37m         --> call adv_tracers_ale[0m
 [37m         --> call diff_tracers_ale[0m
 [37m         --> call relax_to_clim[0m
 [36m     --> call update_thickness_ale[0m
 [36m     --> call write_step_info[0m
 [36m     --> call check_blowup[0m
 [34m --> call compute_diagnostics(1)[0m
 [34m --> call output (n)[0m
 [34m --> call compute_vel_nodes[0m
 [34m --> call oce_timestep_ale[0m
 [36m     --> call pressure_bv[0m
 [36m     --> call pressure_force_4_...[0m
 [36m     --> call oce_mixing_PP[0m
 [36m     --> call compute_vel_rhs[0m
 [36m     --> call viscosity_filter[0m
 [37m         --> call visc_filt_bcksct[0m
 [36m     --> call impl_vert_visc_ale[0m
 [36m     --> call compute_ssh_rhs_ale[0m
 [36m     --> call update_vel[0m
 [36m     --> call compute_hbar_ale[0m
 [36m     --> call fer_solve_Gamma[0m
 [36m     --> call vert_vel_ale[0m
 [36m     --> call solve_tracers_ale[0m
 [37m         --> call init_tracers_AB[0m
 [38m             --> call tracer_gradient_elements[0m
 [38m             --> call tracer_gradient_z[0m
 [38m             --> call fill_up_dn_grad[0m
 [38m             --> call tracer_gradient_elements[0m
 [37m         --> call adv_tracers_ale[0m
 [37m         --> call diff_tracers_ale[0m
 [37m         --> call relax_to_clim[0m
 [37m         --> call init_tracers_AB[0m
 [38m             --> call tracer_gradient_elements[0m
 [38m             --> call tracer_gradient_z[0m
 [38m             --> call fill_up_dn_grad[0m
 [38m             --> call tracer_gradient_elements[0m
 [37m         --> call adv_tracers_ale[0m
 [37m         --> call diff_tracers_ale[0m
 [37m         --> call relax_to_clim[0m
 [36m     --> call update_thickness_ale[0m
 [36m     --> call write_step_info[0m
 [36m     --> call check_blowup[0m
 [34m --> call compute_diagnostics(1)[0m
 [34m --> call output (n)[0m
 [34m --> call compute_vel_nodes[0m
 [34m --> call oce_timestep_ale[0m
 [36m     --> call pressure_bv[0m
 [36m     --> call pressure_force_4_...[0m
 [36m     --> call oce_mixing_PP[0m
 [36m     --> call compute_vel_rhs[0m
 [36m     --> call viscosity_filter[0m
 [37m         --> call visc_filt_bcksct[0m
 [36m     --> call impl_vert_visc_ale[0m
 [36m     --> call compute_ssh_rhs_ale[0m
 [36m     --> call update_vel[0m
 [36m     --> call compute_hbar_ale[0m
 [36m     --> call fer_solve_Gamma[0m
 [36m     --> call vert_vel_ale[0m
 [36m     --> call solve_tracers_ale[0m
 [37m         --> call init_tracers_AB[0m
 [38m             --> call tracer_gradient_elements[0m
 [38m             --> call tracer_gradient_z[0m
 [38m             --> call fill_up_dn_grad[0m
 [38m             --> call tracer_gradient_elements[0m
 [37m         --> call adv_tracers_ale[0m
 [37m         --> call diff_tracers_ale[0m
 [37m         --> call relax_to_clim[0m
 [37m         --> call init_tracers_AB[0m
 [38m             --> call tracer_gradient_elements[0m
 [38m             --> call tracer_gradient_z[0m
 [38m             --> call fill_up_dn_grad[0m
 [38m             --> call tracer_gradient_elements[0m
 [37m         --> call adv_tracers_ale[0m
 [37m         --> call diff_tracers_ale[0m
 [37m         --> call relax_to_clim[0m
 [36m     --> call update_thickness_ale[0m
 [36m     --> call write_step_info[0m
 [36m     --> call check_blowup[0m
 [34m --> call compute_diagnostics(1)[0m
 [34m --> call output (n)[0m
 [34m --> call compute_vel_nodes[0m
 [34m --> call oce_timestep_ale[0m
 [36m     --> call pressure_bv[0m
 [36m     --> call pressure_force_4_...[0m
 [36m     --> call oce_mixing_PP[0m
 [36m     --> call compute_vel_rhs[0m
 [36m     --> call viscosity_filter[0m
 [37m         --> call visc_filt_bcksct[0m
 [36m     --> call impl_vert_visc_ale[0m
 [36m     --> call compute_ssh_rhs_ale[0m
 [36m     --> call update_vel[0m
 [36m     --> call compute_hbar_ale[0m
 [36m     --> call fer_solve_Gamma[0m
 [36m     --> call vert_vel_ale[0m
 [36m     --> call solve_tracers_ale[0m
 [37m         --> call init_tracers_AB[0m
 [38m             --> call tracer_gradient_elements[0m
 [38m             --> call tracer_gradient_z[0m
 [38m             --> call fill_up_dn_grad[0m
 [38m             --> call tracer_gradient_elements[0m
 [37m         --> call adv_tracers_ale[0m
 [37m         --> call diff_tracers_ale[0m
 [37m         --> call relax_to_clim[0m
 [37m         --> call init_tracers_AB[0m
 [38m             --> call tracer_gradient_elements[0m
 [38m             --> call tracer_gradient_z[0m
 [38m             --> call fill_up_dn_grad[0m
 [38m             --> call tracer_gradient_elements[0m
 [37m         --> call adv_tracers_ale[0m
 [37m         --> call diff_tracers_ale[0m
 [37m         --> call relax_to_clim[0m
 [36m     --> call update_thickness_ale[0m
 [36m     --> call write_step_info[0m
 [36m     --> call check_blowup[0m
 [34m --> call compute_diagnostics(1)[0m
 [34m --> call output (n)[0m
 [34m --> call compute_vel_nodes[0m
 [34m --> call oce_timestep_ale[0m
 [36m     --> call pressure_bv[0m
 [36m     --> call pressure_force_4_...[0m
 [36m     --> call oce_mixing_PP[0m
 [36m     --> call compute_vel_rhs[0m
 [36m     --> call viscosity_filter[0m
 [37m         --> call visc_filt_bcksct[0m
 [36m     --> call impl_vert_visc_ale[0m
 [36m     --> call compute_ssh_rhs_ale[0m
 [36m     --> call update_vel[0m
 [36m     --> call compute_hbar_ale[0m
 [36m     --> call fer_solve_Gamma[0m
 [36m     --> call vert_vel_ale[0m
 [36m     --> call solve_tracers_ale[0m
 [37m         --> call init_tracers_AB[0m
 [38m             --> call tracer_gradient_elements[0m
 [38m             --> call tracer_gradient_z[0m
 [38m             --> call fill_up_dn_grad[0m
 [38m             --> call tracer_gradient_elements[0m
 [37m         --> call adv_tracers_ale[0m
 [37m         --> call diff_tracers_ale[0m
 [37m         --> call relax_to_clim[0m
 [37m         --> call init_tracers_AB[0m
 [38m             --> call tracer_gradient_elements[0m
 [38m             --> call tracer_gradient_z[0m
 [38m             --> call fill_up_dn_grad[0m
 [38m             --> call tracer_gradient_elements[0m
 [37m         --> call adv_tracers_ale[0m
 [37m         --> call diff_tracers_ale[0m
 [37m         --> call relax_to_clim[0m
 [36m     --> call update_thickness_ale[0m
 [36m     --> call write_step_info[0m
 [36m     --> call check_blowup[0m
 [34m --> call compute_diagnostics(1)[0m
 [34m --> call output (n)[0m
 [34m --> call compute_vel_nodes[0m
 [34m --> call oce_timestep_ale[0m
 [36m     --> call pressure_bv[0m
 [36m     --> call pressure_force_4_...[0m
 [36m     --> call oce_mixing_PP[0m
 [36m     --> call compute_vel_rhs[0m
 [36m     --> call viscosity_filter[0m
 [37m         --> call visc_filt_bcksct[0m
 [36m     --> call impl_vert_visc_ale[0m
 [36m     --> call compute_ssh_rhs_ale[0m
 [36m     --> call update_vel[0m
 [36m     --> call compute_hbar_ale[0m
 [36m     --> call fer_solve_Gamma[0m
 [36m     --> call vert_vel_ale[0m
 [36m     --> call solve_tracers_ale[0m
 [37m         --> call init_tracers_AB[0m
 [38m             --> call tracer_gradient_elements[0m
 [38m             --> call tracer_gradient_z[0m
 [38m             --> call fill_up_dn_grad[0m
 [38m             --> call tracer_gradient_elements[0m
 [37m         --> call adv_tracers_ale[0m
 [37m         --> call diff_tracers_ale[0m
 [37m         --> call relax_to_clim[0m
 [37m         --> call init_tracers_AB[0m
 [38m             --> call tracer_gradient_elements[0m
 [38m             --> call tracer_gradient_z[0m
 [38m             --> call fill_up_dn_grad[0m
 [38m             --> call tracer_gradient_elements[0m
 [37m         --> call adv_tracers_ale[0m
 [37m         --> call diff_tracers_ale[0m
 [37m         --> call relax_to_clim[0m
 [36m     --> call update_thickness_ale[0m
 [36m     --> call write_step_info[0m
 [36m     --> call check_blowup[0m
 [34m --> call compute_diagnostics(1)[0m
 [34m --> call output (n)[0m
 [34m --> call compute_vel_nodes[0m
 [34m --> call oce_timestep_ale[0m
 [36m     --> call pressure_bv[0m
 [36m     --> call pressure_force_4_...[0m
 [36m     --> call oce_mixing_PP[0m
 [36m     --> call compute_vel_rhs[0m
 [36m     --> call viscosity_filter[0m
 [37m         --> call visc_filt_bcksct[0m
 [36m     --> call impl_vert_visc_ale[0m
 [36m     --> call compute_ssh_rhs_ale[0m
 [36m     --> call update_vel[0m
 [36m     --> call compute_hbar_ale[0m
 [36m     --> call fer_solve_Gamma[0m
 [36m     --> call vert_vel_ale[0m
 [36m     --> call solve_tracers_ale[0m
 [37m         --> call init_tracers_AB[0m
 [38m             --> call tracer_gradient_elements[0m
 [38m             --> call tracer_gradient_z[0m
 [38m             --> call fill_up_dn_grad[0m
 [38m             --> call tracer_gradient_elements[0m
 [37m         --> call adv_tracers_ale[0m
 [37m         --> call diff_tracers_ale[0m
 [37m         --> call relax_to_clim[0m
 [37m         --> call init_tracers_AB[0m
 [38m             --> call tracer_gradient_elements[0m
 [38m             --> call tracer_gradient_z[0m
 [38m             --> call fill_up_dn_grad[0m
 [38m             --> call tracer_gradient_elements[0m
 [37m         --> call adv_tracers_ale[0m
 [37m         --> call diff_tracers_ale[0m
 [37m         --> call relax_to_clim[0m
 [36m     --> call update_thickness_ale[0m
 [36m     --> call write_step_info[0m
 [36m     --> call check_blowup[0m
 [34m --> call compute_diagnostics(1)[0m
 [34m --> call output (n)[0m
 [34m --> call compute_vel_nodes[0m
 [34m --> call oce_timestep_ale[0m
 [36m     --> call pressure_bv[0m
 [36m     --> call pressure_force_4_...[0m
 [36m     --> call oce_mixing_PP[0m
 [36m     --> call compute_vel_rhs[0m
 [36m     --> call viscosity_filter[0m
 [37m         --> call visc_filt_bcksct[0m
 [36m     --> call impl_vert_visc_ale[0m
 [36m     --> call compute_ssh_rhs_ale[0m
 [36m     --> call update_vel[0m
 [36m     --> call compute_hbar_ale[0m
 [36m     --> call fer_solve_Gamma[0m
 [36m     --> call vert_vel_ale[0m
 [36m     --> call solve_tracers_ale[0m
 [37m         --> call init_tracers_AB[0m
 [38m             --> call tracer_gradient_elements[0m
 [38m             --> call tracer_gradient_z[0m
 [38m             --> call fill_up_dn_grad[0m
 [38m             --> call tracer_gradient_elements[0m
 [37m         --> call adv_tracers_ale[0m
 [37m         --> call diff_tracers_ale[0m
 [37m         --> call relax_to_clim[0m
 [37m         --> call init_tracers_AB[0m
 [38m             --> call tracer_gradient_elements[0m
 [38m             --> call tracer_gradient_z[0m
 [38m             --> call fill_up_dn_grad[0m
 [38m             --> call tracer_gradient_elements[0m
 [37m         --> call adv_tracers_ale[0m
 [37m         --> call diff_tracers_ale[0m
 [37m         --> call relax_to_clim[0m
 [36m     --> call update_thickness_ale[0m
 [36m     --> call write_step_info[0m
 [36m     --> call check_blowup[0m
 [34m --> call compute_diagnostics(1)[0m
 [34m --> call output (n)[0m
 [34m --> call compute_vel_nodes[0m
 [34m --> call oce_timestep_ale[0m
 [36m     --> call pressure_bv[0m
 [36m     --> call pressure_force_4_...[0m
 [36m     --> call oce_mixing_PP[0m
 [36m     --> call compute_vel_rhs[0m
 [36m     --> call viscosity_filter[0m
 [37m         --> call visc_filt_bcksct[0m
 [36m     --> call impl_vert_visc_ale[0m
 [36m     --> call compute_ssh_rhs_ale[0m
 [36m     --> call update_vel[0m
 [36m     --> call compute_hbar_ale[0m
 [36m     --> call fer_solve_Gamma[0m
 [36m     --> call vert_vel_ale[0m
 [36m     --> call solve_tracers_ale[0m
 [37m         --> call init_tracers_AB[0m
 [38m             --> call tracer_gradient_elements[0m
 [38m             --> call tracer_gradient_z[0m
 [38m             --> call fill_up_dn_grad[0m
 [38m             --> call tracer_gradient_elements[0m
 [37m         --> call adv_tracers_ale[0m
 [37m         --> call diff_tracers_ale[0m
 [37m         --> call relax_to_clim[0m
 [37m         --> call init_tracers_AB[0m
 [38m             --> call tracer_gradient_elements[0m
 [38m             --> call tracer_gradient_z[0m
 [38m             --> call fill_up_dn_grad[0m
 [38m             --> call tracer_gradient_elements[0m
 [37m         --> call adv_tracers_ale[0m
 [37m         --> call diff_tracers_ale[0m
 [37m         --> call relax_to_clim[0m
 [36m     --> call update_thickness_ale[0m
 [36m     --> call write_step_info[0m
 [36m     --> call check_blowup[0m
 [34m --> call compute_diagnostics(1)[0m
 [34m --> call output (n)[0m
 [34m --> call compute_vel_nodes[0m
 [34m --> call oce_timestep_ale[0m
 [36m     --> call pressure_bv[0m
 [36m     --> call pressure_force_4_...[0m
 [36m     --> call oce_mixing_PP[0m
 [36m     --> call compute_vel_rhs[0m
 [36m     --> call viscosity_filter[0m
 [37m         --> call visc_filt_bcksct[0m
 [36m     --> call impl_vert_visc_ale[0m
 [36m     --> call compute_ssh_rhs_ale[0m
 [36m     --> call update_vel[0m
 [36m     --> call compute_hbar_ale[0m
 [36m     --> call fer_solve_Gamma[0m
 [36m     --> call vert_vel_ale[0m
 [36m     --> call solve_tracers_ale[0m
 [37m         --> call init_tracers_AB[0m
 [38m             --> call tracer_gradient_elements[0m
 [38m             --> call tracer_gradient_z[0m
 [38m             --> call fill_up_dn_grad[0m
 [38m             --> call tracer_gradient_elements[0m
 [37m         --> call adv_tracers_ale[0m
 [37m         --> call diff_tracers_ale[0m
 [37m         --> call relax_to_clim[0m
 [37m         --> call init_tracers_AB[0m
 [38m             --> call tracer_gradient_elements[0m
 [38m             --> call tracer_gradient_z[0m
 [38m             --> call fill_up_dn_grad[0m
 [38m             --> call tracer_gradient_elements[0m
 [37m         --> call adv_tracers_ale[0m
 [37m         --> call diff_tracers_ale[0m
 [37m         --> call relax_to_clim[0m
 [36m     --> call update_thickness_ale[0m
 [36m     --> call write_step_info[0m
 [36m     --> call check_blowup[0m
 [34m --> call compute_diagnostics(1)[0m
 [34m --> call output (n)[0m
 [34m --> call compute_vel_nodes[0m
 [34m --> call oce_timestep_ale[0m
 [36m     --> call pressure_bv[0m
 [36m     --> call pressure_force_4_...[0m
 [36m     --> call oce_mixing_PP[0m
 [36m     --> call compute_vel_rhs[0m
 [36m     --> call viscosity_filter[0m
 [37m         --> call visc_filt_bcksct[0m
 [36m     --> call impl_vert_visc_ale[0m
 [36m     --> call compute_ssh_rhs_ale[0m
 [36m     --> call update_vel[0m
 [36m     --> call compute_hbar_ale[0m
 [36m     --> call fer_solve_Gamma[0m
 [36m     --> call vert_vel_ale[0m
 [36m     --> call solve_tracers_ale[0m
 [37m         --> call init_tracers_AB[0m
 [38m             --> call tracer_gradient_elements[0m
 [38m             --> call tracer_gradient_z[0m
 [38m             --> call fill_up_dn_grad[0m
 [38m             --> call tracer_gradient_elements[0m
 [37m         --> call adv_tracers_ale[0m
 [37m         --> call diff_tracers_ale[0m
 [37m         --> call relax_to_clim[0m
 [37m         --> call init_tracers_AB[0m
 [38m             --> call tracer_gradient_elements[0m
 [38m             --> call tracer_gradient_z[0m
 [38m             --> call fill_up_dn_grad[0m
 [38m             --> call tracer_gradient_elements[0m
 [37m         --> call adv_tracers_ale[0m
 [37m         --> call diff_tracers_ale[0m
 [37m         --> call relax_to_clim[0m
 [36m     --> call update_thickness_ale[0m
 [36m     --> call write_step_info[0m
 [36m     --> call check_blowup[0m
 [34m --> call compute_diagnostics(1)[0m
 [34m --> call output (n)[0m
 [34m --> call compute_vel_nodes[0m
 [34m --> call oce_timestep_ale[0m
 [36m     --> call pressure_bv[0m
 [36m     --> call pressure_force_4_...[0m
 [36m     --> call oce_mixing_PP[0m
 [36m     --> call compute_vel_rhs[0m
 [36m     --> call viscosity_filter[0m
 [37m         --> call visc_filt_bcksct[0m
 [36m     --> call impl_vert_visc_ale[0m
 [36m     --> call compute_ssh_rhs_ale[0m
 [36m     --> call update_vel[0m
 [36m     --> call compute_hbar_ale[0m
 [36m     --> call fer_solve_Gamma[0m
 [36m     --> call vert_vel_ale[0m
 [36m     --> call solve_tracers_ale[0m
 [37m         --> call init_tracers_AB[0m
 [38m             --> call tracer_gradient_elements[0m
 [38m             --> call tracer_gradient_z[0m
 [38m             --> call fill_up_dn_grad[0m
 [38m             --> call tracer_gradient_elements[0m
 [37m         --> call adv_tracers_ale[0m
 [37m         --> call diff_tracers_ale[0m
 [37m         --> call relax_to_clim[0m
 [37m         --> call init_tracers_AB[0m
 [38m             --> call tracer_gradient_elements[0m
 [38m             --> call tracer_gradient_z[0m
 [38m             --> call fill_up_dn_grad[0m
 [38m             --> call tracer_gradient_elements[0m
 [37m         --> call adv_tracers_ale[0m
 [37m         --> call diff_tracers_ale[0m
 [37m         --> call relax_to_clim[0m
 [36m     --> call update_thickness_ale[0m
 [36m     --> call write_step_info[0m
 [36m     --> call check_blowup[0m
 [34m --> call compute_diagnostics(1)[0m
 [34m --> call output (n)[0m
 [34m --> call compute_vel_nodes[0m
 [34m --> call oce_timestep_ale[0m
 [36m     --> call pressure_bv[0m
 [36m     --> call pressure_force_4_...[0m
 [36m     --> call oce_mixing_PP[0m
 [36m     --> call compute_vel_rhs[0m
 [36m     --> call viscosity_filter[0m
 [37m         --> call visc_filt_bcksct[0m
 [36m     --> call impl_vert_visc_ale[0m
 [36m     --> call compute_ssh_rhs_ale[0m
 [36m     --> call update_vel[0m
 [36m     --> call compute_hbar_ale[0m
 [36m     --> call fer_solve_Gamma[0m
 [36m     --> call vert_vel_ale[0m
 [36m     --> call solve_tracers_ale[0m
 [37m         --> call init_tracers_AB[0m
 [38m             --> call tracer_gradient_elements[0m
 [38m             --> call tracer_gradient_z[0m
 [38m             --> call fill_up_dn_grad[0m
 [38m             --> call tracer_gradient_elements[0m
 [37m         --> call adv_tracers_ale[0m
 [37m         --> call diff_tracers_ale[0m
 [37m         --> call relax_to_clim[0m
 [37m         --> call init_tracers_AB[0m
 [38m             --> call tracer_gradient_elements[0m
 [38m             --> call tracer_gradient_z[0m
 [38m             --> call fill_up_dn_grad[0m
 [38m             --> call tracer_gradient_elements[0m
 [37m         --> call adv_tracers_ale[0m
 [37m         --> call diff_tracers_ale[0m
 [37m         --> call relax_to_clim[0m
 [36m     --> call update_thickness_ale[0m
 [36m     --> call write_step_info[0m
 [36m     --> call check_blowup[0m
 [34m --> call compute_diagnostics(1)[0m
 [34m --> call output (n)[0m
 [34m --> call compute_vel_nodes[0m
 [34m --> call oce_timestep_ale[0m
 [36m     --> call pressure_bv[0m
 [36m     --> call pressure_force_4_...[0m
 [36m     --> call oce_mixing_PP[0m
 [36m     --> call compute_vel_rhs[0m
 [36m     --> call viscosity_filter[0m
 [37m         --> call visc_filt_bcksct[0m
 [36m     --> call impl_vert_visc_ale[0m
 [36m     --> call compute_ssh_rhs_ale[0m
 [36m     --> call update_vel[0m
 [36m     --> call compute_hbar_ale[0m
 [36m     --> call fer_solve_Gamma[0m
 [36m     --> call vert_vel_ale[0m
 [36m     --> call solve_tracers_ale[0m
 [37m         --> call init_tracers_AB[0m
 [38m             --> call tracer_gradient_elements[0m
 [38m             --> call tracer_gradient_z[0m
 [38m             --> call fill_up_dn_grad[0m
 [38m             --> call tracer_gradient_elements[0m
 [37m         --> call adv_tracers_ale[0m
 [37m         --> call diff_tracers_ale[0m
 [37m         --> call relax_to_clim[0m
 [37m         --> call init_tracers_AB[0m
 [38m             --> call tracer_gradient_elements[0m
 [38m             --> call tracer_gradient_z[0m
 [38m             --> call fill_up_dn_grad[0m
 [38m             --> call tracer_gradient_elements[0m
 [37m         --> call adv_tracers_ale[0m
 [37m         --> call diff_tracers_ale[0m
 [37m         --> call relax_to_clim[0m
 [36m     --> call update_thickness_ale[0m
 [36m     --> call write_step_info[0m
 [36m     --> call check_blowup[0m
 [34m --> call compute_diagnostics(1)[0m
 [34m --> call output (n)[0m
 [34m --> call compute_vel_nodes[0m
 [34m --> call oce_timestep_ale[0m
 [36m     --> call pressure_bv[0m
 [36m     --> call pressure_force_4_...[0m
 [36m     --> call oce_mixing_PP[0m
 [36m     --> call compute_vel_rhs[0m
 [36m     --> call viscosity_filter[0m
 [37m         --> call visc_filt_bcksct[0m
 [36m     --> call impl_vert_visc_ale[0m
 [36m     --> call compute_ssh_rhs_ale[0m
 [36m     --> call update_vel[0m
 [36m     --> call compute_hbar_ale[0m
 [36m     --> call fer_solve_Gamma[0m
 [36m     --> call vert_vel_ale[0m
 [36m     --> call solve_tracers_ale[0m
 [37m         --> call init_tracers_AB[0m
 [38m             --> call tracer_gradient_elements[0m
 [38m             --> call tracer_gradient_z[0m
 [38m             --> call fill_up_dn_grad[0m
 [38m             --> call tracer_gradient_elements[0m
 [37m         --> call adv_tracers_ale[0m
 [37m         --> call diff_tracers_ale[0m
 [37m         --> call relax_to_clim[0m
 [37m         --> call init_tracers_AB[0m
 [38m             --> call tracer_gradient_elements[0m
 [38m             --> call tracer_gradient_z[0m
 [38m             --> call fill_up_dn_grad[0m
 [38m             --> call tracer_gradient_elements[0m
 [37m         --> call adv_tracers_ale[0m
 [37m         --> call diff_tracers_ale[0m
 [37m         --> call relax_to_clim[0m
 [36m     --> call update_thickness_ale[0m
 [36m     --> call write_step_info[0m
 [36m     --> call check_blowup[0m
 [34m --> call compute_diagnostics(1)[0m
 [34m --> call output (n)[0m
 [34m --> call compute_vel_nodes[0m
 [34m --> call oce_timestep_ale[0m
 [36m     --> call pressure_bv[0m
 [36m     --> call pressure_force_4_...[0m
 [36m     --> call oce_mixing_PP[0m
 [36m     --> call compute_vel_rhs[0m
 [36m     --> call viscosity_filter[0m
 [37m         --> call visc_filt_bcksct[0m
 [36m     --> call impl_vert_visc_ale[0m
 [36m     --> call compute_ssh_rhs_ale[0m
 [36m     --> call update_vel[0m
 [36m     --> call compute_hbar_ale[0m
 [36m     --> call fer_solve_Gamma[0m
 [36m     --> call vert_vel_ale[0m
 [36m     --> call solve_tracers_ale[0m
 [37m         --> call init_tracers_AB[0m
 [38m             --> call tracer_gradient_elements[0m
 [38m             --> call tracer_gradient_z[0m
 [38m             --> call fill_up_dn_grad[0m
 [38m             --> call tracer_gradient_elements[0m
 [37m         --> call adv_tracers_ale[0m
 [37m         --> call diff_tracers_ale[0m
 [37m         --> call relax_to_clim[0m
 [37m         --> call init_tracers_AB[0m
 [38m             --> call tracer_gradient_elements[0m
 [38m             --> call tracer_gradient_z[0m
 [38m             --> call fill_up_dn_grad[0m
 [38m             --> call tracer_gradient_elements[0m
 [37m         --> call adv_tracers_ale[0m
 [37m         --> call diff_tracers_ale[0m
 [37m         --> call relax_to_clim[0m
 [36m     --> call update_thickness_ale[0m
 [36m     --> call write_step_info[0m
 [36m     --> call check_blowup[0m
 [34m --> call compute_diagnostics(1)[0m
 [34m --> call output (n)[0m
 [34m --> call compute_vel_nodes[0m
 [34m --> call oce_timestep_ale[0m
 [36m     --> call pressure_bv[0m
 [36m     --> call pressure_force_4_...[0m
 [36m     --> call oce_mixing_PP[0m
 [36m     --> call compute_vel_rhs[0m
 [36m     --> call viscosity_filter[0m
 [37m         --> call visc_filt_bcksct[0m
 [36m     --> call impl_vert_visc_ale[0m
 [36m     --> call compute_ssh_rhs_ale[0m
 [36m     --> call update_vel[0m
 [36m     --> call compute_hbar_ale[0m
 [36m     --> call fer_solve_Gamma[0m
 [36m     --> call vert_vel_ale[0m
 [36m     --> call solve_tracers_ale[0m
 [37m         --> call init_tracers_AB[0m
 [38m             --> call tracer_gradient_elements[0m
 [38m             --> call tracer_gradient_z[0m
 [38m             --> call fill_up_dn_grad[0m
 [38m             --> call tracer_gradient_elements[0m
 [37m         --> call adv_tracers_ale[0m
 [37m         --> call diff_tracers_ale[0m
 [37m         --> call relax_to_clim[0m
 [37m         --> call init_tracers_AB[0m
 [38m             --> call tracer_gradient_elements[0m
 [38m             --> call tracer_gradient_z[0m
 [38m             --> call fill_up_dn_grad[0m
 [38m             --> call tracer_gradient_elements[0m
 [37m         --> call adv_tracers_ale[0m
 [37m         --> call diff_tracers_ale[0m
 [37m         --> call relax_to_clim[0m
 [36m     --> call update_thickness_ale[0m
 [36m     --> call write_step_info[0m
 [36m     --> call check_blowup[0m
 [34m --> call compute_diagnostics(1)[0m
 [34m --> call output (n)[0m
 [34m --> call compute_vel_nodes[0m
 [34m --> call oce_timestep_ale[0m
 [36m     --> call pressure_bv[0m
 [36m     --> call pressure_force_4_...[0m
 [36m     --> call oce_mixing_PP[0m
 [36m     --> call compute_vel_rhs[0m
 [36m     --> call viscosity_filter[0m
 [37m         --> call visc_filt_bcksct[0m
 [36m     --> call impl_vert_visc_ale[0m
 [36m     --> call compute_ssh_rhs_ale[0m
 [36m     --> call update_vel[0m
 [36m     --> call compute_hbar_ale[0m
 [36m     --> call fer_solve_Gamma[0m
 [36m     --> call vert_vel_ale[0m
 [36m     --> call solve_tracers_ale[0m
 [37m         --> call init_tracers_AB[0m
 [38m             --> call tracer_gradient_elements[0m
 [38m             --> call tracer_gradient_z[0m
 [38m             --> call fill_up_dn_grad[0m
 [38m             --> call tracer_gradient_elements[0m
 [37m         --> call adv_tracers_ale[0m
 [37m         --> call diff_tracers_ale[0m
 [37m         --> call relax_to_clim[0m
 [37m         --> call init_tracers_AB[0m
 [38m             --> call tracer_gradient_elements[0m
 [38m             --> call tracer_gradient_z[0m
 [38m             --> call fill_up_dn_grad[0m
 [38m             --> call tracer_gradient_elements[0m
 [37m         --> call adv_tracers_ale[0m
 [37m         --> call diff_tracers_ale[0m
 [37m         --> call relax_to_clim[0m
 [36m     --> call update_thickness_ale[0m
 [36m     --> call write_step_info[0m
 [36m     --> call check_blowup[0m
 [34m --> call compute_diagnostics(1)[0m
 [34m --> call output (n)[0m
 [34m --> call compute_vel_nodes[0m
 [34m --> call oce_timestep_ale[0m
 [36m     --> call pressure_bv[0m
 [36m     --> call pressure_force_4_...[0m
 [36m     --> call oce_mixing_PP[0m
 [36m     --> call compute_vel_rhs[0m
 [36m     --> call viscosity_filter[0m
 [37m         --> call visc_filt_bcksct[0m
 [36m     --> call impl_vert_visc_ale[0m
 [36m     --> call compute_ssh_rhs_ale[0m
 [36m     --> call update_vel[0m
 [36m     --> call compute_hbar_ale[0m
 [36m     --> call fer_solve_Gamma[0m
 [36m     --> call vert_vel_ale[0m
 [36m     --> call solve_tracers_ale[0m
 [37m         --> call init_tracers_AB[0m
 [38m             --> call tracer_gradient_elements[0m
 [38m             --> call tracer_gradient_z[0m
 [38m             --> call fill_up_dn_grad[0m
 [38m             --> call tracer_gradient_elements[0m
 [37m         --> call adv_tracers_ale[0m
 [37m         --> call diff_tracers_ale[0m
 [37m         --> call relax_to_clim[0m
 [37m         --> call init_tracers_AB[0m
 [38m             --> call tracer_gradient_elements[0m
 [38m             --> call tracer_gradient_z[0m
 [38m             --> call fill_up_dn_grad[0m
 [38m             --> call tracer_gradient_elements[0m
 [37m         --> call adv_tracers_ale[0m
 [37m         --> call diff_tracers_ale[0m
 [37m         --> call relax_to_clim[0m
 [36m     --> call update_thickness_ale[0m
 [36m     --> call write_step_info[0m
 [36m     --> call check_blowup[0m
 [34m --> call compute_diagnostics(1)[0m
 [34m --> call output (n)[0m
 [34m --> call compute_vel_nodes[0m
 [34m --> call oce_timestep_ale[0m
 [36m     --> call pressure_bv[0m
 [36m     --> call pressure_force_4_...[0m
 [36m     --> call oce_mixing_PP[0m
 [36m     --> call compute_vel_rhs[0m
 [36m     --> call viscosity_filter[0m
 [37m         --> call visc_filt_bcksct[0m
 [36m     --> call impl_vert_visc_ale[0m
 [36m     --> call compute_ssh_rhs_ale[0m
 [36m     --> call update_vel[0m
 [36m     --> call compute_hbar_ale[0m
 [36m     --> call fer_solve_Gamma[0m
 [36m     --> call vert_vel_ale[0m
 [36m     --> call solve_tracers_ale[0m
 [37m         --> call init_tracers_AB[0m
 [38m             --> call tracer_gradient_elements[0m
 [38m             --> call tracer_gradient_z[0m
 [38m             --> call fill_up_dn_grad[0m
 [38m             --> call tracer_gradient_elements[0m
 [37m         --> call adv_tracers_ale[0m
 [37m         --> call diff_tracers_ale[0m
 [37m         --> call relax_to_clim[0m
 [37m         --> call init_tracers_AB[0m
 [38m             --> call tracer_gradient_elements[0m
 [38m             --> call tracer_gradient_z[0m
 [38m             --> call fill_up_dn_grad[0m
 [38m             --> call tracer_gradient_elements[0m
 [37m         --> call adv_tracers_ale[0m
 [37m         --> call diff_tracers_ale[0m
 [37m         --> call relax_to_clim[0m
 [36m     --> call update_thickness_ale[0m
 [36m     --> call write_step_info[0m
 [36m     --> call check_blowup[0m
 [34m --> call compute_diagnostics(1)[0m
 [34m --> call output (n)[0m
 [34m --> call compute_vel_nodes[0m
 [34m --> call oce_timestep_ale[0m
 [36m     --> call pressure_bv[0m
 [36m     --> call pressure_force_4_...[0m
 [36m     --> call oce_mixing_PP[0m
 [36m     --> call compute_vel_rhs[0m
 [36m     --> call viscosity_filter[0m
 [37m         --> call visc_filt_bcksct[0m
 [36m     --> call impl_vert_visc_ale[0m
 [36m     --> call compute_ssh_rhs_ale[0m
 [36m     --> call update_vel[0m
 [36m     --> call compute_hbar_ale[0m
 [36m     --> call fer_solve_Gamma[0m
 [36m     --> call vert_vel_ale[0m
 [36m     --> call solve_tracers_ale[0m
 [37m         --> call init_tracers_AB[0m
 [38m             --> call tracer_gradient_elements[0m
 [38m             --> call tracer_gradient_z[0m
 [38m             --> call fill_up_dn_grad[0m
 [38m             --> call tracer_gradient_elements[0m
 [37m         --> call adv_tracers_ale[0m
 [37m         --> call diff_tracers_ale[0m
 [37m         --> call relax_to_clim[0m
 [37m         --> call init_tracers_AB[0m
 [38m             --> call tracer_gradient_elements[0m
 [38m             --> call tracer_gradient_z[0m
 [38m             --> call fill_up_dn_grad[0m
 [38m             --> call tracer_gradient_elements[0m
 [37m         --> call adv_tracers_ale[0m
 [37m         --> call diff_tracers_ale[0m
 [37m         --> call relax_to_clim[0m
 [36m     --> call update_thickness_ale[0m
 [36m     --> call write_step_info[0m
 [36m     --> call check_blowup[0m
 [34m --> call compute_diagnostics(1)[0m
 [34m --> call output (n)[0m
 [34m --> call compute_vel_nodes[0m
 [34m --> call oce_timestep_ale[0m
 [36m     --> call pressure_bv[0m
 [36m     --> call pressure_force_4_...[0m
 [36m     --> call oce_mixing_PP[0m
 [36m     --> call compute_vel_rhs[0m
 [36m     --> call viscosity_filter[0m
 [37m         --> call visc_filt_bcksct[0m
 [36m     --> call impl_vert_visc_ale[0m
 [36m     --> call compute_ssh_rhs_ale[0m
 [36m     --> call update_vel[0m
 [36m     --> call compute_hbar_ale[0m
 [36m     --> call fer_solve_Gamma[0m
 [36m     --> call vert_vel_ale[0m
 [36m     --> call solve_tracers_ale[0m
 [37m         --> call init_tracers_AB[0m
 [38m             --> call tracer_gradient_elements[0m
 [38m             --> call tracer_gradient_z[0m
 [38m             --> call fill_up_dn_grad[0m
 [38m             --> call tracer_gradient_elements[0m
 [37m         --> call adv_tracers_ale[0m
 [37m         --> call diff_tracers_ale[0m
 [37m         --> call relax_to_clim[0m
 [37m         --> call init_tracers_AB[0m
 [38m             --> call tracer_gradient_elements[0m
 [38m             --> call tracer_gradient_z[0m
 [38m             --> call fill_up_dn_grad[0m
 [38m             --> call tracer_gradient_elements[0m
 [37m         --> call adv_tracers_ale[0m
 [37m         --> call diff_tracers_ale[0m
 [37m         --> call relax_to_clim[0m
 [36m     --> call update_thickness_ale[0m
 [36m     --> call write_step_info[0m
 [36m     --> call check_blowup[0m
 [34m --> call compute_diagnostics(1)[0m
 [34m --> call output (n)[0m
 [34m --> call compute_vel_nodes[0m
 [34m --> call oce_timestep_ale[0m
 [36m     --> call pressure_bv[0m
 [36m     --> call pressure_force_4_...[0m
 [36m     --> call oce_mixing_PP[0m
 [36m     --> call compute_vel_rhs[0m
 [36m     --> call viscosity_filter[0m
 [37m         --> call visc_filt_bcksct[0m
 [36m     --> call impl_vert_visc_ale[0m
 [36m     --> call compute_ssh_rhs_ale[0m
 [36m     --> call update_vel[0m
 [36m     --> call compute_hbar_ale[0m
 [36m     --> call fer_solve_Gamma[0m
 [36m     --> call vert_vel_ale[0m
 [36m     --> call solve_tracers_ale[0m
 [37m         --> call init_tracers_AB[0m
 [38m             --> call tracer_gradient_elements[0m
 [38m             --> call tracer_gradient_z[0m
 [38m             --> call fill_up_dn_grad[0m
 [38m             --> call tracer_gradient_elements[0m
 [37m         --> call adv_tracers_ale[0m
 [37m         --> call diff_tracers_ale[0m
 [37m         --> call relax_to_clim[0m
 [37m         --> call init_tracers_AB[0m
 [38m             --> call tracer_gradient_elements[0m
 [38m             --> call tracer_gradient_z[0m
 [38m             --> call fill_up_dn_grad[0m
 [38m             --> call tracer_gradient_elements[0m
 [37m         --> call adv_tracers_ale[0m
 [37m         --> call diff_tracers_ale[0m
 [37m         --> call relax_to_clim[0m
 [36m     --> call update_thickness_ale[0m
 [36m     --> call write_step_info[0m
 [36m     --> call check_blowup[0m
 [34m --> call compute_diagnostics(1)[0m
 [34m --> call output (n)[0m
 [34m --> call compute_vel_nodes[0m
 [34m --> call oce_timestep_ale[0m
 [36m     --> call pressure_bv[0m
 [36m     --> call pressure_force_4_...[0m
 [36m     --> call oce_mixing_PP[0m
 [36m     --> call compute_vel_rhs[0m
 [36m     --> call viscosity_filter[0m
 [37m         --> call visc_filt_bcksct[0m
 [36m     --> call impl_vert_visc_ale[0m
 [36m     --> call compute_ssh_rhs_ale[0m
 [36m     --> call update_vel[0m
 [36m     --> call compute_hbar_ale[0m
 [36m     --> call fer_solve_Gamma[0m
 [36m     --> call vert_vel_ale[0m
 [36m     --> call solve_tracers_ale[0m
 [37m         --> call init_tracers_AB[0m
 [38m             --> call tracer_gradient_elements[0m
 [38m             --> call tracer_gradient_z[0m
 [38m             --> call fill_up_dn_grad[0m
 [38m             --> call tracer_gradient_elements[0m
 [37m         --> call adv_tracers_ale[0m
 [37m         --> call diff_tracers_ale[0m
 [37m         --> call relax_to_clim[0m
 [37m         --> call init_tracers_AB[0m
 [38m             --> call tracer_gradient_elements[0m
 [38m             --> call tracer_gradient_z[0m
 [38m             --> call fill_up_dn_grad[0m
 [38m             --> call tracer_gradient_elements[0m
 [37m         --> call adv_tracers_ale[0m
 [37m         --> call diff_tracers_ale[0m
 [37m         --> call relax_to_clim[0m
 [36m     --> call update_thickness_ale[0m
 [36m     --> call write_step_info[0m
 [36m     --> call check_blowup[0m
 [34m --> call compute_diagnostics(1)[0m
 [34m --> call output (n)[0m
 [34m --> call compute_vel_nodes[0m
 [34m --> call oce_timestep_ale[0m
 [36m     --> call pressure_bv[0m
 [36m     --> call pressure_force_4_...[0m
 [36m     --> call oce_mixing_PP[0m
 [36m     --> call compute_vel_rhs[0m
 [36m     --> call viscosity_filter[0m
 [37m         --> call visc_filt_bcksct[0m
 [36m     --> call impl_vert_visc_ale[0m
 [36m     --> call compute_ssh_rhs_ale[0m
 [36m     --> call update_vel[0m
 [36m     --> call compute_hbar_ale[0m
 [36m     --> call fer_solve_Gamma[0m
 [36m     --> call vert_vel_ale[0m
 [36m     --> call solve_tracers_ale[0m
 [37m         --> call init_tracers_AB[0m
 [38m             --> call tracer_gradient_elements[0m
 [38m             --> call tracer_gradient_z[0m
 [38m             --> call fill_up_dn_grad[0m
 [38m             --> call tracer_gradient_elements[0m
 [37m         --> call adv_tracers_ale[0m
 [37m         --> call diff_tracers_ale[0m
 [37m         --> call relax_to_clim[0m
 [37m         --> call init_tracers_AB[0m
 [38m             --> call tracer_gradient_elements[0m
 [38m             --> call tracer_gradient_z[0m
 [38m             --> call fill_up_dn_grad[0m
 [38m             --> call tracer_gradient_elements[0m
 [37m         --> call adv_tracers_ale[0m
 [37m         --> call diff_tracers_ale[0m
 [37m         --> call relax_to_clim[0m
 [36m     --> call update_thickness_ale[0m
 [36m     --> call write_step_info[0m
 [36m     --> call check_blowup[0m
 [34m --> call compute_diagnostics(1)[0m
 [34m --> call output (n)[0m
 [34m --> call compute_vel_nodes[0m
 [34m --> call oce_timestep_ale[0m
 [36m     --> call pressure_bv[0m
 [36m     --> call pressure_force_4_...[0m
 [36m     --> call oce_mixing_PP[0m
 [36m     --> call compute_vel_rhs[0m
 [36m     --> call viscosity_filter[0m
 [37m         --> call visc_filt_bcksct[0m
 [36m     --> call impl_vert_visc_ale[0m
 [36m     --> call compute_ssh_rhs_ale[0m
 [36m     --> call update_vel[0m
 [36m     --> call compute_hbar_ale[0m
 [36m     --> call fer_solve_Gamma[0m
 [36m     --> call vert_vel_ale[0m
 [36m     --> call solve_tracers_ale[0m
 [37m         --> call init_tracers_AB[0m
 [38m             --> call tracer_gradient_elements[0m
 [38m             --> call tracer_gradient_z[0m
 [38m             --> call fill_up_dn_grad[0m
 [38m             --> call tracer_gradient_elements[0m
 [37m         --> call adv_tracers_ale[0m
 [37m         --> call diff_tracers_ale[0m
 [37m         --> call relax_to_clim[0m
 [37m         --> call init_tracers_AB[0m
 [38m             --> call tracer_gradient_elements[0m
 [38m             --> call tracer_gradient_z[0m
 [38m             --> call fill_up_dn_grad[0m
 [38m             --> call tracer_gradient_elements[0m
 [37m         --> call adv_tracers_ale[0m
 [37m         --> call diff_tracers_ale[0m
 [37m         --> call relax_to_clim[0m
 [36m     --> call update_thickness_ale[0m
 [36m     --> call write_step_info[0m
 [36m     --> call check_blowup[0m
 [34m --> call compute_diagnostics(1)[0m
 [34m --> call output (n)[0m
 [34m --> call compute_vel_nodes[0m
 [34m --> call oce_timestep_ale[0m
 [36m     --> call pressure_bv[0m
 [36m     --> call pressure_force_4_...[0m
 [36m     --> call oce_mixing_PP[0m
 [36m     --> call compute_vel_rhs[0m
 [36m     --> call viscosity_filter[0m
 [37m         --> call visc_filt_bcksct[0m
 [36m     --> call impl_vert_visc_ale[0m
 [36m     --> call compute_ssh_rhs_ale[0m
 [36m     --> call update_vel[0m
 [36m     --> call compute_hbar_ale[0m
 [36m     --> call fer_solve_Gamma[0m
 [36m     --> call vert_vel_ale[0m
 [36m     --> call solve_tracers_ale[0m
 [37m         --> call init_tracers_AB[0m
 [38m             --> call tracer_gradient_elements[0m
 [38m             --> call tracer_gradient_z[0m
 [38m             --> call fill_up_dn_grad[0m
 [38m             --> call tracer_gradient_elements[0m
 [37m         --> call adv_tracers_ale[0m
 [37m         --> call diff_tracers_ale[0m
 [37m         --> call relax_to_clim[0m
 [37m         --> call init_tracers_AB[0m
 [38m             --> call tracer_gradient_elements[0m
 [38m             --> call tracer_gradient_z[0m
 [38m             --> call fill_up_dn_grad[0m
 [38m             --> call tracer_gradient_elements[0m
 [37m         --> call adv_tracers_ale[0m
 [37m         --> call diff_tracers_ale[0m
 [37m         --> call relax_to_clim[0m
 [36m     --> call update_thickness_ale[0m
 [36m     --> call write_step_info[0m
 [36m     --> call check_blowup[0m
 [34m --> call compute_diagnostics(1)[0m
 [34m --> call output (n)[0m
 [34m --> call compute_vel_nodes[0m
 [34m --> call oce_timestep_ale[0m
 [36m     --> call pressure_bv[0m
 [36m     --> call pressure_force_4_...[0m
 [36m     --> call oce_mixing_PP[0m
 [36m     --> call compute_vel_rhs[0m
 [36m     --> call viscosity_filter[0m
 [37m         --> call visc_filt_bcksct[0m
 [36m     --> call impl_vert_visc_ale[0m
 [36m     --> call compute_ssh_rhs_ale[0m
 [36m     --> call update_vel[0m
 [36m     --> call compute_hbar_ale[0m
 [36m     --> call fer_solve_Gamma[0m
 [36m     --> call vert_vel_ale[0m
 [36m     --> call solve_tracers_ale[0m
 [37m         --> call init_tracers_AB[0m
 [38m             --> call tracer_gradient_elements[0m
 [38m             --> call tracer_gradient_z[0m
 [38m             --> call fill_up_dn_grad[0m
 [38m             --> call tracer_gradient_elements[0m
 [37m         --> call adv_tracers_ale[0m
 [37m         --> call diff_tracers_ale[0m
 [37m         --> call relax_to_clim[0m
 [37m         --> call init_tracers_AB[0m
 [38m             --> call tracer_gradient_elements[0m
 [38m             --> call tracer_gradient_z[0m
 [38m             --> call fill_up_dn_grad[0m
 [38m             --> call tracer_gradient_elements[0m
 [37m         --> call adv_tracers_ale[0m
 [37m         --> call diff_tracers_ale[0m
 [37m         --> call relax_to_clim[0m
 [36m     --> call update_thickness_ale[0m
 [36m     --> call write_step_info[0m
 [36m     --> call check_blowup[0m
 [34m --> call compute_diagnostics(1)[0m
 [34m --> call output (n)[0m
 [34m --> call compute_vel_nodes[0m
 [34m --> call oce_timestep_ale[0m
 [36m     --> call pressure_bv[0m
 [36m     --> call pressure_force_4_...[0m
 [36m     --> call oce_mixing_PP[0m
 [36m     --> call compute_vel_rhs[0m
 [36m     --> call viscosity_filter[0m
 [37m         --> call visc_filt_bcksct[0m
 [36m     --> call impl_vert_visc_ale[0m
 [36m     --> call compute_ssh_rhs_ale[0m
 [36m     --> call update_vel[0m
 [36m     --> call compute_hbar_ale[0m
 [36m     --> call fer_solve_Gamma[0m
 [36m     --> call vert_vel_ale[0m
 [36m     --> call solve_tracers_ale[0m
 [37m         --> call init_tracers_AB[0m
 [38m             --> call tracer_gradient_elements[0m
 [38m             --> call tracer_gradient_z[0m
 [38m             --> call fill_up_dn_grad[0m
 [38m             --> call tracer_gradient_elements[0m
 [37m         --> call adv_tracers_ale[0m
 [37m         --> call diff_tracers_ale[0m
 [37m         --> call relax_to_clim[0m
 [37m         --> call init_tracers_AB[0m
 [38m             --> call tracer_gradient_elements[0m
 [38m             --> call tracer_gradient_z[0m
 [38m             --> call fill_up_dn_grad[0m
 [38m             --> call tracer_gradient_elements[0m
 [37m         --> call adv_tracers_ale[0m
 [37m         --> call diff_tracers_ale[0m
 [37m         --> call relax_to_clim[0m
 [36m     --> call update_thickness_ale[0m
 [36m     --> call write_step_info[0m
 [36m     --> call check_blowup[0m
 [34m --> call compute_diagnostics(1)[0m
 [34m --> call output (n)[0m
 [34m --> call compute_vel_nodes[0m
 [34m --> call oce_timestep_ale[0m
 [36m     --> call pressure_bv[0m
 [36m     --> call pressure_force_4_...[0m
 [36m     --> call oce_mixing_PP[0m
 [36m     --> call compute_vel_rhs[0m
 [36m     --> call viscosity_filter[0m
 [37m         --> call visc_filt_bcksct[0m
 [36m     --> call impl_vert_visc_ale[0m
 [36m     --> call compute_ssh_rhs_ale[0m
 [36m     --> call update_vel[0m
 [36m     --> call compute_hbar_ale[0m
 [36m     --> call fer_solve_Gamma[0m
 [36m     --> call vert_vel_ale[0m
 [36m     --> call solve_tracers_ale[0m
 [37m         --> call init_tracers_AB[0m
 [38m             --> call tracer_gradient_elements[0m
 [38m             --> call tracer_gradient_z[0m
 [38m             --> call fill_up_dn_grad[0m
 [38m             --> call tracer_gradient_elements[0m
 [37m         --> call adv_tracers_ale[0m
 [37m         --> call diff_tracers_ale[0m
 [37m         --> call relax_to_clim[0m
 [37m         --> call init_tracers_AB[0m
 [38m             --> call tracer_gradient_elements[0m
 [38m             --> call tracer_gradient_z[0m
 [38m             --> call fill_up_dn_grad[0m
 [38m             --> call tracer_gradient_elements[0m
 [37m         --> call adv_tracers_ale[0m
 [37m         --> call diff_tracers_ale[0m
 [37m         --> call relax_to_clim[0m
 [36m     --> call update_thickness_ale[0m
 [36m     --> call write_step_info[0m
 [36m     --> call check_blowup[0m
 [34m --> call compute_diagnostics(1)[0m
 [34m --> call output (n)[0m
 [34m --> call compute_vel_nodes[0m
 [34m --> call oce_timestep_ale[0m
 [36m     --> call pressure_bv[0m
 [36m     --> call pressure_force_4_...[0m
 [36m     --> call oce_mixing_PP[0m
 [36m     --> call compute_vel_rhs[0m
 [36m     --> call viscosity_filter[0m
 [37m         --> call visc_filt_bcksct[0m
 [36m     --> call impl_vert_visc_ale[0m
 [36m     --> call compute_ssh_rhs_ale[0m
 [36m     --> call update_vel[0m
 [36m     --> call compute_hbar_ale[0m
 [36m     --> call fer_solve_Gamma[0m
 [36m     --> call vert_vel_ale[0m
 [36m     --> call solve_tracers_ale[0m
 [37m         --> call init_tracers_AB[0m
 [38m             --> call tracer_gradient_elements[0m
 [38m             --> call tracer_gradient_z[0m
 [38m             --> call fill_up_dn_grad[0m
 [38m             --> call tracer_gradient_elements[0m
 [37m         --> call adv_tracers_ale[0m
 [37m         --> call diff_tracers_ale[0m
 [37m         --> call relax_to_clim[0m
 [37m         --> call init_tracers_AB[0m
 [38m             --> call tracer_gradient_elements[0m
 [38m             --> call tracer_gradient_z[0m
 [38m             --> call fill_up_dn_grad[0m
 [38m             --> call tracer_gradient_elements[0m
 [37m         --> call adv_tracers_ale[0m
 [37m         --> call diff_tracers_ale[0m
 [37m         --> call relax_to_clim[0m
 [36m     --> call update_thickness_ale[0m
 [36m     --> call write_step_info[0m
 [36m     --> call check_blowup[0m
 [34m --> call compute_diagnostics(1)[0m
 [34m --> call output (n)[0m
 [34m --> call compute_vel_nodes[0m
 [34m --> call oce_timestep_ale[0m
 [36m     --> call pressure_bv[0m
 [36m     --> call pressure_force_4_...[0m
 [36m     --> call oce_mixing_PP[0m
 [36m     --> call compute_vel_rhs[0m
 [36m     --> call viscosity_filter[0m
 [37m         --> call visc_filt_bcksct[0m
 [36m     --> call impl_vert_visc_ale[0m
 [36m     --> call compute_ssh_rhs_ale[0m
 [36m     --> call update_vel[0m
 [36m     --> call compute_hbar_ale[0m
 [36m     --> call fer_solve_Gamma[0m
 [36m     --> call vert_vel_ale[0m
 [36m     --> call solve_tracers_ale[0m
 [37m         --> call init_tracers_AB[0m
 [38m             --> call tracer_gradient_elements[0m
 [38m             --> call tracer_gradient_z[0m
 [38m             --> call fill_up_dn_grad[0m
 [38m             --> call tracer_gradient_elements[0m
 [37m         --> call adv_tracers_ale[0m
 [37m         --> call diff_tracers_ale[0m
 [37m         --> call relax_to_clim[0m
 [37m         --> call init_tracers_AB[0m
 [38m             --> call tracer_gradient_elements[0m
 [38m             --> call tracer_gradient_z[0m
 [38m             --> call fill_up_dn_grad[0m
 [38m             --> call tracer_gradient_elements[0m
 [37m         --> call adv_tracers_ale[0m
 [37m         --> call diff_tracers_ale[0m
 [37m         --> call relax_to_clim[0m
 [36m     --> call update_thickness_ale[0m
 [36m     --> call write_step_info[0m
 [36m     --> call check_blowup[0m
 [34m --> call compute_diagnostics(1)[0m
 [34m --> call output (n)[0m
 [34m --> call compute_vel_nodes[0m
 [34m --> call oce_timestep_ale[0m
 [36m     --> call pressure_bv[0m
 [36m     --> call pressure_force_4_...[0m
 [36m     --> call oce_mixing_PP[0m
 [36m     --> call compute_vel_rhs[0m
 [36m     --> call viscosity_filter[0m
 [37m         --> call visc_filt_bcksct[0m
 [36m     --> call impl_vert_visc_ale[0m
 [36m     --> call compute_ssh_rhs_ale[0m
 [36m     --> call update_vel[0m
 [36m     --> call compute_hbar_ale[0m
 [36m     --> call fer_solve_Gamma[0m
 [36m     --> call vert_vel_ale[0m
 [36m     --> call solve_tracers_ale[0m
 [37m         --> call init_tracers_AB[0m
 [38m             --> call tracer_gradient_elements[0m
 [38m             --> call tracer_gradient_z[0m
 [38m             --> call fill_up_dn_grad[0m
 [38m             --> call tracer_gradient_elements[0m
 [37m         --> call adv_tracers_ale[0m
 [37m         --> call diff_tracers_ale[0m
 [37m         --> call relax_to_clim[0m
 [37m         --> call init_tracers_AB[0m
 [38m             --> call tracer_gradient_elements[0m
 [38m             --> call tracer_gradient_z[0m
 [38m             --> call fill_up_dn_grad[0m
 [38m             --> call tracer_gradient_elements[0m
 [37m         --> call adv_tracers_ale[0m
 [37m         --> call diff_tracers_ale[0m
 [37m         --> call relax_to_clim[0m
 [36m     --> call update_thickness_ale[0m
 [36m     --> call write_step_info[0m
 [36m     --> call check_blowup[0m
 [34m --> call compute_diagnostics(1)[0m
 [34m --> call output (n)[0m
 [34m --> call compute_vel_nodes[0m
 [34m --> call oce_timestep_ale[0m
 [36m     --> call pressure_bv[0m
 [36m     --> call pressure_force_4_...[0m
 [36m     --> call oce_mixing_PP[0m
 [36m     --> call compute_vel_rhs[0m
 [36m     --> call viscosity_filter[0m
 [37m         --> call visc_filt_bcksct[0m
 [36m     --> call impl_vert_visc_ale[0m
 [36m     --> call compute_ssh_rhs_ale[0m
 [36m     --> call update_vel[0m
 [36m     --> call compute_hbar_ale[0m
 [36m     --> call fer_solve_Gamma[0m
 [36m     --> call vert_vel_ale[0m
 [36m     --> call solve_tracers_ale[0m
 [37m         --> call init_tracers_AB[0m
 [38m             --> call tracer_gradient_elements[0m
 [38m             --> call tracer_gradient_z[0m
 [38m             --> call fill_up_dn_grad[0m
 [38m             --> call tracer_gradient_elements[0m
 [37m         --> call adv_tracers_ale[0m
 [37m         --> call diff_tracers_ale[0m
 [37m         --> call relax_to_clim[0m
 [37m         --> call init_tracers_AB[0m
 [38m             --> call tracer_gradient_elements[0m
 [38m             --> call tracer_gradient_z[0m
 [38m             --> call fill_up_dn_grad[0m
 [38m             --> call tracer_gradient_elements[0m
 [37m         --> call adv_tracers_ale[0m
 [37m         --> call diff_tracers_ale[0m
 [37m         --> call relax_to_clim[0m
 [36m     --> call update_thickness_ale[0m
 [36m     --> call write_step_info[0m
 [36m     --> call check_blowup[0m
 [34m --> call compute_diagnostics(1)[0m
 [34m --> call output (n)[0m
 [34m --> call compute_vel_nodes[0m
 [34m --> call oce_timestep_ale[0m
 [36m     --> call pressure_bv[0m
 [36m     --> call pressure_force_4_...[0m
 [36m     --> call oce_mixing_PP[0m
 [36m     --> call compute_vel_rhs[0m
 [36m     --> call viscosity_filter[0m
 [37m         --> call visc_filt_bcksct[0m
 [36m     --> call impl_vert_visc_ale[0m
 [36m     --> call compute_ssh_rhs_ale[0m
 [36m     --> call update_vel[0m
 [36m     --> call compute_hbar_ale[0m
 [36m     --> call fer_solve_Gamma[0m
 [36m     --> call vert_vel_ale[0m
 [36m     --> call solve_tracers_ale[0m
 [37m         --> call init_tracers_AB[0m
 [38m             --> call tracer_gradient_elements[0m
 [38m             --> call tracer_gradient_z[0m
 [38m             --> call fill_up_dn_grad[0m
 [38m             --> call tracer_gradient_elements[0m
 [37m         --> call adv_tracers_ale[0m
 [37m         --> call diff_tracers_ale[0m
 [37m         --> call relax_to_clim[0m
 [37m         --> call init_tracers_AB[0m
 [38m             --> call tracer_gradient_elements[0m
 [38m             --> call tracer_gradient_z[0m
 [38m             --> call fill_up_dn_grad[0m
 [38m             --> call tracer_gradient_elements[0m
 [37m         --> call adv_tracers_ale[0m
 [37m         --> call diff_tracers_ale[0m
 [37m         --> call relax_to_clim[0m
 [36m     --> call update_thickness_ale[0m
 [36m     --> call write_step_info[0m
 [36m     --> call check_blowup[0m
 [34m --> call compute_diagnostics(1)[0m
 [34m --> call output (n)[0m
 [34m --> call compute_vel_nodes[0m
 [34m --> call oce_timestep_ale[0m
 [36m     --> call pressure_bv[0m
 [36m     --> call pressure_force_4_...[0m
 [36m     --> call oce_mixing_PP[0m
 [36m     --> call compute_vel_rhs[0m
 [36m     --> call viscosity_filter[0m
 [37m         --> call visc_filt_bcksct[0m
 [36m     --> call impl_vert_visc_ale[0m
 [36m     --> call compute_ssh_rhs_ale[0m
 [36m     --> call update_vel[0m
 [36m     --> call compute_hbar_ale[0m
 [36m     --> call fer_solve_Gamma[0m
 [36m     --> call vert_vel_ale[0m
 [36m     --> call solve_tracers_ale[0m
 [37m         --> call init_tracers_AB[0m
 [38m             --> call tracer_gradient_elements[0m
 [38m             --> call tracer_gradient_z[0m
 [38m             --> call fill_up_dn_grad[0m
 [38m             --> call tracer_gradient_elements[0m
 [37m         --> call adv_tracers_ale[0m
 [37m         --> call diff_tracers_ale[0m
 [37m         --> call relax_to_clim[0m
 [37m         --> call init_tracers_AB[0m
 [38m             --> call tracer_gradient_elements[0m
 [38m             --> call tracer_gradient_z[0m
 [38m             --> call fill_up_dn_grad[0m
 [38m             --> call tracer_gradient_elements[0m
 [37m         --> call adv_tracers_ale[0m
 [37m         --> call diff_tracers_ale[0m
 [37m         --> call relax_to_clim[0m
 [36m     --> call update_thickness_ale[0m
 [36m     --> call write_step_info[0m
 [36m     --> call check_blowup[0m
 [34m --> call compute_diagnostics(1)[0m
 [34m --> call output (n)[0m
 [34m --> call compute_vel_nodes[0m
 [34m --> call oce_timestep_ale[0m
 [36m     --> call pressure_bv[0m
 [36m     --> call pressure_force_4_...[0m
 [36m     --> call oce_mixing_PP[0m
 [36m     --> call compute_vel_rhs[0m
 [36m     --> call viscosity_filter[0m
 [37m         --> call visc_filt_bcksct[0m
 [36m     --> call impl_vert_visc_ale[0m
 [36m     --> call compute_ssh_rhs_ale[0m
 [36m     --> call update_vel[0m
 [36m     --> call compute_hbar_ale[0m
 [36m     --> call fer_solve_Gamma[0m
 [36m     --> call vert_vel_ale[0m
 [36m     --> call solve_tracers_ale[0m
 [37m         --> call init_tracers_AB[0m
 [38m             --> call tracer_gradient_elements[0m
 [38m             --> call tracer_gradient_z[0m
 [38m             --> call fill_up_dn_grad[0m
 [38m             --> call tracer_gradient_elements[0m
 [37m         --> call adv_tracers_ale[0m
 [37m         --> call diff_tracers_ale[0m
 [37m         --> call relax_to_clim[0m
 [37m         --> call init_tracers_AB[0m
 [38m             --> call tracer_gradient_elements[0m
 [38m             --> call tracer_gradient_z[0m
 [38m             --> call fill_up_dn_grad[0m
 [38m             --> call tracer_gradient_elements[0m
 [37m         --> call adv_tracers_ale[0m
 [37m         --> call diff_tracers_ale[0m
 [37m         --> call relax_to_clim[0m
 [36m     --> call update_thickness_ale[0m
 [36m     --> call write_step_info[0m
 [36m     --> call check_blowup[0m
 [34m --> call compute_diagnostics(1)[0m
 [34m --> call output (n)[0m
 [34m --> call compute_vel_nodes[0m
 [34m --> call oce_timestep_ale[0m
 [36m     --> call pressure_bv[0m
 [36m     --> call pressure_force_4_...[0m
 [36m     --> call oce_mixing_PP[0m
 [36m     --> call compute_vel_rhs[0m
 [36m     --> call viscosity_filter[0m
 [37m         --> call visc_filt_bcksct[0m
 [36m     --> call impl_vert_visc_ale[0m
 [36m     --> call compute_ssh_rhs_ale[0m
 [36m     --> call update_vel[0m
 [36m     --> call compute_hbar_ale[0m
 [36m     --> call fer_solve_Gamma[0m
 [36m     --> call vert_vel_ale[0m
 [36m     --> call solve_tracers_ale[0m
 [37m         --> call init_tracers_AB[0m
 [38m             --> call tracer_gradient_elements[0m
 [38m             --> call tracer_gradient_z[0m
 [38m             --> call fill_up_dn_grad[0m
 [38m             --> call tracer_gradient_elements[0m
 [37m         --> call adv_tracers_ale[0m
 [37m         --> call diff_tracers_ale[0m
 [37m         --> call relax_to_clim[0m
 [37m         --> call init_tracers_AB[0m
 [38m             --> call tracer_gradient_elements[0m
 [38m             --> call tracer_gradient_z[0m
 [38m             --> call fill_up_dn_grad[0m
 [38m             --> call tracer_gradient_elements[0m
 [37m         --> call adv_tracers_ale[0m
 [37m         --> call diff_tracers_ale[0m
 [37m         --> call relax_to_clim[0m
 [36m     --> call update_thickness_ale[0m
 [36m     --> call write_step_info[0m
 [36m     --> call check_blowup[0m
 [34m --> call compute_diagnostics(1)[0m
 [34m --> call output (n)[0m
 [34m --> call compute_vel_nodes[0m
 [34m --> call oce_timestep_ale[0m
 [36m     --> call pressure_bv[0m
 [36m     --> call pressure_force_4_...[0m
 [36m     --> call oce_mixing_PP[0m
 [36m     --> call compute_vel_rhs[0m
 [36m     --> call viscosity_filter[0m
 [37m         --> call visc_filt_bcksct[0m
 [36m     --> call impl_vert_visc_ale[0m
 [36m     --> call compute_ssh_rhs_ale[0m
 [36m     --> call update_vel[0m
 [36m     --> call compute_hbar_ale[0m
 [36m     --> call fer_solve_Gamma[0m
 [36m     --> call vert_vel_ale[0m
 [36m     --> call solve_tracers_ale[0m
 [37m         --> call init_tracers_AB[0m
 [38m             --> call tracer_gradient_elements[0m
 [38m             --> call tracer_gradient_z[0m
 [38m             --> call fill_up_dn_grad[0m
 [38m             --> call tracer_gradient_elements[0m
 [37m         --> call adv_tracers_ale[0m
 [37m         --> call diff_tracers_ale[0m
 [37m         --> call relax_to_clim[0m
 [37m         --> call init_tracers_AB[0m
 [38m             --> call tracer_gradient_elements[0m
 [38m             --> call tracer_gradient_z[0m
 [38m             --> call fill_up_dn_grad[0m
 [38m             --> call tracer_gradient_elements[0m
 [37m         --> call adv_tracers_ale[0m
 [37m         --> call diff_tracers_ale[0m
 [37m         --> call relax_to_clim[0m
 [36m     --> call update_thickness_ale[0m
 [36m     --> call write_step_info[0m
 [36m     --> call check_blowup[0m
 [34m --> call compute_diagnostics(1)[0m
 [34m --> call output (n)[0m
 [34m --> call compute_vel_nodes[0m
 [34m --> call oce_timestep_ale[0m
 [36m     --> call pressure_bv[0m
 [36m     --> call pressure_force_4_...[0m
 [36m     --> call oce_mixing_PP[0m
 [36m     --> call compute_vel_rhs[0m
 [36m     --> call viscosity_filter[0m
 [37m         --> call visc_filt_bcksct[0m
 [36m     --> call impl_vert_visc_ale[0m
 [36m     --> call compute_ssh_rhs_ale[0m
 [36m     --> call update_vel[0m
 [36m     --> call compute_hbar_ale[0m
 [36m     --> call fer_solve_Gamma[0m
 [36m     --> call vert_vel_ale[0m
 [36m     --> call solve_tracers_ale[0m
 [37m         --> call init_tracers_AB[0m
 [38m             --> call tracer_gradient_elements[0m
 [38m             --> call tracer_gradient_z[0m
 [38m             --> call fill_up_dn_grad[0m
 [38m             --> call tracer_gradient_elements[0m
 [37m         --> call adv_tracers_ale[0m
 [37m         --> call diff_tracers_ale[0m
 [37m         --> call relax_to_clim[0m
 [37m         --> call init_tracers_AB[0m
 [38m             --> call tracer_gradient_elements[0m
 [38m             --> call tracer_gradient_z[0m
 [38m             --> call fill_up_dn_grad[0m
 [38m             --> call tracer_gradient_elements[0m
 [37m         --> call adv_tracers_ale[0m
 [37m         --> call diff_tracers_ale[0m
 [37m         --> call relax_to_clim[0m
 [36m     --> call update_thickness_ale[0m
 [36m     --> call write_step_info[0m
 [36m     --> call check_blowup[0m
 [34m --> call compute_diagnostics(1)[0m
 [34m --> call output (n)[0m
 [34m --> call compute_vel_nodes[0m
 [34m --> call oce_timestep_ale[0m
 [36m     --> call pressure_bv[0m
 [36m     --> call pressure_force_4_...[0m
 [36m     --> call oce_mixing_PP[0m
 [36m     --> call compute_vel_rhs[0m
 [36m     --> call viscosity_filter[0m
 [37m         --> call visc_filt_bcksct[0m
 [36m     --> call impl_vert_visc_ale[0m
 [36m     --> call compute_ssh_rhs_ale[0m
 [36m     --> call update_vel[0m
 [36m     --> call compute_hbar_ale[0m
 [36m     --> call fer_solve_Gamma[0m
 [36m     --> call vert_vel_ale[0m
 [36m     --> call solve_tracers_ale[0m
 [37m         --> call init_tracers_AB[0m
 [38m             --> call tracer_gradient_elements[0m
 [38m             --> call tracer_gradient_z[0m
 [38m             --> call fill_up_dn_grad[0m
 [38m             --> call tracer_gradient_elements[0m
 [37m         --> call adv_tracers_ale[0m
 [37m         --> call diff_tracers_ale[0m
 [37m         --> call relax_to_clim[0m
 [37m         --> call init_tracers_AB[0m
 [38m             --> call tracer_gradient_elements[0m
 [38m             --> call tracer_gradient_z[0m
 [38m             --> call fill_up_dn_grad[0m
 [38m             --> call tracer_gradient_elements[0m
 [37m         --> call adv_tracers_ale[0m
 [37m         --> call diff_tracers_ale[0m
 [37m         --> call relax_to_clim[0m
 [36m     --> call update_thickness_ale[0m
 [36m     --> call write_step_info[0m
 [36m     --> call check_blowup[0m
 [34m --> call compute_diagnostics(1)[0m
 [34m --> call output (n)[0m
 [34m --> call compute_vel_nodes[0m
 [34m --> call oce_timestep_ale[0m
 [36m     --> call pressure_bv[0m
 [36m     --> call pressure_force_4_...[0m
 [36m     --> call oce_mixing_PP[0m
 [36m     --> call compute_vel_rhs[0m
 [36m     --> call viscosity_filter[0m
 [37m         --> call visc_filt_bcksct[0m
 [36m     --> call impl_vert_visc_ale[0m
 [36m     --> call compute_ssh_rhs_ale[0m
 [36m     --> call update_vel[0m
 [36m     --> call compute_hbar_ale[0m
 [36m     --> call fer_solve_Gamma[0m
 [36m     --> call vert_vel_ale[0m
 [36m     --> call solve_tracers_ale[0m
 [37m         --> call init_tracers_AB[0m
 [38m             --> call tracer_gradient_elements[0m
 [38m             --> call tracer_gradient_z[0m
 [38m             --> call fill_up_dn_grad[0m
 [38m             --> call tracer_gradient_elements[0m
 [37m         --> call adv_tracers_ale[0m
 [37m         --> call diff_tracers_ale[0m
 [37m         --> call relax_to_clim[0m
 [37m         --> call init_tracers_AB[0m
 [38m             --> call tracer_gradient_elements[0m
 [38m             --> call tracer_gradient_z[0m
 [38m             --> call fill_up_dn_grad[0m
 [38m             --> call tracer_gradient_elements[0m
 [37m         --> call adv_tracers_ale[0m
 [37m         --> call diff_tracers_ale[0m
 [37m         --> call relax_to_clim[0m
 [36m     --> call update_thickness_ale[0m
 [36m     --> call write_step_info[0m
 [36m     --> call check_blowup[0m
 [34m --> call compute_diagnostics(1)[0m
 [34m --> call output (n)[0m
 [34m --> call compute_vel_nodes[0m
 [34m --> call oce_timestep_ale[0m
 [36m     --> call pressure_bv[0m
 [36m     --> call pressure_force_4_...[0m
 [36m     --> call oce_mixing_PP[0m
 [36m     --> call compute_vel_rhs[0m
 [36m     --> call viscosity_filter[0m
 [37m         --> call visc_filt_bcksct[0m
 [36m     --> call impl_vert_visc_ale[0m
 [36m     --> call compute_ssh_rhs_ale[0m
 [36m     --> call update_vel[0m
 [36m     --> call compute_hbar_ale[0m
 [36m     --> call fer_solve_Gamma[0m
 [36m     --> call vert_vel_ale[0m
 [36m     --> call solve_tracers_ale[0m
 [37m         --> call init_tracers_AB[0m
 [38m             --> call tracer_gradient_elements[0m
 [38m             --> call tracer_gradient_z[0m
 [38m             --> call fill_up_dn_grad[0m
 [38m             --> call tracer_gradient_elements[0m
 [37m         --> call adv_tracers_ale[0m
 [37m         --> call diff_tracers_ale[0m
 [37m         --> call relax_to_clim[0m
 [37m         --> call init_tracers_AB[0m
 [38m             --> call tracer_gradient_elements[0m
 [38m             --> call tracer_gradient_z[0m
 [38m             --> call fill_up_dn_grad[0m
 [38m             --> call tracer_gradient_elements[0m
 [37m         --> call adv_tracers_ale[0m
 [37m         --> call diff_tracers_ale[0m
 [37m         --> call relax_to_clim[0m
 [36m     --> call update_thickness_ale[0m
 [36m     --> call write_step_info[0m
 [36m     --> call check_blowup[0m
 [34m --> call compute_diagnostics(1)[0m
 [34m --> call output (n)[0m
 [34m --> call compute_vel_nodes[0m
 [34m --> call oce_timestep_ale[0m
 [36m     --> call pressure_bv[0m
 [36m     --> call pressure_force_4_...[0m
 [36m     --> call oce_mixing_PP[0m
 [36m     --> call compute_vel_rhs[0m
 [36m     --> call viscosity_filter[0m
 [37m         --> call visc_filt_bcksct[0m
 [36m     --> call impl_vert_visc_ale[0m
 [36m     --> call compute_ssh_rhs_ale[0m
 [36m     --> call update_vel[0m
 [36m     --> call compute_hbar_ale[0m
 [36m     --> call fer_solve_Gamma[0m
 [36m     --> call vert_vel_ale[0m
 [36m     --> call solve_tracers_ale[0m
 [37m         --> call init_tracers_AB[0m
 [38m             --> call tracer_gradient_elements[0m
 [38m             --> call tracer_gradient_z[0m
 [38m             --> call fill_up_dn_grad[0m
 [38m             --> call tracer_gradient_elements[0m
 [37m         --> call adv_tracers_ale[0m
 [37m         --> call diff_tracers_ale[0m
 [37m         --> call relax_to_clim[0m
 [37m         --> call init_tracers_AB[0m
 [38m             --> call tracer_gradient_elements[0m
 [38m             --> call tracer_gradient_z[0m
 [38m             --> call fill_up_dn_grad[0m
 [38m             --> call tracer_gradient_elements[0m
 [37m         --> call adv_tracers_ale[0m
 [37m         --> call diff_tracers_ale[0m
 [37m         --> call relax_to_clim[0m
 [36m     --> call update_thickness_ale[0m
 [36m     --> call write_step_info[0m
 [36m     --> call check_blowup[0m
 [34m --> call compute_diagnostics(1)[0m
 [34m --> call output (n)[0m
 [34m --> call compute_vel_nodes[0m
 [34m --> call oce_timestep_ale[0m
 [36m     --> call pressure_bv[0m
 [36m     --> call pressure_force_4_...[0m
 [36m     --> call oce_mixing_PP[0m
 [36m     --> call compute_vel_rhs[0m
 [36m     --> call viscosity_filter[0m
 [37m         --> call visc_filt_bcksct[0m
 [36m     --> call impl_vert_visc_ale[0m
 [36m     --> call compute_ssh_rhs_ale[0m
 [36m     --> call update_vel[0m
 [36m     --> call compute_hbar_ale[0m
 [36m     --> call fer_solve_Gamma[0m
 [36m     --> call vert_vel_ale[0m
 [36m     --> call solve_tracers_ale[0m
 [37m         --> call init_tracers_AB[0m
 [38m             --> call tracer_gradient_elements[0m
 [38m             --> call tracer_gradient_z[0m
 [38m             --> call fill_up_dn_grad[0m
 [38m             --> call tracer_gradient_elements[0m
 [37m         --> call adv_tracers_ale[0m
 [37m         --> call diff_tracers_ale[0m
 [37m         --> call relax_to_clim[0m
 [37m         --> call init_tracers_AB[0m
 [38m             --> call tracer_gradient_elements[0m
 [38m             --> call tracer_gradient_z[0m
 [38m             --> call fill_up_dn_grad[0m
 [38m             --> call tracer_gradient_elements[0m
 [37m         --> call adv_tracers_ale[0m
 [37m         --> call diff_tracers_ale[0m
 [37m         --> call relax_to_clim[0m
 [36m     --> call update_thickness_ale[0m
 [36m     --> call write_step_info[0m
 [36m     --> call check_blowup[0m
 [34m --> call compute_diagnostics(1)[0m
 [34m --> call output (n)[0m
 [34m --> call compute_vel_nodes[0m
 [34m --> call oce_timestep_ale[0m
 [36m     --> call pressure_bv[0m
 [36m     --> call pressure_force_4_...[0m
 [36m     --> call oce_mixing_PP[0m
 [36m     --> call compute_vel_rhs[0m
 [36m     --> call viscosity_filter[0m
 [37m         --> call visc_filt_bcksct[0m
 [36m     --> call impl_vert_visc_ale[0m
 [36m     --> call compute_ssh_rhs_ale[0m
 [36m     --> call update_vel[0m
 [36m     --> call compute_hbar_ale[0m
 [36m     --> call fer_solve_Gamma[0m
 [36m     --> call vert_vel_ale[0m
 [36m     --> call solve_tracers_ale[0m
 [37m         --> call init_tracers_AB[0m
 [38m             --> call tracer_gradient_elements[0m
 [38m             --> call tracer_gradient_z[0m
 [38m             --> call fill_up_dn_grad[0m
 [38m             --> call tracer_gradient_elements[0m
 [37m         --> call adv_tracers_ale[0m
 [37m         --> call diff_tracers_ale[0m
 [37m         --> call relax_to_clim[0m
 [37m         --> call init_tracers_AB[0m
 [38m             --> call tracer_gradient_elements[0m
 [38m             --> call tracer_gradient_z[0m
 [38m             --> call fill_up_dn_grad[0m
 [38m             --> call tracer_gradient_elements[0m
 [37m         --> call adv_tracers_ale[0m
 [37m         --> call diff_tracers_ale[0m
 [37m         --> call relax_to_clim[0m
 [36m     --> call update_thickness_ale[0m
 [36m     --> call write_step_info[0m
 [36m     --> call check_blowup[0m
 [34m --> call compute_diagnostics(1)[0m
 [34m --> call output (n)[0m
 FESOM =======================================================
 FESOM step:         144  day:           1  year:        2008
 
 [34m --> call compute_vel_nodes[0m
 [34m --> call oce_timestep_ale[0m
 [36m     --> call pressure_bv[0m
 [36m     --> call pressure_force_4_...[0m
 [36m     --> call oce_mixing_PP[0m
 [36m     --> call compute_vel_rhs[0m
 [36m     --> call viscosity_filter[0m
 [37m         --> call visc_filt_bcksct[0m
 [36m     --> call impl_vert_visc_ale[0m
 [36m     --> call compute_ssh_rhs_ale[0m
 [36m     --> call update_vel[0m
 [36m     --> call compute_hbar_ale[0m
 [36m     --> call fer_solve_Gamma[0m
 [36m     --> call vert_vel_ale[0m
 [36m     --> call solve_tracers_ale[0m
 [37m         --> call init_tracers_AB[0m
 [38m             --> call tracer_gradient_elements[0m
 [38m             --> call tracer_gradient_z[0m
 [38m             --> call fill_up_dn_grad[0m
 [38m             --> call tracer_gradient_elements[0m
 [37m         --> call adv_tracers_ale[0m
 [37m         --> call diff_tracers_ale[0m
 [37m         --> call relax_to_clim[0m
 [37m         --> call init_tracers_AB[0m
 [38m             --> call tracer_gradient_elements[0m
 [38m             --> call tracer_gradient_z[0m
 [38m             --> call fill_up_dn_grad[0m
 [38m             --> call tracer_gradient_elements[0m
 [37m         --> call adv_tracers_ale[0m
 [37m         --> call diff_tracers_ale[0m
 [37m         --> call relax_to_clim[0m
 [36m     --> call update_thickness_ale[0m
 [36m     --> call write_step_info[0m
 ___CHECK GLOBAL OCEAN VARIABLES --> mstep=         144
   ___global estimat of eta & hbar____________________
    int(eta), int(hbar)      =  1.378626238458298E-015  1.378626238458298E-015
     --> error(eta-hbar)     =  0.000000000000000E+000
    min(eta) , max(eta)      = -0.497028229756617       0.711128265963056     
    max(hbar), max(hbar)     = -0.497028229756617       0.711128265963056     
 
    int(deta), int(dhbar)    =  0.000000000000000E+000 -5.234389983999346E-020
     --> error(deta-dhbar)   =  5.234389983999346E-020
     --> error(deta-wflux)   =  0.000000000000000E+000
     --> error(dhbar-wflux)  = -5.234389983999346E-020
 
    -int(wflux)*dt          =  0.000000000000000E+000
    int(deta )-int(wflux)*dt =  0.000000000000000E+000
    int(dhbar)-int(wflux)*dt = -5.234389983999346E-020
 
   ___global min/max/mean  --> mstep=         144 ____________
       eta= -4.970E-01 |  7.111E-01 | N.A.
      deta= -1.873E-05 |  2.165E-05 | N.A.
      hbar= -4.970E-01 |  7.111E-01 | N.A.
     wflux=  0.000E+00 |  0.000E+00 |  0.000E+00
     hflux=  7.310E+01 |  9.967E+01 |  0.000E+00
      temp=  2.948E+00 |  2.121E+01 |  0.000E+00
      salt=  3.500E+01 |  3.500E+01 |  0.000E+00
    wvel(1,:)= -3.122E-08 |  3.608E-08 | N.A.
    wvel(2,:)= -6.370E-06 |  1.058E-05 | N.A.
    uvel(1,:)= -2.658E-01 |  3.875E-01 | N.A.
    uvel(2,:)= -2.647E-01 |  3.831E-01 | N.A.
    vvel(1,:)= -1.516E-01 |  3.254E-01 | N.A.
    vvel(2,:)= -1.510E-01 |  3.258E-01 | N.A.
   hnode(1,:)=  9.038E+00 |  9.038E+00 | N.A.
   hnode(2,:)=  9.941E+00 |  9.941E+00 | N.A.
     cfl_z=  N.A.      |  4.528E-03 | N.A.
     pgf_x=  N.A.      |  1.978E-05 | N.A.
     pgf_y=  N.A.      |  4.472E-05 | N.A.
          Av=  N.A.      |  1.000E-01 | N.A.
          Kv=  N.A.      |  1.000E-01 | N.A.
 [36m     --> call check_blowup[0m
 ___ALE OCEAN STEP EXECUTION TIMES______________________
     Oce. Mix,Press.. : 1.845E-04
     Oce. Dynamics    : 9.171E-05
     Oce. Update Vel. : 1.545E-05
     Oce. Fer-GM.     : 4.578E-05
     _______________________________
     ALE-Solve SSH    : 1.717E-04
     ALE-Calc. hbar   : 8.700E-06
     ALE-Update+W     : 4.892E-05
     ALE-Solve Tracer : 3.949E-04
     ALE-Update hnode : 1.716E-05
     _______________________________
     check for blowup : 2.009E-04
     _______________________________
     Oce. TOTAL       : 1.180E-03
 
 
 [34m --> call compute_diagnostics(1)[0m
 [34m --> call output (n)[0m
 initializing I/O file for bolus_u
 associating mean I/O file /albedo/work/projects/p_clidyn_work/rjuhrban/double_gyre/m100/results/NN_after_spinup_none/GM/short_run_to_check_runtime_outputfreq_d/bolus_u.fesom.2008.nc
 bolus_u: current mean I/O counter =            1
 writing mean record for bolus_u; rec. count =            1
 initializing I/O file for bolus_w
 initializing I/O file for bolus_v
 associating mean I/O file /albedo/work/projects/p_clidyn_work/rjuhrban/double_gyre/m100/results/NN_after_spinup_none/GM/short_run_to_check_runtime_outputfreq_d/bolus_w.fesom.2008.nc
 bolus_w: current mean I/O counter =            1
 writing mean record for bolus_w; rec. count =            1
 associating mean I/O file /albedo/work/projects/p_clidyn_work/rjuhrban/double_gyre/m100/results/NN_after_spinup_none/GM/short_run_to_check_runtime_outputfreq_d/bolus_v.fesom.2008.nc
 bolus_v: current mean I/O counter =            1
 writing mean record for bolus_v; rec. count =            1
 FESOM Run is finished, updating clock
 fesom should stop with exit status = 0
___MODEL RUNTIME per task [seconds]_____mean____________min____________max_
  runtime ocean:                       0.1513         0.1473         0.1534
    > runtime oce. mix,pres. :         0.0294         0.0285         0.0303
    > runtime oce. dyn. u,v,w:         0.0245         0.0211         0.0266
    > runtime oce. dyn. ssh  :         0.0296         0.0275         0.0330
    > runtime oce. solve ssh :         0.0256         0.0242         0.0286
    > runtime oce. GM/Redi   :         0.0082         0.0068         0.0091
    > runtime oce. tracer    :         0.0573         0.0537         0.0593
  runtime ice  :                       0.0000         0.0000         0.0000
    > runtime ice step :               0.0000         0.0000         0.0000
  runtime diag:                        0.0001         0.0000         0.0003
  runtime output:                      0.0186         0.0032         0.0380
  runtime restart:                     0.0016         0.0013         0.0017
  runtime forcing:                     0.0000         0.0000         0.0000
  runtime total (ice+oce):             0.1513         0.1473         0.1534
 
 ======================================================
 ================ BENCHMARK RUNTIME ===================
    Number of cores :                         60
    Runtime for all timesteps :           0.2008 sec
 ======================================================
 
Fri May 22 11:24:03 CEST 2026
