Module for intel-oneapi-compilers version 2022.1.0 loaded
Module for intel-oneapi-mpi version 2021.6.0 loaded
Module for intel-oneapi-mkl version 2022.1.0 loaded
Module for netcdf-fortran version 4.5.4 loaded
Module for netcdf-c version 4.8.1 loaded
ln: failed to create symbolic link './fesom.x': File exists
Thu May 21 15:33:23 CEST 2026
 MPI has been initialized, provided MPI thread support level: MPI_THREAD_MULTIPLE           3
 Running on                             60  PEs
 
 [36m .------. ------. ------.  .-----. ,--.   ,-.  .----.  [0m
 [36m |  .--- ́|  .--- ́/    _ / ´  .-.  `|   `. ́   |\_,-.  | [0m
 [36m |  `--. |  `--. \_..`--. |  | |  ||  |`. ́|  |   . ́ . ́ [0m
 [36m |  .-- ́ |  .-- ́ .-._)   \|  | |  ||  |   |  | . ́  /_  [0m
 [36m |  |    |  `---.\       /`  `- ́   ́|  |   |  ||      | [0m
 [36m `-- ́    `------ ́ `----- ́  `----- ́ `-- ́   `-- ́`------ ́ [0m
                                           _____           
       ___________                     ,-:` \;´,``-,       
      | .-------. |                  .´-;_,;  `:-;_,`.     
      | |       | |                 /;   `/    ,  _`.-\    
      | |       | |                | ´`. (`     /` ` \`|   
      | |__   __| |            ,-C=|:.  `\`-.   \_   / |   
       `---|-|---´          ,-´    |     (   `,  .`\ ;`|   
        [====  O]--,    ,--´        \     | .´     `-´/    
      /:::::::::::\ \_,-             `.   ;/        .´     
     /:::::===:::::\                   ``-._____.-´`       
    ´---------------`                                      
 
 
 FESOM2 git SHA: c34a956e
 MPI library version: Intel(R) MPI Library 2021.6 for Linux* OS

 [32m____________________________________________________________[0m
 [7;32m --> FESOM BUILDS UP MODEL CONFIGURATION                    [0m
 Restart path configuration:
   Input path:  /albedo/work/projects/p_clidyn_work/rjuhrban/double_gyre/m100/results/NN_after_spinup_none/GM/short_run_to_check_runtime_outputfreq_d/
   Output path: /albedo/work/projects/p_clidyn_work/rjuhrban/double_gyre/m100/results/NN_after_spinup_none/GM/short_run_to_check_runtime_outputfreq_d/
   Note: Using same directory for input and output (legacy mode)
 Namelist files are read in
 time step size is set to    600.000000000000      sec
 Value of which_NN:udcjhprx
 [34m --> call clock_init[0m
 
 [31m____________________________________________________________[0m
 [5;7;31m --> THIS IS A RESTART RUN !!!                              [0m
     > clock restarted at time:    0.00   1 2008
 
 [34m --> call get_run_steps[0m
         144  steps to run for fesom      job submission
 [34m --> call mesh_setup[0m
 [36m     --> call set_mesh_transform_matrix[0m
 [36m     --> call read_mesh[0m
           0 rpart is read
 myLists are read
 reading /albedo/work/projects/p_clidyn_work/rjuhrban/double_gyre/m100/nod2d.out
 reading /albedo/work/projects/p_clidyn_work/rjuhrban/double_gyre/m100/elem2d.out
 elements are read
 communication arrays are read
 =========================
 2D mesh was read in   8.689840308215935E-002  seconds
 2D mesh info : nod2D=         389  elem2D=         702 checksum= 
 =========================
 [36m     --> call init_mpi_types[0m
 [36m     --> call init_gatherLists[0m
 Communication arrays are set
 [36m     --> call test_tri[0m
 test_tri finished in   3.650071448646486E-006  seconds
 =========================
 [36m     --> call load_edges[0m
 reading /albedo/work/projects/p_clidyn_work/rjuhrban/double_gyre/m100/edgenum.out
 2D mesh info : edge2D=        1090
 reading /albedo/work/projects/p_clidyn_work/rjuhrban/double_gyre/m100/edges.out
 reading /albedo/work/projects/p_clidyn_work/rjuhrban/double_gyre/m100/edge_tri.out
 load_edges finished in   4.631284493370913E-003  seconds
 =========================
 [36m     --> call find_neighbors[0m
 find_neighbors finished in   2.954500290798023E-003  seconds
 =========================
 [36m     --> call find_levels[0m
 reading /albedo/work/projects/p_clidyn_work/rjuhrban/double_gyre/m100/elvls.out
 reading /albedo/work/projects/p_clidyn_work/rjuhrban/double_gyre/m100/nlvls.out
 ____________________________________________________________________
  --> 3D mesh was read in   2.686945824825671E-002  seconds
  --> Min/max depth on mype :            0   4000.00000000000        4000.00000000000     
 [36m     --> call find_levels_min_e2n[0m
 ____________________________________________________________________
  --> find min/max level e2n in  3.294367197668180E-004  seconds
 [36m     --> call mesh_areas[0m
 ____________________________________________________________________
  --> mesh statistics:           0
           0 maxArea    8831835589.32587         MinArea    8415276695.49772     
           0 maxScArea    17565690548.2392         MinScArea    16940789623.1981     
           0 Edges:            1090  internal         1016
      > Total ocean surface area is           :    5843962925012.69       m^2
      > Total ocean surface area with cavity is:    5843962925012.69       m^2
      > mesh_areas finished in   9.257888887077570E-004  seconds
 [36m     --> call mesh_auxiliary_arrays[0m
 mesh_auxiliary_arrays finished in   1.074861938832328E-003  seconds
 =========================
 FESOM mesh_setup... complete
 [34m --> call check_mesh_consistency[0m
 ***start level area_test***
   5843962925012.69        5843962925012.69     
   5843962925012.69        5843962925012.69     
   5843962925012.69        5843962925012.69     
   5843962925012.69        5843962925012.69     
   5843962925012.69        5843962925012.69     
   5843962925012.69        5843962925012.69     
   5843962925012.69        5843962925012.69     
   5843962925012.69        5843962925012.69     
   5843962925012.69        5843962925012.69     
   5843962925012.69        5843962925012.69     
   5843962925012.69        5843962925012.69     
   5843962925012.69        5843962925012.69     
   5843962925012.69        5843962925012.69     
   5843962925012.69        5843962925012.69     
   5843962925012.69        5843962925012.69     
   5843962925012.69        5843962925012.69     
   5843962925012.69        5843962925012.69     
   5843962925012.69        5843962925012.69     
   5843962925012.69        5843962925012.69     
   5843962925012.69        5843962925012.69     
   5843962925012.69        5843962925012.69     
   5843962925012.69        5843962925012.69     
   5843962925012.69        5843962925012.69     
   5843962925012.69        5843962925012.69     
   5843962925012.69        5843962925012.69     
   5843962925012.69        5843962925012.69     
   5843962925012.69        5843962925012.69     
   5843962925012.69        5843962925012.69     
   5843962925012.69        5843962925012.69     
   5843962925012.69        5843962925012.69     
   5843962925012.69        5843962925012.69     
   5843962925012.69        5843962925012.69     
   5843962925012.69        5843962925012.69     
   5843962925012.69        5843962925012.69     
   5843962925012.69        5843962925012.69     
   5843962925012.69        5843962925012.69     
   5843962925012.69        5843962925012.69     
   5843962925012.69        5843962925012.69     
   5843962925012.69        5843962925012.69     
   5843962925012.69        5843962925012.69     
  0.000000000000000E+000  0.000000000000000E+000
 ***end level area_test***
 [34m --> call dynamics_init[0m
      file   : namelist.dyn open ok
 [34m --> call tracer_init[0m
      file   : namelist.tra open ok
 number of tracers will be changed from          100  to            2 !
 total number of tracers is:            2
 [34m --> call arrays_init[0m
 [34m --> call ocean_setup[0m
 ____________________________________________________________
  --> initialise ALE arrays + sparse SSH stiff matrix
 
 [36m     --> call init_ale[0m
 [36m     --> call init_stiff_mat_ale[0m
 ____________________________________________________________
  --> initialise ssh operator using unperturbed ocean depth
      > in stiff_mat_ale, reading /albedo/work/projects/p_clidyn_work/rjuhrban/double_gyre/m100/dist_60/rpart.out
      took:   4.338388534961268E-004  sec
 
 Arrays are set
 [36m     --> call oce_adv_tra_fct_init[0m
 FCT is initialized
           0 COR  0.993800598845800       0.933901681697525     
           0 COR_n  0.999790490560628       0.927911789982697     
 ____________________________________________________________
  --> call init_thickness_ale
 
 [36m     --> call init_thickness_ale[0m
 ____________________________________________________________
  --> initialise ALE layerthicknesses, depth levels and middepth levels
 
           2 COR  0.975830923701317       0.903952223123387     
           2 COR_n  0.981820815416145       0.891972439693731     
           1 COR   1.01177027399028       0.951871356842007     
           1 COR_n   1.01776016570511       0.945881465127180     
           4 COR  0.903952223123387       0.844053305975111     
           4 COR_n  0.909942114838214       0.838063414260283     
           3 COR  0.939891573412352       0.879992656264076     
           3 COR_n  0.945881465127180       0.874002764549249     
           7 COR   1.04770962427925       0.987810707130973     
           7 COR_n   1.05369951599408       0.981820815416145     
           6 COR  0.921921898267869       0.862022981119593     
           6 COR_n  0.927911789982697       0.856033089404766     
          26 COR  0.760194821967525       0.700295904819249     
          26 COR_n  0.766184713682352       0.694306013104421     
          27 COR  0.760194821967525       0.706285796534076     
          27 COR_n  0.766184713682352       0.694306013104421     
          28 COR  0.814103847400973       0.742225146823042     
          28 COR_n  0.820093739115801       0.730245363393387     
           5 COR  0.975830923701317       0.915932006553042     
           5 COR_n  0.981820815416145       0.909942114838214     
           8 COR   1.09562875799787        1.02375005741994     
           8 COR_n   1.10760854142752        1.01776016570511     
           9 COR   1.10161864971270        1.04171973256442     
           9 COR_n   1.10760854142752        1.03572984084959     
          10 COR   1.14953778343132        1.07765908285339     
          10 COR_n   1.16151756686097        1.07166919113856     
          11 COR   1.04770962427925       0.969841031986490     
          11 COR_n   1.05369951599408       0.963851140271662     
          12 COR   1.06567929942373        1.00578038227546     
          12 COR_n   1.07166919113856       0.999790490560628     
          13 COR   1.02973994913477       0.969841031986490     
          13 COR_n   1.03572984084959       0.963851140271662     
          24 COR  0.850043197689938       0.790144280541663     
          24 COR_n  0.856033089404766       0.784154388826835     
          25 COR  0.814103847400973       0.754204930252697     
          25 COR_n  0.820093739115801       0.748215038537870     
          29 COR  0.832073522545456       0.754204930252697     
          29 COR_n  0.838063414260283       0.748215038537870     
          31 COR   1.10161864971270        1.05968940770890     
          31 COR_n   1.10760854142752        1.05369951599408     
          43 COR   1.09562875799787        1.02973994913477     
          43 COR_n   1.10760854142752        1.01776016570511     
          45 COR   1.22740637572408        1.16750745857580     
          45 COR_n   1.23339626743890        1.16151756686097     
          47 COR   1.27532550944270        1.22141648400925     
          47 COR_n   1.28730529287235        1.21542659229442     
          49 COR   1.13755800000166        1.07765908285339     
          49 COR_n   1.14354789171649        1.07166919113856     
          53 COR   1.33522442659097        1.29329518458718     
          53 COR_n   1.34121431830580        1.28730529287235     
          55 COR   1.29928507630201        1.23938615915373     
          55 COR_n   1.30527496801683        1.23339626743890     
 Initial state
 [34m --> call find_node_neighbors[0m
          14 COR  0.993800598845800       0.933901681697525     
          14 COR_n  0.999790490560628       0.927911789982697     
          15 COR  0.939891573412352       0.862022981119593     
          15 COR_n  0.945881465127180       0.856033089404766     
          16 COR  0.921921898267869       0.879992656264076     
          16 COR_n  0.927911789982697       0.874002764549249     
          17 COR  0.957861248556835       0.915932006553042     
          17 COR_n  0.963851140271662       0.909942114838214     
          18 COR  0.939891573412352       0.885982547978904     
          18 COR_n  0.945881465127180       0.874002764549249     
          19 COR  0.921921898267869       0.850043197689938     
          19 COR_n  0.927911789982697       0.838063414260283     
          20 COR  0.868012872834421       0.796134172256490     
          20 COR_n  0.874002764549249       0.784154388826835     
          21 COR  0.885982547978904       0.808113955686145     
          21 COR_n  0.891972439693731       0.802124063971318     
          22 COR  0.868012872834421       0.790144280541663     
          22 COR_n  0.874002764549249       0.784154388826835     
          23 COR  0.885982547978904       0.826083630830628     
          23 COR_n  0.891972439693731       0.820093739115801     
          30 COR   1.06567929942373        1.00578038227546     
          30 COR_n   1.07166919113856       0.999790490560628     
          32 COR   1.06567929942373        1.00578038227546     
          32 COR_n   1.07166919113856       0.999790490560628     
          33 COR   1.01177027399028       0.951871356842007     
          33 COR_n   1.01776016570511       0.945881465127180     
          34 COR  0.993800598845800       0.933901681697525     
          34 COR_n  0.999790490560628       0.927911789982697     
          35 COR  0.993800598845800       0.933901681697525     
          35 COR_n  0.999790490560628       0.927911789982697     
          36 COR   1.04770962427925       0.969841031986490     
          36 COR_n   1.05369951599408       0.963851140271662     
          37 COR   1.13755800000166        1.05968940770890     
          37 COR_n   1.14354789171649        1.05369951599408     
          38 COR   1.13755800000166        1.07765908285339     
          38 COR_n   1.14354789171649        1.07166919113856     
          39 COR   1.13755800000166        1.07765908285339     
          39 COR_n   1.14354789171649        1.07166919113856     
          40 COR   1.15552767514614        1.07765908285339     
          40 COR_n   1.16151756686097        1.07166919113856     
          41 COR   1.04770962427925       0.987810707130973     
          41 COR_n   1.05369951599408       0.981820815416145     
          42 COR   1.08364897456821        1.04171973256442     
          42 COR_n   1.08963886628304        1.03572984084959     
          44 COR   1.04770962427925       0.975830923701317     
          44 COR_n   1.05369951599408       0.963851140271662     
          46 COR   1.22740637572408        1.16750745857580     
          46 COR_n   1.23339626743890        1.16151756686097     
          48 COR   1.19146702543511        1.13156810828683     
          48 COR_n   1.19745691714994        1.12557821657201     
          50 COR   1.17349735029063        1.13156810828683     
          50 COR_n   1.17948724200546        1.12557821657201     
          51 COR   1.15552767514614        1.09562875799787     
          51 COR_n   1.16151756686097        1.08963886628304     
          52 COR   1.32923453487614        1.25735583429821     
          52 COR_n   1.34121431830580        1.25136594258339     
          54 COR   1.28131540115752        1.22141648400925     
          54 COR_n   1.28730529287235        1.21542659229442     
          56 COR   1.19146702543511        1.13156810828683     
          56 COR_n   1.19745691714994        1.12557821657201     
          57 COR   1.22141648400925        1.14953778343132     
          57 COR_n   1.23339626743890        1.14354789171649     
          58 COR   1.22740637572408        1.14953778343132     
          58 COR_n   1.23339626743890        1.14354789171649     
          59 COR   1.24537605086856        1.18547713372028     
          59 COR_n   1.25136594258339        1.17948724200546     
 [37m         --> call load_nn_normalization_params[0m
 [37m         --> call load_nn_output_unnormalization_params[0m
 output unnormalization params full:
 output unnormalization params train:
 FESOM ocean_setup... complete
 ****************************************************
 use_landice_water F
 use_age_tracer F
 [1;33m --> read restarts from netcdf file: ocean[0m
 reading restart for ssh at /albedo/work/projects/p_clidyn_work/rjuhrban/double_gyre/m100/results/NN_after_spinup_none/GM/short_run_to_check_runtime_outputfreq_d/fesom.2007.oce.restart/ssh.nc
==================================
RESTART READ TIMING for file: ssh
  NetCDF read time:       0.000 seconds
  MPI scatter time:       0.009 seconds
  TOTAL time:             0.009 seconds
==================================
 restart from record            1  of            1 /albedo/work/projects/p_clidyn_work/rjuhrban/double_gyre/m100/results/NN_after_spinup_none/GM/short_run_to_check_runtime_outputfreq_d/fesom.2007.oce.restart/ssh.nc
 reading restart for hbar at /albedo/work/projects/p_clidyn_work/rjuhrban/double_gyre/m100/results/NN_after_spinup_none/GM/short_run_to_check_runtime_outputfreq_d/fesom.2007.oce.restart/hbar.nc
 [33m____________________________________________________________[0m
 [5;33m --> WARNING: RESTART TIMESTAMP MISMATCH !!!               [0m
 WARNING: timestamps in restart and in clock files do not match for ssh
          at path: /albedo/work/projects/p_clidyn_work/rjuhrban/double_gyre/m100/results/NN_after_spinup_none/GM/short_run_to_check_runtime_outputfreq_d/fesom.2007.oce.restart/ssh.nc
          clock time  =   31534800.0000000     
          restart time=   31535400.0000000     
 WARNING: This mismatch will be ignored and the model will continue running.
 WARNING: Please verify that this is the intended behavior for your simulation.
 [33m____________________________________________________________[0m
==================================
RESTART READ TIMING for file: hbar
  NetCDF read time:       0.000 seconds
  MPI scatter time:       0.005 seconds
  TOTAL time:             0.005 seconds
==================================
 restart from record            1  of            1 /albedo/work/projects/p_clidyn_work/rjuhrban/double_gyre/m100/results/NN_after_spinup_none/GM/short_run_to_check_runtime_outputfreq_d/fesom.2007.oce.restart/hbar.nc
 reading restart for ssh_rhs_old at /albedo/work/projects/p_clidyn_work/rjuhrban/double_gyre/m100/results/NN_after_spinup_none/GM/short_run_to_check_runtime_outputfreq_d/fesom.2007.oce.restart/ssh_rhs_old.nc
 [33m____________________________________________________________[0m
 [5;33m --> WARNING: RESTART TIMESTAMP MISMATCH !!!               [0m
 WARNING: timestamps in restart and in clock files do not match for hbar
          at path: /albedo/work/projects/p_clidyn_work/rjuhrban/double_gyre/m100/results/NN_after_spinup_none/GM/short_run_to_check_runtime_outputfreq_d/fesom.2007.oce.restart/hbar.nc
          clock time  =   31534800.0000000     
          restart time=   31535400.0000000     
 WARNING: This mismatch will be ignored and the model will continue running.
 WARNING: Please verify that this is the intended behavior for your simulation.
 [33m____________________________________________________________[0m
==================================
RESTART READ TIMING for file: ssh_rhs_old
  NetCDF read time:       0.000 seconds
  MPI scatter time:       0.005 seconds
  TOTAL time:             0.005 seconds
==================================
 restart from record            1  of            1 /albedo/work/projects/p_clidyn_work/rjuhrban/double_gyre/m100/results/NN_after_spinup_none/GM/short_run_to_check_runtime_outputfreq_d/fesom.2007.oce.restart/ssh_rhs_old.nc
 reading restart for hnode at /albedo/work/projects/p_clidyn_work/rjuhrban/double_gyre/m100/results/NN_after_spinup_none/GM/short_run_to_check_runtime_outputfreq_d/fesom.2007.oce.restart/hnode.nc
 [33m____________________________________________________________[0m
 [5;33m --> WARNING: RESTART TIMESTAMP MISMATCH !!!               [0m
 WARNING: timestamps in restart and in clock files do not match for ssh_rhs_old
          at path: /albedo/work/projects/p_clidyn_work/rjuhrban/double_gyre/m100/results/NN_after_spinup_none/GM/short_run_to_check_runtime_outputfreq_d/fesom.2007.oce.restart/ssh_rhs_old.nc
          clock time  =   31534800.0000000     
          restart time=   31535400.0000000     
 WARNING: This mismatch will be ignored and the model will continue running.
 WARNING: Please verify that this is the intended behavior for your simulation.
 [33m____________________________________________________________[0m
==================================
RESTART READ TIMING for file: hnode
  NetCDF read time:       0.000 seconds
  MPI scatter time:       0.009 seconds
  TOTAL time:             0.009 seconds
==================================
 restart from record            1  of            1 /albedo/work/projects/p_clidyn_work/rjuhrban/double_gyre/m100/results/NN_after_spinup_none/GM/short_run_to_check_runtime_outputfreq_d/fesom.2007.oce.restart/hnode.nc
 reading restart for u at /albedo/work/projects/p_clidyn_work/rjuhrban/double_gyre/m100/results/NN_after_spinup_none/GM/short_run_to_check_runtime_outputfreq_d/fesom.2007.oce.restart/u.nc
 [33m____________________________________________________________[0m
 [5;33m --> WARNING: RESTART TIMESTAMP MISMATCH !!!               [0m
 WARNING: timestamps in restart and in clock files do not match for hnode
          at path: /albedo/work/projects/p_clidyn_work/rjuhrban/double_gyre/m100/results/NN_after_spinup_none/GM/short_run_to_check_runtime_outputfreq_d/fesom.2007.oce.restart/hnode.nc
          clock time  =   31534800.0000000     
          restart time=   31535400.0000000     
 WARNING: This mismatch will be ignored and the model will continue running.
 WARNING: Please verify that this is the intended behavior for your simulation.
 [33m____________________________________________________________[0m
==================================
RESTART READ TIMING for file: u
  NetCDF read time:       0.000 seconds
  MPI scatter time:       0.009 seconds
  TOTAL time:             0.009 seconds
==================================
 restart from record            1  of            1 /albedo/work/projects/p_clidyn_work/rjuhrban/double_gyre/m100/results/NN_after_spinup_none/GM/short_run_to_check_runtime_outputfreq_d/fesom.2007.oce.restart/u.nc
 reading restart for v at /albedo/work/projects/p_clidyn_work/rjuhrban/double_gyre/m100/results/NN_after_spinup_none/GM/short_run_to_check_runtime_outputfreq_d/fesom.2007.oce.restart/v.nc
 [33m____________________________________________________________[0m
 [5;33m --> WARNING: RESTART TIMESTAMP MISMATCH !!!               [0m
 WARNING: timestamps in restart and in clock files do not match for u
          at path: /albedo/work/projects/p_clidyn_work/rjuhrban/double_gyre/m100/results/NN_after_spinup_none/GM/short_run_to_check_runtime_outputfreq_d/fesom.2007.oce.restart/u.nc
          clock time  =   31534800.0000000     
          restart time=   31535400.0000000     
 WARNING: This mismatch will be ignored and the model will continue running.
 WARNING: Please verify that this is the intended behavior for your simulation.
 [33m____________________________________________________________[0m
==================================
RESTART READ TIMING for file: v
  NetCDF read time:       0.000 seconds
  MPI scatter time:       0.009 seconds
  TOTAL time:             0.009 seconds
==================================
 restart from record            1  of            1 /albedo/work/projects/p_clidyn_work/rjuhrban/double_gyre/m100/results/NN_after_spinup_none/GM/short_run_to_check_runtime_outputfreq_d/fesom.2007.oce.restart/v.nc
 reading restart for urhs_AB at /albedo/work/projects/p_clidyn_work/rjuhrban/double_gyre/m100/results/NN_after_spinup_none/GM/short_run_to_check_runtime_outputfreq_d/fesom.2007.oce.restart/urhs_AB.nc
 [33m____________________________________________________________[0m
 [5;33m --> WARNING: RESTART TIMESTAMP MISMATCH !!!               [0m
 WARNING: timestamps in restart and in clock files do not match for v
          at path: /albedo/work/projects/p_clidyn_work/rjuhrban/double_gyre/m100/results/NN_after_spinup_none/GM/short_run_to_check_runtime_outputfreq_d/fesom.2007.oce.restart/v.nc
          clock time  =   31534800.0000000     
          restart time=   31535400.0000000     
 WARNING: This mismatch will be ignored and the model will continue running.
 WARNING: Please verify that this is the intended behavior for your simulation.
 [33m____________________________________________________________[0m
==================================
RESTART READ TIMING for file: urhs_AB
  NetCDF read time:       0.000 seconds
  MPI scatter time:       0.009 seconds
  TOTAL time:             0.009 seconds
==================================
 restart from record            1  of            1 /albedo/work/projects/p_clidyn_work/rjuhrban/double_gyre/m100/results/NN_after_spinup_none/GM/short_run_to_check_runtime_outputfreq_d/fesom.2007.oce.restart/urhs_AB.nc
 reading restart for vrhs_AB at /albedo/work/projects/p_clidyn_work/rjuhrban/double_gyre/m100/results/NN_after_spinup_none/GM/short_run_to_check_runtime_outputfreq_d/fesom.2007.oce.restart/vrhs_AB.nc
 [33m____________________________________________________________[0m
 [5;33m --> WARNING: RESTART TIMESTAMP MISMATCH !!!               [0m
 WARNING: timestamps in restart and in clock files do not match for urhs_AB
          at path: /albedo/work/projects/p_clidyn_work/rjuhrban/double_gyre/m100/results/NN_after_spinup_none/GM/short_run_to_check_runtime_outputfreq_d/fesom.2007.oce.restart/urhs_AB.nc
          clock time  =   31534800.0000000     
          restart time=   31535400.0000000     
 WARNING: This mismatch will be ignored and the model will continue running.
 WARNING: Please verify that this is the intended behavior for your simulation.
 [33m____________________________________________________________[0m
==================================
RESTART READ TIMING for file: vrhs_AB
  NetCDF read time:       0.000 seconds
  MPI scatter time:       0.010 seconds
  TOTAL time:             0.010 seconds
==================================
 restart from record            1  of            1 /albedo/work/projects/p_clidyn_work/rjuhrban/double_gyre/m100/results/NN_after_spinup_none/GM/short_run_to_check_runtime_outputfreq_d/fesom.2007.oce.restart/vrhs_AB.nc
 reading restart for temp at /albedo/work/projects/p_clidyn_work/rjuhrban/double_gyre/m100/results/NN_after_spinup_none/GM/short_run_to_check_runtime_outputfreq_d/fesom.2007.oce.restart/temp.nc
 [33m____________________________________________________________[0m
 [5;33m --> WARNING: RESTART TIMESTAMP MISMATCH !!!               [0m
 WARNING: timestamps in restart and in clock files do not match for vrhs_AB
          at path: /albedo/work/projects/p_clidyn_work/rjuhrban/double_gyre/m100/results/NN_after_spinup_none/GM/short_run_to_check_runtime_outputfreq_d/fesom.2007.oce.restart/vrhs_AB.nc
          clock time  =   31534800.0000000     
          restart time=   31535400.0000000     
 WARNING: This mismatch will be ignored and the model will continue running.
 WARNING: Please verify that this is the intended behavior for your simulation.
 [33m____________________________________________________________[0m
==================================
RESTART READ TIMING for file: temp
  NetCDF read time:       0.000 seconds
  MPI scatter time:       0.009 seconds
  TOTAL time:             0.009 seconds
==================================
 restart from record            1  of            1 /albedo/work/projects/p_clidyn_work/rjuhrban/double_gyre/m100/results/NN_after_spinup_none/GM/short_run_to_check_runtime_outputfreq_d/fesom.2007.oce.restart/temp.nc
 reading restart for temp_AB at /albedo/work/projects/p_clidyn_work/rjuhrban/double_gyre/m100/results/NN_after_spinup_none/GM/short_run_to_check_runtime_outputfreq_d/fesom.2007.oce.restart/temp_AB.nc
 [33m____________________________________________________________[0m
 [5;33m --> WARNING: RESTART TIMESTAMP MISMATCH !!!               [0m
 WARNING: timestamps in restart and in clock files do not match for temp
          at path: /albedo/work/projects/p_clidyn_work/rjuhrban/double_gyre/m100/results/NN_after_spinup_none/GM/short_run_to_check_runtime_outputfreq_d/fesom.2007.oce.restart/temp.nc
          clock time  =   31534800.0000000     
          restart time=   31535400.0000000     
 WARNING: This mismatch will be ignored and the model will continue running.
 WARNING: Please verify that this is the intended behavior for your simulation.
 [33m____________________________________________________________[0m
==================================
RESTART READ TIMING for file: temp_AB
  NetCDF read time:       0.000 seconds
  MPI scatter time:       0.010 seconds
  TOTAL time:             0.010 seconds
==================================
 restart from record            1  of            1 /albedo/work/projects/p_clidyn_work/rjuhrban/double_gyre/m100/results/NN_after_spinup_none/GM/short_run_to_check_runtime_outputfreq_d/fesom.2007.oce.restart/temp_AB.nc
 [33m____________________________________________________________[0m
 [5;33m --> WARNING: RESTART TIMESTAMP MISMATCH !!!               [0m
 WARNING: timestamps in restart and in clock files do not match for temp_AB
          at path: /albedo/work/projects/p_clidyn_work/rjuhrban/double_gyre/m100/results/NN_after_spinup_none/GM/short_run_to_check_runtime_outputfreq_d/fesom.2007.oce.restart/temp_AB.nc
          clock time  =   31534800.0000000     
          restart time=   31535400.0000000     
 WARNING: This mismatch will be ignored and the model will continue running.
 WARNING: Please verify that this is the intended behavior for your simulation.
 [33m____________________________________________________________[0m
 reading restart for temp_M1 at /albedo/work/projects/p_clidyn_work/rjuhrban/double_gyre/m100/results/NN_after_spinup_none/GM/short_run_to_check_runtime_outputfreq_d/fesom.2007.oce.restart/temp_M1.nc
==================================
RESTART READ TIMING for file: temp_M1
  NetCDF read time:       0.000 seconds
  MPI scatter time:       0.004 seconds
  TOTAL time:             0.004 seconds
==================================
 restart from record            1  of            1 /albedo/work/projects/p_clidyn_work/rjuhrban/double_gyre/m100/results/NN_after_spinup_none/GM/short_run_to_check_runtime_outputfreq_d/fesom.2007.oce.restart/temp_M1.nc
 reading restart for salt at /albedo/work/projects/p_clidyn_work/rjuhrban/double_gyre/m100/results/NN_after_spinup_none/GM/short_run_to_check_runtime_outputfreq_d/fesom.2007.oce.restart/salt.nc
 [33m____________________________________________________________[0m
 [5;33m --> WARNING: RESTART TIMESTAMP MISMATCH !!!               [0m
 WARNING: timestamps in restart and in clock files do not match for temp_M1
          at path: /albedo/work/projects/p_clidyn_work/rjuhrban/double_gyre/m100/results/NN_after_spinup_none/GM/short_run_to_check_runtime_outputfreq_d/fesom.2007.oce.restart/temp_M1.nc
          clock time  =   31534800.0000000     
          restart time=   31535400.0000000     
 WARNING: This mismatch will be ignored and the model will continue running.
 WARNING: Please verify that this is the intended behavior for your simulation.
 [33m____________________________________________________________[0m
==================================
RESTART READ TIMING for file: salt
  NetCDF read time:       0.000 seconds
  MPI scatter time:       0.009 seconds
  TOTAL time:             0.009 seconds
==================================
 restart from record            1  of            1 /albedo/work/projects/p_clidyn_work/rjuhrban/double_gyre/m100/results/NN_after_spinup_none/GM/short_run_to_check_runtime_outputfreq_d/fesom.2007.oce.restart/salt.nc
 reading restart for salt_AB at /albedo/work/projects/p_clidyn_work/rjuhrban/double_gyre/m100/results/NN_after_spinup_none/GM/short_run_to_check_runtime_outputfreq_d/fesom.2007.oce.restart/salt_AB.nc
 [33m____________________________________________________________[0m
 [5;33m --> WARNING: RESTART TIMESTAMP MISMATCH !!!               [0m
 WARNING: timestamps in restart and in clock files do not match for salt
          at path: /albedo/work/projects/p_clidyn_work/rjuhrban/double_gyre/m100/results/NN_after_spinup_none/GM/short_run_to_check_runtime_outputfreq_d/fesom.2007.oce.restart/salt.nc
          clock time  =   31534800.0000000     
          restart time=   31535400.0000000     
 WARNING: This mismatch will be ignored and the model will continue running.
 WARNING: Please verify that this is the intended behavior for your simulation.
 [33m____________________________________________________________[0m
==================================
RESTART READ TIMING for file: salt_AB
  NetCDF read time:       0.000 seconds
  MPI scatter time:       0.009 seconds
  TOTAL time:             0.009 seconds
==================================
 restart from record            1  of            1 /albedo/work/projects/p_clidyn_work/rjuhrban/double_gyre/m100/results/NN_after_spinup_none/GM/short_run_to_check_runtime_outputfreq_d/fesom.2007.oce.restart/salt_AB.nc
 [33m____________________________________________________________[0m
 [5;33m --> WARNING: RESTART TIMESTAMP MISMATCH !!!               [0m
 WARNING: timestamps in restart and in clock files do not match for salt_AB
          at path: /albedo/work/projects/p_clidyn_work/rjuhrban/double_gyre/m100/results/NN_after_spinup_none/GM/short_run_to_check_runtime_outputfreq_d/fesom.2007.oce.restart/salt_AB.nc
          clock time  =   31534800.0000000     
          restart time=   31535400.0000000     
 WARNING: This mismatch will be ignored and the model will continue running.
 WARNING: Please verify that this is the intended behavior for your simulation.
 [33m____________________________________________________________[0m
 reading restart for salt_M1 at /albedo/work/projects/p_clidyn_work/rjuhrban/double_gyre/m100/results/NN_after_spinup_none/GM/short_run_to_check_runtime_outputfreq_d/fesom.2007.oce.restart/salt_M1.nc
==================================
RESTART READ TIMING for file: salt_M1
  NetCDF read time:       0.000 seconds
  MPI scatter time:       0.004 seconds
  TOTAL time:             0.004 seconds
==================================
 restart from record            1  of            1 /albedo/work/projects/p_clidyn_work/rjuhrban/double_gyre/m100/results/NN_after_spinup_none/GM/short_run_to_check_runtime_outputfreq_d/fesom.2007.oce.restart/salt_M1.nc
 reading restart for w at /albedo/work/projects/p_clidyn_work/rjuhrban/double_gyre/m100/results/NN_after_spinup_none/GM/short_run_to_check_runtime_outputfreq_d/fesom.2007.oce.restart/w.nc
 [33m____________________________________________________________[0m
 [5;33m --> WARNING: RESTART TIMESTAMP MISMATCH !!!               [0m
 WARNING: timestamps in restart and in clock files do not match for salt_M1
          at path: /albedo/work/projects/p_clidyn_work/rjuhrban/double_gyre/m100/results/NN_after_spinup_none/GM/short_run_to_check_runtime_outputfreq_d/fesom.2007.oce.restart/salt_M1.nc
          clock time  =   31534800.0000000     
          restart time=   31535400.0000000     
 WARNING: This mismatch will be ignored and the model will continue running.
 WARNING: Please verify that this is the intended behavior for your simulation.
 [33m____________________________________________________________[0m
==================================
RESTART READ TIMING for file: w
  NetCDF read time:       0.000 seconds
  MPI scatter time:       0.009 seconds
  TOTAL time:             0.009 seconds
==================================
 restart from record            1  of            1 /albedo/work/projects/p_clidyn_work/rjuhrban/double_gyre/m100/results/NN_after_spinup_none/GM/short_run_to_check_runtime_outputfreq_d/fesom.2007.oce.restart/w.nc
 reading restart for w_expl at /albedo/work/projects/p_clidyn_work/rjuhrban/double_gyre/m100/results/NN_after_spinup_none/GM/short_run_to_check_runtime_outputfreq_d/fesom.2007.oce.restart/w_expl.nc
 [33m____________________________________________________________[0m
 [5;33m --> WARNING: RESTART TIMESTAMP MISMATCH !!!               [0m
 WARNING: timestamps in restart and in clock files do not match for w
          at path: /albedo/work/projects/p_clidyn_work/rjuhrban/double_gyre/m100/results/NN_after_spinup_none/GM/short_run_to_check_runtime_outputfreq_d/fesom.2007.oce.restart/w.nc
          clock time  =   31534800.0000000     
          restart time=   31535400.0000000     
 WARNING: This mismatch will be ignored and the model will continue running.
 WARNING: Please verify that this is the intended behavior for your simulation.
 [33m____________________________________________________________[0m
==================================
RESTART READ TIMING for file: w_expl
  NetCDF read time:       0.000 seconds
  MPI scatter time:       0.010 seconds
  TOTAL time:             0.010 seconds
==================================
 restart from record            1  of            1 /albedo/work/projects/p_clidyn_work/rjuhrban/double_gyre/m100/results/NN_after_spinup_none/GM/short_run_to_check_runtime_outputfreq_d/fesom.2007.oce.restart/w_expl.nc
 reading restart for w_impl at /albedo/work/projects/p_clidyn_work/rjuhrban/double_gyre/m100/results/NN_after_spinup_none/GM/short_run_to_check_runtime_outputfreq_d/fesom.2007.oce.restart/w_impl.nc
 [33m____________________________________________________________[0m
 [5;33m --> WARNING: RESTART TIMESTAMP MISMATCH !!!               [0m
 WARNING: timestamps in restart and in clock files do not match for w_expl
          at path: /albedo/work/projects/p_clidyn_work/rjuhrban/double_gyre/m100/results/NN_after_spinup_none/GM/short_run_to_check_runtime_outputfreq_d/fesom.2007.oce.restart/w_expl.nc
          clock time  =   31534800.0000000     
          restart time=   31535400.0000000     
 WARNING: This mismatch will be ignored and the model will continue running.
 WARNING: Please verify that this is the intended behavior for your simulation.
 [33m____________________________________________________________[0m
==================================
RESTART READ TIMING for file: w_impl
  NetCDF read time:       0.000 seconds
  MPI scatter time:       0.009 seconds
  TOTAL time:             0.009 seconds
==================================
 restart from record            1  of            1 /albedo/work/projects/p_clidyn_work/rjuhrban/double_gyre/m100/results/NN_after_spinup_none/GM/short_run_to_check_runtime_outputfreq_d/fesom.2007.oce.restart/w_impl.nc
 [33m____________________________________________________________[0m
 [5;33m --> WARNING: RESTART TIMESTAMP MISMATCH !!!               [0m
 WARNING: timestamps in restart and in clock files do not match for w_impl
          at path: /albedo/work/projects/p_clidyn_work/rjuhrban/double_gyre/m100/results/NN_after_spinup_none/GM/short_run_to_check_runtime_outputfreq_d/fesom.2007.oce.restart/w_impl.nc
          clock time  =   31534800.0000000     
          restart time=   31535400.0000000     
 WARNING: This mismatch will be ignored and the model will continue running.
 WARNING: Please verify that this is the intended behavior for your simulation.
 [33m____________________________________________________________[0m
 ____________________________________________________________
  --> restart ALE layerthicknesses, depth levels and middepth levels
 
 ==========================================
 MODEL SETUP took on mype=0 [seconds]      
 runtime setup total        0.3089085    
  > runtime setup mesh      0.1338088    
  > runtime setup ocean     1.6518747E-02
  > runtime setup forcing   2.7280563E-05
  > runtime setup ice       1.7940358E-05
  > runtime setup restart   0.1582479    
  > runtime setup other     2.8776587E-04
 ============================================
 current_nsteps, steps_per_ib_step, icb_outfreq :         144           8           0
 FESOM start iteration before the barrier...
 FESOM start iteration after the barrier...
 
 [32m____________________________________________________________[0m
 [7;32m --> FESOM STARTS TIME LOOP                                 [0m
 [34m --> call compute_vel_nodes[0m
 [34m --> call oce_timestep_ale[0m
 [36m     --> call pressure_bv[0m
 [36m     --> call pressure_force_4_...[0m
 [36m     --> call oce_mixing_PP[0m
 [36m     --> call compute_vel_rhs[0m
 [36m     --> call viscosity_filter[0m
 [37m         --> call visc_filt_bcksct[0m
 [36m     --> call impl_vert_visc_ale[0m
 [36m     --> call compute_ssh_rhs_ale[0m
 [36m     --> call update_vel[0m
 [36m     --> call compute_hbar_ale[0m
 [36m     --> call fer_solve_Gamma[0m
 [36m     --> call vert_vel_ale[0m
 [36m     --> call solve_tracers_ale[0m
 [37m         --> call init_tracers_AB[0m
 [38m             --> call tracer_gradient_elements[0m
 [38m             --> call tracer_gradient_z[0m
 [38m             --> call fill_up_dn_grad[0m
 [38m             --> call tracer_gradient_elements[0m
 [37m         --> call adv_tracers_ale[0m
 [37m         --> call diag_curl_vel3[0m
[prod-158:621829:0:621829] Caught signal 11 (Segmentation fault: address not mapped to object at address 0x8)
[prod-158:621851:0:621851] Caught signal 11 (Segmentation fault: address not mapped to object at address 0x8)
[prod-158:621853:0:621853] Caught signal 11 (Segmentation fault: address not mapped to object at address 0x8)
[prod-158:621855:0:621855] Caught signal 11 (Segmentation fault: address not mapped to object at address 0x8)
[prod-158:621879:0:621879] Caught signal 11 (Segmentation fault: address not mapped to object at address 0x8)
[prod-158:621826:0:621826] Caught signal 11 (Segmentation fault: address not mapped to object at address 0x8)
[prod-158:621827:0:621827] Caught signal 11 (Segmentation fault: address not mapped to object at address 0x8)
[prod-158:621828:0:621828] Caught signal 11 (Segmentation fault: address not mapped to object at address 0x8)
[prod-158:621830:0:621830] Caught signal 11 (Segmentation fault: address not mapped to object at address 0x8)
[prod-158:621831:0:621831] Caught signal 11 (Segmentation fault: address not mapped to object at address 0x8)
[prod-158:621832:0:621832] Caught signal 11 (Segmentation fault: address not mapped to object at address 0x8)
[prod-158:621833:0:621833] Caught signal 11 (Segmentation fault: address not mapped to object at address 0x8)
[prod-158:621850:0:621850] Caught signal 11 (Segmentation fault: address not mapped to object at address 0x8)
[prod-158:621852:0:621852] Caught signal 11 (Segmentation fault: address not mapped to object at address 0x8)
[prod-158:621854:0:621854] Caught signal 11 (Segmentation fault: address not mapped to object at address 0x8)
[prod-158:621871:0:621871] Caught signal 11 (Segmentation fault: address not mapped to object at address 0x8)
[prod-158:621873:0:621873] Caught signal 11 (Segmentation fault: address not mapped to object at address 0x8)
[prod-158:621874:0:621874] Caught signal 11 (Segmentation fault: address not mapped to object at address 0x8)
[prod-158:621876:0:621876] Caught signal 11 (Segmentation fault: address not mapped to object at address 0x8)
[prod-158:621878:0:621878] Caught signal 11 (Segmentation fault: address not mapped to object at address 0x8)
[prod-158:621880:0:621880] Caught signal 11 (Segmentation fault: address not mapped to object at address 0x8)
[prod-158:621881:0:621881] Caught signal 11 (Segmentation fault: address not mapped to object at address 0x8)
[prod-158:621885:0:621885] Caught signal 11 (Segmentation fault: address not mapped to object at address 0x8)
[prod-158:621834:0:621834] Caught signal 11 (Segmentation fault: address not mapped to object at address 0x8)
[prod-158:621835:0:621835] Caught signal 11 (Segmentation fault: address not mapped to object at address 0x8)
[prod-158:621836:0:621836] Caught signal 11 (Segmentation fault: address not mapped to object at address 0x8)
[prod-158:621837:0:621837] Caught signal 11 (Segmentation fault: address not mapped to object at address 0x8)
[prod-158:621838:0:621838] Caught signal 11 (Segmentation fault: address not mapped to object at address 0x8)
[prod-158:621839:0:621839] Caught signal 11 (Segmentation fault: address not mapped to object at address 0x8)
[prod-158:621840:0:621840] Caught signal 11 (Segmentation fault: address not mapped to object at address 0x8)
[prod-158:621841:0:621841] Caught signal 11 (Segmentation fault: address not mapped to object at address 0x8)
[prod-158:621842:0:621842] Caught signal 11 (Segmentation fault: address not mapped to object at address 0x8)
[prod-158:621843:0:621843] Caught signal 11 (Segmentation fault: address not mapped to object at address 0x8)
[prod-158:621844:0:621844] Caught signal 11 (Segmentation fault: address not mapped to object at address 0x8)
[prod-158:621845:0:621845] Caught signal 11 (Segmentation fault: address not mapped to object at address 0x8)
[prod-158:621846:0:621846] Caught signal 11 (Segmentation fault: address not mapped to object at address 0x8)
[prod-158:621847:0:621847] Caught signal 11 (Segmentation fault: address not mapped to object at address 0x8)
[prod-158:621848:0:621848] Caught signal 11 (Segmentation fault: address not mapped to object at address 0x8)
[prod-158:621849:0:621849] Caught signal 11 (Segmentation fault: address not mapped to object at address 0x8)
[prod-158:621856:0:621856] Caught signal 11 (Segmentation fault: address not mapped to object at address 0x8)
[prod-158:621857:0:621857] Caught signal 11 (Segmentation fault: address not mapped to object at address 0x8)
[prod-158:621858:0:621858] Caught signal 11 (Segmentation fault: address not mapped to object at address 0x8)
[prod-158:621859:0:621859] Caught signal 11 (Segmentation fault: address not mapped to object at address 0x8)
[prod-158:621860:0:621860] Caught signal 11 (Segmentation fault: address not mapped to object at address 0x8)
[prod-158:621861:0:621861] Caught signal 11 (Segmentation fault: address not mapped to object at address 0x8)
[prod-158:621862:0:621862] Caught signal 11 (Segmentation fault: address not mapped to object at address 0x8)
[prod-158:621863:0:621863] Caught signal 11 (Segmentation fault: address not mapped to object at address 0x8)
[prod-158:621864:0:621864] Caught signal 11 (Segmentation fault: address not mapped to object at address 0x8)
[prod-158:621865:0:621865] Caught signal 11 (Segmentation fault: address not mapped to object at address 0x8)
[prod-158:621866:0:621866] Caught signal 11 (Segmentation fault: address not mapped to object at address 0x8)
[prod-158:621867:0:621867] Caught signal 11 (Segmentation fault: address not mapped to object at address 0x8)
[prod-158:621868:0:621868] Caught signal 11 (Segmentation fault: address not mapped to object at address 0x8)
[prod-158:621869:0:621869] Caught signal 11 (Segmentation fault: address not mapped to object at address 0x8)
[prod-158:621870:0:621870] Caught signal 11 (Segmentation fault: address not mapped to object at address 0x8)
[prod-158:621872:0:621872] Caught signal 11 (Segmentation fault: address not mapped to object at address 0x8)
[prod-158:621875:0:621875] Caught signal 11 (Segmentation fault: address not mapped to object at address 0x8)
[prod-158:621877:0:621877] Caught signal 11 (Segmentation fault: address not mapped to object at address 0x8)
[prod-158:621882:0:621882] Caught signal 11 (Segmentation fault: address not mapped to object at address 0x8)
[prod-158:621883:0:621883] Caught signal 11 (Segmentation fault: address not mapped to object at address 0x8)
[prod-158:621884:0:621884] Caught signal 11 (Segmentation fault: address not mapped to object at address 0x8)
==== backtrace (tid: 621877) ====
 0 0x0000000000012990 __funlockfile()  :0
 1 0x00000000000f00ed diagnostics_mp_diag_curl_vel3_()  ???:0
 2 0x000000000028c126 solve_tracers_ale_()  ???:0
 3 0x000000000022ac77 oce_timestep_ale_()  ???:0
 4 0x0000000000078e03 fesom_module_mp_fesom_runloop_()  ???:0
 5 0x0000000000412748 MAIN__()  ???:0
 6 0x00000000004126e2 main()  ???:0
 7 0x000000000003a865 __libc_start_main()  ???:0
 8 0x00000000004125ee _start()  ???:0
=================================
==== backtrace (tid: 621863) ====
 0 0x0000000000012990 __funlockfile()  :0
 1 0x00000000000f00ed diagnostics_mp_diag_curl_vel3_()  ???:0
 2 0x000000000028c126 solve_tracers_ale_()  ???:0
 3 0x000000000022ac77 oce_timestep_ale_()  ???:0
 4 0x0000000000078e03 fesom_module_mp_fesom_runloop_()  ???:0
 5 0x0000000000412748 MAIN__()  ???:0
 6 0x00000000004126e2 main()  ???:0
 7 0x000000000003a865 __libc_start_main()  ???:0
 8 0x00000000004125ee _start()  ???:0
=================================
==== backtrace (tid: 621829) ====
 0 0x0000000000012990 __funlockfile()  :0
 1 0x00000000000f00ed diagnostics_mp_diag_curl_vel3_()  ???:0
 2 0x000000000028c126 solve_tracers_ale_()  ???:0
 3 0x000000000022ac77 oce_timestep_ale_()  ???:0
 4 0x0000000000078e03 fesom_module_mp_fesom_runloop_()  ???:0
 5 0x0000000000412748 MAIN__()  ???:0
 6 0x00000000004126e2 main()  ???:0
 7 0x000000000003a865 __libc_start_main()  ???:0
 8 0x00000000004125ee _start()  ???:0
=================================
==== backtrace (tid: 621859) ====
 0 0x0000000000012990 __funlockfile()  :0
 1 0x00000000000f00ed diagnostics_mp_diag_curl_vel3_()  ???:0
 2 0x000000000028c126 solve_tracers_ale_()  ???:0
 3 0x000000000022ac77 oce_timestep_ale_()  ???:0
 4 0x0000000000078e03 fesom_module_mp_fesom_runloop_()  ???:0
 5 0x0000000000412748 MAIN__()  ???:0
 6 0x00000000004126e2 main()  ???:0
 7 0x000000000003a865 __libc_start_main()  ???:0
 8 0x00000000004125ee _start()  ???:0
=================================
==== backtrace (tid: 621843) ====
 0 0x0000000000012990 __funlockfile()  :0
 1 0x00000000000f00ed diagnostics_mp_diag_curl_vel3_()  ???:0
 2 0x000000000028c126 solve_tracers_ale_()  ???:0
 3 0x000000000022ac77 oce_timestep_ale_()  ???:0
 4 0x0000000000078e03 fesom_module_mp_fesom_runloop_()  ???:0
 5 0x0000000000412748 MAIN__()  ???:0
 6 0x00000000004126e2 main()  ???:0
 7 0x000000000003a865 __libc_start_main()  ???:0
 8 0x00000000004125ee _start()  ???:0
=================================
==== backtrace (tid: 621828) ====
 0 0x0000000000012990 __funlockfile()  :0
 1 0x00000000000f00ed diagnostics_mp_diag_curl_vel3_()  ???:0
 2 0x000000000028c126 solve_tracers_ale_()  ???:0
 3 0x000000000022ac77 oce_timestep_ale_()  ???:0
 4 0x0000000000078e03 fesom_module_mp_fesom_runloop_()  ???:0
 5 0x0000000000412748 MAIN__()  ???:0
 6 0x00000000004126e2 main()  ???:0
 7 0x000000000003a865 __libc_start_main()  ???:0
 8 0x00000000004125ee _start()  ???:0
=================================
==== backtrace (tid: 621861) ====
 0 0x0000000000012990 __funlockfile()  :0
 1 0x00000000000f00ed diagnostics_mp_diag_curl_vel3_()  ???:0
 2 0x000000000028c126 solve_tracers_ale_()  ???:0
 3 0x000000000022ac77 oce_timestep_ale_()  ???:0
 4 0x0000000000078e03 fesom_module_mp_fesom_runloop_()  ???:0
 5 0x0000000000412748 MAIN__()  ???:0
 6 0x00000000004126e2 main()  ???:0
 7 0x000000000003a865 __libc_start_main()  ???:0
 8 0x00000000004125ee _start()  ???:0
=================================
==== backtrace (tid: 621851) ====
 0 0x0000000000012990 __funlockfile()  :0
 1 0x00000000000f00ed diagnostics_mp_diag_curl_vel3_()  ???:0
 2 0x000000000028c126 solve_tracers_ale_()  ???:0
 3 0x000000000022ac77 oce_timestep_ale_()  ???:0
 4 0x0000000000078e03 fesom_module_mp_fesom_runloop_()  ???:0
 5 0x0000000000412748 MAIN__()  ???:0
 6 0x00000000004126e2 main()  ???:0
 7 0x000000000003a865 __libc_start_main()  ???:0
 8 0x00000000004125ee _start()  ???:0
=================================
==== backtrace (tid: 621831) ====
 0 0x0000000000012990 __funlockfile()  :0
 1 0x00000000000f00ed diagnostics_mp_diag_curl_vel3_()  ???:0
 2 0x000000000028c126 solve_tracers_ale_()  ???:0
 3 0x000000000022ac77 oce_timestep_ale_()  ???:0
 4 0x0000000000078e03 fesom_module_mp_fesom_runloop_()  ???:0
 5 0x0000000000412748 MAIN__()  ???:0
 6 0x00000000004126e2 main()  ???:0
 7 0x000000000003a865 __libc_start_main()  ???:0
 8 0x00000000004125ee _start()  ???:0
=================================
==== backtrace (tid: 621839) ====
 0 0x0000000000012990 __funlockfile()  :0
 1 0x00000000000f00ed diagnostics_mp_diag_curl_vel3_()  ???:0
 2 0x000000000028c126 solve_tracers_ale_()  ???:0
 3 0x000000000022ac77 oce_timestep_ale_()  ???:0
 4 0x0000000000078e03 fesom_module_mp_fesom_runloop_()  ???:0
 5 0x0000000000412748 MAIN__()  ???:0
 6 0x00000000004126e2 main()  ???:0
 7 0x000000000003a865 __libc_start_main()  ???:0
 8 0x00000000004125ee _start()  ???:0
=================================
==== backtrace (tid: 621882) ====
 0 0x0000000000012990 __funlockfile()  :0
 1 0x00000000000f00ed diagnostics_mp_diag_curl_vel3_()  ???:0
 2 0x000000000028c126 solve_tracers_ale_()  ???:0
 3 0x000000000022ac77 oce_timestep_ale_()  ???:0
 4 0x0000000000078e03 fesom_module_mp_fesom_runloop_()  ???:0
 5 0x0000000000412748 MAIN__()  ???:0
 6 0x00000000004126e2 main()  ???:0
 7 0x000000000003a865 __libc_start_main()  ???:0
 8 0x00000000004125ee _start()  ???:0
=================================
forrtl: severe (174): SIGSEGV, segmentation fault occurred
Image              PC                Routine            Line        Source             
fesom.x            000000000042CF4A  for__signal_handl     Unknown  Unknown
libpthread-2.28.s  00001555492ED990  Unknown               Unknown  Unknown
libfesom.so        000015554B5F30ED  diagnostics_mp_di     Unknown  Unknown
libfesom.so        000015554B78F126  solve_tracers_ale     Unknown  Unknown
libfesom.so        000015554B72DC77  oce_timestep_ale_     Unknown  Unknown
libfesom.so        000015554B57BE03  fesom_module_mp_f     Unknown  Unknown
fesom.x            0000000000412748  MAIN__                Unknown  Unknown
fesom.x            00000000004126E2  Unknown               Unknown  Unknown
libc-2.28.so       0000155548BBD865  __libc_start_main     Unknown  Unknown
fesom.x            00000000004125EE  Unknown               Unknown  Unknown
forrtl: severe (174): SIGSEGV, segmentation fault occurred
Image              PC                Routine            Line        Source             
fesom.x            000000000042CF4A  for__signal_handl     Unknown  Unknown
libpthread-2.28.s  00001555492ED990  Unknown               Unknown  Unknown
libfesom.so        000015554B5F30ED  diagnostics_mp_di     Unknown  Unknown
libfesom.so        000015554B78F126  solve_tracers_ale     Unknown  Unknown
libfesom.so        000015554B72DC77  oce_timestep_ale_     Unknown  Unknown
libfesom.so        000015554B57BE03  fesom_module_mp_f     Unknown  Unknown
fesom.x            0000000000412748  MAIN__                Unknown  Unknown
fesom.x            00000000004126E2  Unknown               Unknown  Unknown
libc-2.28.so       0000155548BBD865  __libc_start_main     Unknown  Unknown
fesom.x            00000000004125EE  Unknown               Unknown  Unknown
==== backtrace (tid: 621879) ====
 0 0x0000000000012990 __funlockfile()  :0
 1 0x00000000000f00ed diagnostics_mp_diag_curl_vel3_()  ???:0
 2 0x000000000028c126 solve_tracers_ale_()  ???:0
 3 0x000000000022ac77 oce_timestep_ale_()  ???:0
 4 0x0000000000078e03 fesom_module_mp_fesom_runloop_()  ???:0
 5 0x0000000000412748 MAIN__()  ???:0
 6 0x00000000004126e2 main()  ???:0
 7 0x000000000003a865 __libc_start_main()  ???:0
 8 0x00000000004125ee _start()  ???:0
=================================
forrtl: severe (174): SIGSEGV, segmentation fault occurred
Image              PC                Routine            Line        Source             
fesom.x            000000000042CF4A  for__signal_handl     Unknown  Unknown
libpthread-2.28.s  00001555492ED990  Unknown               Unknown  Unknown
libfesom.so        000015554B5F30ED  diagnostics_mp_di     Unknown  Unknown
libfesom.so        000015554B78F126  solve_tracers_ale     Unknown  Unknown
libfesom.so        000015554B72DC77  oce_timestep_ale_     Unknown  Unknown
libfesom.so        000015554B57BE03  fesom_module_mp_f     Unknown  Unknown
fesom.x            0000000000412748  MAIN__                Unknown  Unknown
fesom.x            00000000004126E2  Unknown               Unknown  Unknown
libc-2.28.so       0000155548BBD865  __libc_start_main     Unknown  Unknown
fesom.x            00000000004125EE  Unknown               Unknown  Unknown
forrtl: severe (174): SIGSEGV, segmentation fault occurred
Image              PC                Routine            Line        Source             
fesom.x            000000000042CF4A  for__signal_handl     Unknown  Unknown
libpthread-2.28.s  00001555492ED990  Unknown               Unknown  Unknown
libfesom.so        000015554B5F30ED  diagnostics_mp_di     Unknown  Unknown
libfesom.so        000015554B78F126  solve_tracers_ale     Unknown  Unknown
libfesom.so        000015554B72DC77  oce_timestep_ale_     Unknown  Unknown
libfesom.so        000015554B57BE03  fesom_module_mp_f     Unknown  Unknown
fesom.x            0000000000412748  MAIN__                Unknown  Unknown
fesom.x            00000000004126E2  Unknown               Unknown  Unknown
libc-2.28.so       0000155548BBD865  __libc_start_main     Unknown  Unknown
fesom.x            00000000004125EE  Unknown               Unknown  Unknown
forrtl: severe (174): SIGSEGV, segmentation fault occurred
Image              PC                Routine            Line        Source             
fesom.x            000000000042CF4A  for__signal_handl     Unknown  Unknown
libpthread-2.28.s  00001555492ED990  Unknown               Unknown  Unknown
libfesom.so        000015554B5F30ED  diagnostics_mp_di     Unknown  Unknown
libfesom.so        000015554B78F126  solve_tracers_ale     Unknown  Unknown
libfesom.so        000015554B72DC77  oce_timestep_ale_     Unknown  Unknown
libfesom.so        000015554B57BE03  fesom_module_mp_f     Unknown  Unknown
fesom.x            0000000000412748  MAIN__                Unknown  Unknown
fesom.x            00000000004126E2  Unknown               Unknown  Unknown
libc-2.28.so       0000155548BBD865  __libc_start_main     Unknown  Unknown
fesom.x            00000000004125EE  Unknown               Unknown  Unknown
forrtl: severe (174): SIGSEGV, segmentation fault occurred
Image              PC                Routine            Line        Source             
fesom.x            000000000042CF4A  for__signal_handl     Unknown  Unknown
libpthread-2.28.s  00001555492ED990  Unknown               Unknown  Unknown
libfesom.so        000015554B5F30ED  diagnostics_mp_di     Unknown  Unknown
libfesom.so        000015554B78F126  solve_tracers_ale     Unknown  Unknown
libfesom.so        000015554B72DC77  oce_timestep_ale_     Unknown  Unknown
libfesom.so        000015554B57BE03  fesom_module_mp_f     Unknown  Unknown
fesom.x            0000000000412748  MAIN__                Unknown  Unknown
fesom.x            00000000004126E2  Unknown               Unknown  Unknown
libc-2.28.so       0000155548BBD865  __libc_start_main     Unknown  Unknown
fesom.x            00000000004125EE  Unknown               Unknown  Unknown
forrtl: severe (174): SIGSEGV, segmentation fault occurred
Image              PC                Routine            Line        Source             
fesom.x            000000000042CF4A  for__signal_handl     Unknown  Unknown
libpthread-2.28.s  00001555492ED990  Unknown               Unknown  Unknown
libfesom.so        000015554B5F30ED  diagnostics_mp_di     Unknown  Unknown
libfesom.so        000015554B78F126  solve_tracers_ale     Unknown  Unknown
libfesom.so        000015554B72DC77  oce_timestep_ale_     Unknown  Unknown
libfesom.so        000015554B57BE03  fesom_module_mp_f     Unknown  Unknown
fesom.x            0000000000412748  MAIN__                Unknown  Unknown
fesom.x            00000000004126E2  Unknown               Unknown  Unknown
libc-2.28.so       0000155548BBD865  __libc_start_main     Unknown  Unknown
fesom.x            00000000004125EE  Unknown               Unknown  Unknown
==== backtrace (tid: 621862) ====
 0 0x0000000000012990 __funlockfile()  :0
 1 0x00000000000f00ed diagnostics_mp_diag_curl_vel3_()  ???:0
 2 0x000000000028c126 solve_tracers_ale_()  ???:0
 3 0x000000000022ac77 oce_timestep_ale_()  ???:0
 4 0x0000000000078e03 fesom_module_mp_fesom_runloop_()  ???:0
 5 0x0000000000412748 MAIN__()  ???:0
 6 0x00000000004126e2 main()  ???:0
 7 0x000000000003a865 __libc_start_main()  ???:0
 8 0x00000000004125ee _start()  ???:0
=================================
forrtl: severe (174): SIGSEGV, segmentation fault occurred
Image              PC                Routine            Line        Source             
fesom.x            000000000042CF4A  for__signal_handl     Unknown  Unknown
libpthread-2.28.s  00001555492ED990  Unknown               Unknown  Unknown
libfesom.so        000015554B5F30ED  diagnostics_mp_di     Unknown  Unknown
libfesom.so        000015554B78F126  solve_tracers_ale     Unknown  Unknown
libfesom.so        000015554B72DC77  oce_timestep_ale_     Unknown  Unknown
libfesom.so        000015554B57BE03  fesom_module_mp_f     Unknown  Unknown
fesom.x            0000000000412748  MAIN__                Unknown  Unknown
fesom.x            00000000004126E2  Unknown               Unknown  Unknown
libc-2.28.so       0000155548BBD865  __libc_start_main     Unknown  Unknown
fesom.x            00000000004125EE  Unknown               Unknown  Unknown
forrtl: severe (174): SIGSEGV, segmentation fault occurred
Image              PC                Routine            Line        Source             
fesom.x            000000000042CF4A  for__signal_handl     Unknown  Unknown
libpthread-2.28.s  00001555492ED990  Unknown               Unknown  Unknown
libfesom.so        000015554B5F30ED  diagnostics_mp_di     Unknown  Unknown
libfesom.so        000015554B78F126  solve_tracers_ale     Unknown  Unknown
libfesom.so        000015554B72DC77  oce_timestep_ale_     Unknown  Unknown
libfesom.so        000015554B57BE03  fesom_module_mp_f     Unknown  Unknown
fesom.x            0000000000412748  MAIN__                Unknown  Unknown
fesom.x            00000000004126E2  Unknown               Unknown  Unknown
libc-2.28.so       0000155548BBD865  __libc_start_main     Unknown  Unknown
fesom.x            00000000004125EE  Unknown               Unknown  Unknown
forrtl: severe (174): SIGSEGV, segmentation fault occurred
Image              PC                Routine            Line        Source             
fesom.x            000000000042CF4A  for__signal_handl     Unknown  Unknown
libpthread-2.28.s  00001555492ED990  Unknown               Unknown  Unknown
libfesom.so        000015554B5F30ED  diagnostics_mp_di     Unknown  Unknown
libfesom.so        000015554B78F126  solve_tracers_ale     Unknown  Unknown
libfesom.so        000015554B72DC77  oce_timestep_ale_     Unknown  Unknown
libfesom.so        000015554B57BE03  fesom_module_mp_f     Unknown  Unknown
fesom.x            0000000000412748  MAIN__                Unknown  Unknown
fesom.x            00000000004126E2  Unknown               Unknown  Unknown
libc-2.28.so       0000155548BBD865  __libc_start_main     Unknown  Unknown
fesom.x            00000000004125EE  Unknown               Unknown  Unknown
==== backtrace (tid: 621842) ====
 0 0x0000000000012990 __funlockfile()  :0
 1 0x00000000000f00ed diagnostics_mp_diag_curl_vel3_()  ???:0
 2 0x000000000028c126 solve_tracers_ale_()  ???:0
 3 0x000000000022ac77 oce_timestep_ale_()  ???:0
 4 0x0000000000078e03 fesom_module_mp_fesom_runloop_()  ???:0
 5 0x0000000000412748 MAIN__()  ???:0
 6 0x00000000004126e2 main()  ???:0
 7 0x000000000003a865 __libc_start_main()  ???:0
 8 0x00000000004125ee _start()  ???:0
=================================
==== backtrace (tid: 621884) ====
 0 0x0000000000012990 __funlockfile()  :0
 1 0x00000000000f00ed diagnostics_mp_diag_curl_vel3_()  ???:0
 2 0x000000000028c126 solve_tracers_ale_()  ???:0
 3 0x000000000022ac77 oce_timestep_ale_()  ???:0
 4 0x0000000000078e03 fesom_module_mp_fesom_runloop_()  ???:0
 5 0x0000000000412748 MAIN__()  ???:0
 6 0x00000000004126e2 main()  ???:0
 7 0x000000000003a865 __libc_start_main()  ???:0
 8 0x00000000004125ee _start()  ???:0
=================================
==== backtrace (tid: 621873) ====
 0 0x0000000000012990 __funlockfile()  :0
 1 0x00000000000f00ed diagnostics_mp_diag_curl_vel3_()  ???:0
 2 0x000000000028c126 solve_tracers_ale_()  ???:0
 3 0x000000000022ac77 oce_timestep_ale_()  ???:0
 4 0x0000000000078e03 fesom_module_mp_fesom_runloop_()  ???:0
 5 0x0000000000412748 MAIN__()  ???:0
 6 0x00000000004126e2 main()  ???:0
 7 0x000000000003a865 __libc_start_main()  ???:0
 8 0x00000000004125ee _start()  ???:0
=================================
==== backtrace (tid: 621857) ====
 0 0x0000000000012990 __funlockfile()  :0
 1 0x00000000000f00ed diagnostics_mp_diag_curl_vel3_()  ???:0
 2 0x000000000028c126 solve_tracers_ale_()  ???:0
 3 0x000000000022ac77 oce_timestep_ale_()  ???:0
 4 0x0000000000078e03 fesom_module_mp_fesom_runloop_()  ???:0
 5 0x0000000000412748 MAIN__()  ???:0
 6 0x00000000004126e2 main()  ???:0
 7 0x000000000003a865 __libc_start_main()  ???:0
 8 0x00000000004125ee _start()  ???:0
=================================
forrtl: severe (174): SIGSEGV, segmentation fault occurred
Image              PC                Routine            Line        Source             
fesom.x            000000000042CF4A  for__signal_handl     Unknown  Unknown
libpthread-2.28.s  00001555492ED990  Unknown               Unknown  Unknown
libfesom.so        000015554B5F30ED  diagnostics_mp_di     Unknown  Unknown
libfesom.so        000015554B78F126  solve_tracers_ale     Unknown  Unknown
libfesom.so        000015554B72DC77  oce_timestep_ale_     Unknown  Unknown
libfesom.so        000015554B57BE03  fesom_module_mp_f     Unknown  Unknown
fesom.x            0000000000412748  MAIN__                Unknown  Unknown
fesom.x            00000000004126E2  Unknown               Unknown  Unknown
libc-2.28.so       0000155548BBD865  __libc_start_main     Unknown  Unknown
fesom.x            00000000004125EE  Unknown               Unknown  Unknown
forrtl: severe (174): SIGSEGV, segmentation fault occurred
Image              PC                Routine            Line        Source             
fesom.x            000000000042CF4A  for__signal_handl     Unknown  Unknown
libpthread-2.28.s  00001555492ED990  Unknown               Unknown  Unknown
libfesom.so        000015554B5F30ED  diagnostics_mp_di     Unknown  Unknown
libfesom.so        000015554B78F126  solve_tracers_ale     Unknown  Unknown
libfesom.so        000015554B72DC77  oce_timestep_ale_     Unknown  Unknown
libfesom.so        000015554B57BE03  fesom_module_mp_f     Unknown  Unknown
fesom.x            0000000000412748  MAIN__                Unknown  Unknown
fesom.x            00000000004126E2  Unknown               Unknown  Unknown
libc-2.28.so       0000155548BBD865  __libc_start_main     Unknown  Unknown
fesom.x            00000000004125EE  Unknown               Unknown  Unknown
==== backtrace (tid: 621846) ====
 0 0x0000000000012990 __funlockfile()  :0
 1 0x00000000000f00ed diagnostics_mp_diag_curl_vel3_()  ???:0
 2 0x000000000028c126 solve_tracers_ale_()  ???:0
 3 0x000000000022ac77 oce_timestep_ale_()  ???:0
 4 0x0000000000078e03 fesom_module_mp_fesom_runloop_()  ???:0
 5 0x0000000000412748 MAIN__()  ???:0
 6 0x00000000004126e2 main()  ???:0
 7 0x000000000003a865 __libc_start_main()  ???:0
 8 0x00000000004125ee _start()  ???:0
=================================
forrtl: severe (174): SIGSEGV, segmentation fault occurred
Image              PC                Routine            Line        Source             
fesom.x            000000000042CF4A  for__signal_handl     Unknown  Unknown
libpthread-2.28.s  00001555492ED990  Unknown               Unknown  Unknown
libfesom.so        000015554B5F30ED  diagnostics_mp_di     Unknown  Unknown
libfesom.so        000015554B78F126  solve_tracers_ale     Unknown  Unknown
libfesom.so        000015554B72DC77  oce_timestep_ale_     Unknown  Unknown
libfesom.so        000015554B57BE03  fesom_module_mp_f     Unknown  Unknown
fesom.x            0000000000412748  MAIN__                Unknown  Unknown
fesom.x            00000000004126E2  Unknown               Unknown  Unknown
libc-2.28.so       0000155548BBD865  __libc_start_main     Unknown  Unknown
fesom.x            00000000004125EE  Unknown               Unknown  Unknown
==== backtrace (tid: 621885) ====
 0 0x0000000000012990 __funlockfile()  :0
 1 0x00000000000f00ed diagnostics_mp_diag_curl_vel3_()  ???:0
 2 0x000000000028c126 solve_tracers_ale_()  ???:0
 3 0x000000000022ac77 oce_timestep_ale_()  ???:0
 4 0x0000000000078e03 fesom_module_mp_fesom_runloop_()  ???:0
 5 0x0000000000412748 MAIN__()  ???:0
 6 0x00000000004126e2 main()  ???:0
 7 0x000000000003a865 __libc_start_main()  ???:0
 8 0x00000000004125ee _start()  ???:0
=================================
==== backtrace (tid: 621835) ====
 0 0x0000000000012990 __funlockfile()  :0
 1 0x00000000000f00ed diagnostics_mp_diag_curl_vel3_()  ???:0
 2 0x000000000028c126 solve_tracers_ale_()  ???:0
 3 0x000000000022ac77 oce_timestep_ale_()  ???:0
 4 0x0000000000078e03 fesom_module_mp_fesom_runloop_()  ???:0
 5 0x0000000000412748 MAIN__()  ???:0
 6 0x00000000004126e2 main()  ???:0
 7 0x000000000003a865 __libc_start_main()  ???:0
 8 0x00000000004125ee _start()  ???:0
=================================
==== backtrace (tid: 621866) ====
 0 0x0000000000012990 __funlockfile()  :0
 1 0x00000000000f00ed diagnostics_mp_diag_curl_vel3_()  ???:0
 2 0x000000000028c126 solve_tracers_ale_()  ???:0
 3 0x000000000022ac77 oce_timestep_ale_()  ???:0
 4 0x0000000000078e03 fesom_module_mp_fesom_runloop_()  ???:0
 5 0x0000000000412748 MAIN__()  ???:0
 6 0x00000000004126e2 main()  ???:0
 7 0x000000000003a865 __libc_start_main()  ???:0
 8 0x00000000004125ee _start()  ???:0
=================================
forrtl: severe (174): SIGSEGV, segmentation fault occurred
Image              PC                Routine            Line        Source             
fesom.x            000000000042CF4A  for__signal_handl     Unknown  Unknown
libpthread-2.28.s  00001555492ED990  Unknown               Unknown  Unknown
libfesom.so        000015554B5F30ED  diagnostics_mp_di     Unknown  Unknown
libfesom.so        000015554B78F126  solve_tracers_ale     Unknown  Unknown
libfesom.so        000015554B72DC77  oce_timestep_ale_     Unknown  Unknown
libfesom.so        000015554B57BE03  fesom_module_mp_f     Unknown  Unknown
fesom.x            0000000000412748  MAIN__                Unknown  Unknown
fesom.x            00000000004126E2  Unknown               Unknown  Unknown
libc-2.28.so       0000155548BBD865  __libc_start_main     Unknown  Unknown
fesom.x            00000000004125EE  Unknown               Unknown  Unknown
==== backtrace (tid: 621875) ====
 0 0x0000000000012990 __funlockfile()  :0
 1 0x00000000000f00ed diagnostics_mp_diag_curl_vel3_()  ???:0
 2 0x000000000028c126 solve_tracers_ale_()  ???:0
 3 0x000000000022ac77 oce_timestep_ale_()  ???:0
 4 0x0000000000078e03 fesom_module_mp_fesom_runloop_()  ???:0
 5 0x0000000000412748 MAIN__()  ???:0
 6 0x00000000004126e2 main()  ???:0
 7 0x000000000003a865 __libc_start_main()  ???:0
 8 0x00000000004125ee _start()  ???:0
=================================
forrtl: severe (174): SIGSEGV, segmentation fault occurred
Image              PC                Routine            Line        Source             
fesom.x            000000000042CF4A  for__signal_handl     Unknown  Unknown
libpthread-2.28.s  00001555492ED990  Unknown               Unknown  Unknown
libfesom.so        000015554B5F30ED  diagnostics_mp_di     Unknown  Unknown
libfesom.so        000015554B78F126  solve_tracers_ale     Unknown  Unknown
libfesom.so        000015554B72DC77  oce_timestep_ale_     Unknown  Unknown
libfesom.so        000015554B57BE03  fesom_module_mp_f     Unknown  Unknown
fesom.x            0000000000412748  MAIN__                Unknown  Unknown
fesom.x            00000000004126E2  Unknown               Unknown  Unknown
libc-2.28.so       0000155548BBD865  __libc_start_main     Unknown  Unknown
fesom.x            00000000004125EE  Unknown               Unknown  Unknown
==== backtrace (tid: 621850) ====
 0 0x0000000000012990 __funlockfile()  :0
 1 0x00000000000f00ed diagnostics_mp_diag_curl_vel3_()  ???:0
 2 0x000000000028c126 solve_tracers_ale_()  ???:0
 3 0x000000000022ac77 oce_timestep_ale_()  ???:0
 4 0x0000000000078e03 fesom_module_mp_fesom_runloop_()  ???:0
 5 0x0000000000412748 MAIN__()  ???:0
 6 0x00000000004126e2 main()  ???:0
 7 0x000000000003a865 __libc_start_main()  ???:0
 8 0x00000000004125ee _start()  ???:0
=================================
==== backtrace (tid: 621870) ====
 0 0x0000000000012990 __funlockfile()  :0
 1 0x00000000000f00ed diagnostics_mp_diag_curl_vel3_()  ???:0
 2 0x000000000028c126 solve_tracers_ale_()  ???:0
 3 0x000000000022ac77 oce_timestep_ale_()  ???:0
 4 0x0000000000078e03 fesom_module_mp_fesom_runloop_()  ???:0
 5 0x0000000000412748 MAIN__()  ???:0
 6 0x00000000004126e2 main()  ???:0
 7 0x000000000003a865 __libc_start_main()  ???:0
 8 0x00000000004125ee _start()  ???:0
=================================
forrtl: severe (174): SIGSEGV, segmentation fault occurred
Image              PC                Routine            Line        Source             
fesom.x            000000000042CF4A  for__signal_handl     Unknown  Unknown
libpthread-2.28.s  00001555492ED990  Unknown               Unknown  Unknown
libfesom.so        000015554B5F30ED  diagnostics_mp_di     Unknown  Unknown
libfesom.so        000015554B78F126  solve_tracers_ale     Unknown  Unknown
libfesom.so        000015554B72DC77  oce_timestep_ale_     Unknown  Unknown
libfesom.so        000015554B57BE03  fesom_module_mp_f     Unknown  Unknown
fesom.x            0000000000412748  MAIN__                Unknown  Unknown
fesom.x            00000000004126E2  Unknown               Unknown  Unknown
libc-2.28.so       0000155548BBD865  __libc_start_main     Unknown  Unknown
fesom.x            00000000004125EE  Unknown               Unknown  Unknown
==== backtrace (tid: 621876) ====
 0 0x0000000000012990 __funlockfile()  :0
 1 0x00000000000f00ed diagnostics_mp_diag_curl_vel3_()  ???:0
 2 0x000000000028c126 solve_tracers_ale_()  ???:0
 3 0x000000000022ac77 oce_timestep_ale_()  ???:0
 4 0x0000000000078e03 fesom_module_mp_fesom_runloop_()  ???:0
 5 0x0000000000412748 MAIN__()  ???:0
 6 0x00000000004126e2 main()  ???:0
 7 0x000000000003a865 __libc_start_main()  ???:0
 8 0x00000000004125ee _start()  ???:0
=================================
forrtl: severe (174): SIGSEGV, segmentation fault occurred
Image              PC                Routine            Line        Source             
fesom.x            000000000042CF4A  for__signal_handl     Unknown  Unknown
libpthread-2.28.s  00001555492ED990  Unknown               Unknown  Unknown
libfesom.so        000015554B5F30ED  diagnostics_mp_di     Unknown  Unknown
libfesom.so        000015554B78F126  solve_tracers_ale     Unknown  Unknown
libfesom.so        000015554B72DC77  oce_timestep_ale_     Unknown  Unknown
libfesom.so        000015554B57BE03  fesom_module_mp_f     Unknown  Unknown
fesom.x            0000000000412748  MAIN__                Unknown  Unknown
fesom.x            00000000004126E2  Unknown               Unknown  Unknown
libc-2.28.so       0000155548BBD865  __libc_start_main     Unknown  Unknown
fesom.x            00000000004125EE  Unknown               Unknown  Unknown
==== backtrace (tid: 621849) ====
 0 0x0000000000012990 __funlockfile()  :0
 1 0x00000000000f00ed diagnostics_mp_diag_curl_vel3_()  ???:0
 2 0x000000000028c126 solve_tracers_ale_()  ???:0
 3 0x000000000022ac77 oce_timestep_ale_()  ???:0
 4 0x0000000000078e03 fesom_module_mp_fesom_runloop_()  ???:0
 5 0x0000000000412748 MAIN__()  ???:0
 6 0x00000000004126e2 main()  ???:0
 7 0x000000000003a865 __libc_start_main()  ???:0
 8 0x00000000004125ee _start()  ???:0
=================================
forrtl: severe (174): SIGSEGV, segmentation fault occurred
Image              PC                Routine            Line        Source             
fesom.x            000000000042CF4A  for__signal_handl     Unknown  Unknown
libpthread-2.28.s  00001555492ED990  Unknown               Unknown  Unknown
libfesom.so        000015554B5F30ED  diagnostics_mp_di     Unknown  Unknown
libfesom.so        000015554B78F126  solve_tracers_ale     Unknown  Unknown
libfesom.so        000015554B72DC77  oce_timestep_ale_     Unknown  Unknown
libfesom.so        000015554B57BE03  fesom_module_mp_f     Unknown  Unknown
fesom.x            0000000000412748  MAIN__                Unknown  Unknown
fesom.x            00000000004126E2  Unknown               Unknown  Unknown
libc-2.28.so       0000155548BBD865  __libc_start_main     Unknown  Unknown
fesom.x            00000000004125EE  Unknown               Unknown  Unknown
==== backtrace (tid: 621854) ====
 0 0x0000000000012990 __funlockfile()  :0
 1 0x00000000000f00ed diagnostics_mp_diag_curl_vel3_()  ???:0
 2 0x000000000028c126 solve_tracers_ale_()  ???:0
 3 0x000000000022ac77 oce_timestep_ale_()  ???:0
 4 0x0000000000078e03 fesom_module_mp_fesom_runloop_()  ???:0
 5 0x0000000000412748 MAIN__()  ???:0
 6 0x00000000004126e2 main()  ???:0
 7 0x000000000003a865 __libc_start_main()  ???:0
 8 0x00000000004125ee _start()  ???:0
=================================
forrtl: severe (174): SIGSEGV, segmentation fault occurred
Image              PC                Routine            Line        Source             
fesom.x            000000000042CF4A  for__signal_handl     Unknown  Unknown
libpthread-2.28.s  00001555492ED990  Unknown               Unknown  Unknown
libfesom.so        000015554B5F30ED  diagnostics_mp_di     Unknown  Unknown
libfesom.so        000015554B78F126  solve_tracers_ale     Unknown  Unknown
libfesom.so        000015554B72DC77  oce_timestep_ale_     Unknown  Unknown
libfesom.so        000015554B57BE03  fesom_module_mp_f     Unknown  Unknown
fesom.x            0000000000412748  MAIN__                Unknown  Unknown
fesom.x            00000000004126E2  Unknown               Unknown  Unknown
libc-2.28.so       0000155548BBD865  __libc_start_main     Unknown  Unknown
fesom.x            00000000004125EE  Unknown               Unknown  Unknown
forrtl: severe (174): SIGSEGV, segmentation fault occurred
Image              PC                Routine            Line        Source             
fesom.x            000000000042CF4A  for__signal_handl     Unknown  Unknown
libpthread-2.28.s  00001555492ED990  Unknown               Unknown  Unknown
libfesom.so        000015554B5F30ED  diagnostics_mp_di     Unknown  Unknown
libfesom.so        000015554B78F126  solve_tracers_ale     Unknown  Unknown
libfesom.so        000015554B72DC77  oce_timestep_ale_     Unknown  Unknown
libfesom.so        000015554B57BE03  fesom_module_mp_f     Unknown  Unknown
fesom.x            0000000000412748  MAIN__                Unknown  Unknown
fesom.x            00000000004126E2  Unknown               Unknown  Unknown
libc-2.28.so       0000155548BBD865  __libc_start_main     Unknown  Unknown
fesom.x            00000000004125EE  Unknown               Unknown  Unknown
forrtl: severe (174): SIGSEGV, segmentation fault occurred
Image              PC                Routine            Line        Source             
fesom.x            000000000042CF4A  for__signal_handl     Unknown  Unknown
libpthread-2.28.s  00001555492ED990  Unknown               Unknown  Unknown
libfesom.so        000015554B5F30ED  diagnostics_mp_di     Unknown  Unknown
libfesom.so        000015554B78F126  solve_tracers_ale     Unknown  Unknown
libfesom.so        000015554B72DC77  oce_timestep_ale_     Unknown  Unknown
libfesom.so        000015554B57BE03  fesom_module_mp_f     Unknown  Unknown
fesom.x            0000000000412748  MAIN__                Unknown  Unknown
fesom.x            00000000004126E2  Unknown               Unknown  Unknown
libc-2.28.so       0000155548BBD865  __libc_start_main     Unknown  Unknown
fesom.x            00000000004125EE  Unknown               Unknown  Unknown
==== backtrace (tid: 621841) ====
 0 0x0000000000012990 __funlockfile()  :0
 1 0x00000000000f00ed diagnostics_mp_diag_curl_vel3_()  ???:0
 2 0x000000000028c126 solve_tracers_ale_()  ???:0
 3 0x000000000022ac77 oce_timestep_ale_()  ???:0
 4 0x0000000000078e03 fesom_module_mp_fesom_runloop_()  ???:0
 5 0x0000000000412748 MAIN__()  ???:0
 6 0x00000000004126e2 main()  ???:0
 7 0x000000000003a865 __libc_start_main()  ???:0
 8 0x00000000004125ee _start()  ???:0
=================================
forrtl: severe (174): SIGSEGV, segmentation fault occurred
Image              PC                Routine            Line        Source             
fesom.x            000000000042CF4A  for__signal_handl     Unknown  Unknown
libpthread-2.28.s  00001555492ED990  Unknown               Unknown  Unknown
libfesom.so        000015554B5F30ED  diagnostics_mp_di     Unknown  Unknown
libfesom.so        000015554B78F126  solve_tracers_ale     Unknown  Unknown
libfesom.so        000015554B72DC77  oce_timestep_ale_     Unknown  Unknown
libfesom.so        000015554B57BE03  fesom_module_mp_f     Unknown  Unknown
fesom.x            0000000000412748  MAIN__                Unknown  Unknown
fesom.x            00000000004126E2  Unknown               Unknown  Unknown
libc-2.28.so       0000155548BBD865  __libc_start_main     Unknown  Unknown
fesom.x            00000000004125EE  Unknown               Unknown  Unknown
==== backtrace (tid: 621827) ====
 0 0x0000000000012990 __funlockfile()  :0
 1 0x00000000000f00ed diagnostics_mp_diag_curl_vel3_()  ???:0
 2 0x000000000028c126 solve_tracers_ale_()  ???:0
 3 0x000000000022ac77 oce_timestep_ale_()  ???:0
 4 0x0000000000078e03 fesom_module_mp_fesom_runloop_()  ???:0
 5 0x0000000000412748 MAIN__()  ???:0
 6 0x00000000004126e2 main()  ???:0
 7 0x000000000003a865 __libc_start_main()  ???:0
 8 0x00000000004125ee _start()  ???:0
=================================
==== backtrace (tid: 621869) ====
 0 0x0000000000012990 __funlockfile()  :0
 1 0x00000000000f00ed diagnostics_mp_diag_curl_vel3_()  ???:0
 2 0x000000000028c126 solve_tracers_ale_()  ???:0
 3 0x000000000022ac77 oce_timestep_ale_()  ???:0
 4 0x0000000000078e03 fesom_module_mp_fesom_runloop_()  ???:0
 5 0x0000000000412748 MAIN__()  ???:0
 6 0x00000000004126e2 main()  ???:0
 7 0x000000000003a865 __libc_start_main()  ???:0
 8 0x00000000004125ee _start()  ???:0
=================================
forrtl: severe (174): SIGSEGV, segmentation fault occurred
Image              PC                Routine            Line        Source             
fesom.x            000000000042CF4A  for__signal_handl     Unknown  Unknown
libpthread-2.28.s  00001555492ED990  Unknown               Unknown  Unknown
libfesom.so        000015554B5F30ED  diagnostics_mp_di     Unknown  Unknown
libfesom.so        000015554B78F126  solve_tracers_ale     Unknown  Unknown
libfesom.so        000015554B72DC77  oce_timestep_ale_     Unknown  Unknown
libfesom.so        000015554B57BE03  fesom_module_mp_f     Unknown  Unknown
fesom.x            0000000000412748  MAIN__                Unknown  Unknown
fesom.x            00000000004126E2  Unknown               Unknown  Unknown
libc-2.28.so       0000155548BBD865  __libc_start_main     Unknown  Unknown
fesom.x            00000000004125EE  Unknown               Unknown  Unknown
forrtl: severe (174): SIGSEGV, segmentation fault occurred
Image              PC                Routine            Line        Source             
fesom.x            000000000042CF4A  for__signal_handl     Unknown  Unknown
libpthread-2.28.s  00001555492ED990  Unknown               Unknown  Unknown
libfesom.so        000015554B5F30ED  diagnostics_mp_di     Unknown  Unknown
libfesom.so        000015554B78F126  solve_tracers_ale     Unknown  Unknown
libfesom.so        000015554B72DC77  oce_timestep_ale_     Unknown  Unknown
libfesom.so        000015554B57BE03  fesom_module_mp_f     Unknown  Unknown
fesom.x            0000000000412748  MAIN__                Unknown  Unknown
fesom.x            00000000004126E2  Unknown               Unknown  Unknown
libc-2.28.so       0000155548BBD865  __libc_start_main     Unknown  Unknown
fesom.x            00000000004125EE  Unknown               Unknown  Unknown
==== backtrace (tid: 621847) ====
 0 0x0000000000012990 __funlockfile()  :0
 1 0x00000000000f00ed diagnostics_mp_diag_curl_vel3_()  ???:0
 2 0x000000000028c126 solve_tracers_ale_()  ???:0
 3 0x000000000022ac77 oce_timestep_ale_()  ???:0
 4 0x0000000000078e03 fesom_module_mp_fesom_runloop_()  ???:0
 5 0x0000000000412748 MAIN__()  ???:0
 6 0x00000000004126e2 main()  ???:0
 7 0x000000000003a865 __libc_start_main()  ???:0
 8 0x00000000004125ee _start()  ???:0
=================================
forrtl: severe (174): SIGSEGV, segmentation fault occurred
Image              PC                Routine            Line        Source             
fesom.x            000000000042CF4A  for__signal_handl     Unknown  Unknown
libpthread-2.28.s  00001555492ED990  Unknown               Unknown  Unknown
libfesom.so        000015554B5F30ED  diagnostics_mp_di     Unknown  Unknown
libfesom.so        000015554B78F126  solve_tracers_ale     Unknown  Unknown
libfesom.so        000015554B72DC77  oce_timestep_ale_     Unknown  Unknown
libfesom.so        000015554B57BE03  fesom_module_mp_f     Unknown  Unknown
fesom.x            0000000000412748  MAIN__                Unknown  Unknown
fesom.x            00000000004126E2  Unknown               Unknown  Unknown
libc-2.28.so       0000155548BBD865  __libc_start_main     Unknown  Unknown
fesom.x            00000000004125EE  Unknown               Unknown  Unknown
==== backtrace (tid: 621860) ====
 0 0x0000000000012990 __funlockfile()  :0
 1 0x00000000000f00ed diagnostics_mp_diag_curl_vel3_()  ???:0
 2 0x000000000028c126 solve_tracers_ale_()  ???:0
 3 0x000000000022ac77 oce_timestep_ale_()  ???:0
 4 0x0000000000078e03 fesom_module_mp_fesom_runloop_()  ???:0
 5 0x0000000000412748 MAIN__()  ???:0
 6 0x00000000004126e2 main()  ???:0
 7 0x000000000003a865 __libc_start_main()  ???:0
 8 0x00000000004125ee _start()  ???:0
=================================
forrtl: severe (174): SIGSEGV, segmentation fault occurred
Image              PC                Routine            Line        Source             
fesom.x            000000000042CF4A  for__signal_handl     Unknown  Unknown
libpthread-2.28.s  00001555492ED990  Unknown               Unknown  Unknown
libfesom.so        000015554B5F30ED  diagnostics_mp_di     Unknown  Unknown
libfesom.so        000015554B78F126  solve_tracers_ale     Unknown  Unknown
libfesom.so        000015554B72DC77  oce_timestep_ale_     Unknown  Unknown
libfesom.so        000015554B57BE03  fesom_module_mp_f     Unknown  Unknown
fesom.x            0000000000412748  MAIN__                Unknown  Unknown
fesom.x            00000000004126E2  Unknown               Unknown  Unknown
libc-2.28.so       0000155548BBD865  __libc_start_main     Unknown  Unknown
fesom.x            00000000004125EE  Unknown               Unknown  Unknown
==== backtrace (tid: 621865) ====
 0 0x0000000000012990 __funlockfile()  :0
 1 0x00000000000f00ed diagnostics_mp_diag_curl_vel3_()  ???:0
 2 0x000000000028c126 solve_tracers_ale_()  ???:0
 3 0x000000000022ac77 oce_timestep_ale_()  ???:0
 4 0x0000000000078e03 fesom_module_mp_fesom_runloop_()  ???:0
 5 0x0000000000412748 MAIN__()  ???:0
 6 0x00000000004126e2 main()  ???:0
 7 0x000000000003a865 __libc_start_main()  ???:0
 8 0x00000000004125ee _start()  ???:0
=================================
==== backtrace (tid: 621845) ====
 0 0x0000000000012990 __funlockfile()  :0
 1 0x00000000000f00ed diagnostics_mp_diag_curl_vel3_()  ???:0
 2 0x000000000028c126 solve_tracers_ale_()  ???:0
 3 0x000000000022ac77 oce_timestep_ale_()  ???:0
 4 0x0000000000078e03 fesom_module_mp_fesom_runloop_()  ???:0
 5 0x0000000000412748 MAIN__()  ???:0
 6 0x00000000004126e2 main()  ???:0
 7 0x000000000003a865 __libc_start_main()  ???:0
 8 0x00000000004125ee _start()  ???:0
=================================
==== backtrace (tid: 621864) ====
 0 0x0000000000012990 __funlockfile()  :0
 1 0x00000000000f00ed diagnostics_mp_diag_curl_vel3_()  ???:0
 2 0x000000000028c126 solve_tracers_ale_()  ???:0
 3 0x000000000022ac77 oce_timestep_ale_()  ???:0
 4 0x0000000000078e03 fesom_module_mp_fesom_runloop_()  ???:0
 5 0x0000000000412748 MAIN__()  ???:0
 6 0x00000000004126e2 main()  ???:0
 7 0x000000000003a865 __libc_start_main()  ???:0
 8 0x00000000004125ee _start()  ???:0
=================================
==== backtrace (tid: 621837) ====
 0 0x0000000000012990 __funlockfile()  :0
 1 0x00000000000f00ed diagnostics_mp_diag_curl_vel3_()  ???:0
 2 0x000000000028c126 solve_tracers_ale_()  ???:0
 3 0x000000000022ac77 oce_timestep_ale_()  ???:0
 4 0x0000000000078e03 fesom_module_mp_fesom_runloop_()  ???:0
 5 0x0000000000412748 MAIN__()  ???:0
 6 0x00000000004126e2 main()  ???:0
 7 0x000000000003a865 __libc_start_main()  ???:0
 8 0x00000000004125ee _start()  ???:0
=================================
==== backtrace (tid: 621848) ====
 0 0x0000000000012990 __funlockfile()  :0
 1 0x00000000000f00ed diagnostics_mp_diag_curl_vel3_()  ???:0
 2 0x000000000028c126 solve_tracers_ale_()  ???:0
 3 0x000000000022ac77 oce_timestep_ale_()  ???:0
 4 0x0000000000078e03 fesom_module_mp_fesom_runloop_()  ???:0
 5 0x0000000000412748 MAIN__()  ???:0
 6 0x00000000004126e2 main()  ???:0
 7 0x000000000003a865 __libc_start_main()  ???:0
 8 0x00000000004125ee _start()  ???:0
=================================
==== backtrace (tid: 621881) ====
 0 0x0000000000012990 __funlockfile()  :0
 1 0x00000000000f00ed diagnostics_mp_diag_curl_vel3_()  ???:0
 2 0x000000000028c126 solve_tracers_ale_()  ???:0
 3 0x000000000022ac77 oce_timestep_ale_()  ???:0
 4 0x0000000000078e03 fesom_module_mp_fesom_runloop_()  ???:0
 5 0x0000000000412748 MAIN__()  ???:0
 6 0x00000000004126e2 main()  ???:0
 7 0x000000000003a865 __libc_start_main()  ???:0
 8 0x00000000004125ee _start()  ???:0
=================================
==== backtrace (tid: 621855) ====
 0 0x0000000000012990 __funlockfile()  :0
 1 0x00000000000f00ed diagnostics_mp_diag_curl_vel3_()  ???:0
 2 0x000000000028c126 solve_tracers_ale_()  ???:0
 3 0x000000000022ac77 oce_timestep_ale_()  ???:0
 4 0x0000000000078e03 fesom_module_mp_fesom_runloop_()  ???:0
 5 0x0000000000412748 MAIN__()  ???:0
 6 0x00000000004126e2 main()  ???:0
 7 0x000000000003a865 __libc_start_main()  ???:0
 8 0x00000000004125ee _start()  ???:0
=================================
forrtl: severe (174): SIGSEGV, segmentation fault occurred
Image              PC                Routine            Line        Source             
fesom.x            000000000042CF4A  for__signal_handl     Unknown  Unknown
libpthread-2.28.s  00001555492ED990  Unknown               Unknown  Unknown
libfesom.so        000015554B5F30ED  diagnostics_mp_di     Unknown  Unknown
libfesom.so        000015554B78F126  solve_tracers_ale     Unknown  Unknown
libfesom.so        000015554B72DC77  oce_timestep_ale_     Unknown  Unknown
libfesom.so        000015554B57BE03  fesom_module_mp_f     Unknown  Unknown
fesom.x            0000000000412748  MAIN__                Unknown  Unknown
fesom.x            00000000004126E2  Unknown               Unknown  Unknown
libc-2.28.so       0000155548BBD865  __libc_start_main     Unknown  Unknown
fesom.x            00000000004125EE  Unknown               Unknown  Unknown
==== backtrace (tid: 621871) ====
 0 0x0000000000012990 __funlockfile()  :0
 1 0x00000000000f00ed diagnostics_mp_diag_curl_vel3_()  ???:0
 2 0x000000000028c126 solve_tracers_ale_()  ???:0
 3 0x000000000022ac77 oce_timestep_ale_()  ???:0
 4 0x0000000000078e03 fesom_module_mp_fesom_runloop_()  ???:0
 5 0x0000000000412748 MAIN__()  ???:0
 6 0x00000000004126e2 main()  ???:0
 7 0x000000000003a865 __libc_start_main()  ???:0
 8 0x00000000004125ee _start()  ???:0
=================================
==== backtrace (tid: 621832) ====
 0 0x0000000000012990 __funlockfile()  :0
 1 0x00000000000f00ed diagnostics_mp_diag_curl_vel3_()  ???:0
 2 0x000000000028c126 solve_tracers_ale_()  ???:0
 3 0x000000000022ac77 oce_timestep_ale_()  ???:0
 4 0x0000000000078e03 fesom_module_mp_fesom_runloop_()  ???:0
 5 0x0000000000412748 MAIN__()  ???:0
 6 0x00000000004126e2 main()  ???:0
 7 0x000000000003a865 __libc_start_main()  ???:0
 8 0x00000000004125ee _start()  ???:0
=================================
==== backtrace (tid: 621852) ====
 0 0x0000000000012990 __funlockfile()  :0
 1 0x00000000000f00ed diagnostics_mp_diag_curl_vel3_()  ???:0
 2 0x000000000028c126 solve_tracers_ale_()  ???:0
 3 0x000000000022ac77 oce_timestep_ale_()  ???:0
 4 0x0000000000078e03 fesom_module_mp_fesom_runloop_()  ???:0
 5 0x0000000000412748 MAIN__()  ???:0
 6 0x00000000004126e2 main()  ???:0
 7 0x000000000003a865 __libc_start_main()  ???:0
 8 0x00000000004125ee _start()  ???:0
=================================
==== backtrace (tid: 621880) ====
 0 0x0000000000012990 __funlockfile()  :0
 1 0x00000000000f00ed diagnostics_mp_diag_curl_vel3_()  ???:0
 2 0x000000000028c126 solve_tracers_ale_()  ???:0
 3 0x000000000022ac77 oce_timestep_ale_()  ???:0
 4 0x0000000000078e03 fesom_module_mp_fesom_runloop_()  ???:0
 5 0x0000000000412748 MAIN__()  ???:0
 6 0x00000000004126e2 main()  ???:0
 7 0x000000000003a865 __libc_start_main()  ???:0
 8 0x00000000004125ee _start()  ???:0
=================================
==== backtrace (tid: 621844) ====
 0 0x0000000000012990 __funlockfile()  :0
 1 0x00000000000f00ed diagnostics_mp_diag_curl_vel3_()  ???:0
 2 0x000000000028c126 solve_tracers_ale_()  ???:0
 3 0x000000000022ac77 oce_timestep_ale_()  ???:0
 4 0x0000000000078e03 fesom_module_mp_fesom_runloop_()  ???:0
 5 0x0000000000412748 MAIN__()  ???:0
 6 0x00000000004126e2 main()  ???:0
 7 0x000000000003a865 __libc_start_main()  ???:0
 8 0x00000000004125ee _start()  ???:0
=================================
==== backtrace (tid: 621867) ====
 0 0x0000000000012990 __funlockfile()  :0
 1 0x00000000000f00ed diagnostics_mp_diag_curl_vel3_()  ???:0
 2 0x000000000028c126 solve_tracers_ale_()  ???:0
 3 0x000000000022ac77 oce_timestep_ale_()  ???:0
 4 0x0000000000078e03 fesom_module_mp_fesom_runloop_()  ???:0
 5 0x0000000000412748 MAIN__()  ???:0
 6 0x00000000004126e2 main()  ???:0
 7 0x000000000003a865 __libc_start_main()  ???:0
 8 0x00000000004125ee _start()  ???:0
=================================
==== backtrace (tid: 621856) ====
 0 0x0000000000012990 __funlockfile()  :0
 1 0x00000000000f00ed diagnostics_mp_diag_curl_vel3_()  ???:0
 2 0x000000000028c126 solve_tracers_ale_()  ???:0
 3 0x000000000022ac77 oce_timestep_ale_()  ???:0
 4 0x0000000000078e03 fesom_module_mp_fesom_runloop_()  ???:0
 5 0x0000000000412748 MAIN__()  ???:0
 6 0x00000000004126e2 main()  ???:0
 7 0x000000000003a865 __libc_start_main()  ???:0
==== backtrace (tid: 621838) ====
 0 0x0000000000012990 __funlockfile()  :0
 1 0x00000000000f00ed diagnostics_mp_diag_curl_vel3_()  ???:0
 2 0x000000000028c126 solve_tracers_ale_()  ???:0
 3 0x000000000022ac77 oce_timestep_ale_()  ???:0
 4 0x0000000000078e03 fesom_module_mp_fesom_runloop_()  ???:0
 5 0x0000000000412748 MAIN__()  ???:0
 6 0x00000000004126e2 main()  ???:0
 7 0x000000000003a865 __libc_start_main()  ???:0
 8 0x00000000004125ee _start()  ???:0
=================================
 8 0x00000000004125ee _start()  ???:0
=================================
==== backtrace (tid: 621836) ====
 0 0x0000000000012990 __funlockfile()  :0
 1 0x00000000000f00ed diagnostics_mp_diag_curl_vel3_()  ???:0
 2 0x000000000028c126 solve_tracers_ale_()  ???:0
 3 0x000000000022ac77 oce_timestep_ale_()  ???:0
 4 0x0000000000078e03 fesom_module_mp_fesom_runloop_()  ???:0
 5 0x0000000000412748 MAIN__()  ???:0
 6 0x00000000004126e2 main()  ???:0
 7 0x000000000003a865 __libc_start_main()  ???:0
 8 0x00000000004125ee _start()  ???:0
=================================
==== backtrace (tid: 621826) ====
 0 0x0000000000012990 __funlockfile()  :0
 1 0x00000000000f00ed diagnostics_mp_diag_curl_vel3_()  ???:0
 2 0x000000000028c126 solve_tracers_ale_()  ???:0
 3 0x000000000022ac77 oce_timestep_ale_()  ???:0
 4 0x0000000000078e03 fesom_module_mp_fesom_runloop_()  ???:0
 5 0x0000000000412748 MAIN__()  ???:0
 6 0x00000000004126e2 main()  ???:0
 7 0x000000000003a865 __libc_start_main()  ???:0
 8 0x00000000004125ee _start()  ???:0
=================================
==== backtrace (tid: 621840) ====
 0 0x0000000000012990 __funlockfile()  :0
 1 0x00000000000f00ed diagnostics_mp_diag_curl_vel3_()  ???:0
 2 0x000000000028c126 solve_tracers_ale_()  ???:0
 3 0x000000000022ac77 oce_timestep_ale_()  ???:0
 4 0x0000000000078e03 fesom_module_mp_fesom_runloop_()  ???:0
 5 0x0000000000412748 MAIN__()  ???:0
 6 0x00000000004126e2 main()  ???:0
 7 0x000000000003a865 __libc_start_main()  ???:0
 8 0x00000000004125ee _start()  ???:0
=================================
==== backtrace (tid: 621853) ====
 0 0x0000000000012990 __funlockfile()  :0
 1 0x00000000000f00ed diagnostics_mp_diag_curl_vel3_()  ???:0
 2 0x000000000028c126 solve_tracers_ale_()  ???:0
 3 0x000000000022ac77 oce_timestep_ale_()  ???:0
 4 0x0000000000078e03 fesom_module_mp_fesom_runloop_()  ???:0
 5 0x0000000000412748 MAIN__()  ???:0
 6 0x00000000004126e2 main()  ???:0
 7 0x000000000003a865 __libc_start_main()  ???:0
 8 0x00000000004125ee _start()  ???:0
=================================
==== backtrace (tid: 621868) ====
 0 0x0000000000012990 __funlockfile()  :0
 1 0x00000000000f00ed diagnostics_mp_diag_curl_vel3_()  ???:0
 2 0x000000000028c126 solve_tracers_ale_()  ???:0
 3 0x000000000022ac77 oce_timestep_ale_()  ???:0
 4 0x0000000000078e03 fesom_module_mp_fesom_runloop_()  ???:0
 5 0x0000000000412748 MAIN__()  ???:0
 6 0x00000000004126e2 main()  ???:0
 7 0x000000000003a865 __libc_start_main()  ???:0
 8 0x00000000004125ee _start()  ???:0
=================================
forrtl: severe (174): SIGSEGV, segmentation fault occurred
Image              PC                Routine            Line        Source             
fesom.x            000000000042CF4A  for__signal_handl     Unknown  Unknown
libpthread-2.28.s  00001555492ED990  Unknown               Unknown  Unknown
libfesom.so        000015554B5F30ED  diagnostics_mp_di     Unknown  Unknown
libfesom.so        000015554B78F126  solve_tracers_ale     Unknown  Unknown
libfesom.so        000015554B72DC77  oce_timestep_ale_     Unknown  Unknown
libfesom.so        000015554B57BE03  fesom_module_mp_f     Unknown  Unknown
fesom.x            0000000000412748  MAIN__                Unknown  Unknown
fesom.x            00000000004126E2  Unknown               Unknown  Unknown
libc-2.28.so       0000155548BBD865  __libc_start_main     Unknown  Unknown
fesom.x            00000000004125EE  Unknown               Unknown  Unknown
forrtl: severe (174): SIGSEGV, segmentation fault occurred
Image              PC                Routine            Line        Source             
fesom.x            000000000042CF4A  for__signal_handl     Unknown  Unknown
libpthread-2.28.s  00001555492ED990  Unknown               Unknown  Unknown
libfesom.so        000015554B5F30ED  diagnostics_mp_di     Unknown  Unknown
libfesom.so        000015554B78F126  solve_tracers_ale     Unknown  Unknown
libfesom.so        000015554B72DC77  oce_timestep_ale_     Unknown  Unknown
libfesom.so        000015554B57BE03  fesom_module_mp_f     Unknown  Unknown
fesom.x            0000000000412748  MAIN__                Unknown  Unknown
fesom.x            00000000004126E2  Unknown               Unknown  Unknown
libc-2.28.so       0000155548BBD865  __libc_start_main     Unknown  Unknown
fesom.x            00000000004125EE  Unknown               Unknown  Unknown
==== backtrace (tid: 621830) ====
 0 0x0000000000012990 __funlockfile()  :0
 1 0x00000000000f00ed diagnostics_mp_diag_curl_vel3_()  ???:0
 2 0x000000000028c126 solve_tracers_ale_()  ???:0
 3 0x000000000022ac77 oce_timestep_ale_()  ???:0
 4 0x0000000000078e03 fesom_module_mp_fesom_runloop_()  ???:0
 5 0x0000000000412748 MAIN__()  ???:0
 6 0x00000000004126e2 main()  ???:0
 7 0x000000000003a865 __libc_start_main()  ???:0
 8 0x00000000004125ee _start()  ???:0
=================================
==== backtrace (tid: 621858) ====
 0 0x0000000000012990 __funlockfile()  :0
 1 0x00000000000f00ed diagnostics_mp_diag_curl_vel3_()  ???:0
 2 0x000000000028c126 solve_tracers_ale_()  ???:0
 3 0x000000000022ac77 oce_timestep_ale_()  ???:0
 4 0x0000000000078e03 fesom_module_mp_fesom_runloop_()  ???:0
 5 0x0000000000412748 MAIN__()  ???:0
 6 0x00000000004126e2 main()  ???:0
 7 0x000000000003a865 __libc_start_main()  ???:0
 8 0x00000000004125ee _start()  ???:0
=================================
==== backtrace (tid: 621883) ====
 0 0x0000000000012990 __funlockfile()  :0
 1 0x00000000000f00ed diagnostics_mp_diag_curl_vel3_()  ???:0
 2 0x000000000028c126 solve_tracers_ale_()  ???:0
 3 0x000000000022ac77 oce_timestep_ale_()  ???:0
 4 0x0000000000078e03 fesom_module_mp_fesom_runloop_()  ???:0
 5 0x0000000000412748 MAIN__()  ???:0
 6 0x00000000004126e2 main()  ???:0
 7 0x000000000003a865 __libc_start_main()  ???:0
 8 0x00000000004125ee _start()  ???:0
=================================
==== backtrace (tid: 621874) ====
 0 0x0000000000012990 __funlockfile()  :0
 1 0x00000000000f00ed diagnostics_mp_diag_curl_vel3_()  ???:0
 2 0x000000000028c126 solve_tracers_ale_()  ???:0
 3 0x000000000022ac77 oce_timestep_ale_()  ???:0
 4 0x0000000000078e03 fesom_module_mp_fesom_runloop_()  ???:0
 5 0x0000000000412748 MAIN__()  ???:0
 6 0x00000000004126e2 main()  ???:0
 7 0x000000000003a865 __libc_start_main()  ???:0
 8 0x00000000004125ee _start()  ???:0
=================================
==== backtrace (tid: 621834) ====
 0 0x0000000000012990 __funlockfile()  :0
 1 0x00000000000f00ed diagnostics_mp_diag_curl_vel3_()  ???:0
 2 0x000000000028c126 solve_tracers_ale_()  ???:0
 3 0x000000000022ac77 oce_timestep_ale_()  ???:0
 4 0x0000000000078e03 fesom_module_mp_fesom_runloop_()  ???:0
 5 0x0000000000412748 MAIN__()  ???:0
 6 0x00000000004126e2 main()  ???:0
 7 0x000000000003a865 __libc_start_main()  ???:0
 8 0x00000000004125ee _start()  ???:0
=================================
==== backtrace (tid: 621878) ====
 0 0x0000000000012990 __funlockfile()  :0
 1 0x00000000000f00ed diagnostics_mp_diag_curl_vel3_()  ???:0
 2 0x000000000028c126 solve_tracers_ale_()  ???:0
 3 0x000000000022ac77 oce_timestep_ale_()  ???:0
 4 0x0000000000078e03 fesom_module_mp_fesom_runloop_()  ???:0
 5 0x0000000000412748 MAIN__()  ???:0
 6 0x00000000004126e2 main()  ???:0
 7 0x000000000003a865 __libc_start_main()  ???:0
 8 0x00000000004125ee _start()  ???:0
=================================
==== backtrace (tid: 621833) ====
 0 0x0000000000012990 __funlockfile()  :0
 1 0x00000000000f00ed diagnostics_mp_diag_curl_vel3_()  ???:0
 2 0x000000000028c126 solve_tracers_ale_()  ???:0
 3 0x000000000022ac77 oce_timestep_ale_()  ???:0
 4 0x0000000000078e03 fesom_module_mp_fesom_runloop_()  ???:0
 5 0x0000000000412748 MAIN__()  ???:0
 6 0x00000000004126e2 main()  ???:0
 7 0x000000000003a865 __libc_start_main()  ???:0
 8 0x00000000004125ee _start()  ???:0
=================================
forrtl: severe (174): SIGSEGV, segmentation fault occurred
Image              PC                Routine            Line        Source             
fesom.x            000000000042CF4A  for__signal_handl     Unknown  Unknown
libpthread-2.28.s  00001555492ED990  Unknown               Unknown  Unknown
libfesom.so        000015554B5F30ED  diagnostics_mp_di     Unknown  Unknown
libfesom.so        000015554B78F126  solve_tracers_ale     Unknown  Unknown
libfesom.so        000015554B72DC77  oce_timestep_ale_     Unknown  Unknown
libfesom.so        000015554B57BE03  fesom_module_mp_f     Unknown  Unknown
fesom.x            0000000000412748  MAIN__                Unknown  Unknown
fesom.x            00000000004126E2  Unknown               Unknown  Unknown
libc-2.28.so       0000155548BBD865  __libc_start_main     Unknown  Unknown
fesom.x            00000000004125EE  Unknown               Unknown  Unknown
forrtl: severe (174): SIGSEGV, segmentation fault occurred
Image              PC                Routine            Line        Source             
fesom.x            000000000042CF4A  for__signal_handl     Unknown  Unknown
libpthread-2.28.s  00001555492ED990  Unknown               Unknown  Unknown
libfesom.so        000015554B5F30ED  diagnostics_mp_di     Unknown  Unknown
libfesom.so        000015554B78F126  solve_tracers_ale     Unknown  Unknown
libfesom.so        000015554B72DC77  oce_timestep_ale_     Unknown  Unknown
libfesom.so        000015554B57BE03  fesom_module_mp_f     Unknown  Unknown
fesom.x            0000000000412748  MAIN__                Unknown  Unknown
fesom.x            00000000004126E2  Unknown               Unknown  Unknown
libc-2.28.so       0000155548BBD865  __libc_start_main     Unknown  Unknown
fesom.x            00000000004125EE  Unknown               Unknown  Unknown
==== backtrace (tid: 621872) ====
 0 0x0000000000012990 __funlockfile()  :0
 1 0x00000000000f00ed diagnostics_mp_diag_curl_vel3_()  ???:0
 2 0x000000000028c126 solve_tracers_ale_()  ???:0
 3 0x000000000022ac77 oce_timestep_ale_()  ???:0
 4 0x0000000000078e03 fesom_module_mp_fesom_runloop_()  ???:0
 5 0x0000000000412748 MAIN__()  ???:0
 6 0x00000000004126e2 main()  ???:0
 7 0x000000000003a865 __libc_start_main()  ???:0
 8 0x00000000004125ee _start()  ???:0
=================================
forrtl: severe (174): SIGSEGV, segmentation fault occurred
Image              PC                Routine            Line        Source             
fesom.x            000000000042CF4A  for__signal_handl     Unknown  Unknown
libpthread-2.28.s  00001555492ED990  Unknown               Unknown  Unknown
libfesom.so        000015554B5F30ED  diagnostics_mp_di     Unknown  Unknown
libfesom.so        000015554B78F126  solve_tracers_ale     Unknown  Unknown
libfesom.so        000015554B72DC77  oce_timestep_ale_     Unknown  Unknown
libfesom.so        000015554B57BE03  fesom_module_mp_f     Unknown  Unknown
fesom.x            0000000000412748  MAIN__                Unknown  Unknown
fesom.x            00000000004126E2  Unknown               Unknown  Unknown
libc-2.28.so       0000155548BBD865  __libc_start_main     Unknown  Unknown
fesom.x            00000000004125EE  Unknown               Unknown  Unknown
forrtl: severe (174): SIGSEGV, segmentation fault occurred
Image              PC                Routine            Line        Source             
fesom.x            000000000042CF4A  for__signal_handl     Unknown  Unknown
libpthread-2.28.s  00001555492ED990  Unknown               Unknown  Unknown
libfesom.so        000015554B5F30ED  diagnostics_mp_di     Unknown  Unknown
libfesom.so        000015554B78F126  solve_tracers_ale     Unknown  Unknown
libfesom.so        000015554B72DC77  oce_timestep_ale_     Unknown  Unknown
libfesom.so        000015554B57BE03  fesom_module_mp_f     Unknown  Unknown
fesom.x            0000000000412748  MAIN__                Unknown  Unknown
fesom.x            00000000004126E2  Unknown               Unknown  Unknown
libc-2.28.so       0000155548BBD865  __libc_start_main     Unknown  Unknown
fesom.x            00000000004125EE  Unknown               Unknown  Unknown
forrtl: severe (174): SIGSEGV, segmentation fault occurred
Image              PC                Routine            Line        Source             
fesom.x            000000000042CF4A  for__signal_handl     Unknown  Unknown
libpthread-2.28.s  00001555492ED990  Unknown               Unknown  Unknown
libfesom.so        000015554B5F30ED  diagnostics_mp_di     Unknown  Unknown
libfesom.so        000015554B78F126  solve_tracers_ale     Unknown  Unknown
libfesom.so        000015554B72DC77  oce_timestep_ale_     Unknown  Unknown
libfesom.so        000015554B57BE03  fesom_module_mp_f     Unknown  Unknown
fesom.x            0000000000412748  MAIN__                Unknown  Unknown
fesom.x            00000000004126E2  Unknown               Unknown  Unknown
libc-2.28.so       0000155548BBD865  __libc_start_main     Unknown  Unknown
fesom.x            00000000004125EE  Unknown               Unknown  Unknown
forrtl: severe (174): SIGSEGV, segmentation fault occurred
Image              PC                Routine            Line        Source             
fesom.x            000000000042CF4A  for__signal_handl     Unknown  Unknown
libpthread-2.28.s  00001555492ED990  Unknown               Unknown  Unknown
libfesom.so        000015554B5F30ED  diagnostics_mp_di     Unknown  Unknown
libfesom.so        000015554B78F126  solve_tracers_ale     Unknown  Unknown
libfesom.so        000015554B72DC77  oce_timestep_ale_     Unknown  Unknown
libfesom.so        000015554B57BE03  fesom_module_mp_f     Unknown  Unknown
fesom.x            0000000000412748  MAIN__                Unknown  Unknown
fesom.x            00000000004126E2  Unknown               Unknown  Unknown
libc-2.28.so       0000155548BBD865  __libc_start_main     Unknown  Unknown
fesom.x            00000000004125EE  Unknown               Unknown  Unknown
forrtl: severe (174): SIGSEGV, segmentation fault occurred
Image              PC                Routine            Line        Source             
fesom.x            000000000042CF4A  for__signal_handl     Unknown  Unknown
libpthread-2.28.s  00001555492ED990  Unknown               Unknown  Unknown
libfesom.so        000015554B5F30ED  diagnostics_mp_di     Unknown  Unknown
libfesom.so        000015554B78F126  solve_tracers_ale     Unknown  Unknown
libfesom.so        000015554B72DC77  oce_timestep_ale_     Unknown  Unknown
libfesom.so        000015554B57BE03  fesom_module_mp_f     Unknown  Unknown
fesom.x            0000000000412748  MAIN__                Unknown  Unknown
fesom.x            00000000004126E2  Unknown               Unknown  Unknown
libc-2.28.so       0000155548BBD865  __libc_start_main     Unknown  Unknown
fesom.x            00000000004125EE  Unknown               Unknown  Unknown
forrtl: severe (174): SIGSEGV, segmentation fault occurred
Image              PC                Routine            Line        Source             
fesom.x            000000000042CF4A  for__signal_handl     Unknown  Unknown
libpthread-2.28.s  00001555492ED990  Unknown               Unknown  Unknown
libfesom.so        000015554B5F30ED  diagnostics_mp_di     Unknown  Unknown
libfesom.so        000015554B78F126  solve_tracers_ale     Unknown  Unknown
libfesom.so        000015554B72DC77  oce_timestep_ale_     Unknown  Unknown
libfesom.so        000015554B57BE03  fesom_module_mp_f     Unknown  Unknown
fesom.x            0000000000412748  MAIN__                Unknown  Unknown
fesom.x            00000000004126E2  Unknown               Unknown  Unknown
libc-2.28.so       0000155548BBD865  __libc_start_main     Unknown  Unknown
fesom.x            00000000004125EE  Unknown               Unknown  Unknown
forrtl: severe (174): SIGSEGV, segmentation fault occurred
Image              PC                Routine            Line        Source             
fesom.x            000000000042CF4A  for__signal_handl     Unknown  Unknown
libpthread-2.28.s  00001555492ED990  Unknown               Unknown  Unknown
libfesom.so        000015554B5F30ED  diagnostics_mp_di     Unknown  Unknown
libfesom.so        000015554B78F126  solve_tracers_ale     Unknown  Unknown
libfesom.so        000015554B72DC77  oce_timestep_ale_     Unknown  Unknown
libfesom.so        000015554B57BE03  fesom_module_mp_f     Unknown  Unknown
fesom.x            0000000000412748  MAIN__                Unknown  Unknown
fesom.x            00000000004126E2  Unknown               Unknown  Unknown
libc-2.28.so       0000155548BBD865  __libc_start_main     Unknown  Unknown
fesom.x            00000000004125EE  Unknown               Unknown  Unknown
forrtl: severe (174): SIGSEGV, segmentation fault occurred
Image              PC                Routine            Line        Source             
fesom.x            000000000042CF4A  for__signal_handl     Unknown  Unknown
libpthread-2.28.s  00001555492ED990  Unknown               Unknown  Unknown
libfesom.so        000015554B5F30ED  diagnostics_mp_di     Unknown  Unknown
libfesom.so        000015554B78F126  solve_tracers_ale     Unknown  Unknown
libfesom.so        000015554B72DC77  oce_timestep_ale_     Unknown  Unknown
libfesom.so        000015554B57BE03  fesom_module_mp_f     Unknown  Unknown
fesom.x            0000000000412748  MAIN__                Unknown  Unknown
fesom.x            00000000004126E2  Unknown               Unknown  Unknown
libc-2.28.so       0000155548BBD865  __libc_start_main     Unknown  Unknown
fesom.x            00000000004125EE  Unknown               Unknown  Unknown
forrtl: severe (174): SIGSEGV, segmentation fault occurred
Image              PC                Routine            Line        Source             
fesom.x            000000000042CF4A  for__signal_handl     Unknown  Unknown
libpthread-2.28.s  00001555492ED990  Unknown               Unknown  Unknown
libfesom.so        000015554B5F30ED  diagnostics_mp_di     Unknown  Unknown
libfesom.so        000015554B78F126  solve_tracers_ale     Unknown  Unknown
libfesom.so        000015554B72DC77  oce_timestep_ale_     Unknown  Unknown
libfesom.so        000015554B57BE03  fesom_module_mp_f     Unknown  Unknown
fesom.x            0000000000412748  MAIN__                Unknown  Unknown
fesom.x            00000000004126E2  Unknown               Unknown  Unknown
libc-2.28.so       0000155548BBD865  __libc_start_main     Unknown  Unknown
fesom.x            00000000004125EE  Unknown               Unknown  Unknown
forrtl: severe (174): SIGSEGV, segmentation fault occurred
Image              PC                Routine            Line        Source             
fesom.x            000000000042CF4A  for__signal_handl     Unknown  Unknown
libpthread-2.28.s  00001555492ED990  Unknown               Unknown  Unknown
libfesom.so        000015554B5F30ED  diagnostics_mp_di     Unknown  Unknown
libfesom.so        000015554B78F126  solve_tracers_ale     Unknown  Unknown
libfesom.so        000015554B72DC77  oce_timestep_ale_     Unknown  Unknown
libfesom.so        000015554B57BE03  fesom_module_mp_f     Unknown  Unknown
fesom.x            0000000000412748  MAIN__                Unknown  Unknown
fesom.x            00000000004126E2  Unknown               Unknown  Unknown
libc-2.28.so       0000155548BBD865  __libc_start_main     Unknown  Unknown
fesom.x            00000000004125EE  Unknown               Unknown  Unknown
forrtl: severe (174): SIGSEGV, segmentation fault occurred
Image              PC                Routine            Line        Source             
fesom.x            000000000042CF4A  for__signal_handl     Unknown  Unknown
libpthread-2.28.s  00001555492ED990  Unknown               Unknown  Unknown
libfesom.so        000015554B5F30ED  diagnostics_mp_di     Unknown  Unknown
libfesom.so        000015554B78F126  solve_tracers_ale     Unknown  Unknown
libfesom.so        000015554B72DC77  oce_timestep_ale_     Unknown  Unknown
libfesom.so        000015554B57BE03  fesom_module_mp_f     Unknown  Unknown
fesom.x            0000000000412748  MAIN__                Unknown  Unknown
fesom.x            00000000004126E2  Unknown               Unknown  Unknown
libc-2.28.so       0000155548BBD865  __libc_start_main     Unknown  Unknown
fesom.x            00000000004125EE  Unknown               Unknown  Unknown
forrtl: severe (174): SIGSEGV, segmentation fault occurred
Image              PC                Routine            Line        Source             
fesom.x            000000000042CF4A  for__signal_handl     Unknown  Unknown
libpthread-2.28.s  00001555492ED990  Unknown               Unknown  Unknown
libfesom.so        000015554B5F30ED  diagnostics_mp_di     Unknown  Unknown
libfesom.so        000015554B78F126  solve_tracers_ale     Unknown  Unknown
libfesom.so        000015554B72DC77  oce_timestep_ale_     Unknown  Unknown
libfesom.so        000015554B57BE03  fesom_module_mp_f     Unknown  Unknown
fesom.x            0000000000412748  MAIN__                Unknown  Unknown
fesom.x            00000000004126E2  Unknown               Unknown  Unknown
libc-2.28.so       0000155548BBD865  __libc_start_main     Unknown  Unknown
fesom.x            00000000004125EE  Unknown               Unknown  Unknown
forrtl: severe (174): SIGSEGV, segmentation fault occurred
Image              PC                Routine            Line        Source             
fesom.x            000000000042CF4A  for__signal_handl     Unknown  Unknown
libpthread-2.28.s  00001555492ED990  Unknown               Unknown  Unknown
libfesom.so        000015554B5F30ED  diagnostics_mp_di     Unknown  Unknown
libfesom.so        000015554B78F126  solve_tracers_ale     Unknown  Unknown
libfesom.so        000015554B72DC77  oce_timestep_ale_     Unknown  Unknown
libfesom.so        000015554B57BE03  fesom_module_mp_f     Unknown  Unknown
fesom.x            0000000000412748  MAIN__                Unknown  Unknown
fesom.x            00000000004126E2  Unknown               Unknown  Unknown
libc-2.28.so       0000155548BBD865  __libc_start_main     Unknown  Unknown
fesom.x            00000000004125EE  Unknown               Unknown  Unknown
forrtl: severe (174): SIGSEGV, segmentation fault occurred
Image              PC                Routine            Line        Source             
fesom.x            000000000042CF4A  for__signal_handl     Unknown  Unknown
libpthread-2.28.s  00001555492ED990  Unknown               Unknown  Unknown
libfesom.so        000015554B5F30ED  diagnostics_mp_di     Unknown  Unknown
libfesom.so        000015554B78F126  solve_tracers_ale     Unknown  Unknown
libfesom.so        000015554B72DC77  oce_timestep_ale_     Unknown  Unknown
libfesom.so        000015554B57BE03  fesom_module_mp_f     Unknown  Unknown
fesom.x            0000000000412748  MAIN__                Unknown  Unknown
fesom.x            00000000004126E2  Unknown               Unknown  Unknown
libc-2.28.so       0000155548BBD865  __libc_start_main     Unknown  Unknown
fesom.x            00000000004125EE  Unknown               Unknown  Unknown
forrtl: severe (174): SIGSEGV, segmentation fault occurred
Image              PC                Routine            Line        Source             
fesom.x            000000000042CF4A  for__signal_handl     Unknown  Unknown
libpthread-2.28.s  00001555492ED990  Unknown               Unknown  Unknown
libfesom.so        000015554B5F30ED  diagnostics_mp_di     Unknown  Unknown
libfesom.so        000015554B78F126  solve_tracers_ale     Unknown  Unknown
libfesom.so        000015554B72DC77  oce_timestep_ale_     Unknown  Unknown
libfesom.so        000015554B57BE03  fesom_module_mp_f     Unknown  Unknown
fesom.x            0000000000412748  MAIN__                Unknown  Unknown
fesom.x            00000000004126E2  Unknown               Unknown  Unknown
libc-2.28.so       0000155548BBD865  __libc_start_main     Unknown  Unknown
fesom.x            00000000004125EE  Unknown               Unknown  Unknown
forrtl: severe (174): SIGSEGV, segmentation fault occurred
Image              PC                Routine            Line        Source             
fesom.x            000000000042CF4A  for__signal_handl     Unknown  Unknown
libpthread-2.28.s  00001555492ED990  Unknown               Unknown  Unknown
libfesom.so        000015554B5F30ED  diagnostics_mp_di     Unknown  Unknown
libfesom.so        000015554B78F126  solve_tracers_ale     Unknown  Unknown
libfesom.so        000015554B72DC77  oce_timestep_ale_     Unknown  Unknown
libfesom.so        000015554B57BE03  fesom_module_mp_f     Unknown  Unknown
fesom.x            0000000000412748  MAIN__                Unknown  Unknown
fesom.x            00000000004126E2  Unknown               Unknown  Unknown
libc-2.28.so       0000155548BBD865  __libc_start_main     Unknown  Unknown
fesom.x            00000000004125EE  Unknown               Unknown  Unknown
forrtl: severe (174): SIGSEGV, segmentation fault occurred
Image              PC                Routine            Line        Source             
fesom.x            000000000042CF4A  for__signal_handl     Unknown  Unknown
libpthread-2.28.s  00001555492ED990  Unknown               Unknown  Unknown
libfesom.so        000015554B5F30ED  diagnostics_mp_di     Unknown  Unknown
libfesom.so        000015554B78F126  solve_tracers_ale     Unknown  Unknown
libfesom.so        000015554B72DC77  oce_timestep_ale_     Unknown  Unknown
libfesom.so        000015554B57BE03  fesom_module_mp_f     Unknown  Unknown
fesom.x            0000000000412748  MAIN__                Unknown  Unknown
fesom.x            00000000004126E2  Unknown               Unknown  Unknown
libc-2.28.so       0000155548BBD865  __libc_start_main     Unknown  Unknown
fesom.x            00000000004125EE  Unknown               Unknown  Unknown
forrtl: severe (174): SIGSEGV, segmentation fault occurred
Image              PC                Routine            Line        Source             
fesom.x            000000000042CF4A  for__signal_handl     Unknown  Unknown
libpthread-2.28.s  00001555492ED990  Unknown               Unknown  Unknown
libfesom.so        000015554B5F30ED  diagnostics_mp_di     Unknown  Unknown
libfesom.so        000015554B78F126  solve_tracers_ale     Unknown  Unknown
libfesom.so        000015554B72DC77  oce_timestep_ale_     Unknown  Unknown
libfesom.so        000015554B57BE03  fesom_module_mp_f     Unknown  Unknown
fesom.x            0000000000412748  MAIN__                Unknown  Unknown
fesom.x            00000000004126E2  Unknown               Unknown  Unknown
libc-2.28.so       0000155548BBD865  __libc_start_main     Unknown  Unknown
fesom.x            00000000004125EE  Unknown               Unknown  Unknown
forrtl: severe (174): SIGSEGV, segmentation fault occurred
Image              PC                Routine            Line        Source             
fesom.x            000000000042CF4A  for__signal_handl     Unknown  Unknown
libpthread-2.28.s  00001555492ED990  Unknown               Unknown  Unknown
libfesom.so        000015554B5F30ED  diagnostics_mp_di     Unknown  Unknown
libfesom.so        000015554B78F126  solve_tracers_ale     Unknown  Unknown
libfesom.so        000015554B72DC77  oce_timestep_ale_     Unknown  Unknown
libfesom.so        000015554B57BE03  fesom_module_mp_f     Unknown  Unknown
fesom.x            0000000000412748  MAIN__                Unknown  Unknown
fesom.x            00000000004126E2  Unknown               Unknown  Unknown
libc-2.28.so       0000155548BBD865  __libc_start_main     Unknown  Unknown
fesom.x            00000000004125EE  Unknown               Unknown  Unknown
forrtl: severe (174): SIGSEGV, segmentation fault occurred
Image              PC                Routine            Line        Source             
fesom.x            000000000042CF4A  for__signal_handl     Unknown  Unknown
libpthread-2.28.s  00001555492ED990  Unknown               Unknown  Unknown
libfesom.so        000015554B5F30ED  diagnostics_mp_di     Unknown  Unknown
libfesom.so        000015554B78F126  solve_tracers_ale     Unknown  Unknown
libfesom.so        000015554B72DC77  oce_timestep_ale_     Unknown  Unknown
libfesom.so        000015554B57BE03  fesom_module_mp_f     Unknown  Unknown
fesom.x            0000000000412748  MAIN__                Unknown  Unknown
fesom.x            00000000004126E2  Unknown               Unknown  Unknown
libc-2.28.so       0000155548BBD865  __libc_start_main     Unknown  Unknown
fesom.x            00000000004125EE  Unknown               Unknown  Unknown
forrtl: severe (174): SIGSEGV, segmentation fault occurred
Image              PC                Routine            Line        Source             
fesom.x            000000000042CF4A  for__signal_handl     Unknown  Unknown
libpthread-2.28.s  00001555492ED990  Unknown               Unknown  Unknown
libfesom.so        000015554B5F30ED  diagnostics_mp_di     Unknown  Unknown
libfesom.so        000015554B78F126  solve_tracers_ale     Unknown  Unknown
libfesom.so        000015554B72DC77  oce_timestep_ale_     Unknown  Unknown
libfesom.so        000015554B57BE03  fesom_module_mp_f     Unknown  Unknown
fesom.x            0000000000412748  MAIN__                Unknown  Unknown
fesom.x            00000000004126E2  Unknown               Unknown  Unknown
libc-2.28.so       0000155548BBD865  __libc_start_main     Unknown  Unknown
fesom.x            00000000004125EE  Unknown               Unknown  Unknown
forrtl: severe (174): SIGSEGV, segmentation fault occurred
Image              PC                Routine            Line        Source             
fesom.x            000000000042CF4A  for__signal_handl     Unknown  Unknown
libpthread-2.28.s  00001555492ED990  Unknown               Unknown  Unknown
libfesom.so        000015554B5F30ED  diagnostics_mp_di     Unknown  Unknown
libfesom.so        000015554B78F126  solve_tracers_ale     Unknown  Unknown
libfesom.so        000015554B72DC77  oce_timestep_ale_     Unknown  Unknown
libfesom.so        000015554B57BE03  fesom_module_mp_f     Unknown  Unknown
fesom.x            0000000000412748  MAIN__                Unknown  Unknown
fesom.x            00000000004126E2  Unknown               Unknown  Unknown
libc-2.28.so       0000155548BBD865  __libc_start_main     Unknown  Unknown
fesom.x            00000000004125EE  Unknown               Unknown  Unknown
forrtl: severe (174): SIGSEGV, segmentation fault occurred
Image              PC                Routine            Line        Source             
fesom.x            000000000042CF4A  for__signal_handl     Unknown  Unknown
libpthread-2.28.s  00001555492ED990  Unknown               Unknown  Unknown
libfesom.so        000015554B5F30ED  diagnostics_mp_di     Unknown  Unknown
libfesom.so        000015554B78F126  solve_tracers_ale     Unknown  Unknown
libfesom.so        000015554B72DC77  oce_timestep_ale_     Unknown  Unknown
libfesom.so        000015554B57BE03  fesom_module_mp_f     Unknown  Unknown
fesom.x            0000000000412748  MAIN__                Unknown  Unknown
fesom.x            00000000004126E2  Unknown               Unknown  Unknown
libc-2.28.so       0000155548BBD865  __libc_start_main     Unknown  Unknown
fesom.x            00000000004125EE  Unknown               Unknown  Unknown
forrtl: severe (174): SIGSEGV, segmentation fault occurred
Image              PC                Routine            Line        Source             
fesom.x            000000000042CF4A  for__signal_handl     Unknown  Unknown
libpthread-2.28.s  00001555492ED990  Unknown               Unknown  Unknown
libfesom.so        000015554B5F30ED  diagnostics_mp_di     Unknown  Unknown
libfesom.so        000015554B78F126  solve_tracers_ale     Unknown  Unknown
libfesom.so        000015554B72DC77  oce_timestep_ale_     Unknown  Unknown
libfesom.so        000015554B57BE03  fesom_module_mp_f     Unknown  Unknown
fesom.x            0000000000412748  MAIN__                Unknown  Unknown
fesom.x            00000000004126E2  Unknown               Unknown  Unknown
libc-2.28.so       0000155548BBD865  __libc_start_main     Unknown  Unknown
fesom.x            00000000004125EE  Unknown               Unknown  Unknown
forrtl: severe (174): SIGSEGV, segmentation fault occurred
Image              PC                Routine            Line        Source             
fesom.x            000000000042CF4A  for__signal_handl     Unknown  Unknown
libpthread-2.28.s  00001555492ED990  Unknown               Unknown  Unknown
libfesom.so        000015554B5F30ED  diagnostics_mp_di     Unknown  Unknown
libfesom.so        000015554B78F126  solve_tracers_ale     Unknown  Unknown
libfesom.so        000015554B72DC77  oce_timestep_ale_     Unknown  Unknown
libfesom.so        000015554B57BE03  fesom_module_mp_f     Unknown  Unknown
fesom.x            0000000000412748  MAIN__                Unknown  Unknown
fesom.x            00000000004126E2  Unknown               Unknown  Unknown
libc-2.28.so       0000155548BBD865  __libc_start_main     Unknown  Unknown
fesom.x            00000000004125EE  Unknown               Unknown  Unknown
forrtl: severe (174): SIGSEGV, segmentation fault occurred
Image              PC                Routine            Line        Source             
fesom.x            000000000042CF4A  for__signal_handl     Unknown  Unknown
libpthread-2.28.s  00001555492ED990  Unknown               Unknown  Unknown
libfesom.so        000015554B5F30ED  diagnostics_mp_di     Unknown  Unknown
libfesom.so        000015554B78F126  solve_tracers_ale     Unknown  Unknown
libfesom.so        000015554B72DC77  oce_timestep_ale_     Unknown  Unknown
libfesom.so        000015554B57BE03  fesom_module_mp_f     Unknown  Unknown
fesom.x            0000000000412748  MAIN__                Unknown  Unknown
fesom.x            00000000004126E2  Unknown               Unknown  Unknown
libc-2.28.so       0000155548BBD865  __libc_start_main     Unknown  Unknown
fesom.x            00000000004125EE  Unknown               Unknown  Unknown
forrtl: severe (174): SIGSEGV, segmentation fault occurred
Image              PC                Routine            Line        Source             
fesom.x            000000000042CF4A  for__signal_handl     Unknown  Unknown
libpthread-2.28.s  00001555492ED990  Unknown               Unknown  Unknown
libfesom.so        000015554B5F30ED  diagnostics_mp_di     Unknown  Unknown
libfesom.so        000015554B78F126  solve_tracers_ale     Unknown  Unknown
libfesom.so        000015554B72DC77  oce_timestep_ale_     Unknown  Unknown
libfesom.so        000015554B57BE03  fesom_module_mp_f     Unknown  Unknown
fesom.x            0000000000412748  MAIN__                Unknown  Unknown
fesom.x            00000000004126E2  Unknown               Unknown  Unknown
libc-2.28.so       0000155548BBD865  __libc_start_main     Unknown  Unknown
fesom.x            00000000004125EE  Unknown               Unknown  Unknown
forrtl: severe (174): SIGSEGV, segmentation fault occurred
Image              PC                Routine            Line        Source             
fesom.x            000000000042CF4A  for__signal_handl     Unknown  Unknown
libpthread-2.28.s  00001555492ED990  Unknown               Unknown  Unknown
libfesom.so        000015554B5F30ED  diagnostics_mp_di     Unknown  Unknown
libfesom.so        000015554B78F126  solve_tracers_ale     Unknown  Unknown
libfesom.so        000015554B72DC77  oce_timestep_ale_     Unknown  Unknown
libfesom.so        000015554B57BE03  fesom_module_mp_f     Unknown  Unknown
fesom.x            0000000000412748  MAIN__                Unknown  Unknown
fesom.x            00000000004126E2  Unknown               Unknown  Unknown
libc-2.28.so       0000155548BBD865  __libc_start_main     Unknown  Unknown
fesom.x            00000000004125EE  Unknown               Unknown  Unknown
forrtl: severe (174): SIGSEGV, segmentation fault occurred
Image              PC                Routine            Line        Source             
fesom.x            000000000042CF4A  for__signal_handl     Unknown  Unknown
libpthread-2.28.s  00001555492ED990  Unknown               Unknown  Unknown
libfesom.so        000015554B5F30ED  diagnostics_mp_di     Unknown  Unknown
libfesom.so        000015554B78F126  solve_tracers_ale     Unknown  Unknown
libfesom.so        000015554B72DC77  oce_timestep_ale_     Unknown  Unknown
libfesom.so        000015554B57BE03  fesom_module_mp_f     Unknown  Unknown
fesom.x            0000000000412748  MAIN__                Unknown  Unknown
fesom.x            00000000004126E2  Unknown               Unknown  Unknown
libc-2.28.so       0000155548BBD865  __libc_start_main     Unknown  Unknown
fesom.x            00000000004125EE  Unknown               Unknown  Unknown
srun: error: prod-158: tasks 0-59: Exited with exit code 174
srun: launch/slurm: _step_signal: Terminating StepId=43998394.0
Thu May 21 15:33:25 CEST 2026
