Module for intel-oneapi-compilers version 2022.1.0 loaded
Module for intel-oneapi-mpi version 2021.6.0 loaded
Module for intel-oneapi-mkl version 2022.1.0 loaded
Module for netcdf-fortran version 4.5.4 loaded
Module for netcdf-c version 4.8.1 loaded
ln: failed to create symbolic link './fesom.x': File exists
Thu May 21 15:31:38 CEST 2026
 MPI has been initialized, provided MPI thread support level: MPI_THREAD_MULTIPLE           3
 Running on                             60  PEs
 
 [36m .------. ------. ------.  .-----. ,--.   ,-.  .----.  [0m
 [36m |  .--- ́|  .--- ́/    _ / ´  .-.  `|   `. ́   |\_,-.  | [0m
 [36m |  `--. |  `--. \_..`--. |  | |  ||  |`. ́|  |   . ́ . ́ [0m
 [36m |  .-- ́ |  .-- ́ .-._)   \|  | |  ||  |   |  | . ́  /_  [0m
 [36m |  |    |  `---.\       /`  `- ́   ́|  |   |  ||      | [0m
 [36m `-- ́    `------ ́ `----- ́  `----- ́ `-- ́   `-- ́`------ ́ [0m
                                           _____           
       ___________                     ,-:` \;´,``-,       
      | .-------. |                  .´-;_,;  `:-;_,`.     
      | |       | |                 /;   `/    ,  _`.-\    
      | |       | |                | ´`. (`     /` ` \`|   
      | |__   __| |            ,-C=|:.  `\`-.   \_   / |   
       `---|-|---´          ,-´    |     (   `,  .`\ ;`|   
        [====  O]--,    ,--´        \     | .´     `-´/    
      /:::::::::::\ \_,-             `.   ;/        .´     
     /:::::===:::::\                   ``-._____.-´`       
    ´---------------`                                      
 
 
 FESOM2 git SHA: c34a956e
 MPI library version: Intel(R) MPI Library 2021.6 for Linux* OS

 [32m____________________________________________________________[0m
 [7;32m --> FESOM BUILDS UP MODEL CONFIGURATION                    [0m
 Restart path configuration:
   Input path:  /albedo/work/projects/p_clidyn_work/rjuhrban/double_gyre/m100/results/NN_after_spinup_none/GM/short_run_to_check_runtime_outputfreq_d/
   Output path: /albedo/work/projects/p_clidyn_work/rjuhrban/double_gyre/m100/results/NN_after_spinup_none/GM/short_run_to_check_runtime_outputfreq_d/
   Note: Using same directory for input and output (legacy mode)
 Namelist files are read in
 time step size is set to    600.000000000000      sec
 Value of which_NN:udcjhprx
 
 [31m____________________________________________________________[0m
 [5;7;31m --> THIS IS A RESTART RUN !!!                              [0m
     > clock restarted at time:    0.00   1 2008
 
         144  steps to run for fesom      job submission
           0 rpart is read
 myLists are read
 reading /albedo/work/projects/p_clidyn_work/rjuhrban/double_gyre/m100/nod2d.out
 reading /albedo/work/projects/p_clidyn_work/rjuhrban/double_gyre/m100/elem2d.out
 elements are read
 communication arrays are read
 =========================
 2D mesh was read in   0.134131537852227       seconds
 2D mesh info : nod2D=         389  elem2D=         702 checksum= 
 =========================
 Communication arrays are set
 test_tri finished in   3.920024028047919E-006  seconds
 =========================
 reading /albedo/work/projects/p_clidyn_work/rjuhrban/double_gyre/m100/edgenum.out
 2D mesh info : edge2D=        1090
 reading /albedo/work/projects/p_clidyn_work/rjuhrban/double_gyre/m100/edges.out
 reading /albedo/work/projects/p_clidyn_work/rjuhrban/double_gyre/m100/edge_tri.out
 load_edges finished in   3.724582152790390E-002  seconds
 =========================
 find_neighbors finished in   2.604228997370228E-003  seconds
 =========================
 reading /albedo/work/projects/p_clidyn_work/rjuhrban/double_gyre/m100/elvls.out
 reading /albedo/work/projects/p_clidyn_work/rjuhrban/double_gyre/m100/nlvls.out
 ____________________________________________________________________
  --> 3D mesh was read in   3.625692432979122E-002  seconds
  --> Min/max depth on mype :            0   4000.00000000000        4000.00000000000     
 ____________________________________________________________________
  --> find min/max level e2n in  2.060515107586980E-004  seconds
 ____________________________________________________________________
  --> mesh statistics:           0
           0 maxArea    8831835589.32587         MinArea    8415276695.49772     
           0 maxScArea    17565690548.2392         MinScArea    16940789623.1981     
           0 Edges:            1090  internal         1016
      > Total ocean surface area is           :    5843962925012.69       m^2
      > Total ocean surface area with cavity is:    5843962925012.69       m^2
      > mesh_areas finished in   8.369861025130376E-004  seconds
 mesh_auxiliary_arrays finished in   8.816064218990505E-004  seconds
 =========================
 FESOM mesh_setup... complete
 ***start level area_test***
   5843962925012.69        5843962925012.69     
   5843962925012.69        5843962925012.69     
   5843962925012.69        5843962925012.69     
   5843962925012.69        5843962925012.69     
   5843962925012.69        5843962925012.69     
   5843962925012.69        5843962925012.69     
   5843962925012.69        5843962925012.69     
   5843962925012.69        5843962925012.69     
   5843962925012.69        5843962925012.69     
   5843962925012.69        5843962925012.69     
   5843962925012.69        5843962925012.69     
   5843962925012.69        5843962925012.69     
   5843962925012.69        5843962925012.69     
   5843962925012.69        5843962925012.69     
   5843962925012.69        5843962925012.69     
   5843962925012.69        5843962925012.69     
   5843962925012.69        5843962925012.69     
   5843962925012.69        5843962925012.69     
   5843962925012.69        5843962925012.69     
   5843962925012.69        5843962925012.69     
   5843962925012.69        5843962925012.69     
   5843962925012.69        5843962925012.69     
   5843962925012.69        5843962925012.69     
   5843962925012.69        5843962925012.69     
   5843962925012.69        5843962925012.69     
   5843962925012.69        5843962925012.69     
   5843962925012.69        5843962925012.69     
   5843962925012.69        5843962925012.69     
   5843962925012.69        5843962925012.69     
   5843962925012.69        5843962925012.69     
   5843962925012.69        5843962925012.69     
   5843962925012.69        5843962925012.69     
   5843962925012.69        5843962925012.69     
   5843962925012.69        5843962925012.69     
   5843962925012.69        5843962925012.69     
   5843962925012.69        5843962925012.69     
   5843962925012.69        5843962925012.69     
   5843962925012.69        5843962925012.69     
   5843962925012.69        5843962925012.69     
   5843962925012.69        5843962925012.69     
  0.000000000000000E+000  0.000000000000000E+000
 ***end level area_test***
      file   : namelist.dyn open ok
      file   : namelist.tra open ok
 number of tracers will be changed from          100  to            2 !
 total number of tracers is:            2
 ____________________________________________________________
  --> initialise ALE arrays + sparse SSH stiff matrix
 
 ____________________________________________________________
  --> initialise ssh operator using unperturbed ocean depth
      > in stiff_mat_ale, reading /albedo/work/projects/p_clidyn_work/rjuhrban/double_gyre/m100/dist_60/rpart.out
      took:   6.149744876893237E-004  sec
 
 Arrays are set
 FCT is initialized
           1 COR   1.01177027399028       0.951871356842007     
           1 COR_n   1.01776016570511       0.945881465127180     
           2 COR  0.975830923701317       0.903952223123387     
           2 COR_n  0.981820815416145       0.891972439693731     
           0 COR  0.993800598845800       0.933901681697525     
           0 COR_n  0.999790490560628       0.927911789982697     
 ____________________________________________________________
  --> call init_thickness_ale
 
 ____________________________________________________________
  --> initialise ALE layerthicknesses, depth levels and middepth levels
 
          52 COR   1.32923453487614        1.25735583429821     
          52 COR_n   1.34121431830580        1.25136594258339     
           7 COR   1.04770962427925       0.987810707130973     
           7 COR_n   1.05369951599408       0.981820815416145     
          53 COR   1.33522442659097        1.29329518458718     
          53 COR_n   1.34121431830580        1.28730529287235     
           8 COR   1.09562875799787        1.02375005741994     
           8 COR_n   1.10760854142752        1.01776016570511     
          47 COR   1.27532550944270        1.22141648400925     
          47 COR_n   1.28730529287235        1.21542659229442     
           3 COR  0.939891573412352       0.879992656264076     
           3 COR_n  0.945881465127180       0.874002764549249     
           4 COR  0.903952223123387       0.844053305975111     
           4 COR_n  0.909942114838214       0.838063414260283     
           9 COR   1.10161864971270        1.04171973256442     
           9 COR_n   1.10760854142752        1.03572984084959     
          10 COR   1.14953778343132        1.07765908285339     
          10 COR_n   1.16151756686097        1.07166919113856     
          18 COR  0.939891573412352       0.885982547978904     
          18 COR_n  0.945881465127180       0.874002764549249     
           6 COR  0.921921898267869       0.862022981119593     
           6 COR_n  0.927911789982697       0.856033089404766     
          12 COR   1.06567929942373        1.00578038227546     
          12 COR_n   1.07166919113856       0.999790490560628     
          35 COR  0.993800598845800       0.933901681697525     
          35 COR_n  0.999790490560628       0.927911789982697     
          45 COR   1.22740637572408        1.16750745857580     
          45 COR_n   1.23339626743890        1.16151756686097     
          49 COR   1.13755800000166        1.07765908285339     
          49 COR_n   1.14354789171649        1.07166919113856     
          54 COR   1.28131540115752        1.22141648400925     
          54 COR_n   1.28730529287235        1.21542659229442     
           5 COR  0.975830923701317       0.915932006553042     
           5 COR_n  0.981820815416145       0.909942114838214     
          16 COR  0.921921898267869       0.879992656264076     
          16 COR_n  0.927911789982697       0.874002764549249     
          20 COR  0.868012872834421       0.796134172256490     
          20 COR_n  0.874002764549249       0.784154388826835     
          24 COR  0.850043197689938       0.790144280541663     
          24 COR_n  0.856033089404766       0.784154388826835     
          26 COR  0.760194821967525       0.700295904819249     
          26 COR_n  0.766184713682352       0.694306013104421     
          27 COR  0.760194821967525       0.706285796534076     
          27 COR_n  0.766184713682352       0.694306013104421     
          32 COR   1.06567929942373        1.00578038227546     
          32 COR_n   1.07166919113856       0.999790490560628     
          40 COR   1.15552767514614        1.07765908285339     
          40 COR_n   1.16151756686097        1.07166919113856     
          44 COR   1.04770962427925       0.975830923701317     
          44 COR_n   1.05369951599408       0.963851140271662     
          46 COR   1.22740637572408        1.16750745857580     
          46 COR_n   1.23339626743890        1.16151756686097     
          55 COR   1.29928507630201        1.23938615915373     
          55 COR_n   1.30527496801683        1.23339626743890     
          13 COR   1.02973994913477       0.969841031986490     
          13 COR_n   1.03572984084959       0.963851140271662     
          14 COR  0.993800598845800       0.933901681697525     
          14 COR_n  0.999790490560628       0.927911789982697     
          15 COR  0.939891573412352       0.862022981119593     
          15 COR_n  0.945881465127180       0.856033089404766     
          17 COR  0.957861248556835       0.915932006553042     
          17 COR_n  0.963851140271662       0.909942114838214     
          19 COR  0.921921898267869       0.850043197689938     
          19 COR_n  0.927911789982697       0.838063414260283     
          21 COR  0.885982547978904       0.808113955686145     
          21 COR_n  0.891972439693731       0.802124063971318     
          22 COR  0.868012872834421       0.790144280541663     
          22 COR_n  0.874002764549249       0.784154388826835     
          23 COR  0.885982547978904       0.826083630830628     
          23 COR_n  0.891972439693731       0.820093739115801     
          25 COR  0.814103847400973       0.754204930252697     
          25 COR_n  0.820093739115801       0.748215038537870     
          28 COR  0.814103847400973       0.742225146823042     
          28 COR_n  0.820093739115801       0.730245363393387     
          29 COR  0.832073522545456       0.754204930252697     
          29 COR_n  0.838063414260283       0.748215038537870     
          30 COR   1.06567929942373        1.00578038227546     
          30 COR_n   1.07166919113856       0.999790490560628     
          31 COR   1.10161864971270        1.05968940770890     
          31 COR_n   1.10760854142752        1.05369951599408     
          34 COR  0.993800598845800       0.933901681697525     
          34 COR_n  0.999790490560628       0.927911789982697     
          36 COR   1.04770962427925       0.969841031986490     
          36 COR_n   1.05369951599408       0.963851140271662     
          37 COR   1.13755800000166        1.05968940770890     
          37 COR_n   1.14354789171649        1.05369951599408     
          38 COR   1.13755800000166        1.07765908285339     
          38 COR_n   1.14354789171649        1.07166919113856     
          39 COR   1.13755800000166        1.07765908285339     
          39 COR_n   1.14354789171649        1.07166919113856     
          42 COR   1.08364897456821        1.04171973256442     
          42 COR_n   1.08963886628304        1.03572984084959     
          43 COR   1.09562875799787        1.02973994913477     
          43 COR_n   1.10760854142752        1.01776016570511     
          48 COR   1.19146702543511        1.13156810828683     
          48 COR_n   1.19745691714994        1.12557821657201     
          50 COR   1.17349735029063        1.13156810828683     
          50 COR_n   1.17948724200546        1.12557821657201     
          51 COR   1.15552767514614        1.09562875799787     
          51 COR_n   1.16151756686097        1.08963886628304     
          57 COR   1.22141648400925        1.14953778343132     
          57 COR_n   1.23339626743890        1.14354789171649     
          59 COR   1.24537605086856        1.18547713372028     
          59 COR_n   1.25136594258339        1.17948724200546     
 Initial state
          11 COR   1.04770962427925       0.969841031986490     
          11 COR_n   1.05369951599408       0.963851140271662     
          33 COR   1.01177027399028       0.951871356842007     
          33 COR_n   1.01776016570511       0.945881465127180     
          41 COR   1.04770962427925       0.987810707130973     
          41 COR_n   1.05369951599408       0.981820815416145     
          56 COR   1.19146702543511        1.13156810828683     
          56 COR_n   1.19745691714994        1.12557821657201     
          58 COR   1.22740637572408        1.14953778343132     
          58 COR_n   1.23339626743890        1.14354789171649     
 FESOM ocean_setup... complete
 ****************************************************
 use_landice_water F
 use_age_tracer F
 [1;33m --> read restarts from netcdf file: ocean[0m
 reading restart for ssh at /albedo/work/projects/p_clidyn_work/rjuhrban/double_gyre/m100/results/NN_after_spinup_none/GM/short_run_to_check_runtime_outputfreq_d/fesom.2007.oce.restart/ssh.nc
==================================
RESTART READ TIMING for file: ssh
  NetCDF read time:       0.000 seconds
  MPI scatter time:       0.010 seconds
  TOTAL time:             0.010 seconds
==================================
 restart from record            1  of            1 /albedo/work/projects/p_clidyn_work/rjuhrban/double_gyre/m100/results/NN_after_spinup_none/GM/short_run_to_check_runtime_outputfreq_d/fesom.2007.oce.restart/ssh.nc
 reading restart for hbar at /albedo/work/projects/p_clidyn_work/rjuhrban/double_gyre/m100/results/NN_after_spinup_none/GM/short_run_to_check_runtime_outputfreq_d/fesom.2007.oce.restart/hbar.nc
 [33m____________________________________________________________[0m
 [5;33m --> WARNING: RESTART TIMESTAMP MISMATCH !!!               [0m
 WARNING: timestamps in restart and in clock files do not match for ssh
          at path: /albedo/work/projects/p_clidyn_work/rjuhrban/double_gyre/m100/results/NN_after_spinup_none/GM/short_run_to_check_runtime_outputfreq_d/fesom.2007.oce.restart/ssh.nc
          clock time  =   31534800.0000000     
          restart time=   31535400.0000000     
 WARNING: This mismatch will be ignored and the model will continue running.
 WARNING: Please verify that this is the intended behavior for your simulation.
 [33m____________________________________________________________[0m
==================================
RESTART READ TIMING for file: hbar
  NetCDF read time:       0.000 seconds
  MPI scatter time:       0.006 seconds
  TOTAL time:             0.006 seconds
==================================
 restart from record            1  of            1 /albedo/work/projects/p_clidyn_work/rjuhrban/double_gyre/m100/results/NN_after_spinup_none/GM/short_run_to_check_runtime_outputfreq_d/fesom.2007.oce.restart/hbar.nc
 reading restart for ssh_rhs_old at /albedo/work/projects/p_clidyn_work/rjuhrban/double_gyre/m100/results/NN_after_spinup_none/GM/short_run_to_check_runtime_outputfreq_d/fesom.2007.oce.restart/ssh_rhs_old.nc
 [33m____________________________________________________________[0m
 [5;33m --> WARNING: RESTART TIMESTAMP MISMATCH !!!               [0m
 WARNING: timestamps in restart and in clock files do not match for hbar
          at path: /albedo/work/projects/p_clidyn_work/rjuhrban/double_gyre/m100/results/NN_after_spinup_none/GM/short_run_to_check_runtime_outputfreq_d/fesom.2007.oce.restart/hbar.nc
          clock time  =   31534800.0000000     
          restart time=   31535400.0000000     
 WARNING: This mismatch will be ignored and the model will continue running.
 WARNING: Please verify that this is the intended behavior for your simulation.
 [33m____________________________________________________________[0m
==================================
RESTART READ TIMING for file: ssh_rhs_old
  NetCDF read time:       0.000 seconds
  MPI scatter time:       0.006 seconds
  TOTAL time:             0.006 seconds
==================================
 restart from record            1  of            1 /albedo/work/projects/p_clidyn_work/rjuhrban/double_gyre/m100/results/NN_after_spinup_none/GM/short_run_to_check_runtime_outputfreq_d/fesom.2007.oce.restart/ssh_rhs_old.nc
 reading restart for hnode at /albedo/work/projects/p_clidyn_work/rjuhrban/double_gyre/m100/results/NN_after_spinup_none/GM/short_run_to_check_runtime_outputfreq_d/fesom.2007.oce.restart/hnode.nc
 [33m____________________________________________________________[0m
 [5;33m --> WARNING: RESTART TIMESTAMP MISMATCH !!!               [0m
 WARNING: timestamps in restart and in clock files do not match for ssh_rhs_old
          at path: /albedo/work/projects/p_clidyn_work/rjuhrban/double_gyre/m100/results/NN_after_spinup_none/GM/short_run_to_check_runtime_outputfreq_d/fesom.2007.oce.restart/ssh_rhs_old.nc
          clock time  =   31534800.0000000     
          restart time=   31535400.0000000     
 WARNING: This mismatch will be ignored and the model will continue running.
 WARNING: Please verify that this is the intended behavior for your simulation.
 [33m____________________________________________________________[0m
==================================
RESTART READ TIMING for file: hnode
  NetCDF read time:       0.000 seconds
  MPI scatter time:       0.010 seconds
  TOTAL time:             0.010 seconds
==================================
 restart from record            1  of            1 /albedo/work/projects/p_clidyn_work/rjuhrban/double_gyre/m100/results/NN_after_spinup_none/GM/short_run_to_check_runtime_outputfreq_d/fesom.2007.oce.restart/hnode.nc
 reading restart for u at /albedo/work/projects/p_clidyn_work/rjuhrban/double_gyre/m100/results/NN_after_spinup_none/GM/short_run_to_check_runtime_outputfreq_d/fesom.2007.oce.restart/u.nc
 [33m____________________________________________________________[0m
 [5;33m --> WARNING: RESTART TIMESTAMP MISMATCH !!!               [0m
 WARNING: timestamps in restart and in clock files do not match for hnode
          at path: /albedo/work/projects/p_clidyn_work/rjuhrban/double_gyre/m100/results/NN_after_spinup_none/GM/short_run_to_check_runtime_outputfreq_d/fesom.2007.oce.restart/hnode.nc
          clock time  =   31534800.0000000     
          restart time=   31535400.0000000     
 WARNING: This mismatch will be ignored and the model will continue running.
 WARNING: Please verify that this is the intended behavior for your simulation.
 [33m____________________________________________________________[0m
==================================
RESTART READ TIMING for file: u
  NetCDF read time:       0.000 seconds
  MPI scatter time:       0.010 seconds
  TOTAL time:             0.010 seconds
==================================
 restart from record            1  of            1 /albedo/work/projects/p_clidyn_work/rjuhrban/double_gyre/m100/results/NN_after_spinup_none/GM/short_run_to_check_runtime_outputfreq_d/fesom.2007.oce.restart/u.nc
 reading restart for v at /albedo/work/projects/p_clidyn_work/rjuhrban/double_gyre/m100/results/NN_after_spinup_none/GM/short_run_to_check_runtime_outputfreq_d/fesom.2007.oce.restart/v.nc
 [33m____________________________________________________________[0m
 [5;33m --> WARNING: RESTART TIMESTAMP MISMATCH !!!               [0m
 WARNING: timestamps in restart and in clock files do not match for u
          at path: /albedo/work/projects/p_clidyn_work/rjuhrban/double_gyre/m100/results/NN_after_spinup_none/GM/short_run_to_check_runtime_outputfreq_d/fesom.2007.oce.restart/u.nc
          clock time  =   31534800.0000000     
          restart time=   31535400.0000000     
 WARNING: This mismatch will be ignored and the model will continue running.
 WARNING: Please verify that this is the intended behavior for your simulation.
 [33m____________________________________________________________[0m
==================================
RESTART READ TIMING for file: v
  NetCDF read time:       0.000 seconds
  MPI scatter time:       0.009 seconds
  TOTAL time:             0.009 seconds
==================================
 restart from record            1  of            1 /albedo/work/projects/p_clidyn_work/rjuhrban/double_gyre/m100/results/NN_after_spinup_none/GM/short_run_to_check_runtime_outputfreq_d/fesom.2007.oce.restart/v.nc
 reading restart for urhs_AB at /albedo/work/projects/p_clidyn_work/rjuhrban/double_gyre/m100/results/NN_after_spinup_none/GM/short_run_to_check_runtime_outputfreq_d/fesom.2007.oce.restart/urhs_AB.nc
 [33m____________________________________________________________[0m
 [5;33m --> WARNING: RESTART TIMESTAMP MISMATCH !!!               [0m
 WARNING: timestamps in restart and in clock files do not match for v
          at path: /albedo/work/projects/p_clidyn_work/rjuhrban/double_gyre/m100/results/NN_after_spinup_none/GM/short_run_to_check_runtime_outputfreq_d/fesom.2007.oce.restart/v.nc
          clock time  =   31534800.0000000     
          restart time=   31535400.0000000     
 WARNING: This mismatch will be ignored and the model will continue running.
 WARNING: Please verify that this is the intended behavior for your simulation.
 [33m____________________________________________________________[0m
==================================
RESTART READ TIMING for file: urhs_AB
  NetCDF read time:       0.000 seconds
  MPI scatter time:       0.010 seconds
  TOTAL time:             0.010 seconds
==================================
 restart from record            1  of            1 /albedo/work/projects/p_clidyn_work/rjuhrban/double_gyre/m100/results/NN_after_spinup_none/GM/short_run_to_check_runtime_outputfreq_d/fesom.2007.oce.restart/urhs_AB.nc
 reading restart for vrhs_AB at /albedo/work/projects/p_clidyn_work/rjuhrban/double_gyre/m100/results/NN_after_spinup_none/GM/short_run_to_check_runtime_outputfreq_d/fesom.2007.oce.restart/vrhs_AB.nc
 [33m____________________________________________________________[0m
 [5;33m --> WARNING: RESTART TIMESTAMP MISMATCH !!!               [0m
 WARNING: timestamps in restart and in clock files do not match for urhs_AB
          at path: /albedo/work/projects/p_clidyn_work/rjuhrban/double_gyre/m100/results/NN_after_spinup_none/GM/short_run_to_check_runtime_outputfreq_d/fesom.2007.oce.restart/urhs_AB.nc
          clock time  =   31534800.0000000     
          restart time=   31535400.0000000     
 WARNING: This mismatch will be ignored and the model will continue running.
 WARNING: Please verify that this is the intended behavior for your simulation.
 [33m____________________________________________________________[0m
==================================
RESTART READ TIMING for file: vrhs_AB
  NetCDF read time:       0.000 seconds
  MPI scatter time:       0.011 seconds
  TOTAL time:             0.011 seconds
==================================
 restart from record            1  of            1 /albedo/work/projects/p_clidyn_work/rjuhrban/double_gyre/m100/results/NN_after_spinup_none/GM/short_run_to_check_runtime_outputfreq_d/fesom.2007.oce.restart/vrhs_AB.nc
 reading restart for temp at /albedo/work/projects/p_clidyn_work/rjuhrban/double_gyre/m100/results/NN_after_spinup_none/GM/short_run_to_check_runtime_outputfreq_d/fesom.2007.oce.restart/temp.nc
 [33m____________________________________________________________[0m
 [5;33m --> WARNING: RESTART TIMESTAMP MISMATCH !!!               [0m
 WARNING: timestamps in restart and in clock files do not match for vrhs_AB
          at path: /albedo/work/projects/p_clidyn_work/rjuhrban/double_gyre/m100/results/NN_after_spinup_none/GM/short_run_to_check_runtime_outputfreq_d/fesom.2007.oce.restart/vrhs_AB.nc
          clock time  =   31534800.0000000     
          restart time=   31535400.0000000     
 WARNING: This mismatch will be ignored and the model will continue running.
 WARNING: Please verify that this is the intended behavior for your simulation.
 [33m____________________________________________________________[0m
==================================
RESTART READ TIMING for file: temp
  NetCDF read time:       0.000 seconds
  MPI scatter time:       0.010 seconds
  TOTAL time:             0.010 seconds
==================================
 restart from record            1  of            1 /albedo/work/projects/p_clidyn_work/rjuhrban/double_gyre/m100/results/NN_after_spinup_none/GM/short_run_to_check_runtime_outputfreq_d/fesom.2007.oce.restart/temp.nc
 reading restart for temp_AB at /albedo/work/projects/p_clidyn_work/rjuhrban/double_gyre/m100/results/NN_after_spinup_none/GM/short_run_to_check_runtime_outputfreq_d/fesom.2007.oce.restart/temp_AB.nc
 [33m____________________________________________________________[0m
 [5;33m --> WARNING: RESTART TIMESTAMP MISMATCH !!!               [0m
 WARNING: timestamps in restart and in clock files do not match for temp
          at path: /albedo/work/projects/p_clidyn_work/rjuhrban/double_gyre/m100/results/NN_after_spinup_none/GM/short_run_to_check_runtime_outputfreq_d/fesom.2007.oce.restart/temp.nc
          clock time  =   31534800.0000000     
          restart time=   31535400.0000000     
 WARNING: This mismatch will be ignored and the model will continue running.
 WARNING: Please verify that this is the intended behavior for your simulation.
 [33m____________________________________________________________[0m
==================================
RESTART READ TIMING for file: temp_AB
  NetCDF read time:       0.000 seconds
  MPI scatter time:       0.010 seconds
  TOTAL time:             0.010 seconds
==================================
 restart from record            1  of            1 /albedo/work/projects/p_clidyn_work/rjuhrban/double_gyre/m100/results/NN_after_spinup_none/GM/short_run_to_check_runtime_outputfreq_d/fesom.2007.oce.restart/temp_AB.nc
 [33m____________________________________________________________[0m
 [5;33m --> WARNING: RESTART TIMESTAMP MISMATCH !!!               [0m
 WARNING: timestamps in restart and in clock files do not match for temp_AB
          at path: /albedo/work/projects/p_clidyn_work/rjuhrban/double_gyre/m100/results/NN_after_spinup_none/GM/short_run_to_check_runtime_outputfreq_d/fesom.2007.oce.restart/temp_AB.nc
          clock time  =   31534800.0000000     
          restart time=   31535400.0000000     
 WARNING: This mismatch will be ignored and the model will continue running.
 WARNING: Please verify that this is the intended behavior for your simulation.
 [33m____________________________________________________________[0m
 reading restart for temp_M1 at /albedo/work/projects/p_clidyn_work/rjuhrban/double_gyre/m100/results/NN_after_spinup_none/GM/short_run_to_check_runtime_outputfreq_d/fesom.2007.oce.restart/temp_M1.nc
==================================
RESTART READ TIMING for file: temp_M1
  NetCDF read time:       0.000 seconds
  MPI scatter time:       0.005 seconds
  TOTAL time:             0.005 seconds
==================================
 restart from record            1  of            1 /albedo/work/projects/p_clidyn_work/rjuhrban/double_gyre/m100/results/NN_after_spinup_none/GM/short_run_to_check_runtime_outputfreq_d/fesom.2007.oce.restart/temp_M1.nc
 reading restart for salt at /albedo/work/projects/p_clidyn_work/rjuhrban/double_gyre/m100/results/NN_after_spinup_none/GM/short_run_to_check_runtime_outputfreq_d/fesom.2007.oce.restart/salt.nc
 [33m____________________________________________________________[0m
 [5;33m --> WARNING: RESTART TIMESTAMP MISMATCH !!!               [0m
 WARNING: timestamps in restart and in clock files do not match for temp_M1
          at path: /albedo/work/projects/p_clidyn_work/rjuhrban/double_gyre/m100/results/NN_after_spinup_none/GM/short_run_to_check_runtime_outputfreq_d/fesom.2007.oce.restart/temp_M1.nc
          clock time  =   31534800.0000000     
          restart time=   31535400.0000000     
 WARNING: This mismatch will be ignored and the model will continue running.
 WARNING: Please verify that this is the intended behavior for your simulation.
 [33m____________________________________________________________[0m
==================================
RESTART READ TIMING for file: salt
  NetCDF read time:       0.000 seconds
  MPI scatter time:       0.010 seconds
  TOTAL time:             0.010 seconds
==================================
 restart from record            1  of            1 /albedo/work/projects/p_clidyn_work/rjuhrban/double_gyre/m100/results/NN_after_spinup_none/GM/short_run_to_check_runtime_outputfreq_d/fesom.2007.oce.restart/salt.nc
 reading restart for salt_AB at /albedo/work/projects/p_clidyn_work/rjuhrban/double_gyre/m100/results/NN_after_spinup_none/GM/short_run_to_check_runtime_outputfreq_d/fesom.2007.oce.restart/salt_AB.nc
 [33m____________________________________________________________[0m
 [5;33m --> WARNING: RESTART TIMESTAMP MISMATCH !!!               [0m
 WARNING: timestamps in restart and in clock files do not match for salt
          at path: /albedo/work/projects/p_clidyn_work/rjuhrban/double_gyre/m100/results/NN_after_spinup_none/GM/short_run_to_check_runtime_outputfreq_d/fesom.2007.oce.restart/salt.nc
          clock time  =   31534800.0000000     
          restart time=   31535400.0000000     
 WARNING: This mismatch will be ignored and the model will continue running.
 WARNING: Please verify that this is the intended behavior for your simulation.
 [33m____________________________________________________________[0m
==================================
RESTART READ TIMING for file: salt_AB
  NetCDF read time:       0.000 seconds
  MPI scatter time:       0.009 seconds
  TOTAL time:             0.009 seconds
==================================
 restart from record            1  of            1 /albedo/work/projects/p_clidyn_work/rjuhrban/double_gyre/m100/results/NN_after_spinup_none/GM/short_run_to_check_runtime_outputfreq_d/fesom.2007.oce.restart/salt_AB.nc
 [33m____________________________________________________________[0m
 [5;33m --> WARNING: RESTART TIMESTAMP MISMATCH !!!               [0m
 WARNING: timestamps in restart and in clock files do not match for salt_AB
          at path: /albedo/work/projects/p_clidyn_work/rjuhrban/double_gyre/m100/results/NN_after_spinup_none/GM/short_run_to_check_runtime_outputfreq_d/fesom.2007.oce.restart/salt_AB.nc
          clock time  =   31534800.0000000     
          restart time=   31535400.0000000     
 WARNING: This mismatch will be ignored and the model will continue running.
 WARNING: Please verify that this is the intended behavior for your simulation.
 [33m____________________________________________________________[0m
 reading restart for salt_M1 at /albedo/work/projects/p_clidyn_work/rjuhrban/double_gyre/m100/results/NN_after_spinup_none/GM/short_run_to_check_runtime_outputfreq_d/fesom.2007.oce.restart/salt_M1.nc
==================================
RESTART READ TIMING for file: salt_M1
  NetCDF read time:       0.000 seconds
  MPI scatter time:       0.005 seconds
  TOTAL time:             0.005 seconds
==================================
 restart from record            1  of            1 /albedo/work/projects/p_clidyn_work/rjuhrban/double_gyre/m100/results/NN_after_spinup_none/GM/short_run_to_check_runtime_outputfreq_d/fesom.2007.oce.restart/salt_M1.nc
 reading restart for w at /albedo/work/projects/p_clidyn_work/rjuhrban/double_gyre/m100/results/NN_after_spinup_none/GM/short_run_to_check_runtime_outputfreq_d/fesom.2007.oce.restart/w.nc
 [33m____________________________________________________________[0m
 [5;33m --> WARNING: RESTART TIMESTAMP MISMATCH !!!               [0m
 WARNING: timestamps in restart and in clock files do not match for salt_M1
          at path: /albedo/work/projects/p_clidyn_work/rjuhrban/double_gyre/m100/results/NN_after_spinup_none/GM/short_run_to_check_runtime_outputfreq_d/fesom.2007.oce.restart/salt_M1.nc
          clock time  =   31534800.0000000     
          restart time=   31535400.0000000     
 WARNING: This mismatch will be ignored and the model will continue running.
 WARNING: Please verify that this is the intended behavior for your simulation.
 [33m____________________________________________________________[0m
==================================
RESTART READ TIMING for file: w
  NetCDF read time:       0.000 seconds
  MPI scatter time:       0.010 seconds
  TOTAL time:             0.010 seconds
==================================
 restart from record            1  of            1 /albedo/work/projects/p_clidyn_work/rjuhrban/double_gyre/m100/results/NN_after_spinup_none/GM/short_run_to_check_runtime_outputfreq_d/fesom.2007.oce.restart/w.nc
 reading restart for w_expl at /albedo/work/projects/p_clidyn_work/rjuhrban/double_gyre/m100/results/NN_after_spinup_none/GM/short_run_to_check_runtime_outputfreq_d/fesom.2007.oce.restart/w_expl.nc
 [33m____________________________________________________________[0m
 [5;33m --> WARNING: RESTART TIMESTAMP MISMATCH !!!               [0m
 WARNING: timestamps in restart and in clock files do not match for w
          at path: /albedo/work/projects/p_clidyn_work/rjuhrban/double_gyre/m100/results/NN_after_spinup_none/GM/short_run_to_check_runtime_outputfreq_d/fesom.2007.oce.restart/w.nc
          clock time  =   31534800.0000000     
          restart time=   31535400.0000000     
 WARNING: This mismatch will be ignored and the model will continue running.
 WARNING: Please verify that this is the intended behavior for your simulation.
 [33m____________________________________________________________[0m
==================================
RESTART READ TIMING for file: w_expl
  NetCDF read time:       0.000 seconds
  MPI scatter time:       0.010 seconds
  TOTAL time:             0.010 seconds
==================================
 restart from record            1  of            1 /albedo/work/projects/p_clidyn_work/rjuhrban/double_gyre/m100/results/NN_after_spinup_none/GM/short_run_to_check_runtime_outputfreq_d/fesom.2007.oce.restart/w_expl.nc
 reading restart for w_impl at /albedo/work/projects/p_clidyn_work/rjuhrban/double_gyre/m100/results/NN_after_spinup_none/GM/short_run_to_check_runtime_outputfreq_d/fesom.2007.oce.restart/w_impl.nc
 [33m____________________________________________________________[0m
 [5;33m --> WARNING: RESTART TIMESTAMP MISMATCH !!!               [0m
 WARNING: timestamps in restart and in clock files do not match for w_expl
          at path: /albedo/work/projects/p_clidyn_work/rjuhrban/double_gyre/m100/results/NN_after_spinup_none/GM/short_run_to_check_runtime_outputfreq_d/fesom.2007.oce.restart/w_expl.nc
          clock time  =   31534800.0000000     
          restart time=   31535400.0000000     
 WARNING: This mismatch will be ignored and the model will continue running.
 WARNING: Please verify that this is the intended behavior for your simulation.
 [33m____________________________________________________________[0m
==================================
RESTART READ TIMING for file: w_impl
  NetCDF read time:       0.000 seconds
  MPI scatter time:       0.010 seconds
  TOTAL time:             0.010 seconds
==================================
 restart from record            1  of            1 /albedo/work/projects/p_clidyn_work/rjuhrban/double_gyre/m100/results/NN_after_spinup_none/GM/short_run_to_check_runtime_outputfreq_d/fesom.2007.oce.restart/w_impl.nc
 ____________________________________________________________
  --> restart ALE layerthicknesses, depth levels and middepth levels
 
 ==========================================
 MODEL SETUP took on mype=0 [seconds]      
 runtime setup total        0.4316908    
  > runtime setup mesh      0.2413753    
  > runtime setup ocean     1.7986672E-02
  > runtime setup forcing   3.4130251E-05
  > runtime setup ice       1.4730118E-05
  > runtime setup restart   0.1721475    
  > runtime setup other     1.3243096E-04
 ============================================
 current_nsteps, steps_per_ib_step, icb_outfreq :         144           8           0
 FESOM start iteration before the barrier...
 [33m____________________________________________________________[0m
 [5;33m --> WARNING: RESTART TIMESTAMP MISMATCH !!!               [0m
 WARNING: timestamps in restart and in clock files do not match for w_impl
          at path: /albedo/work/projects/p_clidyn_work/rjuhrban/double_gyre/m100/results/NN_after_spinup_none/GM/short_run_to_check_runtime_outputfreq_d/fesom.2007.oce.restart/w_impl.nc
          clock time  =   31534800.0000000     
          restart time=   31535400.0000000     
 WARNING: This mismatch will be ignored and the model will continue running.
 WARNING: Please verify that this is the intended behavior for your simulation.
 [33m____________________________________________________________[0m
 FESOM start iteration after the barrier...
 
 [32m____________________________________________________________[0m
 [7;32m --> FESOM STARTS TIME LOOP                                 [0m
[prod-238:517964:0:517964] Caught signal 11 (Segmentation fault: address not mapped to object at address 0x8)
[prod-238:517965:0:517965] Caught signal 11 (Segmentation fault: address not mapped to object at address 0x8)
[prod-238:517966:0:517966] Caught signal 11 (Segmentation fault: address not mapped to object at address 0x8)
[prod-238:517967:0:517967] Caught signal 11 (Segmentation fault: address not mapped to object at address 0x8)
[prod-238:517993:0:517993] Caught signal 11 (Segmentation fault: address not mapped to object at address 0x8)
[prod-238:517940:0:517940] Caught signal 11 (Segmentation fault: address not mapped to object at address 0x8)
[prod-238:517941:0:517941] Caught signal 11 (Segmentation fault: address not mapped to object at address 0x8)
[prod-238:517942:0:517942] Caught signal 11 (Segmentation fault: address not mapped to object at address 0x8)
[prod-238:517943:0:517943] Caught signal 11 (Segmentation fault: address not mapped to object at address 0x8)
[prod-238:517944:0:517944] Caught signal 11 (Segmentation fault: address not mapped to object at address 0x8)
[prod-238:517947:0:517947] Caught signal 11 (Segmentation fault: address not mapped to object at address 0x8)
[prod-238:517948:0:517948] Caught signal 11 (Segmentation fault: address not mapped to object at address 0x8)
[prod-238:517949:0:517949] Caught signal 11 (Segmentation fault: address not mapped to object at address 0x8)
[prod-238:517950:0:517950] Caught signal 11 (Segmentation fault: address not mapped to object at address 0x8)
[prod-238:517952:0:517952] Caught signal 11 (Segmentation fault: address not mapped to object at address 0x8)
[prod-238:517953:0:517953] Caught signal 11 (Segmentation fault: address not mapped to object at address 0x8)
[prod-238:517954:0:517954] Caught signal 11 (Segmentation fault: address not mapped to object at address 0x8)
[prod-238:517956:0:517956] Caught signal 11 (Segmentation fault: address not mapped to object at address 0x8)
[prod-238:517970:0:517970] Caught signal 11 (Segmentation fault: address not mapped to object at address 0x8)
[prod-238:517972:0:517972] Caught signal 11 (Segmentation fault: address not mapped to object at address 0x8)
[prod-238:517975:0:517975] Caught signal 11 (Segmentation fault: address not mapped to object at address 0x8)
[prod-238:517977:0:517977] Caught signal 11 (Segmentation fault: address not mapped to object at address 0x8)
[prod-238:517978:0:517978] Caught signal 11 (Segmentation fault: address not mapped to object at address 0x8)
[prod-238:517980:0:517980] Caught signal 11 (Segmentation fault: address not mapped to object at address 0x8)
[prod-238:517985:0:517985] Caught signal 11 (Segmentation fault: address not mapped to object at address 0x8)
[prod-238:517986:0:517986] Caught signal 11 (Segmentation fault: address not mapped to object at address 0x8)
[prod-238:517987:0:517987] Caught signal 11 (Segmentation fault: address not mapped to object at address 0x8)
[prod-238:517988:0:517988] Caught signal 11 (Segmentation fault: address not mapped to object at address 0x8)
[prod-238:517992:0:517992] Caught signal 11 (Segmentation fault: address not mapped to object at address 0x8)
[prod-238:517995:0:517995] Caught signal 11 (Segmentation fault: address not mapped to object at address 0x8)
[prod-238:517945:0:517945] Caught signal 11 (Segmentation fault: address not mapped to object at address 0x8)
[prod-238:517946:0:517946] Caught signal 11 (Segmentation fault: address not mapped to object at address 0x8)
[prod-238:517951:0:517951] Caught signal 11 (Segmentation fault: address not mapped to object at address 0x8)
[prod-238:517955:0:517955] Caught signal 11 (Segmentation fault: address not mapped to object at address 0x8)
[prod-238:517957:0:517957] Caught signal 11 (Segmentation fault: address not mapped to object at address 0x8)
[prod-238:517958:0:517958] Caught signal 11 (Segmentation fault: address not mapped to object at address 0x8)
[prod-238:517959:0:517959] Caught signal 11 (Segmentation fault: address not mapped to object at address 0x8)
[prod-238:517960:0:517960] Caught signal 11 (Segmentation fault: address not mapped to object at address 0x8)
[prod-238:517961:0:517961] Caught signal 11 (Segmentation fault: address not mapped to object at address 0x8)
[prod-238:517962:0:517962] Caught signal 11 (Segmentation fault: address not mapped to object at address 0x8)
[prod-238:517963:0:517963] Caught signal 11 (Segmentation fault: address not mapped to object at address 0x8)
[prod-238:517968:0:517968] Caught signal 11 (Segmentation fault: address not mapped to object at address 0x8)
[prod-238:517969:0:517969] Caught signal 11 (Segmentation fault: address not mapped to object at address 0x8)
[prod-238:517971:0:517971] Caught signal 11 (Segmentation fault: address not mapped to object at address 0x8)
[prod-238:517973:0:517973] Caught signal 11 (Segmentation fault: address not mapped to object at address 0x8)
[prod-238:517974:0:517974] Caught signal 11 (Segmentation fault: address not mapped to object at address 0x8)
[prod-238:517976:0:517976] Caught signal 11 (Segmentation fault: address not mapped to object at address 0x8)
[prod-238:517979:0:517979] Caught signal 11 (Segmentation fault: address not mapped to object at address 0x8)
[prod-238:517981:0:517981] Caught signal 11 (Segmentation fault: address not mapped to object at address 0x8)
[prod-238:517982:0:517982] Caught signal 11 (Segmentation fault: address not mapped to object at address 0x8)
[prod-238:517983:0:517983] Caught signal 11 (Segmentation fault: address not mapped to object at address 0x8)
[prod-238:517984:0:517984] Caught signal 11 (Segmentation fault: address not mapped to object at address 0x8)
[prod-238:517989:0:517989] Caught signal 11 (Segmentation fault: address not mapped to object at address 0x8)
[prod-238:517990:0:517990] Caught signal 11 (Segmentation fault: address not mapped to object at address 0x8)
[prod-238:517991:0:517991] Caught signal 11 (Segmentation fault: address not mapped to object at address 0x8)
[prod-238:517994:0:517994] Caught signal 11 (Segmentation fault: address not mapped to object at address 0x8)
[prod-238:517996:0:517996] Caught signal 11 (Segmentation fault: address not mapped to object at address 0x8)
[prod-238:517997:0:517997] Caught signal 11 (Segmentation fault: address not mapped to object at address 0x8)
[prod-238:517998:0:517998] Caught signal 11 (Segmentation fault: address not mapped to object at address 0x8)
[prod-238:517999:0:517999] Caught signal 11 (Segmentation fault: address not mapped to object at address 0x8)
==== backtrace (tid: 517983) ====
 0 0x0000000000012990 __funlockfile()  :0
 1 0x00000000000f00ed diagnostics_mp_diag_curl_vel3_()  ???:0
 2 0x000000000028c126 solve_tracers_ale_()  ???:0
 3 0x000000000022ac77 oce_timestep_ale_()  ???:0
 4 0x0000000000078e03 fesom_module_mp_fesom_runloop_()  ???:0
 5 0x0000000000412748 MAIN__()  ???:0
 6 0x00000000004126e2 main()  ???:0
 7 0x000000000003a865 __libc_start_main()  ???:0
 8 0x00000000004125ee _start()  ???:0
=================================
==== backtrace (tid: 517943) ====
 0 0x0000000000012990 __funlockfile()  :0
 1 0x00000000000f00ed diagnostics_mp_diag_curl_vel3_()  ???:0
 2 0x000000000028c126 solve_tracers_ale_()  ???:0
 3 0x000000000022ac77 oce_timestep_ale_()  ???:0
 4 0x0000000000078e03 fesom_module_mp_fesom_runloop_()  ???:0
 5 0x0000000000412748 MAIN__()  ???:0
 6 0x00000000004126e2 main()  ???:0
 7 0x000000000003a865 __libc_start_main()  ???:0
 8 0x00000000004125ee _start()  ???:0
=================================
==== backtrace (tid: 517952) ====
 0 0x0000000000012990 __funlockfile()  :0
 1 0x00000000000f00ed diagnostics_mp_diag_curl_vel3_()  ???:0
 2 0x000000000028c126 solve_tracers_ale_()  ???:0
 3 0x000000000022ac77 oce_timestep_ale_()  ???:0
 4 0x0000000000078e03 fesom_module_mp_fesom_runloop_()  ???:0
 5 0x0000000000412748 MAIN__()  ???:0
 6 0x00000000004126e2 main()  ???:0
 7 0x000000000003a865 __libc_start_main()  ???:0
 8 0x00000000004125ee _start()  ???:0
=================================
==== backtrace (tid: 517973) ====
 0 0x0000000000012990 __funlockfile()  :0
 1 0x00000000000f00ed diagnostics_mp_diag_curl_vel3_()  ???:0
 2 0x000000000028c126 solve_tracers_ale_()  ???:0
 3 0x000000000022ac77 oce_timestep_ale_()  ???:0
 4 0x0000000000078e03 fesom_module_mp_fesom_runloop_()  ???:0
 5 0x0000000000412748 MAIN__()  ???:0
 6 0x00000000004126e2 main()  ???:0
 7 0x000000000003a865 __libc_start_main()  ???:0
 8 0x00000000004125ee _start()  ???:0
=================================
forrtl: severe (174): SIGSEGV, segmentation fault occurred
Image              PC                Routine            Line        Source             
fesom.x            000000000042CF4A  for__signal_handl     Unknown  Unknown
libpthread-2.28.s  00001555492ED990  Unknown               Unknown  Unknown
libfesom.so        000015554B5F30ED  diagnostics_mp_di     Unknown  Unknown
libfesom.so        000015554B78F126  solve_tracers_ale     Unknown  Unknown
libfesom.so        000015554B72DC77  oce_timestep_ale_     Unknown  Unknown
libfesom.so        000015554B57BE03  fesom_module_mp_f     Unknown  Unknown
fesom.x            0000000000412748  MAIN__                Unknown  Unknown
fesom.x            00000000004126E2  Unknown               Unknown  Unknown
libc-2.28.so       0000155548BBD865  __libc_start_main     Unknown  Unknown
fesom.x            00000000004125EE  Unknown               Unknown  Unknown
forrtl: severe (174): SIGSEGV, segmentation fault occurred
Image              PC                Routine            Line        Source             
fesom.x            000000000042CF4A  for__signal_handl     Unknown  Unknown
libpthread-2.28.s  00001555492ED990  Unknown               Unknown  Unknown
libfesom.so        000015554B5F30ED  diagnostics_mp_di     Unknown  Unknown
libfesom.so        000015554B78F126  solve_tracers_ale     Unknown  Unknown
libfesom.so        000015554B72DC77  oce_timestep_ale_     Unknown  Unknown
libfesom.so        000015554B57BE03  fesom_module_mp_f     Unknown  Unknown
fesom.x            0000000000412748  MAIN__                Unknown  Unknown
fesom.x            00000000004126E2  Unknown               Unknown  Unknown
libc-2.28.so       0000155548BBD865  __libc_start_main     Unknown  Unknown
fesom.x            00000000004125EE  Unknown               Unknown  Unknown
forrtl: severe (174): SIGSEGV, segmentation fault occurred
Image              PC                Routine            Line        Source             
fesom.x            000000000042CF4A  for__signal_handl     Unknown  Unknown
libpthread-2.28.s  00001555492ED990  Unknown               Unknown  Unknown
libfesom.so        000015554B5F30ED  diagnostics_mp_di     Unknown  Unknown
libfesom.so        000015554B78F126  solve_tracers_ale     Unknown  Unknown
libfesom.so        000015554B72DC77  oce_timestep_ale_     Unknown  Unknown
libfesom.so        000015554B57BE03  fesom_module_mp_f     Unknown  Unknown
fesom.x            0000000000412748  MAIN__                Unknown  Unknown
fesom.x            00000000004126E2  Unknown               Unknown  Unknown
libc-2.28.so       0000155548BBD865  __libc_start_main     Unknown  Unknown
fesom.x            00000000004125EE  Unknown               Unknown  Unknown
==== backtrace (tid: 517995) ====
 0 0x0000000000012990 __funlockfile()  :0
 1 0x00000000000f00ed diagnostics_mp_diag_curl_vel3_()  ???:0
 2 0x000000000028c126 solve_tracers_ale_()  ???:0
 3 0x000000000022ac77 oce_timestep_ale_()  ???:0
 4 0x0000000000078e03 fesom_module_mp_fesom_runloop_()  ???:0
 5 0x0000000000412748 MAIN__()  ???:0
 6 0x00000000004126e2 main()  ???:0
 7 0x000000000003a865 __libc_start_main()  ???:0
 8 0x00000000004125ee _start()  ???:0
=================================
==== backtrace (tid: 517972) ====
 0 0x0000000000012990 __funlockfile()  :0
 1 0x00000000000f00ed diagnostics_mp_diag_curl_vel3_()  ???:0
 2 0x000000000028c126 solve_tracers_ale_()  ???:0
 3 0x000000000022ac77 oce_timestep_ale_()  ???:0
 4 0x0000000000078e03 fesom_module_mp_fesom_runloop_()  ???:0
 5 0x0000000000412748 MAIN__()  ???:0
 6 0x00000000004126e2 main()  ???:0
 7 0x000000000003a865 __libc_start_main()  ???:0
 8 0x00000000004125ee _start()  ???:0
=================================
==== backtrace (tid: 517950) ====
 0 0x0000000000012990 __funlockfile()  :0
 1 0x00000000000f00ed diagnostics_mp_diag_curl_vel3_()  ???:0
 2 0x000000000028c126 solve_tracers_ale_()  ???:0
 3 0x000000000022ac77 oce_timestep_ale_()  ???:0
 4 0x0000000000078e03 fesom_module_mp_fesom_runloop_()  ???:0
 5 0x0000000000412748 MAIN__()  ???:0
 6 0x00000000004126e2 main()  ???:0
 7 0x000000000003a865 __libc_start_main()  ???:0
 8 0x00000000004125ee _start()  ???:0
=================================
==== backtrace (tid: 517957) ====
 0 0x0000000000012990 __funlockfile()  :0
 1 0x00000000000f00ed diagnostics_mp_diag_curl_vel3_()  ???:0
 2 0x000000000028c126 solve_tracers_ale_()  ???:0
 3 0x000000000022ac77 oce_timestep_ale_()  ???:0
 4 0x0000000000078e03 fesom_module_mp_fesom_runloop_()  ???:0
 5 0x0000000000412748 MAIN__()  ???:0
 6 0x00000000004126e2 main()  ???:0
 7 0x000000000003a865 __libc_start_main()  ???:0
 8 0x00000000004125ee _start()  ???:0
=================================
==== backtrace (tid: 517979) ====
 0 0x0000000000012990 __funlockfile()  :0
 1 0x00000000000f00ed diagnostics_mp_diag_curl_vel3_()  ???:0
 2 0x000000000028c126 solve_tracers_ale_()  ???:0
 3 0x000000000022ac77 oce_timestep_ale_()  ???:0
 4 0x0000000000078e03 fesom_module_mp_fesom_runloop_()  ???:0
 5 0x0000000000412748 MAIN__()  ???:0
 6 0x00000000004126e2 main()  ???:0
 7 0x000000000003a865 __libc_start_main()  ???:0
 8 0x00000000004125ee _start()  ???:0
=================================
==== backtrace (tid: 517990) ====
 0 0x0000000000012990 __funlockfile()  :0
 1 0x00000000000f00ed diagnostics_mp_diag_curl_vel3_()  ???:0
 2 0x000000000028c126 solve_tracers_ale_()  ???:0
 3 0x000000000022ac77 oce_timestep_ale_()  ???:0
 4 0x0000000000078e03 fesom_module_mp_fesom_runloop_()  ???:0
 5 0x0000000000412748 MAIN__()  ???:0
 6 0x00000000004126e2 main()  ???:0
 7 0x000000000003a865 __libc_start_main()  ???:0
 8 0x00000000004125ee _start()  ???:0
=================================
==== backtrace (tid: 517986) ====
 0 0x0000000000012990 __funlockfile()  :0
 1 0x00000000000f00ed diagnostics_mp_diag_curl_vel3_()  ???:0
 2 0x000000000028c126 solve_tracers_ale_()  ???:0
 3 0x000000000022ac77 oce_timestep_ale_()  ???:0
 4 0x0000000000078e03 fesom_module_mp_fesom_runloop_()  ???:0
 5 0x0000000000412748 MAIN__()  ???:0
 6 0x00000000004126e2 main()  ???:0
 7 0x000000000003a865 __libc_start_main()  ???:0
 8 0x00000000004125ee _start()  ???:0
=================================
forrtl: severe (174): SIGSEGV, segmentation fault occurred
Image              PC                Routine            Line        Source             
fesom.x            000000000042CF4A  for__signal_handl     Unknown  Unknown
libpthread-2.28.s  00001555492ED990  Unknown               Unknown  Unknown
libfesom.so        000015554B5F30ED  diagnostics_mp_di     Unknown  Unknown
libfesom.so        000015554B78F126  solve_tracers_ale     Unknown  Unknown
libfesom.so        000015554B72DC77  oce_timestep_ale_     Unknown  Unknown
libfesom.so        000015554B57BE03  fesom_module_mp_f     Unknown  Unknown
fesom.x            0000000000412748  MAIN__                Unknown  Unknown
fesom.x            00000000004126E2  Unknown               Unknown  Unknown
libc-2.28.so       0000155548BBD865  __libc_start_main     Unknown  Unknown
fesom.x            00000000004125EE  Unknown               Unknown  Unknown
forrtl: severe (174): SIGSEGV, segmentation fault occurred
Image              PC                Routine            Line        Source             
fesom.x            000000000042CF4A  for__signal_handl     Unknown  Unknown
libpthread-2.28.s  00001555492ED990  Unknown               Unknown  Unknown
libfesom.so        000015554B5F30ED  diagnostics_mp_di     Unknown  Unknown
libfesom.so        000015554B78F126  solve_tracers_ale     Unknown  Unknown
libfesom.so        000015554B72DC77  oce_timestep_ale_     Unknown  Unknown
libfesom.so        000015554B57BE03  fesom_module_mp_f     Unknown  Unknown
fesom.x            0000000000412748  MAIN__                Unknown  Unknown
fesom.x            00000000004126E2  Unknown               Unknown  Unknown
libc-2.28.so       0000155548BBD865  __libc_start_main     Unknown  Unknown
fesom.x            00000000004125EE  Unknown               Unknown  Unknown
==== backtrace (tid: 517954) ====
 0 0x0000000000012990 __funlockfile()  :0
 1 0x00000000000f00ed diagnostics_mp_diag_curl_vel3_()  ???:0
 2 0x000000000028c126 solve_tracers_ale_()  ???:0
 3 0x000000000022ac77 oce_timestep_ale_()  ???:0
 4 0x0000000000078e03 fesom_module_mp_fesom_runloop_()  ???:0
 5 0x0000000000412748 MAIN__()  ???:0
 6 0x00000000004126e2 main()  ???:0
 7 0x000000000003a865 __libc_start_main()  ???:0
 8 0x00000000004125ee _start()  ???:0
=================================
==== backtrace (tid: 517940) ====
 0 0x0000000000012990 __funlockfile()  :0
 1 0x00000000000f00ed diagnostics_mp_diag_curl_vel3_()  ???:0
 2 0x000000000028c126 solve_tracers_ale_()  ???:0
 3 0x000000000022ac77 oce_timestep_ale_()  ???:0
 4 0x0000000000078e03 fesom_module_mp_fesom_runloop_()  ???:0
 5 0x0000000000412748 MAIN__()  ???:0
 6 0x00000000004126e2 main()  ???:0
 7 0x000000000003a865 __libc_start_main()  ???:0
 8 0x00000000004125ee _start()  ???:0
=================================
==== backtrace (tid: 517971) ====
 0 0x0000000000012990 __funlockfile()  :0
 1 0x00000000000f00ed diagnostics_mp_diag_curl_vel3_()  ???:0
 2 0x000000000028c126 solve_tracers_ale_()  ???:0
 3 0x000000000022ac77 oce_timestep_ale_()  ???:0
 4 0x0000000000078e03 fesom_module_mp_fesom_runloop_()  ???:0
 5 0x0000000000412748 MAIN__()  ???:0
 6 0x00000000004126e2 main()  ???:0
 7 0x000000000003a865 __libc_start_main()  ???:0
 8 0x00000000004125ee _start()  ???:0
=================================
forrtl: severe (174): SIGSEGV, segmentation fault occurred
Image              PC                Routine            Line        Source             
fesom.x            000000000042CF4A  for__signal_handl     Unknown  Unknown
libpthread-2.28.s  00001555492ED990  Unknown               Unknown  Unknown
libfesom.so        000015554B5F30ED  diagnostics_mp_di     Unknown  Unknown
libfesom.so        000015554B78F126  solve_tracers_ale     Unknown  Unknown
libfesom.so        000015554B72DC77  oce_timestep_ale_     Unknown  Unknown
libfesom.so        000015554B57BE03  fesom_module_mp_f     Unknown  Unknown
fesom.x            0000000000412748  MAIN__                Unknown  Unknown
fesom.x            00000000004126E2  Unknown               Unknown  Unknown
libc-2.28.so       0000155548BBD865  __libc_start_main     Unknown  Unknown
fesom.x            00000000004125EE  Unknown               Unknown  Unknown
forrtl: severe (174): SIGSEGV, segmentation fault occurred
Image              PC                Routine            Line        Source             
fesom.x            000000000042CF4A  for__signal_handl     Unknown  Unknown
libpthread-2.28.s  00001555492ED990  Unknown               Unknown  Unknown
libfesom.so        000015554B5F30ED  diagnostics_mp_di     Unknown  Unknown
libfesom.so        000015554B78F126  solve_tracers_ale     Unknown  Unknown
libfesom.so        000015554B72DC77  oce_timestep_ale_     Unknown  Unknown
libfesom.so        000015554B57BE03  fesom_module_mp_f     Unknown  Unknown
fesom.x            0000000000412748  MAIN__                Unknown  Unknown
fesom.x            00000000004126E2  Unknown               Unknown  Unknown
libc-2.28.so       0000155548BBD865  __libc_start_main     Unknown  Unknown
fesom.x            00000000004125EE  Unknown               Unknown  Unknown
==== backtrace (tid: 517970) ====
 0 0x0000000000012990 __funlockfile()  :0
 1 0x00000000000f00ed diagnostics_mp_diag_curl_vel3_()  ???:0
 2 0x000000000028c126 solve_tracers_ale_()  ???:0
 3 0x000000000022ac77 oce_timestep_ale_()  ???:0
 4 0x0000000000078e03 fesom_module_mp_fesom_runloop_()  ???:0
 5 0x0000000000412748 MAIN__()  ???:0
 6 0x00000000004126e2 main()  ???:0
 7 0x000000000003a865 __libc_start_main()  ???:0
 8 0x00000000004125ee _start()  ???:0
=================================
==== backtrace (tid: 517964) ====
 0 0x0000000000012990 __funlockfile()  :0
 1 0x00000000000f00ed diagnostics_mp_diag_curl_vel3_()  ???:0
 2 0x000000000028c126 solve_tracers_ale_()  ???:0
 3 0x000000000022ac77 oce_timestep_ale_()  ???:0
 4 0x0000000000078e03 fesom_module_mp_fesom_runloop_()  ???:0
 5 0x0000000000412748 MAIN__()  ???:0
 6 0x00000000004126e2 main()  ???:0
 7 0x000000000003a865 __libc_start_main()  ???:0
 8 0x00000000004125ee _start()  ???:0
=================================
forrtl: severe (174): SIGSEGV, segmentation fault occurred
Image              PC                Routine            Line        Source             
fesom.x            000000000042CF4A  for__signal_handl     Unknown  Unknown
libpthread-2.28.s  00001555492ED990  Unknown               Unknown  Unknown
libfesom.so        000015554B5F30ED  diagnostics_mp_di     Unknown  Unknown
libfesom.so        000015554B78F126  solve_tracers_ale     Unknown  Unknown
libfesom.so        000015554B72DC77  oce_timestep_ale_     Unknown  Unknown
libfesom.so        000015554B57BE03  fesom_module_mp_f     Unknown  Unknown
fesom.x            0000000000412748  MAIN__                Unknown  Unknown
fesom.x            00000000004126E2  Unknown               Unknown  Unknown
libc-2.28.so       0000155548BBD865  __libc_start_main     Unknown  Unknown
fesom.x            00000000004125EE  Unknown               Unknown  Unknown
==== backtrace (tid: 517960) ====
 0 0x0000000000012990 __funlockfile()  :0
 1 0x00000000000f00ed diagnostics_mp_diag_curl_vel3_()  ???:0
 2 0x000000000028c126 solve_tracers_ale_()  ???:0
 3 0x000000000022ac77 oce_timestep_ale_()  ???:0
 4 0x0000000000078e03 fesom_module_mp_fesom_runloop_()  ???:0
 5 0x0000000000412748 MAIN__()  ???:0
 6 0x00000000004126e2 main()  ???:0
 7 0x000000000003a865 __libc_start_main()  ???:0
 8 0x00000000004125ee _start()  ???:0
=================================
==== backtrace (tid: 517987) ====
 0 0x0000000000012990 __funlockfile()  :0
 1 0x00000000000f00ed diagnostics_mp_diag_curl_vel3_()  ???:0
 2 0x000000000028c126 solve_tracers_ale_()  ???:0
 3 0x000000000022ac77 oce_timestep_ale_()  ???:0
 4 0x0000000000078e03 fesom_module_mp_fesom_runloop_()  ???:0
 5 0x0000000000412748 MAIN__()  ???:0
 6 0x00000000004126e2 main()  ???:0
 7 0x000000000003a865 __libc_start_main()  ???:0
 8 0x00000000004125ee _start()  ???:0
=================================
==== backtrace (tid: 517997) ====
 0 0x0000000000012990 __funlockfile()  :0
 1 0x00000000000f00ed diagnostics_mp_diag_curl_vel3_()  ???:0
 2 0x000000000028c126 solve_tracers_ale_()  ???:0
 3 0x000000000022ac77 oce_timestep_ale_()  ???:0
 4 0x0000000000078e03 fesom_module_mp_fesom_runloop_()  ???:0
 5 0x0000000000412748 MAIN__()  ???:0
 6 0x00000000004126e2 main()  ???:0
 7 0x000000000003a865 __libc_start_main()  ???:0
 8 0x00000000004125ee _start()  ???:0
=================================
==== backtrace (tid: 517966) ====
 0 0x0000000000012990 __funlockfile()  :0
 1 0x00000000000f00ed diagnostics_mp_diag_curl_vel3_()  ???:0
 2 0x000000000028c126 solve_tracers_ale_()  ???:0
 3 0x000000000022ac77 oce_timestep_ale_()  ???:0
 4 0x0000000000078e03 fesom_module_mp_fesom_runloop_()  ???:0
 5 0x0000000000412748 MAIN__()  ???:0
 6 0x00000000004126e2 main()  ???:0
 7 0x000000000003a865 __libc_start_main()  ???:0
 8 0x00000000004125ee _start()  ???:0
=================================
==== backtrace (tid: 517958) ====
 0 0x0000000000012990 __funlockfile()  :0
 1 0x00000000000f00ed diagnostics_mp_diag_curl_vel3_()  ???:0
 2 0x000000000028c126 solve_tracers_ale_()  ???:0
 3 0x000000000022ac77 oce_timestep_ale_()  ???:0
 4 0x0000000000078e03 fesom_module_mp_fesom_runloop_()  ???:0
 5 0x0000000000412748 MAIN__()  ???:0
 6 0x00000000004126e2 main()  ???:0
 7 0x000000000003a865 __libc_start_main()  ???:0
 8 0x00000000004125ee _start()  ???:0
=================================
==== backtrace (tid: 517944) ====
 0 0x0000000000012990 __funlockfile()  :0
 1 0x00000000000f00ed diagnostics_mp_diag_curl_vel3_()  ???:0
 2 0x000000000028c126 solve_tracers_ale_()  ???:0
 3 0x000000000022ac77 oce_timestep_ale_()  ???:0
 4 0x0000000000078e03 fesom_module_mp_fesom_runloop_()  ???:0
 5 0x0000000000412748 MAIN__()  ???:0
 6 0x00000000004126e2 main()  ???:0
 7 0x000000000003a865 __libc_start_main()  ???:0
 8 0x00000000004125ee _start()  ???:0
=================================
==== backtrace (tid: 517968) ====
 0 0x0000000000012990 __funlockfile()  :0
 1 0x00000000000f00ed diagnostics_mp_diag_curl_vel3_()  ???:0
 2 0x000000000028c126 solve_tracers_ale_()  ???:0
 3 0x000000000022ac77 oce_timestep_ale_()  ???:0
 4 0x0000000000078e03 fesom_module_mp_fesom_runloop_()  ???:0
 5 0x0000000000412748 MAIN__()  ???:0
 6 0x00000000004126e2 main()  ???:0
 7 0x000000000003a865 __libc_start_main()  ???:0
 8 0x00000000004125ee _start()  ???:0
=================================
==== backtrace (tid: 517962) ====
 0 0x0000000000012990 __funlockfile()  :0
 1 0x00000000000f00ed diagnostics_mp_diag_curl_vel3_()  ???:0
 2 0x000000000028c126 solve_tracers_ale_()  ???:0
 3 0x000000000022ac77 oce_timestep_ale_()  ???:0
 4 0x0000000000078e03 fesom_module_mp_fesom_runloop_()  ???:0
 5 0x0000000000412748 MAIN__()  ???:0
 6 0x00000000004126e2 main()  ???:0
 7 0x000000000003a865 __libc_start_main()  ???:0
 8 0x00000000004125ee _start()  ???:0
=================================
forrtl: severe (174): SIGSEGV, segmentation fault occurred
Image              PC                Routine            Line        Source             
fesom.x            000000000042CF4A  for__signal_handl     Unknown  Unknown
libpthread-2.28.s  00001555492ED990  Unknown               Unknown  Unknown
libfesom.so        000015554B5F30ED  diagnostics_mp_di     Unknown  Unknown
libfesom.so        000015554B78F126  solve_tracers_ale     Unknown  Unknown
libfesom.so        000015554B72DC77  oce_timestep_ale_     Unknown  Unknown
libfesom.so        000015554B57BE03  fesom_module_mp_f     Unknown  Unknown
fesom.x            0000000000412748  MAIN__                Unknown  Unknown
fesom.x            00000000004126E2  Unknown               Unknown  Unknown
libc-2.28.so       0000155548BBD865  __libc_start_main     Unknown  Unknown
fesom.x            00000000004125EE  Unknown               Unknown  Unknown
forrtl: severe (174): SIGSEGV, segmentation fault occurred
Image              PC                Routine            Line        Source             
fesom.x            000000000042CF4A  for__signal_handl     Unknown  Unknown
libpthread-2.28.s  00001555492ED990  Unknown               Unknown  Unknown
libfesom.so        000015554B5F30ED  diagnostics_mp_di     Unknown  Unknown
libfesom.so        000015554B78F126  solve_tracers_ale     Unknown  Unknown
libfesom.so        000015554B72DC77  oce_timestep_ale_     Unknown  Unknown
libfesom.so        000015554B57BE03  fesom_module_mp_f     Unknown  Unknown
fesom.x            0000000000412748  MAIN__                Unknown  Unknown
fesom.x            00000000004126E2  Unknown               Unknown  Unknown
libc-2.28.so       0000155548BBD865  __libc_start_main     Unknown  Unknown
fesom.x            00000000004125EE  Unknown               Unknown  Unknown
forrtl: severe (174): SIGSEGV, segmentation fault occurred
Image              PC                Routine            Line        Source             
fesom.x            000000000042CF4A  for__signal_handl     Unknown  Unknown
libpthread-2.28.s  00001555492ED990  Unknown               Unknown  Unknown
libfesom.so        000015554B5F30ED  diagnostics_mp_di     Unknown  Unknown
libfesom.so        000015554B78F126  solve_tracers_ale     Unknown  Unknown
libfesom.so        000015554B72DC77  oce_timestep_ale_     Unknown  Unknown
libfesom.so        000015554B57BE03  fesom_module_mp_f     Unknown  Unknown
fesom.x            0000000000412748  MAIN__                Unknown  Unknown
fesom.x            00000000004126E2  Unknown               Unknown  Unknown
libc-2.28.so       0000155548BBD865  __libc_start_main     Unknown  Unknown
fesom.x            00000000004125EE  Unknown               Unknown  Unknown
forrtl: severe (174): SIGSEGV, segmentation fault occurred
Image              PC                Routine            Line        Source             
fesom.x            000000000042CF4A  for__signal_handl     Unknown  Unknown
libpthread-2.28.s  00001555492ED990  Unknown               Unknown  Unknown
libfesom.so        000015554B5F30ED  diagnostics_mp_di     Unknown  Unknown
libfesom.so        000015554B78F126  solve_tracers_ale     Unknown  Unknown
libfesom.so        000015554B72DC77  oce_timestep_ale_     Unknown  Unknown
libfesom.so        000015554B57BE03  fesom_module_mp_f     Unknown  Unknown
fesom.x            0000000000412748  MAIN__                Unknown  Unknown
fesom.x            00000000004126E2  Unknown               Unknown  Unknown
libc-2.28.so       0000155548BBD865  __libc_start_main     Unknown  Unknown
fesom.x            00000000004125EE  Unknown               Unknown  Unknown
forrtl: severe (174): SIGSEGV, segmentation fault occurred
Image              PC                Routine            Line        Source             
fesom.x            000000000042CF4A  for__signal_handl     Unknown  Unknown
libpthread-2.28.s  00001555492ED990  Unknown               Unknown  Unknown
libfesom.so        000015554B5F30ED  diagnostics_mp_di     Unknown  Unknown
libfesom.so        000015554B78F126  solve_tracers_ale     Unknown  Unknown
libfesom.so        000015554B72DC77  oce_timestep_ale_     Unknown  Unknown
libfesom.so        000015554B57BE03  fesom_module_mp_f     Unknown  Unknown
fesom.x            0000000000412748  MAIN__                Unknown  Unknown
fesom.x            00000000004126E2  Unknown               Unknown  Unknown
libc-2.28.so       0000155548BBD865  __libc_start_main     Unknown  Unknown
fesom.x            00000000004125EE  Unknown               Unknown  Unknown
forrtl: severe (174): SIGSEGV, segmentation fault occurred
Image              PC                Routine            Line        Source             
fesom.x            000000000042CF4A  for__signal_handl     Unknown  Unknown
libpthread-2.28.s  00001555492ED990  Unknown               Unknown  Unknown
libfesom.so        000015554B5F30ED  diagnostics_mp_di     Unknown  Unknown
libfesom.so        000015554B78F126  solve_tracers_ale     Unknown  Unknown
libfesom.so        000015554B72DC77  oce_timestep_ale_     Unknown  Unknown
libfesom.so        000015554B57BE03  fesom_module_mp_f     Unknown  Unknown
fesom.x            0000000000412748  MAIN__                Unknown  Unknown
fesom.x            00000000004126E2  Unknown               Unknown  Unknown
libc-2.28.so       0000155548BBD865  __libc_start_main     Unknown  Unknown
fesom.x            00000000004125EE  Unknown               Unknown  Unknown
==== backtrace (tid: 517992) ====
 0 0x0000000000012990 __funlockfile()  :0
 1 0x00000000000f00ed diagnostics_mp_diag_curl_vel3_()  ???:0
 2 0x000000000028c126 solve_tracers_ale_()  ???:0
 3 0x000000000022ac77 oce_timestep_ale_()  ???:0
 4 0x0000000000078e03 fesom_module_mp_fesom_runloop_()  ???:0
 5 0x0000000000412748 MAIN__()  ???:0
 6 0x00000000004126e2 main()  ???:0
 7 0x000000000003a865 __libc_start_main()  ???:0
 8 0x00000000004125ee _start()  ???:0
=================================
forrtl: severe (174): SIGSEGV, segmentation fault occurred
Image              PC                Routine            Line        Source             
fesom.x            000000000042CF4A  for__signal_handl     Unknown  Unknown
libpthread-2.28.s  00001555492ED990  Unknown               Unknown  Unknown
libfesom.so        000015554B5F30ED  diagnostics_mp_di     Unknown  Unknown
libfesom.so        000015554B78F126  solve_tracers_ale     Unknown  Unknown
libfesom.so        000015554B72DC77  oce_timestep_ale_     Unknown  Unknown
libfesom.so        000015554B57BE03  fesom_module_mp_f     Unknown  Unknown
fesom.x            0000000000412748  MAIN__                Unknown  Unknown
fesom.x            00000000004126E2  Unknown               Unknown  Unknown
libc-2.28.so       0000155548BBD865  __libc_start_main     Unknown  Unknown
fesom.x            00000000004125EE  Unknown               Unknown  Unknown
forrtl: severe (174): SIGSEGV, segmentation fault occurred
Image              PC                Routine            Line        Source             
fesom.x            000000000042CF4A  for__signal_handl     Unknown  Unknown
libpthread-2.28.s  00001555492ED990  Unknown               Unknown  Unknown
libfesom.so        000015554B5F30ED  diagnostics_mp_di     Unknown  Unknown
libfesom.so        000015554B78F126  solve_tracers_ale     Unknown  Unknown
libfesom.so        000015554B72DC77  oce_timestep_ale_     Unknown  Unknown
libfesom.so        000015554B57BE03  fesom_module_mp_f     Unknown  Unknown
fesom.x            0000000000412748  MAIN__                Unknown  Unknown
fesom.x            00000000004126E2  Unknown               Unknown  Unknown
libc-2.28.so       0000155548BBD865  __libc_start_main     Unknown  Unknown
fesom.x            00000000004125EE  Unknown               Unknown  Unknown
forrtl: severe (174): SIGSEGV, segmentation fault occurred
Image              PC                Routine            Line        Source             
fesom.x            000000000042CF4A  for__signal_handl     Unknown  Unknown
libpthread-2.28.s  00001555492ED990  Unknown               Unknown  Unknown
libfesom.so        000015554B5F30ED  diagnostics_mp_di     Unknown  Unknown
libfesom.so        000015554B78F126  solve_tracers_ale     Unknown  Unknown
libfesom.so        000015554B72DC77  oce_timestep_ale_     Unknown  Unknown
libfesom.so        000015554B57BE03  fesom_module_mp_f     Unknown  Unknown
fesom.x            0000000000412748  MAIN__                Unknown  Unknown
fesom.x            00000000004126E2  Unknown               Unknown  Unknown
libc-2.28.so       0000155548BBD865  __libc_start_main     Unknown  Unknown
fesom.x            00000000004125EE  Unknown               Unknown  Unknown
forrtl: severe (174): SIGSEGV, segmentation fault occurred
Image              PC                Routine            Line        Source             
fesom.x            000000000042CF4A  for__signal_handl     Unknown  Unknown
libpthread-2.28.s  00001555492ED990  Unknown               Unknown  Unknown
libfesom.so        000015554B5F30ED  diagnostics_mp_di     Unknown  Unknown
libfesom.so        000015554B78F126  solve_tracers_ale     Unknown  Unknown
libfesom.so        000015554B72DC77  oce_timestep_ale_     Unknown  Unknown
libfesom.so        000015554B57BE03  fesom_module_mp_f     Unknown  Unknown
fesom.x            0000000000412748  MAIN__                Unknown  Unknown
fesom.x            00000000004126E2  Unknown               Unknown  Unknown
libc-2.28.so       0000155548BBD865  __libc_start_main     Unknown  Unknown
fesom.x            00000000004125EE  Unknown               Unknown  Unknown
forrtl: severe (174): SIGSEGV, segmentation fault occurred
Image              PC                Routine            Line        Source             
fesom.x            000000000042CF4A  for__signal_handl     Unknown  Unknown
libpthread-2.28.s  00001555492ED990  Unknown               Unknown  Unknown
libfesom.so        000015554B5F30ED  diagnostics_mp_di     Unknown  Unknown
libfesom.so        000015554B78F126  solve_tracers_ale     Unknown  Unknown
libfesom.so        000015554B72DC77  oce_timestep_ale_     Unknown  Unknown
libfesom.so        000015554B57BE03  fesom_module_mp_f     Unknown  Unknown
fesom.x            0000000000412748  MAIN__                Unknown  Unknown
fesom.x            00000000004126E2  Unknown               Unknown  Unknown
libc-2.28.so       0000155548BBD865  __libc_start_main     Unknown  Unknown
fesom.x            00000000004125EE  Unknown               Unknown  Unknown
forrtl: severe (174): SIGSEGV, segmentation fault occurred
Image              PC                Routine            Line        Source             
fesom.x            000000000042CF4A  for__signal_handl     Unknown  Unknown
libpthread-2.28.s  00001555492ED990  Unknown               Unknown  Unknown
libfesom.so        000015554B5F30ED  diagnostics_mp_di     Unknown  Unknown
libfesom.so        000015554B78F126  solve_tracers_ale     Unknown  Unknown
libfesom.so        000015554B72DC77  oce_timestep_ale_     Unknown  Unknown
libfesom.so        000015554B57BE03  fesom_module_mp_f     Unknown  Unknown
fesom.x            0000000000412748  MAIN__                Unknown  Unknown
fesom.x            00000000004126E2  Unknown               Unknown  Unknown
libc-2.28.so       0000155548BBD865  __libc_start_main     Unknown  Unknown
fesom.x            00000000004125EE  Unknown               Unknown  Unknown
==== backtrace (tid: 517989) ====
 0 0x0000000000012990 __funlockfile()  :0
 1 0x00000000000f00ed diagnostics_mp_diag_curl_vel3_()  ???:0
 2 0x000000000028c126 solve_tracers_ale_()  ???:0
 3 0x000000000022ac77 oce_timestep_ale_()  ???:0
 4 0x0000000000078e03 fesom_module_mp_fesom_runloop_()  ???:0
 5 0x0000000000412748 MAIN__()  ???:0
 6 0x00000000004126e2 main()  ???:0
 7 0x000000000003a865 __libc_start_main()  ???:0
 8 0x00000000004125ee _start()  ???:0
=================================
forrtl: severe (174): SIGSEGV, segmentation fault occurred
Image              PC                Routine            Line        Source             
fesom.x            000000000042CF4A  for__signal_handl     Unknown  Unknown
libpthread-2.28.s  00001555492ED990  Unknown               Unknown  Unknown
libfesom.so        000015554B5F30ED  diagnostics_mp_di     Unknown  Unknown
libfesom.so        000015554B78F126  solve_tracers_ale     Unknown  Unknown
libfesom.so        000015554B72DC77  oce_timestep_ale_     Unknown  Unknown
libfesom.so        000015554B57BE03  fesom_module_mp_f     Unknown  Unknown
fesom.x            0000000000412748  MAIN__                Unknown  Unknown
fesom.x            00000000004126E2  Unknown               Unknown  Unknown
libc-2.28.so       0000155548BBD865  __libc_start_main     Unknown  Unknown
fesom.x            00000000004125EE  Unknown               Unknown  Unknown
==== backtrace (tid: 517993) ====
 0 0x0000000000012990 __funlockfile()  :0
 1 0x00000000000f00ed diagnostics_mp_diag_curl_vel3_()  ???:0
 2 0x000000000028c126 solve_tracers_ale_()  ???:0
 3 0x000000000022ac77 oce_timestep_ale_()  ???:0
 4 0x0000000000078e03 fesom_module_mp_fesom_runloop_()  ???:0
 5 0x0000000000412748 MAIN__()  ???:0
 6 0x00000000004126e2 main()  ???:0
 7 0x000000000003a865 __libc_start_main()  ???:0
 8 0x00000000004125ee _start()  ???:0
=================================
forrtl: severe (174): SIGSEGV, segmentation fault occurred
Image              PC                Routine            Line        Source             
fesom.x            000000000042CF4A  for__signal_handl     Unknown  Unknown
libpthread-2.28.s  00001555492ED990  Unknown               Unknown  Unknown
libfesom.so        000015554B5F30ED  diagnostics_mp_di     Unknown  Unknown
libfesom.so        000015554B78F126  solve_tracers_ale     Unknown  Unknown
libfesom.so        000015554B72DC77  oce_timestep_ale_     Unknown  Unknown
libfesom.so        000015554B57BE03  fesom_module_mp_f     Unknown  Unknown
fesom.x            0000000000412748  MAIN__                Unknown  Unknown
fesom.x            00000000004126E2  Unknown               Unknown  Unknown
libc-2.28.so       0000155548BBD865  __libc_start_main     Unknown  Unknown
fesom.x            00000000004125EE  Unknown               Unknown  Unknown
forrtl: severe (174): SIGSEGV, segmentation fault occurred
Image              PC                Routine            Line        Source             
fesom.x            000000000042CF4A  for__signal_handl     Unknown  Unknown
libpthread-2.28.s  00001555492ED990  Unknown               Unknown  Unknown
libfesom.so        000015554B5F30ED  diagnostics_mp_di     Unknown  Unknown
libfesom.so        000015554B78F126  solve_tracers_ale     Unknown  Unknown
libfesom.so        000015554B72DC77  oce_timestep_ale_     Unknown  Unknown
libfesom.so        000015554B57BE03  fesom_module_mp_f     Unknown  Unknown
fesom.x            0000000000412748  MAIN__                Unknown  Unknown
fesom.x            00000000004126E2  Unknown               Unknown  Unknown
libc-2.28.so       0000155548BBD865  __libc_start_main     Unknown  Unknown
fesom.x            00000000004125EE  Unknown               Unknown  Unknown
==== backtrace (tid: 517941) ====
 0 0x0000000000012990 __funlockfile()  :0
 1 0x00000000000f00ed diagnostics_mp_diag_curl_vel3_()  ???:0
 2 0x000000000028c126 solve_tracers_ale_()  ???:0
 3 0x000000000022ac77 oce_timestep_ale_()  ???:0
 4 0x0000000000078e03 fesom_module_mp_fesom_runloop_()  ???:0
 5 0x0000000000412748 MAIN__()  ???:0
 6 0x00000000004126e2 main()  ???:0
 7 0x000000000003a865 __libc_start_main()  ???:0
 8 0x00000000004125ee _start()  ???:0
=================================
==== backtrace (tid: 517976) ====
 0 0x0000000000012990 __funlockfile()  :0
 1 0x00000000000f00ed diagnostics_mp_diag_curl_vel3_()  ???:0
 2 0x000000000028c126 solve_tracers_ale_()  ???:0
 3 0x000000000022ac77 oce_timestep_ale_()  ???:0
 4 0x0000000000078e03 fesom_module_mp_fesom_runloop_()  ???:0
 5 0x0000000000412748 MAIN__()  ???:0
 6 0x00000000004126e2 main()  ???:0
 7 0x000000000003a865 __libc_start_main()  ???:0
 8 0x00000000004125ee _start()  ???:0
=================================
forrtl: severe (174): SIGSEGV, segmentation fault occurred
Image              PC                Routine            Line        Source             
fesom.x            000000000042CF4A  for__signal_handl     Unknown  Unknown
libpthread-2.28.s  00001555492ED990  Unknown               Unknown  Unknown
libfesom.so        000015554B5F30ED  diagnostics_mp_di     Unknown  Unknown
libfesom.so        000015554B78F126  solve_tracers_ale     Unknown  Unknown
libfesom.so        000015554B72DC77  oce_timestep_ale_     Unknown  Unknown
libfesom.so        000015554B57BE03  fesom_module_mp_f     Unknown  Unknown
fesom.x            0000000000412748  MAIN__                Unknown  Unknown
fesom.x            00000000004126E2  Unknown               Unknown  Unknown
libc-2.28.so       0000155548BBD865  __libc_start_main     Unknown  Unknown
fesom.x            00000000004125EE  Unknown               Unknown  Unknown
==== backtrace (tid: 517982) ====
 0 0x0000000000012990 __funlockfile()  :0
 1 0x00000000000f00ed diagnostics_mp_diag_curl_vel3_()  ???:0
 2 0x000000000028c126 solve_tracers_ale_()  ???:0
 3 0x000000000022ac77 oce_timestep_ale_()  ???:0
 4 0x0000000000078e03 fesom_module_mp_fesom_runloop_()  ???:0
 5 0x0000000000412748 MAIN__()  ???:0
 6 0x00000000004126e2 main()  ???:0
 7 0x000000000003a865 __libc_start_main()  ???:0
 8 0x00000000004125ee _start()  ???:0
=================================
==== backtrace (tid: 517980) ====
 0 0x0000000000012990 __funlockfile()  :0
 1 0x00000000000f00ed diagnostics_mp_diag_curl_vel3_()  ???:0
 2 0x000000000028c126 solve_tracers_ale_()  ???:0
 3 0x000000000022ac77 oce_timestep_ale_()  ???:0
 4 0x0000000000078e03 fesom_module_mp_fesom_runloop_()  ???:0
 5 0x0000000000412748 MAIN__()  ???:0
 6 0x00000000004126e2 main()  ???:0
 7 0x000000000003a865 __libc_start_main()  ???:0
 8 0x00000000004125ee _start()  ???:0
=================================
==== backtrace (tid: 517942) ====
 0 0x0000000000012990 __funlockfile()  :0
 1 0x00000000000f00ed diagnostics_mp_diag_curl_vel3_()  ???:0
 2 0x000000000028c126 solve_tracers_ale_()  ???:0
 3 0x000000000022ac77 oce_timestep_ale_()  ???:0
 4 0x0000000000078e03 fesom_module_mp_fesom_runloop_()  ???:0
 5 0x0000000000412748 MAIN__()  ???:0
 6 0x00000000004126e2 main()  ???:0
 7 0x000000000003a865 __libc_start_main()  ???:0
 8 0x00000000004125ee _start()  ???:0
=================================
==== backtrace (tid: 517978) ====
 0 0x0000000000012990 __funlockfile()  :0
 1 0x00000000000f00ed diagnostics_mp_diag_curl_vel3_()  ???:0
 2 0x000000000028c126 solve_tracers_ale_()  ???:0
 3 0x000000000022ac77 oce_timestep_ale_()  ???:0
 4 0x0000000000078e03 fesom_module_mp_fesom_runloop_()  ???:0
 5 0x0000000000412748 MAIN__()  ???:0
 6 0x00000000004126e2 main()  ???:0
 7 0x000000000003a865 __libc_start_main()  ???:0
 8 0x00000000004125ee _start()  ???:0
=================================
==== backtrace (tid: 517953) ====
 0 0x0000000000012990 __funlockfile()  :0
 1 0x00000000000f00ed diagnostics_mp_diag_curl_vel3_()  ???:0
 2 0x000000000028c126 solve_tracers_ale_()  ???:0
 3 0x000000000022ac77 oce_timestep_ale_()  ???:0
 4 0x0000000000078e03 fesom_module_mp_fesom_runloop_()  ???:0
 5 0x0000000000412748 MAIN__()  ???:0
 6 0x00000000004126e2 main()  ???:0
 7 0x000000000003a865 __libc_start_main()  ???:0
 8 0x00000000004125ee _start()  ???:0
=================================
==== backtrace (tid: 517984) ====
 0 0x0000000000012990 __funlockfile()  :0
 1 0x00000000000f00ed diagnostics_mp_diag_curl_vel3_()  ???:0
 2 0x000000000028c126 solve_tracers_ale_()  ???:0
 3 0x000000000022ac77 oce_timestep_ale_()  ???:0
 4 0x0000000000078e03 fesom_module_mp_fesom_runloop_()  ???:0
 5 0x0000000000412748 MAIN__()  ???:0
 6 0x00000000004126e2 main()  ???:0
 7 0x000000000003a865 __libc_start_main()  ???:0
 8 0x00000000004125ee _start()  ???:0
=================================
==== backtrace (tid: 517956) ====
 0 0x0000000000012990 __funlockfile()  :0
 1 0x00000000000f00ed diagnostics_mp_diag_curl_vel3_()  ???:0
 2 0x000000000028c126 solve_tracers_ale_()  ???:0
 3 0x000000000022ac77 oce_timestep_ale_()  ???:0
 4 0x0000000000078e03 fesom_module_mp_fesom_runloop_()  ???:0
 5 0x0000000000412748 MAIN__()  ???:0
 6 0x00000000004126e2 main()  ???:0
 7 0x000000000003a865 __libc_start_main()  ???:0
 8 0x00000000004125ee _start()  ???:0
=================================
==== backtrace (tid: 517965) ====
 0 0x0000000000012990 __funlockfile()  :0
 1 0x00000000000f00ed diagnostics_mp_diag_curl_vel3_()  ???:0
 2 0x000000000028c126 solve_tracers_ale_()  ???:0
 3 0x000000000022ac77 oce_timestep_ale_()  ???:0
 4 0x0000000000078e03 fesom_module_mp_fesom_runloop_()  ???:0
 5 0x0000000000412748 MAIN__()  ???:0
 6 0x00000000004126e2 main()  ???:0
 7 0x000000000003a865 __libc_start_main()  ???:0
 8 0x00000000004125ee _start()  ???:0
=================================
==== backtrace (tid: 517967) ====
 0 0x0000000000012990 __funlockfile()  :0
 1 0x00000000000f00ed diagnostics_mp_diag_curl_vel3_()  ???:0
 2 0x000000000028c126 solve_tracers_ale_()  ???:0
 3 0x000000000022ac77 oce_timestep_ale_()  ???:0
 4 0x0000000000078e03 fesom_module_mp_fesom_runloop_()  ???:0
 5 0x0000000000412748 MAIN__()  ???:0
 6 0x00000000004126e2 main()  ???:0
 7 0x000000000003a865 __libc_start_main()  ???:0
 8 0x00000000004125ee _start()  ???:0
=================================
==== backtrace (tid: 517948) ====
 0 0x0000000000012990 __funlockfile()  :0
 1 0x00000000000f00ed diagnostics_mp_diag_curl_vel3_()  ???:0
 2 0x000000000028c126 solve_tracers_ale_()  ???:0
 3 0x000000000022ac77 oce_timestep_ale_()  ???:0
 4 0x0000000000078e03 fesom_module_mp_fesom_runloop_()  ???:0
 5 0x0000000000412748 MAIN__()  ???:0
 6 0x00000000004126e2 main()  ???:0
 7 0x000000000003a865 __libc_start_main()  ???:0
 8 0x00000000004125ee _start()  ???:0
=================================
==== backtrace (tid: 517963) ====
 0 0x0000000000012990 __funlockfile()  :0
 1 0x00000000000f00ed diagnostics_mp_diag_curl_vel3_()  ???:0
 2 0x000000000028c126 solve_tracers_ale_()  ???:0
 3 0x000000000022ac77 oce_timestep_ale_()  ???:0
 4 0x0000000000078e03 fesom_module_mp_fesom_runloop_()  ???:0
 5 0x0000000000412748 MAIN__()  ???:0
 6 0x00000000004126e2 main()  ???:0
 7 0x000000000003a865 __libc_start_main()  ???:0
 8 0x00000000004125ee _start()  ???:0
=================================
==== backtrace (tid: 517969) ====
 0 0x0000000000012990 __funlockfile()  :0
 1 0x00000000000f00ed diagnostics_mp_diag_curl_vel3_()  ???:0
 2 0x000000000028c126 solve_tracers_ale_()  ???:0
 3 0x000000000022ac77 oce_timestep_ale_()  ???:0
 4 0x0000000000078e03 fesom_module_mp_fesom_runloop_()  ???:0
 5 0x0000000000412748 MAIN__()  ???:0
 6 0x00000000004126e2 main()  ???:0
 7 0x000000000003a865 __libc_start_main()  ???:0
 8 0x00000000004125ee _start()  ???:0
=================================
==== backtrace (tid: 517988) ====
 0 0x0000000000012990 __funlockfile()  :0
 1 0x00000000000f00ed diagnostics_mp_diag_curl_vel3_()  ???:0
 2 0x000000000028c126 solve_tracers_ale_()  ???:0
 3 0x000000000022ac77 oce_timestep_ale_()  ???:0
 4 0x0000000000078e03 fesom_module_mp_fesom_runloop_()  ???:0
 5 0x0000000000412748 MAIN__()  ???:0
 6 0x00000000004126e2 main()  ???:0
 7 0x000000000003a865 __libc_start_main()  ???:0
 8 0x00000000004125ee _start()  ???:0
=================================
==== backtrace (tid: 517959) ====
 0 0x0000000000012990 __funlockfile()  :0
 1 0x00000000000f00ed diagnostics_mp_diag_curl_vel3_()  ???:0
 2 0x000000000028c126 solve_tracers_ale_()  ???:0
 3 0x000000000022ac77 oce_timestep_ale_()  ???:0
 4 0x0000000000078e03 fesom_module_mp_fesom_runloop_()  ???:0
 5 0x0000000000412748 MAIN__()  ???:0
 6 0x00000000004126e2 main()  ???:0
 7 0x000000000003a865 __libc_start_main()  ???:0
 8 0x00000000004125ee _start()  ???:0
=================================
==== backtrace (tid: 517946) ====
 0 0x0000000000012990 __funlockfile()  :0
 1 0x00000000000f00ed diagnostics_mp_diag_curl_vel3_()  ???:0
 2 0x000000000028c126 solve_tracers_ale_()  ???:0
 3 0x000000000022ac77 oce_timestep_ale_()  ???:0
 4 0x0000000000078e03 fesom_module_mp_fesom_runloop_()  ???:0
 5 0x0000000000412748 MAIN__()  ???:0
 6 0x00000000004126e2 main()  ???:0
 7 0x000000000003a865 __libc_start_main()  ???:0
 8 0x00000000004125ee _start()  ???:0
=================================
==== backtrace (tid: 517991) ====
 0 0x0000000000012990 __funlockfile()  :0
 1 0x00000000000f00ed diagnostics_mp_diag_curl_vel3_()  ???:0
 2 0x000000000028c126 solve_tracers_ale_()  ???:0
 3 0x000000000022ac77 oce_timestep_ale_()  ???:0
 4 0x0000000000078e03 fesom_module_mp_fesom_runloop_()  ???:0
 5 0x0000000000412748 MAIN__()  ???:0
 6 0x00000000004126e2 main()  ???:0
 7 0x000000000003a865 __libc_start_main()  ???:0
 8 0x00000000004125ee _start()  ???:0
=================================
==== backtrace (tid: 517977) ====
 0 0x0000000000012990 __funlockfile()  :0
 1 0x00000000000f00ed diagnostics_mp_diag_curl_vel3_()  ???:0
 2 0x000000000028c126 solve_tracers_ale_()  ???:0
 3 0x000000000022ac77 oce_timestep_ale_()  ???:0
 4 0x0000000000078e03 fesom_module_mp_fesom_runloop_()  ???:0
 5 0x0000000000412748 MAIN__()  ???:0
 6 0x00000000004126e2 main()  ???:0
 7 0x000000000003a865 __libc_start_main()  ???:0
 8 0x00000000004125ee _start()  ???:0
=================================
==== backtrace (tid: 517947) ====
 0 0x0000000000012990 __funlockfile()  :0
 1 0x00000000000f00ed diagnostics_mp_diag_curl_vel3_()  ???:0
 2 0x000000000028c126 solve_tracers_ale_()  ???:0
 3 0x000000000022ac77 oce_timestep_ale_()  ???:0
 4 0x0000000000078e03 fesom_module_mp_fesom_runloop_()  ???:0
 5 0x0000000000412748 MAIN__()  ???:0
 6 0x00000000004126e2 main()  ???:0
 7 0x000000000003a865 __libc_start_main()  ???:0
 8 0x00000000004125ee _start()  ???:0
=================================
==== backtrace (tid: 517996) ====
 0 0x0000000000012990 __funlockfile()  :0
 1 0x00000000000f00ed diagnostics_mp_diag_curl_vel3_()  ???:0
 2 0x000000000028c126 solve_tracers_ale_()  ???:0
 3 0x000000000022ac77 oce_timestep_ale_()  ???:0
 4 0x0000000000078e03 fesom_module_mp_fesom_runloop_()  ???:0
==== backtrace (tid: 517998) ====
 0 0x0000000000012990 __funlockfile()  :0
 1 0x00000000000f00ed diagnostics_mp_diag_curl_vel3_()  ???:0
 2 0x000000000028c126 solve_tracers_ale_()  ???:0
 3 0x000000000022ac77 oce_timestep_ale_()  ???:0
 4 0x0000000000078e03 fesom_module_mp_fesom_runloop_()  ???:0
 5 0x0000000000412748 MAIN__()  ???:0
 6 0x00000000004126e2 main()  ???:0
 7 0x000000000003a865 __libc_start_main()  ???:0
 8 0x00000000004125ee _start()  ???:0
=================================
 5 0x0000000000412748 MAIN__()  ???:0
 6 0x00000000004126e2 main()  ???:0
 7 0x000000000003a865 __libc_start_main()  ???:0
 8 0x00000000004125ee _start()  ???:0
=================================
==== backtrace (tid: 517961) ====
 0 0x0000000000012990 __funlockfile()  :0
 1 0x00000000000f00ed diagnostics_mp_diag_curl_vel3_()  ???:0
 2 0x000000000028c126 solve_tracers_ale_()  ???:0
 3 0x000000000022ac77 oce_timestep_ale_()  ???:0
 4 0x0000000000078e03 fesom_module_mp_fesom_runloop_()  ???:0
 5 0x0000000000412748 MAIN__()  ???:0
 6 0x00000000004126e2 main()  ???:0
 7 0x000000000003a865 __libc_start_main()  ???:0
 8 0x00000000004125ee _start()  ???:0
=================================
forrtl: severe (174): SIGSEGV, segmentation fault occurred
Image              PC                Routine            Line        Source             
fesom.x            000000000042CF4A  for__signal_handl     Unknown  Unknown
libpthread-2.28.s  00001555492ED990  Unknown               Unknown  Unknown
libfesom.so        000015554B5F30ED  diagnostics_mp_di     Unknown  Unknown
libfesom.so        000015554B78F126  solve_tracers_ale     Unknown  Unknown
libfesom.so        000015554B72DC77  oce_timestep_ale_     Unknown  Unknown
libfesom.so        000015554B57BE03  fesom_module_mp_f     Unknown  Unknown
fesom.x            0000000000412748  MAIN__                Unknown  Unknown
fesom.x            00000000004126E2  Unknown               Unknown  Unknown
libc-2.28.so       0000155548BBD865  __libc_start_main     Unknown  Unknown
fesom.x            00000000004125EE  Unknown               Unknown  Unknown
==== backtrace (tid: 517974) ====
 0 0x0000000000012990 __funlockfile()  :0
 1 0x00000000000f00ed diagnostics_mp_diag_curl_vel3_()  ???:0
 2 0x000000000028c126 solve_tracers_ale_()  ???:0
 3 0x000000000022ac77 oce_timestep_ale_()  ???:0
 4 0x0000000000078e03 fesom_module_mp_fesom_runloop_()  ???:0
 5 0x0000000000412748 MAIN__()  ???:0
 6 0x00000000004126e2 main()  ???:0
 7 0x000000000003a865 __libc_start_main()  ???:0
 8 0x00000000004125ee _start()  ???:0
=================================
==== backtrace (tid: 517994) ====
 0 0x0000000000012990 __funlockfile()  :0
 1 0x00000000000f00ed diagnostics_mp_diag_curl_vel3_()  ???:0
 2 0x000000000028c126 solve_tracers_ale_()  ???:0
 3 0x000000000022ac77 oce_timestep_ale_()  ???:0
 4 0x0000000000078e03 fesom_module_mp_fesom_runloop_()  ???:0
 5 0x0000000000412748 MAIN__()  ???:0
 6 0x00000000004126e2 main()  ???:0
 7 0x000000000003a865 __libc_start_main()  ???:0
 8 0x00000000004125ee _start()  ???:0
=================================
==== backtrace (tid: 517999) ====
 0 0x0000000000012990 __funlockfile()  :0
 1 0x00000000000f00ed diagnostics_mp_diag_curl_vel3_()  ???:0
 2 0x000000000028c126 solve_tracers_ale_()  ???:0
 3 0x000000000022ac77 oce_timestep_ale_()  ???:0
 4 0x0000000000078e03 fesom_module_mp_fesom_runloop_()  ???:0
 5 0x0000000000412748 MAIN__()  ???:0
 6 0x00000000004126e2 main()  ???:0
 7 0x000000000003a865 __libc_start_main()  ???:0
 8 0x00000000004125ee _start()  ???:0
=================================
==== backtrace (tid: 517951) ====
 0 0x0000000000012990 __funlockfile()  :0
 1 0x00000000000f00ed diagnostics_mp_diag_curl_vel3_()  ???:0
 2 0x000000000028c126 solve_tracers_ale_()  ???:0
 3 0x000000000022ac77 oce_timestep_ale_()  ???:0
 4 0x0000000000078e03 fesom_module_mp_fesom_runloop_()  ???:0
 5 0x0000000000412748 MAIN__()  ???:0
 6 0x00000000004126e2 main()  ???:0
 7 0x000000000003a865 __libc_start_main()  ???:0
 8 0x00000000004125ee _start()  ???:0
=================================
==== backtrace (tid: 517955) ====
 0 0x0000000000012990 __funlockfile()  :0
 1 0x00000000000f00ed diagnostics_mp_diag_curl_vel3_()  ???:0
 2 0x000000000028c126 solve_tracers_ale_()  ???:0
 3 0x000000000022ac77 oce_timestep_ale_()  ???:0
 4 0x0000000000078e03 fesom_module_mp_fesom_runloop_()  ???:0
 5 0x0000000000412748 MAIN__()  ???:0
 6 0x00000000004126e2 main()  ???:0
 7 0x000000000003a865 __libc_start_main()  ???:0
 8 0x00000000004125ee _start()  ???:0
=================================
==== backtrace (tid: 517985) ====
 0 0x0000000000012990 __funlockfile()  :0
 1 0x00000000000f00ed diagnostics_mp_diag_curl_vel3_()  ???:0
 2 0x000000000028c126 solve_tracers_ale_()  ???:0
 3 0x000000000022ac77 oce_timestep_ale_()  ???:0
 4 0x0000000000078e03 fesom_module_mp_fesom_runloop_()  ???:0
 5 0x0000000000412748 MAIN__()  ???:0
 6 0x00000000004126e2 main()  ???:0
 7 0x000000000003a865 __libc_start_main()  ???:0
 8 0x00000000004125ee _start()  ???:0
=================================
forrtl: severe (174): SIGSEGV, segmentation fault occurred
Image              PC                Routine            Line        Source             
fesom.x            000000000042CF4A  for__signal_handl     Unknown  Unknown
libpthread-2.28.s  00001555492ED990  Unknown               Unknown  Unknown
libfesom.so        000015554B5F30ED  diagnostics_mp_di     Unknown  Unknown
libfesom.so        000015554B78F126  solve_tracers_ale     Unknown  Unknown
libfesom.so        000015554B72DC77  oce_timestep_ale_     Unknown  Unknown
libfesom.so        000015554B57BE03  fesom_module_mp_f     Unknown  Unknown
fesom.x            0000000000412748  MAIN__                Unknown  Unknown
fesom.x            00000000004126E2  Unknown               Unknown  Unknown
libc-2.28.so       0000155548BBD865  __libc_start_main     Unknown  Unknown
fesom.x            00000000004125EE  Unknown               Unknown  Unknown
forrtl: severe (174): SIGSEGV, segmentation fault occurred
Image              PC                Routine            Line        Source             
fesom.x            000000000042CF4A  for__signal_handl     Unknown  Unknown
libpthread-2.28.s  00001555492ED990  Unknown               Unknown  Unknown
libfesom.so        000015554B5F30ED  diagnostics_mp_di     Unknown  Unknown
libfesom.so        000015554B78F126  solve_tracers_ale     Unknown  Unknown
libfesom.so        000015554B72DC77  oce_timestep_ale_     Unknown  Unknown
libfesom.so        000015554B57BE03  fesom_module_mp_f     Unknown  Unknown
fesom.x            0000000000412748  MAIN__                Unknown  Unknown
fesom.x            00000000004126E2  Unknown               Unknown  Unknown
libc-2.28.so       0000155548BBD865  __libc_start_main     Unknown  Unknown
fesom.x            00000000004125EE  Unknown               Unknown  Unknown
==== backtrace (tid: 517975) ====
 0 0x0000000000012990 __funlockfile()  :0
 1 0x00000000000f00ed diagnostics_mp_diag_curl_vel3_()  ???:0
 2 0x000000000028c126 solve_tracers_ale_()  ???:0
 3 0x000000000022ac77 oce_timestep_ale_()  ???:0
 4 0x0000000000078e03 fesom_module_mp_fesom_runloop_()  ???:0
 5 0x0000000000412748 MAIN__()  ???:0
 6 0x00000000004126e2 main()  ???:0
 7 0x000000000003a865 __libc_start_main()  ???:0
 8 0x00000000004125ee _start()  ???:0
=================================
forrtl: severe (174): SIGSEGV, segmentation fault occurred
Image              PC                Routine            Line        Source             
fesom.x            000000000042CF4A  for__signal_handl     Unknown  Unknown
libpthread-2.28.s  00001555492ED990  Unknown               Unknown  Unknown
libfesom.so        000015554B5F30ED  diagnostics_mp_di     Unknown  Unknown
libfesom.so        000015554B78F126  solve_tracers_ale     Unknown  Unknown
libfesom.so        000015554B72DC77  oce_timestep_ale_     Unknown  Unknown
libfesom.so        000015554B57BE03  fesom_module_mp_f     Unknown  Unknown
fesom.x            0000000000412748  MAIN__                Unknown  Unknown
fesom.x            00000000004126E2  Unknown               Unknown  Unknown
libc-2.28.so       0000155548BBD865  __libc_start_main     Unknown  Unknown
fesom.x            00000000004125EE  Unknown               Unknown  Unknown
==== backtrace (tid: 517949) ====
 0 0x0000000000012990 __funlockfile()  :0
 1 0x00000000000f00ed diagnostics_mp_diag_curl_vel3_()  ???:0
 2 0x000000000028c126 solve_tracers_ale_()  ???:0
 3 0x000000000022ac77 oce_timestep_ale_()  ???:0
 4 0x0000000000078e03 fesom_module_mp_fesom_runloop_()  ???:0
 5 0x0000000000412748 MAIN__()  ???:0
 6 0x00000000004126e2 main()  ???:0
 7 0x000000000003a865 __libc_start_main()  ???:0
 8 0x00000000004125ee _start()  ???:0
=================================
==== backtrace (tid: 517981) ====
 0 0x0000000000012990 __funlockfile()  :0
 1 0x00000000000f00ed diagnostics_mp_diag_curl_vel3_()  ???:0
 2 0x000000000028c126 solve_tracers_ale_()  ???:0
 3 0x000000000022ac77 oce_timestep_ale_()  ???:0
 4 0x0000000000078e03 fesom_module_mp_fesom_runloop_()  ???:0
 5 0x0000000000412748 MAIN__()  ???:0
 6 0x00000000004126e2 main()  ???:0
 7 0x000000000003a865 __libc_start_main()  ???:0
 8 0x00000000004125ee _start()  ???:0
=================================
forrtl: severe (174): SIGSEGV, segmentation fault occurred
Image              PC                Routine            Line        Source             
fesom.x            000000000042CF4A  for__signal_handl     Unknown  Unknown
libpthread-2.28.s  00001555492ED990  Unknown               Unknown  Unknown
libfesom.so        000015554B5F30ED  diagnostics_mp_di     Unknown  Unknown
libfesom.so        000015554B78F126  solve_tracers_ale     Unknown  Unknown
libfesom.so        000015554B72DC77  oce_timestep_ale_     Unknown  Unknown
libfesom.so        000015554B57BE03  fesom_module_mp_f     Unknown  Unknown
fesom.x            0000000000412748  MAIN__                Unknown  Unknown
fesom.x            00000000004126E2  Unknown               Unknown  Unknown
libc-2.28.so       0000155548BBD865  __libc_start_main     Unknown  Unknown
fesom.x            00000000004125EE  Unknown               Unknown  Unknown
forrtl: severe (174): SIGSEGV, segmentation fault occurred
Image              PC                Routine            Line        Source             
fesom.x            000000000042CF4A  for__signal_handl     Unknown  Unknown
libpthread-2.28.s  00001555492ED990  Unknown               Unknown  Unknown
libfesom.so        000015554B5F30ED  diagnostics_mp_di     Unknown  Unknown
libfesom.so        000015554B78F126  solve_tracers_ale     Unknown  Unknown
libfesom.so        000015554B72DC77  oce_timestep_ale_     Unknown  Unknown
libfesom.so        000015554B57BE03  fesom_module_mp_f     Unknown  Unknown
fesom.x            0000000000412748  MAIN__                Unknown  Unknown
fesom.x            00000000004126E2  Unknown               Unknown  Unknown
libc-2.28.so       0000155548BBD865  __libc_start_main     Unknown  Unknown
fesom.x            00000000004125EE  Unknown               Unknown  Unknown
forrtl: severe (174): SIGSEGV, segmentation fault occurred
Image              PC                Routine            Line        Source             
fesom.x            000000000042CF4A  for__signal_handl     Unknown  Unknown
libpthread-2.28.s  00001555492ED990  Unknown               Unknown  Unknown
libfesom.so        000015554B5F30ED  diagnostics_mp_di     Unknown  Unknown
libfesom.so        000015554B78F126  solve_tracers_ale     Unknown  Unknown
libfesom.so        000015554B72DC77  oce_timestep_ale_     Unknown  Unknown
libfesom.so        000015554B57BE03  fesom_module_mp_f     Unknown  Unknown
fesom.x            0000000000412748  MAIN__                Unknown  Unknown
fesom.x            00000000004126E2  Unknown               Unknown  Unknown
libc-2.28.so       0000155548BBD865  __libc_start_main     Unknown  Unknown
fesom.x            00000000004125EE  Unknown               Unknown  Unknown
==== backtrace (tid: 517945) ====
 0 0x0000000000012990 __funlockfile()  :0
 1 0x00000000000f00ed diagnostics_mp_diag_curl_vel3_()  ???:0
 2 0x000000000028c126 solve_tracers_ale_()  ???:0
 3 0x000000000022ac77 oce_timestep_ale_()  ???:0
 4 0x0000000000078e03 fesom_module_mp_fesom_runloop_()  ???:0
 5 0x0000000000412748 MAIN__()  ???:0
 6 0x00000000004126e2 main()  ???:0
 7 0x000000000003a865 __libc_start_main()  ???:0
 8 0x00000000004125ee _start()  ???:0
=================================
forrtl: severe (174): SIGSEGV, segmentation fault occurred
Image              PC                Routine            Line        Source             
fesom.x            000000000042CF4A  for__signal_handl     Unknown  Unknown
libpthread-2.28.s  00001555492ED990  Unknown               Unknown  Unknown
libfesom.so        000015554B5F30ED  diagnostics_mp_di     Unknown  Unknown
libfesom.so        000015554B78F126  solve_tracers_ale     Unknown  Unknown
libfesom.so        000015554B72DC77  oce_timestep_ale_     Unknown  Unknown
libfesom.so        000015554B57BE03  fesom_module_mp_f     Unknown  Unknown
fesom.x            0000000000412748  MAIN__                Unknown  Unknown
fesom.x            00000000004126E2  Unknown               Unknown  Unknown
libc-2.28.so       0000155548BBD865  __libc_start_main     Unknown  Unknown
fesom.x            00000000004125EE  Unknown               Unknown  Unknown
forrtl: severe (174): SIGSEGV, segmentation fault occurred
Image              PC                Routine            Line        Source             
fesom.x            000000000042CF4A  for__signal_handl     Unknown  Unknown
libpthread-2.28.s  00001555492ED990  Unknown               Unknown  Unknown
libfesom.so        000015554B5F30ED  diagnostics_mp_di     Unknown  Unknown
libfesom.so        000015554B78F126  solve_tracers_ale     Unknown  Unknown
libfesom.so        000015554B72DC77  oce_timestep_ale_     Unknown  Unknown
libfesom.so        000015554B57BE03  fesom_module_mp_f     Unknown  Unknown
fesom.x            0000000000412748  MAIN__                Unknown  Unknown
fesom.x            00000000004126E2  Unknown               Unknown  Unknown
libc-2.28.so       0000155548BBD865  __libc_start_main     Unknown  Unknown
fesom.x            00000000004125EE  Unknown               Unknown  Unknown
forrtl: severe (174): SIGSEGV, segmentation fault occurred
Image              PC                Routine            Line        Source             
fesom.x            000000000042CF4A  for__signal_handl     Unknown  Unknown
libpthread-2.28.s  00001555492ED990  Unknown               Unknown  Unknown
libfesom.so        000015554B5F30ED  diagnostics_mp_di     Unknown  Unknown
libfesom.so        000015554B78F126  solve_tracers_ale     Unknown  Unknown
libfesom.so        000015554B72DC77  oce_timestep_ale_     Unknown  Unknown
libfesom.so        000015554B57BE03  fesom_module_mp_f     Unknown  Unknown
fesom.x            0000000000412748  MAIN__                Unknown  Unknown
fesom.x            00000000004126E2  Unknown               Unknown  Unknown
libc-2.28.so       0000155548BBD865  __libc_start_main     Unknown  Unknown
fesom.x            00000000004125EE  Unknown               Unknown  Unknown
forrtl: severe (174): SIGSEGV, segmentation fault occurred
Image              PC                Routine            Line        Source             
fesom.x            000000000042CF4A  for__signal_handl     Unknown  Unknown
libpthread-2.28.s  00001555492ED990  Unknown               Unknown  Unknown
libfesom.so        000015554B5F30ED  diagnostics_mp_di     Unknown  Unknown
libfesom.so        000015554B78F126  solve_tracers_ale     Unknown  Unknown
libfesom.so        000015554B72DC77  oce_timestep_ale_     Unknown  Unknown
libfesom.so        000015554B57BE03  fesom_module_mp_f     Unknown  Unknown
fesom.x            0000000000412748  MAIN__                Unknown  Unknown
fesom.x            00000000004126E2  Unknown               Unknown  Unknown
libc-2.28.so       0000155548BBD865  __libc_start_main     Unknown  Unknown
fesom.x            00000000004125EE  Unknown               Unknown  Unknown
forrtl: severe (174): SIGSEGV, segmentation fault occurred
Image              PC                Routine            Line        Source             
fesom.x            000000000042CF4A  for__signal_handl     Unknown  Unknown
libpthread-2.28.s  00001555492ED990  Unknown               Unknown  Unknown
libfesom.so        000015554B5F30ED  diagnostics_mp_di     Unknown  Unknown
libfesom.so        000015554B78F126  solve_tracers_ale     Unknown  Unknown
libfesom.so        000015554B72DC77  oce_timestep_ale_     Unknown  Unknown
libfesom.so        000015554B57BE03  fesom_module_mp_f     Unknown  Unknown
fesom.x            0000000000412748  MAIN__                Unknown  Unknown
fesom.x            00000000004126E2  Unknown               Unknown  Unknown
libc-2.28.so       0000155548BBD865  __libc_start_main     Unknown  Unknown
fesom.x            00000000004125EE  Unknown               Unknown  Unknown
forrtl: severe (174): SIGSEGV, segmentation fault occurred
Image              PC                Routine            Line        Source             
fesom.x            000000000042CF4A  for__signal_handl     Unknown  Unknown
libpthread-2.28.s  00001555492ED990  Unknown               Unknown  Unknown
libfesom.so        000015554B5F30ED  diagnostics_mp_di     Unknown  Unknown
libfesom.so        000015554B78F126  solve_tracers_ale     Unknown  Unknown
libfesom.so        000015554B72DC77  oce_timestep_ale_     Unknown  Unknown
libfesom.so        000015554B57BE03  fesom_module_mp_f     Unknown  Unknown
fesom.x            0000000000412748  MAIN__                Unknown  Unknown
fesom.x            00000000004126E2  Unknown               Unknown  Unknown
libc-2.28.so       0000155548BBD865  __libc_start_main     Unknown  Unknown
fesom.x            00000000004125EE  Unknown               Unknown  Unknown
forrtl: severe (174): SIGSEGV, segmentation fault occurred
Image              PC                Routine            Line        Source             
fesom.x            000000000042CF4A  for__signal_handl     Unknown  Unknown
libpthread-2.28.s  00001555492ED990  Unknown               Unknown  Unknown
libfesom.so        000015554B5F30ED  diagnostics_mp_di     Unknown  Unknown
libfesom.so        000015554B78F126  solve_tracers_ale     Unknown  Unknown
libfesom.so        000015554B72DC77  oce_timestep_ale_     Unknown  Unknown
libfesom.so        000015554B57BE03  fesom_module_mp_f     Unknown  Unknown
fesom.x            0000000000412748  MAIN__                Unknown  Unknown
fesom.x            00000000004126E2  Unknown               Unknown  Unknown
libc-2.28.so       0000155548BBD865  __libc_start_main     Unknown  Unknown
fesom.x            00000000004125EE  Unknown               Unknown  Unknown
forrtl: severe (174): SIGSEGV, segmentation fault occurred
Image              PC                Routine            Line        Source             
fesom.x            000000000042CF4A  for__signal_handl     Unknown  Unknown
libpthread-2.28.s  00001555492ED990  Unknown               Unknown  Unknown
libfesom.so        000015554B5F30ED  diagnostics_mp_di     Unknown  Unknown
libfesom.so        000015554B78F126  solve_tracers_ale     Unknown  Unknown
libfesom.so        000015554B72DC77  oce_timestep_ale_     Unknown  Unknown
libfesom.so        000015554B57BE03  fesom_module_mp_f     Unknown  Unknown
fesom.x            0000000000412748  MAIN__                Unknown  Unknown
fesom.x            00000000004126E2  Unknown               Unknown  Unknown
libc-2.28.so       0000155548BBD865  __libc_start_main     Unknown  Unknown
fesom.x            00000000004125EE  Unknown               Unknown  Unknown
forrtl: severe (174): SIGSEGV, segmentation fault occurred
Image              PC                Routine            Line        Source             
fesom.x            000000000042CF4A  for__signal_handl     Unknown  Unknown
libpthread-2.28.s  00001555492ED990  Unknown               Unknown  Unknown
libfesom.so        000015554B5F30ED  diagnostics_mp_di     Unknown  Unknown
libfesom.so        000015554B78F126  solve_tracers_ale     Unknown  Unknown
libfesom.so        000015554B72DC77  oce_timestep_ale_     Unknown  Unknown
libfesom.so        000015554B57BE03  fesom_module_mp_f     Unknown  Unknown
fesom.x            0000000000412748  MAIN__                Unknown  Unknown
fesom.x            00000000004126E2  Unknown               Unknown  Unknown
libc-2.28.so       0000155548BBD865  __libc_start_main     Unknown  Unknown
fesom.x            00000000004125EE  Unknown               Unknown  Unknown
forrtl: severe (174): SIGSEGV, segmentation fault occurred
Image              PC                Routine            Line        Source             
fesom.x            000000000042CF4A  for__signal_handl     Unknown  Unknown
libpthread-2.28.s  00001555492ED990  Unknown               Unknown  Unknown
libfesom.so        000015554B5F30ED  diagnostics_mp_di     Unknown  Unknown
libfesom.so        000015554B78F126  solve_tracers_ale     Unknown  Unknown
libfesom.so        000015554B72DC77  oce_timestep_ale_     Unknown  Unknown
libfesom.so        000015554B57BE03  fesom_module_mp_f     Unknown  Unknown
fesom.x            0000000000412748  MAIN__                Unknown  Unknown
fesom.x            00000000004126E2  Unknown               Unknown  Unknown
libc-2.28.so       0000155548BBD865  __libc_start_main     Unknown  Unknown
fesom.x            00000000004125EE  Unknown               Unknown  Unknown
forrtl: severe (174): SIGSEGV, segmentation fault occurred
Image              PC                Routine            Line        Source             
fesom.x            000000000042CF4A  for__signal_handl     Unknown  Unknown
libpthread-2.28.s  00001555492ED990  Unknown               Unknown  Unknown
libfesom.so        000015554B5F30ED  diagnostics_mp_di     Unknown  Unknown
libfesom.so        000015554B78F126  solve_tracers_ale     Unknown  Unknown
libfesom.so        000015554B72DC77  oce_timestep_ale_     Unknown  Unknown
libfesom.so        000015554B57BE03  fesom_module_mp_f     Unknown  Unknown
fesom.x            0000000000412748  MAIN__                Unknown  Unknown
fesom.x            00000000004126E2  Unknown               Unknown  Unknown
libc-2.28.so       0000155548BBD865  __libc_start_main     Unknown  Unknown
fesom.x            00000000004125EE  Unknown               Unknown  Unknown
forrtl: severe (174): SIGSEGV, segmentation fault occurred
Image              PC                Routine            Line        Source             
fesom.x            000000000042CF4A  for__signal_handl     Unknown  Unknown
libpthread-2.28.s  00001555492ED990  Unknown               Unknown  Unknown
libfesom.so        000015554B5F30ED  diagnostics_mp_di     Unknown  Unknown
libfesom.so        000015554B78F126  solve_tracers_ale     Unknown  Unknown
libfesom.so        000015554B72DC77  oce_timestep_ale_     Unknown  Unknown
libfesom.so        000015554B57BE03  fesom_module_mp_f     Unknown  Unknown
fesom.x            0000000000412748  MAIN__                Unknown  Unknown
fesom.x            00000000004126E2  Unknown               Unknown  Unknown
libc-2.28.so       0000155548BBD865  __libc_start_main     Unknown  Unknown
fesom.x            00000000004125EE  Unknown               Unknown  Unknown
forrtl: severe (174): SIGSEGV, segmentation fault occurred
Image              PC                Routine            Line        Source             
fesom.x            000000000042CF4A  for__signal_handl     Unknown  Unknown
libpthread-2.28.s  00001555492ED990  Unknown               Unknown  Unknown
libfesom.so        000015554B5F30ED  diagnostics_mp_di     Unknown  Unknown
libfesom.so        000015554B78F126  solve_tracers_ale     Unknown  Unknown
libfesom.so        000015554B72DC77  oce_timestep_ale_     Unknown  Unknown
libfesom.so        000015554B57BE03  fesom_module_mp_f     Unknown  Unknown
fesom.x            0000000000412748  MAIN__                Unknown  Unknown
fesom.x            00000000004126E2  Unknown               Unknown  Unknown
libc-2.28.so       0000155548BBD865  __libc_start_main     Unknown  Unknown
fesom.x            00000000004125EE  Unknown               Unknown  Unknown
forrtl: severe (174): SIGSEGV, segmentation fault occurred
Image              PC                Routine            Line        Source             
fesom.x            000000000042CF4A  for__signal_handl     Unknown  Unknown
libpthread-2.28.s  00001555492ED990  Unknown               Unknown  Unknown
libfesom.so        000015554B5F30ED  diagnostics_mp_di     Unknown  Unknown
libfesom.so        000015554B78F126  solve_tracers_ale     Unknown  Unknown
libfesom.so        000015554B72DC77  oce_timestep_ale_     Unknown  Unknown
libfesom.so        000015554B57BE03  fesom_module_mp_f     Unknown  Unknown
fesom.x            0000000000412748  MAIN__                Unknown  Unknown
fesom.x            00000000004126E2  Unknown               Unknown  Unknown
libc-2.28.so       0000155548BBD865  __libc_start_main     Unknown  Unknown
fesom.x            00000000004125EE  Unknown               Unknown  Unknown
forrtl: severe (174): SIGSEGV, segmentation fault occurred
Image              PC                Routine            Line        Source             
fesom.x            000000000042CF4A  for__signal_handl     Unknown  Unknown
libpthread-2.28.s  00001555492ED990  Unknown               Unknown  Unknown
libfesom.so        000015554B5F30ED  diagnostics_mp_di     Unknown  Unknown
libfesom.so        000015554B78F126  solve_tracers_ale     Unknown  Unknown
libfesom.so        000015554B72DC77  oce_timestep_ale_     Unknown  Unknown
libfesom.so        000015554B57BE03  fesom_module_mp_f     Unknown  Unknown
fesom.x            0000000000412748  MAIN__                Unknown  Unknown
fesom.x            00000000004126E2  Unknown               Unknown  Unknown
libc-2.28.so       0000155548BBD865  __libc_start_main     Unknown  Unknown
fesom.x            00000000004125EE  Unknown               Unknown  Unknown
forrtl: severe (174): SIGSEGV, segmentation fault occurred
Image              PC                Routine            Line        Source             
fesom.x            000000000042CF4A  for__signal_handl     Unknown  Unknown
libpthread-2.28.s  00001555492ED990  Unknown               Unknown  Unknown
libfesom.so        000015554B5F30ED  diagnostics_mp_di     Unknown  Unknown
libfesom.so        000015554B78F126  solve_tracers_ale     Unknown  Unknown
libfesom.so        000015554B72DC77  oce_timestep_ale_     Unknown  Unknown
libfesom.so        000015554B57BE03  fesom_module_mp_f     Unknown  Unknown
fesom.x            0000000000412748  MAIN__                Unknown  Unknown
fesom.x            00000000004126E2  Unknown               Unknown  Unknown
libc-2.28.so       0000155548BBD865  __libc_start_main     Unknown  Unknown
fesom.x            00000000004125EE  Unknown               Unknown  Unknown
forrtl: severe (174): SIGSEGV, segmentation fault occurred
Image              PC                Routine            Line        Source             
fesom.x            000000000042CF4A  for__signal_handl     Unknown  Unknown
libpthread-2.28.s  00001555492ED990  Unknown               Unknown  Unknown
libfesom.so        000015554B5F30ED  diagnostics_mp_di     Unknown  Unknown
libfesom.so        000015554B78F126  solve_tracers_ale     Unknown  Unknown
libfesom.so        000015554B72DC77  oce_timestep_ale_     Unknown  Unknown
libfesom.so        000015554B57BE03  fesom_module_mp_f     Unknown  Unknown
fesom.x            0000000000412748  MAIN__                Unknown  Unknown
fesom.x            00000000004126E2  Unknown               Unknown  Unknown
libc-2.28.so       0000155548BBD865  __libc_start_main     Unknown  Unknown
fesom.x            00000000004125EE  Unknown               Unknown  Unknown
forrtl: severe (174): SIGSEGV, segmentation fault occurred
Image              PC                Routine            Line        Source             
fesom.x            000000000042CF4A  for__signal_handl     Unknown  Unknown
libpthread-2.28.s  00001555492ED990  Unknown               Unknown  Unknown
libfesom.so        000015554B5F30ED  diagnostics_mp_di     Unknown  Unknown
libfesom.so        000015554B78F126  solve_tracers_ale     Unknown  Unknown
libfesom.so        000015554B72DC77  oce_timestep_ale_     Unknown  Unknown
libfesom.so        000015554B57BE03  fesom_module_mp_f     Unknown  Unknown
fesom.x            0000000000412748  MAIN__                Unknown  Unknown
fesom.x            00000000004126E2  Unknown               Unknown  Unknown
libc-2.28.so       0000155548BBD865  __libc_start_main     Unknown  Unknown
fesom.x            00000000004125EE  Unknown               Unknown  Unknown
forrtl: severe (174): SIGSEGV, segmentation fault occurred
Image              PC                Routine            Line        Source             
fesom.x            000000000042CF4A  for__signal_handl     Unknown  Unknown
libpthread-2.28.s  00001555492ED990  Unknown               Unknown  Unknown
libfesom.so        000015554B5F30ED  diagnostics_mp_di     Unknown  Unknown
libfesom.so        000015554B78F126  solve_tracers_ale     Unknown  Unknown
libfesom.so        000015554B72DC77  oce_timestep_ale_     Unknown  Unknown
libfesom.so        000015554B57BE03  fesom_module_mp_f     Unknown  Unknown
fesom.x            0000000000412748  MAIN__                Unknown  Unknown
fesom.x            00000000004126E2  Unknown               Unknown  Unknown
libc-2.28.so       0000155548BBD865  __libc_start_main     Unknown  Unknown
fesom.x            00000000004125EE  Unknown               Unknown  Unknown
forrtl: severe (174): SIGSEGV, segmentation fault occurred
Image              PC                Routine            Line        Source             
fesom.x            000000000042CF4A  for__signal_handl     Unknown  Unknown
libpthread-2.28.s  00001555492ED990  Unknown               Unknown  Unknown
libfesom.so        000015554B5F30ED  diagnostics_mp_di     Unknown  Unknown
libfesom.so        000015554B78F126  solve_tracers_ale     Unknown  Unknown
libfesom.so        000015554B72DC77  oce_timestep_ale_     Unknown  Unknown
libfesom.so        000015554B57BE03  fesom_module_mp_f     Unknown  Unknown
fesom.x            0000000000412748  MAIN__                Unknown  Unknown
fesom.x            00000000004126E2  Unknown               Unknown  Unknown
libc-2.28.so       0000155548BBD865  __libc_start_main     Unknown  Unknown
fesom.x            00000000004125EE  Unknown               Unknown  Unknown
forrtl: severe (174): SIGSEGV, segmentation fault occurred
Image              PC                Routine            Line        Source             
fesom.x            000000000042CF4A  for__signal_handl     Unknown  Unknown
libpthread-2.28.s  00001555492ED990  Unknown               Unknown  Unknown
libfesom.so        000015554B5F30ED  diagnostics_mp_di     Unknown  Unknown
libfesom.so        000015554B78F126  solve_tracers_ale     Unknown  Unknown
libfesom.so        000015554B72DC77  oce_timestep_ale_     Unknown  Unknown
libfesom.so        000015554B57BE03  fesom_module_mp_f     Unknown  Unknown
fesom.x            0000000000412748  MAIN__                Unknown  Unknown
fesom.x            00000000004126E2  Unknown               Unknown  Unknown
libc-2.28.so       0000155548BBD865  __libc_start_main     Unknown  Unknown
fesom.x            00000000004125EE  Unknown               Unknown  Unknown
forrtl: severe (174): SIGSEGV, segmentation fault occurred
Image              PC                Routine            Line        Source             
fesom.x            000000000042CF4A  for__signal_handl     Unknown  Unknown
libpthread-2.28.s  00001555492ED990  Unknown               Unknown  Unknown
libfesom.so        000015554B5F30ED  diagnostics_mp_di     Unknown  Unknown
libfesom.so        000015554B78F126  solve_tracers_ale     Unknown  Unknown
libfesom.so        000015554B72DC77  oce_timestep_ale_     Unknown  Unknown
libfesom.so        000015554B57BE03  fesom_module_mp_f     Unknown  Unknown
fesom.x            0000000000412748  MAIN__                Unknown  Unknown
fesom.x            00000000004126E2  Unknown               Unknown  Unknown
libc-2.28.so       0000155548BBD865  __libc_start_main     Unknown  Unknown
fesom.x            00000000004125EE  Unknown               Unknown  Unknown
forrtl: severe (174): SIGSEGV, segmentation fault occurred
Image              PC                Routine            Line        Source             
fesom.x            000000000042CF4A  for__signal_handl     Unknown  Unknown
libpthread-2.28.s  00001555492ED990  Unknown               Unknown  Unknown
libfesom.so        000015554B5F30ED  diagnostics_mp_di     Unknown  Unknown
libfesom.so        000015554B78F126  solve_tracers_ale     Unknown  Unknown
libfesom.so        000015554B72DC77  oce_timestep_ale_     Unknown  Unknown
libfesom.so        000015554B57BE03  fesom_module_mp_f     Unknown  Unknown
fesom.x            0000000000412748  MAIN__                Unknown  Unknown
fesom.x            00000000004126E2  Unknown               Unknown  Unknown
libc-2.28.so       0000155548BBD865  __libc_start_main     Unknown  Unknown
fesom.x            00000000004125EE  Unknown               Unknown  Unknown
forrtl: severe (174): SIGSEGV, segmentation fault occurred
Image              PC                Routine            Line        Source             
fesom.x            000000000042CF4A  for__signal_handl     Unknown  Unknown
libpthread-2.28.s  00001555492ED990  Unknown               Unknown  Unknown
libfesom.so        000015554B5F30ED  diagnostics_mp_di     Unknown  Unknown
libfesom.so        000015554B78F126  solve_tracers_ale     Unknown  Unknown
libfesom.so        000015554B72DC77  oce_timestep_ale_     Unknown  Unknown
libfesom.so        000015554B57BE03  fesom_module_mp_f     Unknown  Unknown
fesom.x            0000000000412748  MAIN__                Unknown  Unknown
fesom.x            00000000004126E2  Unknown               Unknown  Unknown
libc-2.28.so       0000155548BBD865  __libc_start_main     Unknown  Unknown
fesom.x            00000000004125EE  Unknown               Unknown  Unknown
forrtl: severe (174): SIGSEGV, segmentation fault occurred
Image              PC                Routine            Line        Source             
fesom.x            000000000042CF4A  for__signal_handl     Unknown  Unknown
libpthread-2.28.s  00001555492ED990  Unknown               Unknown  Unknown
libfesom.so        000015554B5F30ED  diagnostics_mp_di     Unknown  Unknown
libfesom.so        000015554B78F126  solve_tracers_ale     Unknown  Unknown
libfesom.so        000015554B72DC77  oce_timestep_ale_     Unknown  Unknown
libfesom.so        000015554B57BE03  fesom_module_mp_f     Unknown  Unknown
fesom.x            0000000000412748  MAIN__                Unknown  Unknown
fesom.x            00000000004126E2  Unknown               Unknown  Unknown
libc-2.28.so       0000155548BBD865  __libc_start_main     Unknown  Unknown
fesom.x            00000000004125EE  Unknown               Unknown  Unknown
forrtl: severe (174): SIGSEGV, segmentation fault occurred
Image              PC                Routine            Line        Source             
fesom.x            000000000042CF4A  for__signal_handl     Unknown  Unknown
libpthread-2.28.s  00001555492ED990  Unknown               Unknown  Unknown
libfesom.so        000015554B5F30ED  diagnostics_mp_di     Unknown  Unknown
libfesom.so        000015554B78F126  solve_tracers_ale     Unknown  Unknown
libfesom.so        000015554B72DC77  oce_timestep_ale_     Unknown  Unknown
libfesom.so        000015554B57BE03  fesom_module_mp_f     Unknown  Unknown
fesom.x            0000000000412748  MAIN__                Unknown  Unknown
fesom.x            00000000004126E2  Unknown               Unknown  Unknown
libc-2.28.so       0000155548BBD865  __libc_start_main     Unknown  Unknown
fesom.x            00000000004125EE  Unknown               Unknown  Unknown
forrtl: severe (174): SIGSEGV, segmentation fault occurred
Image              PC                Routine            Line        Source             
fesom.x            000000000042CF4A  for__signal_handl     Unknown  Unknown
libpthread-2.28.s  00001555492ED990  Unknown               Unknown  Unknown
libfesom.so        000015554B5F30ED  diagnostics_mp_di     Unknown  Unknown
libfesom.so        000015554B78F126  solve_tracers_ale     Unknown  Unknown
libfesom.so        000015554B72DC77  oce_timestep_ale_     Unknown  Unknown
libfesom.so        000015554B57BE03  fesom_module_mp_f     Unknown  Unknown
fesom.x            0000000000412748  MAIN__                Unknown  Unknown
fesom.x            00000000004126E2  Unknown               Unknown  Unknown
libc-2.28.so       0000155548BBD865  __libc_start_main     Unknown  Unknown
fesom.x            00000000004125EE  Unknown               Unknown  Unknown
forrtl: severe (174): SIGSEGV, segmentation fault occurred
Image              PC                Routine            Line        Source             
fesom.x            000000000042CF4A  for__signal_handl     Unknown  Unknown
libpthread-2.28.s  00001555492ED990  Unknown               Unknown  Unknown
libfesom.so        000015554B5F30ED  diagnostics_mp_di     Unknown  Unknown
libfesom.so        000015554B78F126  solve_tracers_ale     Unknown  Unknown
libfesom.so        000015554B72DC77  oce_timestep_ale_     Unknown  Unknown
libfesom.so        000015554B57BE03  fesom_module_mp_f     Unknown  Unknown
fesom.x            0000000000412748  MAIN__                Unknown  Unknown
fesom.x            00000000004126E2  Unknown               Unknown  Unknown
libc-2.28.so       0000155548BBD865  __libc_start_main     Unknown  Unknown
fesom.x            00000000004125EE  Unknown               Unknown  Unknown
forrtl: severe (174): SIGSEGV, segmentation fault occurred
Image              PC                Routine            Line        Source             
fesom.x            000000000042CF4A  for__signal_handl     Unknown  Unknown
libpthread-2.28.s  00001555492ED990  Unknown               Unknown  Unknown
libfesom.so        000015554B5F30ED  diagnostics_mp_di     Unknown  Unknown
libfesom.so        000015554B78F126  solve_tracers_ale     Unknown  Unknown
libfesom.so        000015554B72DC77  oce_timestep_ale_     Unknown  Unknown
libfesom.so        000015554B57BE03  fesom_module_mp_f     Unknown  Unknown
fesom.x            0000000000412748  MAIN__                Unknown  Unknown
fesom.x            00000000004126E2  Unknown               Unknown  Unknown
libc-2.28.so       0000155548BBD865  __libc_start_main     Unknown  Unknown
fesom.x            00000000004125EE  Unknown               Unknown  Unknown
srun: error: prod-238: tasks 0-59: Exited with exit code 174
srun: launch/slurm: _step_signal: Terminating StepId=43998391.0
Thu May 21 15:31:40 CEST 2026
