Module for intel-oneapi-compilers version 2022.1.0 loaded
Module for intel-oneapi-mpi version 2021.6.0 loaded
Module for intel-oneapi-mkl version 2022.1.0 loaded
Module for netcdf-fortran version 4.5.4 loaded
Module for netcdf-c version 4.8.1 loaded
ln: failed to create symbolic link './fesom.x': File exists
Fri May 22 11:32:05 CEST 2026
 MPI has been initialized, provided MPI thread support level: MPI_THREAD_MULTIPLE           3
 Running on                             60  PEs
 
 [36m .------. ------. ------.  .-----. ,--.   ,-.  .----.  [0m
 [36m |  .--- ́|  .--- ́/    _ / ´  .-.  `|   `. ́   |\_,-.  | [0m
 [36m |  `--. |  `--. \_..`--. |  | |  ||  |`. ́|  |   . ́ . ́ [0m
 [36m |  .-- ́ |  .-- ́ .-._)   \|  | |  ||  |   |  | . ́  /_  [0m
 [36m |  |    |  `---.\       /`  `- ́   ́|  |   |  ||      | [0m
 [36m `-- ́    `------ ́ `----- ́  `----- ́ `-- ́   `-- ́`------ ́ [0m
                                           _____           
       ___________                     ,-:` \;´,``-,       
      | .-------. |                  .´-;_,;  `:-;_,`.     
      | |       | |                 /;   `/    ,  _`.-\    
      | |       | |                | ´`. (`     /` ` \`|   
      | |__   __| |            ,-C=|:.  `\`-.   \_   / |   
       `---|-|---´          ,-´    |     (   `,  .`\ ;`|   
        [====  O]--,    ,--´        \     | .´     `-´/    
      /:::::::::::\ \_,-             `.   ;/        .´     
     /:::::===:::::\                   ``-._____.-´`       
    ´---------------`                                      
 
 
 FESOM2 git SHA: c34a956e
 MPI library version: Intel(R) MPI Library 2021.6 for Linux* OS

 [32m____________________________________________________________[0m
 [7;32m --> FESOM BUILDS UP MODEL CONFIGURATION                    [0m
 Restart path configuration:
   Input path:  /albedo/work/projects/p_clidyn_work/rjuhrban/double_gyre/m100/results/NN_after_spinup_none/GM/short_run_to_check_runtime_outputfreq_d/
   Output path: /albedo/work/projects/p_clidyn_work/rjuhrban/double_gyre/m100/results/NN_after_spinup_none/GM/short_run_to_check_runtime_outputfreq_d/
   Note: Using same directory for input and output (legacy mode)
 Namelist files are read in
 time step size is set to    600.000000000000      sec
 Value of which_NN:udcjhprx
 [34m --> call clock_init[0m
 
 [31m____________________________________________________________[0m
 [5;7;31m --> THIS IS A RESTART RUN !!!                              [0m
     > clock restarted at time:    0.00   1 2008
 
 [34m --> call get_run_steps[0m
         144  steps to run for fesom      job submission
 [34m --> call mesh_setup[0m
 [36m     --> call set_mesh_transform_matrix[0m
 [36m     --> call read_mesh[0m
           0 rpart is read
 myLists are read
 reading /albedo/work/projects/p_clidyn_work/rjuhrban/double_gyre/m100/nod2d.out
 reading /albedo/work/projects/p_clidyn_work/rjuhrban/double_gyre/m100/elem2d.out
 elements are read
 communication arrays are read
 =========================
 2D mesh was read in   0.136004434678398       seconds
 2D mesh info : nod2D=         389  elem2D=         702 checksum= 
 =========================
 [36m     --> call init_mpi_types[0m
 [36m     --> call init_gatherLists[0m
 Communication arrays are set
 [36m     --> call test_tri[0m
 test_tri finished in   2.030028554145247E-006  seconds
 =========================
 [36m     --> call load_edges[0m
 reading /albedo/work/projects/p_clidyn_work/rjuhrban/double_gyre/m100/edgenum.out
 2D mesh info : edge2D=        1090
 reading /albedo/work/projects/p_clidyn_work/rjuhrban/double_gyre/m100/edges.out
 reading /albedo/work/projects/p_clidyn_work/rjuhrban/double_gyre/m100/edge_tri.out
 load_edges finished in   3.523429603046679E-002  seconds
 =========================
 [36m     --> call find_neighbors[0m
 find_neighbors finished in   2.343372989344061E-003  seconds
 =========================
 [36m     --> call find_levels[0m
 reading /albedo/work/projects/p_clidyn_work/rjuhrban/double_gyre/m100/elvls.out
 reading /albedo/work/projects/p_clidyn_work/rjuhrban/double_gyre/m100/nlvls.out
 ____________________________________________________________________
  --> 3D mesh was read in   3.270675044768723E-002  seconds
  --> Min/max depth on mype :            0   4000.00000000000        4000.00000000000     
 [36m     --> call find_levels_min_e2n[0m
 ____________________________________________________________________
  --> find min/max level e2n in  5.814481864945265E-004  seconds
 [36m     --> call mesh_areas[0m
 ____________________________________________________________________
  --> mesh statistics:           0
           0 maxArea    8831835589.32587         MinArea    8415276695.49772     
           0 maxScArea    17565690548.2392         MinScArea    16940789623.1981     
           0 Edges:            1090  internal         1016
      > Total ocean surface area is           :    5843962925012.69       m^2
      > Total ocean surface area with cavity is:    5843962925012.69       m^2
      > mesh_areas finished in   1.011014233881724E-003  seconds
 [36m     --> call mesh_auxiliary_arrays[0m
 mesh_auxiliary_arrays finished in   3.365647371538216E-004  seconds
 =========================
 FESOM mesh_setup... complete
 [34m --> call check_mesh_consistency[0m
 ***start level area_test***
   5843962925012.69        5843962925012.69     
   5843962925012.69        5843962925012.69     
   5843962925012.69        5843962925012.69     
   5843962925012.69        5843962925012.69     
   5843962925012.69        5843962925012.69     
   5843962925012.69        5843962925012.69     
   5843962925012.69        5843962925012.69     
   5843962925012.69        5843962925012.69     
   5843962925012.69        5843962925012.69     
   5843962925012.69        5843962925012.69     
   5843962925012.69        5843962925012.69     
   5843962925012.69        5843962925012.69     
   5843962925012.69        5843962925012.69     
   5843962925012.69        5843962925012.69     
   5843962925012.69        5843962925012.69     
   5843962925012.69        5843962925012.69     
   5843962925012.69        5843962925012.69     
   5843962925012.69        5843962925012.69     
   5843962925012.69        5843962925012.69     
   5843962925012.69        5843962925012.69     
   5843962925012.69        5843962925012.69     
   5843962925012.69        5843962925012.69     
   5843962925012.69        5843962925012.69     
   5843962925012.69        5843962925012.69     
   5843962925012.69        5843962925012.69     
   5843962925012.69        5843962925012.69     
   5843962925012.69        5843962925012.69     
   5843962925012.69        5843962925012.69     
   5843962925012.69        5843962925012.69     
   5843962925012.69        5843962925012.69     
   5843962925012.69        5843962925012.69     
   5843962925012.69        5843962925012.69     
   5843962925012.69        5843962925012.69     
   5843962925012.69        5843962925012.69     
   5843962925012.69        5843962925012.69     
   5843962925012.69        5843962925012.69     
   5843962925012.69        5843962925012.69     
   5843962925012.69        5843962925012.69     
   5843962925012.69        5843962925012.69     
   5843962925012.69        5843962925012.69     
  0.000000000000000E+000  0.000000000000000E+000
 ***end level area_test***
 [34m --> call dynamics_init[0m
      file   : namelist.dyn open ok
 [34m --> call tracer_init[0m
      file   : namelist.tra open ok
 number of tracers will be changed from          100  to            2 !
 total number of tracers is:            2
 [34m --> call arrays_init[0m
 [34m --> call ocean_setup[0m
 ____________________________________________________________
  --> initialise ALE arrays + sparse SSH stiff matrix
 
 [36m     --> call init_ale[0m
 [36m     --> call init_stiff_mat_ale[0m
 ____________________________________________________________
  --> initialise ssh operator using unperturbed ocean depth
      > in stiff_mat_ale, reading /albedo/work/projects/p_clidyn_work/rjuhrban/double_gyre/m100/dist_60/rpart.out
      took:   7.048999232210917E-004  sec
 
 Arrays are set
 [36m     --> call oce_adv_tra_fct_init[0m
 FCT is initialized
           2 COR  0.975830923701317       0.903952223123387     
           2 COR_n  0.981820815416145       0.891972439693731     
           1 COR   1.01177027399028       0.951871356842007     
           1 COR_n   1.01776016570511       0.945881465127180     
           0 COR  0.993800598845800       0.933901681697525     
           0 COR_n  0.999790490560628       0.927911789982697     
 ____________________________________________________________
  --> call init_thickness_ale
 
 [36m     --> call init_thickness_ale[0m
 ____________________________________________________________
  --> initialise ALE layerthicknesses, depth levels and middepth levels
 
           3 COR  0.939891573412352       0.879992656264076     
           3 COR_n  0.945881465127180       0.874002764549249     
           7 COR   1.04770962427925       0.987810707130973     
           7 COR_n   1.05369951599408       0.981820815416145     
           5 COR  0.975830923701317       0.915932006553042     
           5 COR_n  0.981820815416145       0.909942114838214     
           6 COR  0.921921898267869       0.862022981119593     
           6 COR_n  0.927911789982697       0.856033089404766     
          24 COR  0.850043197689938       0.790144280541663     
          24 COR_n  0.856033089404766       0.784154388826835     
          25 COR  0.814103847400973       0.754204930252697     
          25 COR_n  0.820093739115801       0.748215038537870     
          27 COR  0.760194821967525       0.706285796534076     
          27 COR_n  0.766184713682352       0.694306013104421     
          28 COR  0.814103847400973       0.742225146823042     
          28 COR_n  0.820093739115801       0.730245363393387     
          29 COR  0.832073522545456       0.754204930252697     
          29 COR_n  0.838063414260283       0.748215038537870     
           8 COR   1.09562875799787        1.02375005741994     
           8 COR_n   1.10760854142752        1.01776016570511     
           9 COR   1.10161864971270        1.04171973256442     
           9 COR_n   1.10760854142752        1.03572984084959     
          10 COR   1.14953778343132        1.07765908285339     
          10 COR_n   1.16151756686097        1.07166919113856     
          11 COR   1.04770962427925       0.969841031986490     
          11 COR_n   1.05369951599408       0.963851140271662     
          13 COR   1.02973994913477       0.969841031986490     
          13 COR_n   1.03572984084959       0.963851140271662     
          15 COR  0.939891573412352       0.862022981119593     
          15 COR_n  0.945881465127180       0.856033089404766     
          16 COR  0.921921898267869       0.879992656264076     
          16 COR_n  0.927911789982697       0.874002764549249     
          17 COR  0.957861248556835       0.915932006553042     
          17 COR_n  0.963851140271662       0.909942114838214     
          18 COR  0.939891573412352       0.885982547978904     
          18 COR_n  0.945881465127180       0.874002764549249     
          19 COR  0.921921898267869       0.850043197689938     
          19 COR_n  0.927911789982697       0.838063414260283     
          20 COR  0.868012872834421       0.796134172256490     
          20 COR_n  0.874002764549249       0.784154388826835     
          21 COR  0.885982547978904       0.808113955686145     
          21 COR_n  0.891972439693731       0.802124063971318     
          22 COR  0.868012872834421       0.790144280541663     
          22 COR_n  0.874002764549249       0.784154388826835     
          23 COR  0.885982547978904       0.826083630830628     
          23 COR_n  0.891972439693731       0.820093739115801     
          26 COR  0.760194821967525       0.700295904819249     
          26 COR_n  0.766184713682352       0.694306013104421     
          35 COR  0.993800598845800       0.933901681697525     
          35 COR_n  0.999790490560628       0.927911789982697     
          47 COR   1.27532550944270        1.22141648400925     
          47 COR_n   1.28730529287235        1.21542659229442     
          52 COR   1.32923453487614        1.25735583429821     
          52 COR_n   1.34121431830580        1.25136594258339     
 Initial state
 [34m --> call find_node_neighbors[0m
          12 COR   1.06567929942373        1.00578038227546     
          12 COR_n   1.07166919113856       0.999790490560628     
          14 COR  0.993800598845800       0.933901681697525     
          14 COR_n  0.999790490560628       0.927911789982697     
          30 COR   1.06567929942373        1.00578038227546     
          30 COR_n   1.07166919113856       0.999790490560628     
          31 COR   1.10161864971270        1.05968940770890     
          31 COR_n   1.10760854142752        1.05369951599408     
          32 COR   1.06567929942373        1.00578038227546     
          32 COR_n   1.07166919113856       0.999790490560628     
          33 COR   1.01177027399028       0.951871356842007     
          33 COR_n   1.01776016570511       0.945881465127180     
          34 COR  0.993800598845800       0.933901681697525     
          34 COR_n  0.999790490560628       0.927911789982697     
          36 COR   1.04770962427925       0.969841031986490     
          36 COR_n   1.05369951599408       0.963851140271662     
          37 COR   1.13755800000166        1.05968940770890     
          37 COR_n   1.14354789171649        1.05369951599408     
          38 COR   1.13755800000166        1.07765908285339     
          38 COR_n   1.14354789171649        1.07166919113856     
          39 COR   1.13755800000166        1.07765908285339     
          39 COR_n   1.14354789171649        1.07166919113856     
          40 COR   1.15552767514614        1.07765908285339     
          40 COR_n   1.16151756686097        1.07166919113856     
          41 COR   1.04770962427925       0.987810707130973     
          41 COR_n   1.05369951599408       0.981820815416145     
          42 COR   1.08364897456821        1.04171973256442     
          42 COR_n   1.08963886628304        1.03572984084959     
          43 COR   1.09562875799787        1.02973994913477     
          43 COR_n   1.10760854142752        1.01776016570511     
          44 COR   1.04770962427925       0.975830923701317     
          44 COR_n   1.05369951599408       0.963851140271662     
          45 COR   1.22740637572408        1.16750745857580     
          45 COR_n   1.23339626743890        1.16151756686097     
          46 COR   1.22740637572408        1.16750745857580     
          46 COR_n   1.23339626743890        1.16151756686097     
          48 COR   1.19146702543511        1.13156810828683     
          48 COR_n   1.19745691714994        1.12557821657201     
          49 COR   1.13755800000166        1.07765908285339     
          49 COR_n   1.14354789171649        1.07166919113856     
          50 COR   1.17349735029063        1.13156810828683     
          50 COR_n   1.17948724200546        1.12557821657201     
          51 COR   1.15552767514614        1.09562875799787     
          51 COR_n   1.16151756686097        1.08963886628304     
          53 COR   1.33522442659097        1.29329518458718     
          53 COR_n   1.34121431830580        1.28730529287235     
          54 COR   1.28131540115752        1.22141648400925     
          54 COR_n   1.28730529287235        1.21542659229442     
          55 COR   1.29928507630201        1.23938615915373     
          55 COR_n   1.30527496801683        1.23339626743890     
          56 COR   1.19146702543511        1.13156810828683     
          56 COR_n   1.19745691714994        1.12557821657201     
          57 COR   1.22141648400925        1.14953778343132     
          57 COR_n   1.23339626743890        1.14354789171649     
          58 COR   1.22740637572408        1.14953778343132     
          58 COR_n   1.23339626743890        1.14354789171649     
          59 COR   1.24537605086856        1.18547713372028     
          59 COR_n   1.25136594258339        1.17948724200546     
           4 COR  0.903952223123387       0.844053305975111     
           4 COR_n  0.909942114838214       0.838063414260283     
 [37m         --> call load_nn_normalization_params[0m
 [37m         --> call load_nn_output_unnormalization_params[0m
 output unnormalization params full:
 output unnormalization params train:
 FESOM ocean_setup... complete
 ****************************************************
 use_landice_water F
 use_age_tracer F
 [1;33m --> read restarts from netcdf file: ocean[0m
 reading restart for ssh at /albedo/work/projects/p_clidyn_work/rjuhrban/double_gyre/m100/results/NN_after_spinup_none/GM/short_run_to_check_runtime_outputfreq_d/fesom.2007.oce.restart/ssh.nc
==================================
RESTART READ TIMING for file: ssh
  NetCDF read time:       0.000 seconds
  MPI scatter time:       0.008 seconds
  TOTAL time:             0.008 seconds
==================================
 restart from record            1  of            1 /albedo/work/projects/p_clidyn_work/rjuhrban/double_gyre/m100/results/NN_after_spinup_none/GM/short_run_to_check_runtime_outputfreq_d/fesom.2007.oce.restart/ssh.nc
 [33m____________________________________________________________[0m
 [5;33m --> WARNING: RESTART TIMESTAMP MISMATCH !!!               [0m
 WARNING: timestamps in restart and in clock files do not match for ssh
          at path: /albedo/work/projects/p_clidyn_work/rjuhrban/double_gyre/m100/results/NN_after_spinup_none/GM/short_run_to_check_runtime_outputfreq_d/fesom.2007.oce.restart/ssh.nc
          clock time  =   31534800.0000000     
          restart time=   31535400.0000000     
 WARNING: This mismatch will be ignored and the model will continue running.
 WARNING: Please verify that this is the intended behavior for your simulation.
 [33m____________________________________________________________[0m
 reading restart for hbar at /albedo/work/projects/p_clidyn_work/rjuhrban/double_gyre/m100/results/NN_after_spinup_none/GM/short_run_to_check_runtime_outputfreq_d/fesom.2007.oce.restart/hbar.nc
==================================
RESTART READ TIMING for file: hbar
  NetCDF read time:       0.000 seconds
  MPI scatter time:       0.006 seconds
  TOTAL time:             0.006 seconds
==================================
==================================
RESTART READ TIMING for file: ssh_rhs_old
  NetCDF read time:       0.000 seconds
  MPI scatter time:       0.005 seconds
  TOTAL time:             0.005 seconds
==================================
 restart from record            1  of            1 /albedo/work/projects/p_clidyn_work/rjuhrban/double_gyre/m100/results/NN_after_spinup_none/GM/short_run_to_check_runtime_outputfreq_d/fesom.2007.oce.restart/hbar.nc
 [33m____________________________________________________________[0m
 [5;33m --> WARNING: RESTART TIMESTAMP MISMATCH !!!               [0m
 WARNING: timestamps in restart and in clock files do not match for hbar
          at path: /albedo/work/projects/p_clidyn_work/rjuhrban/double_gyre/m100/results/NN_after_spinup_none/GM/short_run_to_check_runtime_outputfreq_d/fesom.2007.oce.restart/hbar.nc
          clock time  =   31534800.0000000     
          restart time=   31535400.0000000     
 WARNING: This mismatch will be ignored and the model will continue running.
 WARNING: Please verify that this is the intended behavior for your simulation.
 [33m____________________________________________________________[0m
 reading restart for ssh_rhs_old at /albedo/work/projects/p_clidyn_work/rjuhrban/double_gyre/m100/results/NN_after_spinup_none/GM/short_run_to_check_runtime_outputfreq_d/fesom.2007.oce.restart/ssh_rhs_old.nc
 restart from record            1  of            1 /albedo/work/projects/p_clidyn_work/rjuhrban/double_gyre/m100/results/NN_after_spinup_none/GM/short_run_to_check_runtime_outputfreq_d/fesom.2007.oce.restart/ssh_rhs_old.nc
 [33m____________________________________________________________[0m
 [5;33m --> WARNING: RESTART TIMESTAMP MISMATCH !!!               [0m
 WARNING: timestamps in restart and in clock files do not match for ssh_rhs_old
          at path: /albedo/work/projects/p_clidyn_work/rjuhrban/double_gyre/m100/results/NN_after_spinup_none/GM/short_run_to_check_runtime_outputfreq_d/fesom.2007.oce.restart/ssh_rhs_old.nc
          clock time  =   31534800.0000000     
          restart time=   31535400.0000000     
 WARNING: This mismatch will be ignored and the model will continue running.
 WARNING: Please verify that this is the intended behavior for your simulation.
 [33m____________________________________________________________[0m
 reading restart for hnode at /albedo/work/projects/p_clidyn_work/rjuhrban/double_gyre/m100/results/NN_after_spinup_none/GM/short_run_to_check_runtime_outputfreq_d/fesom.2007.oce.restart/hnode.nc
==================================
RESTART READ TIMING for file: hnode
  NetCDF read time:       0.000 seconds
  MPI scatter time:       0.009 seconds
  TOTAL time:             0.009 seconds
==================================
 restart from record            1  of            1 /albedo/work/projects/p_clidyn_work/rjuhrban/double_gyre/m100/results/NN_after_spinup_none/GM/short_run_to_check_runtime_outputfreq_d/fesom.2007.oce.restart/hnode.nc
 reading restart for u at /albedo/work/projects/p_clidyn_work/rjuhrban/double_gyre/m100/results/NN_after_spinup_none/GM/short_run_to_check_runtime_outputfreq_d/fesom.2007.oce.restart/u.nc
 [33m____________________________________________________________[0m
 [5;33m --> WARNING: RESTART TIMESTAMP MISMATCH !!!               [0m
 WARNING: timestamps in restart and in clock files do not match for hnode
          at path: /albedo/work/projects/p_clidyn_work/rjuhrban/double_gyre/m100/results/NN_after_spinup_none/GM/short_run_to_check_runtime_outputfreq_d/fesom.2007.oce.restart/hnode.nc
          clock time  =   31534800.0000000     
          restart time=   31535400.0000000     
 WARNING: This mismatch will be ignored and the model will continue running.
 WARNING: Please verify that this is the intended behavior for your simulation.
 [33m____________________________________________________________[0m
==================================
RESTART READ TIMING for file: u
  NetCDF read time:       0.000 seconds
  MPI scatter time:       0.009 seconds
  TOTAL time:             0.009 seconds
==================================
 restart from record            1  of            1 /albedo/work/projects/p_clidyn_work/rjuhrban/double_gyre/m100/results/NN_after_spinup_none/GM/short_run_to_check_runtime_outputfreq_d/fesom.2007.oce.restart/u.nc
 [33m____________________________________________________________[0m
 [5;33m --> WARNING: RESTART TIMESTAMP MISMATCH !!!               [0m
 WARNING: timestamps in restart and in clock files do not match for u
          at path: /albedo/work/projects/p_clidyn_work/rjuhrban/double_gyre/m100/results/NN_after_spinup_none/GM/short_run_to_check_runtime_outputfreq_d/fesom.2007.oce.restart/u.nc
          clock time  =   31534800.0000000     
          restart time=   31535400.0000000     
 WARNING: This mismatch will be ignored and the model will continue running.
 WARNING: Please verify that this is the intended behavior for your simulation.
 [33m____________________________________________________________[0m
 reading restart for v at /albedo/work/projects/p_clidyn_work/rjuhrban/double_gyre/m100/results/NN_after_spinup_none/GM/short_run_to_check_runtime_outputfreq_d/fesom.2007.oce.restart/v.nc
==================================
RESTART READ TIMING for file: v
  NetCDF read time:       0.000 seconds
  MPI scatter time:       0.009 seconds
  TOTAL time:             0.009 seconds
==================================
 restart from record            1  of            1 /albedo/work/projects/p_clidyn_work/rjuhrban/double_gyre/m100/results/NN_after_spinup_none/GM/short_run_to_check_runtime_outputfreq_d/fesom.2007.oce.restart/v.nc
 reading restart for urhs_AB at /albedo/work/projects/p_clidyn_work/rjuhrban/double_gyre/m100/results/NN_after_spinup_none/GM/short_run_to_check_runtime_outputfreq_d/fesom.2007.oce.restart/urhs_AB.nc
 [33m____________________________________________________________[0m
 [5;33m --> WARNING: RESTART TIMESTAMP MISMATCH !!!               [0m
 WARNING: timestamps in restart and in clock files do not match for v
          at path: /albedo/work/projects/p_clidyn_work/rjuhrban/double_gyre/m100/results/NN_after_spinup_none/GM/short_run_to_check_runtime_outputfreq_d/fesom.2007.oce.restart/v.nc
          clock time  =   31534800.0000000     
          restart time=   31535400.0000000     
 WARNING: This mismatch will be ignored and the model will continue running.
 WARNING: Please verify that this is the intended behavior for your simulation.
 [33m____________________________________________________________[0m
==================================
RESTART READ TIMING for file: urhs_AB
  NetCDF read time:       0.000 seconds
  MPI scatter time:       0.009 seconds
  TOTAL time:             0.009 seconds
==================================
 restart from record            1  of            1 /albedo/work/projects/p_clidyn_work/rjuhrban/double_gyre/m100/results/NN_after_spinup_none/GM/short_run_to_check_runtime_outputfreq_d/fesom.2007.oce.restart/urhs_AB.nc
 reading restart for vrhs_AB at /albedo/work/projects/p_clidyn_work/rjuhrban/double_gyre/m100/results/NN_after_spinup_none/GM/short_run_to_check_runtime_outputfreq_d/fesom.2007.oce.restart/vrhs_AB.nc
 [33m____________________________________________________________[0m
 [5;33m --> WARNING: RESTART TIMESTAMP MISMATCH !!!               [0m
 WARNING: timestamps in restart and in clock files do not match for urhs_AB
          at path: /albedo/work/projects/p_clidyn_work/rjuhrban/double_gyre/m100/results/NN_after_spinup_none/GM/short_run_to_check_runtime_outputfreq_d/fesom.2007.oce.restart/urhs_AB.nc
          clock time  =   31534800.0000000     
          restart time=   31535400.0000000     
 WARNING: This mismatch will be ignored and the model will continue running.
 WARNING: Please verify that this is the intended behavior for your simulation.
 [33m____________________________________________________________[0m
==================================
RESTART READ TIMING for file: vrhs_AB
  NetCDF read time:       0.000 seconds
  MPI scatter time:       0.009 seconds
  TOTAL time:             0.009 seconds
==================================
 restart from record            1  of            1 /albedo/work/projects/p_clidyn_work/rjuhrban/double_gyre/m100/results/NN_after_spinup_none/GM/short_run_to_check_runtime_outputfreq_d/fesom.2007.oce.restart/vrhs_AB.nc
 reading restart for temp at /albedo/work/projects/p_clidyn_work/rjuhrban/double_gyre/m100/results/NN_after_spinup_none/GM/short_run_to_check_runtime_outputfreq_d/fesom.2007.oce.restart/temp.nc
 [33m____________________________________________________________[0m
 [5;33m --> WARNING: RESTART TIMESTAMP MISMATCH !!!               [0m
 WARNING: timestamps in restart and in clock files do not match for vrhs_AB
          at path: /albedo/work/projects/p_clidyn_work/rjuhrban/double_gyre/m100/results/NN_after_spinup_none/GM/short_run_to_check_runtime_outputfreq_d/fesom.2007.oce.restart/vrhs_AB.nc
          clock time  =   31534800.0000000     
          restart time=   31535400.0000000     
 WARNING: This mismatch will be ignored and the model will continue running.
 WARNING: Please verify that this is the intended behavior for your simulation.
 [33m____________________________________________________________[0m
==================================
RESTART READ TIMING for file: temp
  NetCDF read time:       0.000 seconds
  MPI scatter time:       0.009 seconds
  TOTAL time:             0.009 seconds
==================================
 restart from record            1  of            1 /albedo/work/projects/p_clidyn_work/rjuhrban/double_gyre/m100/results/NN_after_spinup_none/GM/short_run_to_check_runtime_outputfreq_d/fesom.2007.oce.restart/temp.nc
 reading restart for temp_AB at /albedo/work/projects/p_clidyn_work/rjuhrban/double_gyre/m100/results/NN_after_spinup_none/GM/short_run_to_check_runtime_outputfreq_d/fesom.2007.oce.restart/temp_AB.nc
 [33m____________________________________________________________[0m
 [5;33m --> WARNING: RESTART TIMESTAMP MISMATCH !!!               [0m
 WARNING: timestamps in restart and in clock files do not match for temp
          at path: /albedo/work/projects/p_clidyn_work/rjuhrban/double_gyre/m100/results/NN_after_spinup_none/GM/short_run_to_check_runtime_outputfreq_d/fesom.2007.oce.restart/temp.nc
          clock time  =   31534800.0000000     
          restart time=   31535400.0000000     
 WARNING: This mismatch will be ignored and the model will continue running.
 WARNING: Please verify that this is the intended behavior for your simulation.
 [33m____________________________________________________________[0m
==================================
RESTART READ TIMING for file: temp_AB
  NetCDF read time:       0.000 seconds
  MPI scatter time:       0.009 seconds
  TOTAL time:             0.009 seconds
==================================
 restart from record            1  of            1 /albedo/work/projects/p_clidyn_work/rjuhrban/double_gyre/m100/results/NN_after_spinup_none/GM/short_run_to_check_runtime_outputfreq_d/fesom.2007.oce.restart/temp_AB.nc
 [33m____________________________________________________________[0m
 [5;33m --> WARNING: RESTART TIMESTAMP MISMATCH !!!               [0m
 WARNING: timestamps in restart and in clock files do not match for temp_AB
          at path: /albedo/work/projects/p_clidyn_work/rjuhrban/double_gyre/m100/results/NN_after_spinup_none/GM/short_run_to_check_runtime_outputfreq_d/fesom.2007.oce.restart/temp_AB.nc
          clock time  =   31534800.0000000     
          restart time=   31535400.0000000     
 WARNING: This mismatch will be ignored and the model will continue running.
 WARNING: Please verify that this is the intended behavior for your simulation.
 [33m____________________________________________________________[0m
 reading restart for temp_M1 at /albedo/work/projects/p_clidyn_work/rjuhrban/double_gyre/m100/results/NN_after_spinup_none/GM/short_run_to_check_runtime_outputfreq_d/fesom.2007.oce.restart/temp_M1.nc
==================================
RESTART READ TIMING for file: temp_M1
  NetCDF read time:       0.000 seconds
  MPI scatter time:       0.005 seconds
  TOTAL time:             0.005 seconds
==================================
 restart from record            1  of            1 /albedo/work/projects/p_clidyn_work/rjuhrban/double_gyre/m100/results/NN_after_spinup_none/GM/short_run_to_check_runtime_outputfreq_d/fesom.2007.oce.restart/temp_M1.nc
 reading restart for salt at /albedo/work/projects/p_clidyn_work/rjuhrban/double_gyre/m100/results/NN_after_spinup_none/GM/short_run_to_check_runtime_outputfreq_d/fesom.2007.oce.restart/salt.nc
 [33m____________________________________________________________[0m
 [5;33m --> WARNING: RESTART TIMESTAMP MISMATCH !!!               [0m
 WARNING: timestamps in restart and in clock files do not match for temp_M1
          at path: /albedo/work/projects/p_clidyn_work/rjuhrban/double_gyre/m100/results/NN_after_spinup_none/GM/short_run_to_check_runtime_outputfreq_d/fesom.2007.oce.restart/temp_M1.nc
          clock time  =   31534800.0000000     
          restart time=   31535400.0000000     
 WARNING: This mismatch will be ignored and the model will continue running.
 WARNING: Please verify that this is the intended behavior for your simulation.
 [33m____________________________________________________________[0m
==================================
RESTART READ TIMING for file: salt
  NetCDF read time:       0.000 seconds
  MPI scatter time:       0.014 seconds
  TOTAL time:             0.014 seconds
==================================
 restart from record            1  of            1 /albedo/work/projects/p_clidyn_work/rjuhrban/double_gyre/m100/results/NN_after_spinup_none/GM/short_run_to_check_runtime_outputfreq_d/fesom.2007.oce.restart/salt.nc
 reading restart for salt_AB at /albedo/work/projects/p_clidyn_work/rjuhrban/double_gyre/m100/results/NN_after_spinup_none/GM/short_run_to_check_runtime_outputfreq_d/fesom.2007.oce.restart/salt_AB.nc
 [33m____________________________________________________________[0m
 [5;33m --> WARNING: RESTART TIMESTAMP MISMATCH !!!               [0m
 WARNING: timestamps in restart and in clock files do not match for salt
          at path: /albedo/work/projects/p_clidyn_work/rjuhrban/double_gyre/m100/results/NN_after_spinup_none/GM/short_run_to_check_runtime_outputfreq_d/fesom.2007.oce.restart/salt.nc
          clock time  =   31534800.0000000     
          restart time=   31535400.0000000     
 WARNING: This mismatch will be ignored and the model will continue running.
 WARNING: Please verify that this is the intended behavior for your simulation.
 [33m____________________________________________________________[0m
==================================
RESTART READ TIMING for file: salt_AB
  NetCDF read time:       0.000 seconds
  MPI scatter time:       0.009 seconds
  TOTAL time:             0.009 seconds
==================================
 restart from record            1  of            1 /albedo/work/projects/p_clidyn_work/rjuhrban/double_gyre/m100/results/NN_after_spinup_none/GM/short_run_to_check_runtime_outputfreq_d/fesom.2007.oce.restart/salt_AB.nc
 [33m____________________________________________________________[0m
 [5;33m --> WARNING: RESTART TIMESTAMP MISMATCH !!!               [0m
 WARNING: timestamps in restart and in clock files do not match for salt_AB
          at path: /albedo/work/projects/p_clidyn_work/rjuhrban/double_gyre/m100/results/NN_after_spinup_none/GM/short_run_to_check_runtime_outputfreq_d/fesom.2007.oce.restart/salt_AB.nc
          clock time  =   31534800.0000000     
          restart time=   31535400.0000000     
 WARNING: This mismatch will be ignored and the model will continue running.
 WARNING: Please verify that this is the intended behavior for your simulation.
 [33m____________________________________________________________[0m
 reading restart for salt_M1 at /albedo/work/projects/p_clidyn_work/rjuhrban/double_gyre/m100/results/NN_after_spinup_none/GM/short_run_to_check_runtime_outputfreq_d/fesom.2007.oce.restart/salt_M1.nc
==================================
RESTART READ TIMING for file: salt_M1
  NetCDF read time:       0.000 seconds
  MPI scatter time:       0.005 seconds
  TOTAL time:             0.005 seconds
==================================
 restart from record            1  of            1 /albedo/work/projects/p_clidyn_work/rjuhrban/double_gyre/m100/results/NN_after_spinup_none/GM/short_run_to_check_runtime_outputfreq_d/fesom.2007.oce.restart/salt_M1.nc
 reading restart for w at /albedo/work/projects/p_clidyn_work/rjuhrban/double_gyre/m100/results/NN_after_spinup_none/GM/short_run_to_check_runtime_outputfreq_d/fesom.2007.oce.restart/w.nc
 [33m____________________________________________________________[0m
 [5;33m --> WARNING: RESTART TIMESTAMP MISMATCH !!!               [0m
 WARNING: timestamps in restart and in clock files do not match for salt_M1
          at path: /albedo/work/projects/p_clidyn_work/rjuhrban/double_gyre/m100/results/NN_after_spinup_none/GM/short_run_to_check_runtime_outputfreq_d/fesom.2007.oce.restart/salt_M1.nc
          clock time  =   31534800.0000000     
          restart time=   31535400.0000000     
 WARNING: This mismatch will be ignored and the model will continue running.
 WARNING: Please verify that this is the intended behavior for your simulation.
 [33m____________________________________________________________[0m
==================================
RESTART READ TIMING for file: w
  NetCDF read time:       0.000 seconds
  MPI scatter time:       0.009 seconds
  TOTAL time:             0.009 seconds
==================================
 restart from record            1  of            1 /albedo/work/projects/p_clidyn_work/rjuhrban/double_gyre/m100/results/NN_after_spinup_none/GM/short_run_to_check_runtime_outputfreq_d/fesom.2007.oce.restart/w.nc
 reading restart for w_expl at /albedo/work/projects/p_clidyn_work/rjuhrban/double_gyre/m100/results/NN_after_spinup_none/GM/short_run_to_check_runtime_outputfreq_d/fesom.2007.oce.restart/w_expl.nc
 [33m____________________________________________________________[0m
 [5;33m --> WARNING: RESTART TIMESTAMP MISMATCH !!!               [0m
 WARNING: timestamps in restart and in clock files do not match for w
          at path: /albedo/work/projects/p_clidyn_work/rjuhrban/double_gyre/m100/results/NN_after_spinup_none/GM/short_run_to_check_runtime_outputfreq_d/fesom.2007.oce.restart/w.nc
          clock time  =   31534800.0000000     
          restart time=   31535400.0000000     
 WARNING: This mismatch will be ignored and the model will continue running.
 WARNING: Please verify that this is the intended behavior for your simulation.
 [33m____________________________________________________________[0m
==================================
RESTART READ TIMING for file: w_expl
  NetCDF read time:       0.000 seconds
  MPI scatter time:       0.010 seconds
  TOTAL time:             0.010 seconds
==================================
 restart from record            1  of            1 /albedo/work/projects/p_clidyn_work/rjuhrban/double_gyre/m100/results/NN_after_spinup_none/GM/short_run_to_check_runtime_outputfreq_d/fesom.2007.oce.restart/w_expl.nc
 reading restart for w_impl at /albedo/work/projects/p_clidyn_work/rjuhrban/double_gyre/m100/results/NN_after_spinup_none/GM/short_run_to_check_runtime_outputfreq_d/fesom.2007.oce.restart/w_impl.nc
 [33m____________________________________________________________[0m
 [5;33m --> WARNING: RESTART TIMESTAMP MISMATCH !!!               [0m
 WARNING: timestamps in restart and in clock files do not match for w_expl
          at path: /albedo/work/projects/p_clidyn_work/rjuhrban/double_gyre/m100/results/NN_after_spinup_none/GM/short_run_to_check_runtime_outputfreq_d/fesom.2007.oce.restart/w_expl.nc
          clock time  =   31534800.0000000     
          restart time=   31535400.0000000     
 WARNING: This mismatch will be ignored and the model will continue running.
 WARNING: Please verify that this is the intended behavior for your simulation.
 [33m____________________________________________________________[0m
==================================
RESTART READ TIMING for file: w_impl
  NetCDF read time:       0.000 seconds
  MPI scatter time:       0.009 seconds
  TOTAL time:             0.009 seconds
==================================
 restart from record            1  of            1 /albedo/work/projects/p_clidyn_work/rjuhrban/double_gyre/m100/results/NN_after_spinup_none/GM/short_run_to_check_runtime_outputfreq_d/fesom.2007.oce.restart/w_impl.nc
 ____________________________________________________________
  --> restart ALE layerthicknesses, depth levels and middepth levels
 
 ==========================================
 MODEL SETUP took on mype=0 [seconds]      
 runtime setup total        0.4199439    
  > runtime setup mesh      0.2426024    
  > runtime setup ocean     1.7741250E-02
  > runtime setup forcing   2.0590289E-05
  > runtime setup ice       9.0601279E-06
  > runtime setup restart   0.1594900    
  > runtime setup other     8.0511134E-05
 ============================================
 current_nsteps, steps_per_ib_step, icb_outfreq :         144           8           0
 FESOM start iteration before the barrier...
 [33m____________________________________________________________[0m
 [5;33m --> WARNING: RESTART TIMESTAMP MISMATCH !!!               [0m
 WARNING: timestamps in restart and in clock files do not match for w_impl
          at path: /albedo/work/projects/p_clidyn_work/rjuhrban/double_gyre/m100/results/NN_after_spinup_none/GM/short_run_to_check_runtime_outputfreq_d/fesom.2007.oce.restart/w_impl.nc
          clock time  =   31534800.0000000     
          restart time=   31535400.0000000     
 WARNING: This mismatch will be ignored and the model will continue running.
 WARNING: Please verify that this is the intended behavior for your simulation.
 [33m____________________________________________________________[0m
 FESOM start iteration after the barrier...
 
 [32m____________________________________________________________[0m
 [7;32m --> FESOM STARTS TIME LOOP                                 [0m
 [34m --> call compute_vel_nodes[0m
 [34m --> call oce_timestep_ale[0m
 [36m     --> call pressure_bv[0m
 [36m     --> call pressure_force_4_...[0m
 [36m     --> call oce_mixing_PP[0m
 [36m     --> call compute_vel_rhs[0m
 [36m     --> call viscosity_filter[0m
 [37m         --> call visc_filt_bcksct[0m
 [36m     --> call impl_vert_visc_ale[0m
 [36m     --> call compute_ssh_rhs_ale[0m
 [36m     --> call update_vel[0m
 [36m     --> call compute_hbar_ale[0m
 [36m     --> call fer_solve_Gamma[0m
 [36m     --> call vert_vel_ale[0m
 [36m     --> call solve_tracers_ale[0m
 [37m         --> call init_tracers_AB[0m
 [38m             --> call tracer_gradient_elements[0m
 [38m             --> call tracer_gradient_z[0m
 [38m             --> call fill_up_dn_grad[0m
 [38m             --> call tracer_gradient_elements[0m
 [37m         --> call adv_tracers_ale[0m
 [38m             --> Allocating curl_vel3[0m
 [38m             --> Looping over edges for curl_vel3[0m
 [38m             --> Dividing by area for curl_vel3[0m
 [38m             --> Allocating curl_vel3[0m
 [38m             --> Looping over edges for curl_vel3[0m
 [38m             --> Dividing by area for curl_vel3[0m
 [38m             --> Allocating curl_vel3[0m
 [38m             --> Looping over edges for curl_vel3[0m
 [38m             --> Dividing by area for curl_vel3[0m
 [37m         --> call diag_curl_vel3[0m
 [38m             --> Allocating curl_vel3[0m
 [38m             --> Looping over edges for curl_vel3[0m
 [38m             --> Dividing by area for curl_vel3[0m
 [38m             --> Allocating curl_vel3[0m
 [38m             --> Looping over edges for curl_vel3[0m
 [38m             --> Dividing by area for curl_vel3[0m
 [38m             --> Allocating curl_vel3[0m
 [38m             --> Looping over edges for curl_vel3[0m
 [38m             --> Dividing by area for curl_vel3[0m
 [38m             --> Allocating curl_vel3[0m
 [38m             --> Looping over edges for curl_vel3[0m
 [38m             --> Dividing by area for curl_vel3[0m
[prod-141:61910:0:61910] Caught signal 11 (Segmentation fault: address not mapped to object at address 0x8)
 [38m             --> Allocating curl_vel3[0m
 [38m             --> Looping over edges for curl_vel3[0m
 [38m             --> Dividing by area for curl_vel3[0m
[prod-141:61912:0:61912] Caught signal 11 (Segmentation fault: address not mapped to object at address 0x8)
 [38m             --> Allocating curl_vel3[0m
 [38m             --> Looping over edges for curl_vel3[0m
 [38m             --> Dividing by area for curl_vel3[0m
[prod-141:61914:0:61914] Caught signal 11 (Segmentation fault: address not mapped to object at address 0x8)
 [38m             --> Allocating curl_vel3[0m
 [38m             --> Looping over edges for curl_vel3[0m
 [38m             --> Dividing by area for curl_vel3[0m
 [38m             --> Allocating curl_vel3[0m
 [38m             --> Looping over edges for curl_vel3[0m
 [38m             --> Dividing by area for curl_vel3[0m
 [38m             --> Allocating curl_vel3[0m
 [38m             --> Looping over edges for curl_vel3[0m
 [38m             --> Dividing by area for curl_vel3[0m
 [38m             --> Allocating curl_vel3[0m
 [38m             --> Looping over edges for curl_vel3[0m
 [38m             --> Dividing by area for curl_vel3[0m
 [38m             --> Allocating curl_vel3[0m
 [38m             --> Looping over edges for curl_vel3[0m
 [38m             --> Dividing by area for curl_vel3[0m
 [38m             --> Allocating curl_vel3[0m
 [38m             --> Looping over edges for curl_vel3[0m
 [38m             --> Dividing by area for curl_vel3[0m
 [38m             --> Allocating curl_vel3[0m
 [38m             --> Looping over edges for curl_vel3[0m
 [38m             --> Dividing by area for curl_vel3[0m
 [38m             --> Allocating curl_vel3[0m
 [38m             --> Looping over edges for curl_vel3[0m
 [38m             --> Dividing by area for curl_vel3[0m
 [38m             --> Allocating curl_vel3[0m
 [38m             --> Looping over edges for curl_vel3[0m
 [38m             --> Dividing by area for curl_vel3[0m
 [38m             --> Allocating curl_vel3[0m
 [38m             --> Looping over edges for curl_vel3[0m
 [38m             --> Dividing by area for curl_vel3[0m
[prod-141:61902:0:61902] Caught signal 11 (Segmentation fault: address not mapped to object at address 0x8)
[prod-141:61903:0:61903] Caught signal 11 (Segmentation fault: address not mapped to object at address 0x8)
 [38m             --> Allocating curl_vel3[0m
 [38m             --> Looping over edges for curl_vel3[0m
 [38m             --> Dividing by area for curl_vel3[0m
[prod-141:61904:0:61904] Caught signal 11 (Segmentation fault: address not mapped to object at address 0x8)
 [38m             --> Allocating curl_vel3[0m
 [38m             --> Looping over edges for curl_vel3[0m
 [38m             --> Dividing by area for curl_vel3[0m
[prod-141:61905:0:61905] Caught signal 11 (Segmentation fault: address not mapped to object at address 0x8)
[prod-141:61906:0:61906] Caught signal 11 (Segmentation fault: address not mapped to object at address 0x8)
 [38m             --> Allocating curl_vel3[0m
 [38m             --> Looping over edges for curl_vel3[0m
 [38m             --> Dividing by area for curl_vel3[0m
[prod-141:61907:0:61907] Caught signal 11 (Segmentation fault: address not mapped to object at address 0x8)
 [38m             --> Allocating curl_vel3[0m
 [38m             --> Looping over edges for curl_vel3[0m
 [38m             --> Dividing by area for curl_vel3[0m
[prod-141:61908:0:61908] Caught signal 11 (Segmentation fault: address not mapped to object at address 0x8)
[prod-141:61909:0:61909] Caught signal 11 (Segmentation fault: address not mapped to object at address 0x8)
[prod-141:61911:0:61911] Caught signal 11 (Segmentation fault: address not mapped to object at address 0x8)
 [38m             --> Allocating curl_vel3[0m
 [38m             --> Looping over edges for curl_vel3[0m
 [38m             --> Dividing by area for curl_vel3[0m
[prod-141:61913:0:61913] Caught signal 11 (Segmentation fault: address not mapped to object at address 0x8)
[prod-141:61915:0:61915] Caught signal 11 (Segmentation fault: address not mapped to object at address 0x8)
 [38m             --> Allocating curl_vel3[0m
 [38m             --> Looping over edges for curl_vel3[0m
 [38m             --> Dividing by area for curl_vel3[0m
[prod-141:61916:0:61916] Caught signal 11 (Segmentation fault: address not mapped to object at address 0x8)
 [38m             --> Allocating curl_vel3[0m
 [38m             --> Looping over edges for curl_vel3[0m
 [38m             --> Dividing by area for curl_vel3[0m
[prod-141:61917:0:61917] Caught signal 11 (Segmentation fault: address not mapped to object at address 0x8)
 [38m             --> Allocating curl_vel3[0m
 [38m             --> Looping over edges for curl_vel3[0m
 [38m             --> Dividing by area for curl_vel3[0m
[prod-141:61918:0:61918] Caught signal 11 (Segmentation fault: address not mapped to object at address 0x8)
 [38m             --> Allocating curl_vel3[0m
 [38m             --> Looping over edges for curl_vel3[0m
 [38m             --> Dividing by area for curl_vel3[0m
[prod-141:61919:0:61919] Caught signal 11 (Segmentation fault: address not mapped to object at address 0x8)
 [38m             --> Allocating curl_vel3[0m
 [38m             --> Looping over edges for curl_vel3[0m
 [38m             --> Dividing by area for curl_vel3[0m
[prod-141:61920:0:61920] Caught signal 11 (Segmentation fault: address not mapped to object at address 0x8)
 [38m             --> Allocating curl_vel3[0m
 [38m             --> Looping over edges for curl_vel3[0m
 [38m             --> Dividing by area for curl_vel3[0m
[prod-141:61921:0:61921] Caught signal 11 (Segmentation fault: address not mapped to object at address 0x8)
 [38m             --> Allocating curl_vel3[0m
 [38m             --> Looping over edges for curl_vel3[0m
 [38m             --> Dividing by area for curl_vel3[0m
[prod-141:61922:0:61922] Caught signal 11 (Segmentation fault: address not mapped to object at address 0x8)
[prod-141:61923:0:61923] Caught signal 11 (Segmentation fault: address not mapped to object at address 0x8)
 [38m             --> Allocating curl_vel3[0m
 [38m             --> Looping over edges for curl_vel3[0m
 [38m             --> Dividing by area for curl_vel3[0m
[prod-141:61924:0:61924] Caught signal 11 (Segmentation fault: address not mapped to object at address 0x8)
 [38m             --> Allocating curl_vel3[0m
 [38m             --> Looping over edges for curl_vel3[0m
 [38m             --> Dividing by area for curl_vel3[0m
[prod-141:61925:0:61925] Caught signal 11 (Segmentation fault: address not mapped to object at address 0x8)
[prod-141:61926:0:61926] Caught signal 11 (Segmentation fault: address not mapped to object at address 0x8)
[prod-141:61927:0:61927] Caught signal 11 (Segmentation fault: address not mapped to object at address 0x8)
[prod-141:61928:0:61928] Caught signal 11 (Segmentation fault: address not mapped to object at address 0x8)
 [38m             --> Allocating curl_vel3[0m
 [38m             --> Looping over edges for curl_vel3[0m
 [38m             --> Dividing by area for curl_vel3[0m
[prod-141:61929:0:61929] Caught signal 11 (Segmentation fault: address not mapped to object at address 0x8)
 [38m             --> Allocating curl_vel3[0m
 [38m             --> Looping over edges for curl_vel3[0m
 [38m             --> Dividing by area for curl_vel3[0m
[prod-141:61930:0:61930] Caught signal 11 (Segmentation fault: address not mapped to object at address 0x8)
 [38m             --> Allocating curl_vel3[0m
 [38m             --> Looping over edges for curl_vel3[0m
 [38m             --> Dividing by area for curl_vel3[0m
[prod-141:61931:0:61931] Caught signal 11 (Segmentation fault: address not mapped to object at address 0x8)
 [38m             --> Allocating curl_vel3[0m
 [38m             --> Looping over edges for curl_vel3[0m
 [38m             --> Dividing by area for curl_vel3[0m
[prod-141:61932:0:61932] Caught signal 11 (Segmentation fault: address not mapped to object at address 0x8)
 [38m             --> Allocating curl_vel3[0m
 [38m             --> Looping over edges for curl_vel3[0m
 [38m             --> Dividing by area for curl_vel3[0m
[prod-141:61933:0:61933] Caught signal 11 (Segmentation fault: address not mapped to object at address 0x8)
 [38m             --> Allocating curl_vel3[0m
 [38m             --> Looping over edges for curl_vel3[0m
 [38m             --> Dividing by area for curl_vel3[0m
[prod-141:61934:0:61934] Caught signal 11 (Segmentation fault: address not mapped to object at address 0x8)
 [38m             --> Allocating curl_vel3[0m
 [38m             --> Looping over edges for curl_vel3[0m
 [38m             --> Dividing by area for curl_vel3[0m
[prod-141:61935:0:61935] Caught signal 11 (Segmentation fault: address not mapped to object at address 0x8)
 [38m             --> Allocating curl_vel3[0m
 [38m             --> Looping over edges for curl_vel3[0m
 [38m             --> Dividing by area for curl_vel3[0m
[prod-141:61936:0:61936] Caught signal 11 (Segmentation fault: address not mapped to object at address 0x8)
 [38m             --> Allocating curl_vel3[0m
 [38m             --> Looping over edges for curl_vel3[0m
 [38m             --> Dividing by area for curl_vel3[0m
[prod-141:61937:0:61937] Caught signal 11 (Segmentation fault: address not mapped to object at address 0x8)
 [38m             --> Allocating curl_vel3[0m
 [38m             --> Looping over edges for curl_vel3[0m
 [38m             --> Dividing by area for curl_vel3[0m
[prod-141:61938:0:61938] Caught signal 11 (Segmentation fault: address not mapped to object at address 0x8)
 [38m             --> Allocating curl_vel3[0m
 [38m             --> Looping over edges for curl_vel3[0m
 [38m             --> Dividing by area for curl_vel3[0m
[prod-141:61939:0:61939] Caught signal 11 (Segmentation fault: address not mapped to object at address 0x8)
 [38m             --> Allocating curl_vel3[0m
 [38m             --> Looping over edges for curl_vel3[0m
 [38m             --> Dividing by area for curl_vel3[0m
[prod-141:61940:0:61940] Caught signal 11 (Segmentation fault: address not mapped to object at address 0x8)
 [38m             --> Allocating curl_vel3[0m
 [38m             --> Looping over edges for curl_vel3[0m
 [38m             --> Dividing by area for curl_vel3[0m
[prod-141:61941:0:61941] Caught signal 11 (Segmentation fault: address not mapped to object at address 0x8)
[prod-141:61942:0:61942] Caught signal 11 (Segmentation fault: address not mapped to object at address 0x8)
 [38m             --> Allocating curl_vel3[0m
 [38m             --> Looping over edges for curl_vel3[0m
 [38m             --> Dividing by area for curl_vel3[0m
[prod-141:61943:0:61943] Caught signal 11 (Segmentation fault: address not mapped to object at address 0x8)
 [38m             --> Allocating curl_vel3[0m
 [38m             --> Looping over edges for curl_vel3[0m
 [38m             --> Dividing by area for curl_vel3[0m
[prod-141:61944:0:61944] Caught signal 11 (Segmentation fault: address not mapped to object at address 0x8)
 [38m             --> Allocating curl_vel3[0m
 [38m             --> Looping over edges for curl_vel3[0m
 [38m             --> Dividing by area for curl_vel3[0m
[prod-141:61945:0:61945] Caught signal 11 (Segmentation fault: address not mapped to object at address 0x8)
 [38m             --> Allocating curl_vel3[0m
 [38m             --> Looping over edges for curl_vel3[0m
 [38m             --> Dividing by area for curl_vel3[0m
[prod-141:61946:0:61946] Caught signal 11 (Segmentation fault: address not mapped to object at address 0x8)
 [38m             --> Allocating curl_vel3[0m
 [38m             --> Looping over edges for curl_vel3[0m
 [38m             --> Dividing by area for curl_vel3[0m
[prod-141:61947:0:61947] Caught signal 11 (Segmentation fault: address not mapped to object at address 0x8)
[prod-141:61948:0:61948] Caught signal 11 (Segmentation fault: address not mapped to object at address 0x8)
 [38m             --> Allocating curl_vel3[0m
 [38m             --> Looping over edges for curl_vel3[0m
 [38m             --> Dividing by area for curl_vel3[0m
[prod-141:61949:0:61949] Caught signal 11 (Segmentation fault: address not mapped to object at address 0x8)
 [38m             --> Allocating curl_vel3[0m
 [38m             --> Looping over edges for curl_vel3[0m
 [38m             --> Dividing by area for curl_vel3[0m
[prod-141:61950:0:61950] Caught signal 11 (Segmentation fault: address not mapped to object at address 0x8)
 [38m             --> Allocating curl_vel3[0m
 [38m             --> Looping over edges for curl_vel3[0m
 [38m             --> Dividing by area for curl_vel3[0m
[prod-141:61951:0:61951] Caught signal 11 (Segmentation fault: address not mapped to object at address 0x8)
 [38m             --> Allocating curl_vel3[0m
 [38m             --> Looping over edges for curl_vel3[0m
 [38m             --> Dividing by area for curl_vel3[0m
[prod-141:61952:0:61952] Caught signal 11 (Segmentation fault: address not mapped to object at address 0x8)
 [38m             --> Allocating curl_vel3[0m
 [38m             --> Looping over edges for curl_vel3[0m
 [38m             --> Dividing by area for curl_vel3[0m
[prod-141:61953:0:61953] Caught signal 11 (Segmentation fault: address not mapped to object at address 0x8)
[prod-141:61954:0:61954] Caught signal 11 (Segmentation fault: address not mapped to object at address 0x8)
[prod-141:61955:0:61955] Caught signal 11 (Segmentation fault: address not mapped to object at address 0x8)
 [38m             --> Allocating curl_vel3[0m
 [38m             --> Looping over edges for curl_vel3[0m
 [38m             --> Dividing by area for curl_vel3[0m
[prod-141:61956:0:61956] Caught signal 11 (Segmentation fault: address not mapped to object at address 0x8)
[prod-141:61957:0:61957] Caught signal 11 (Segmentation fault: address not mapped to object at address 0x8)
 [38m             --> Allocating curl_vel3[0m
 [38m             --> Looping over edges for curl_vel3[0m
 [38m             --> Dividing by area for curl_vel3[0m
[prod-141:61958:0:61958] Caught signal 11 (Segmentation fault: address not mapped to object at address 0x8)
 [38m             --> Allocating curl_vel3[0m
 [38m             --> Looping over edges for curl_vel3[0m
 [38m             --> Dividing by area for curl_vel3[0m
[prod-141:61959:0:61959] Caught signal 11 (Segmentation fault: address not mapped to object at address 0x8)
[prod-141:61960:0:61960] Caught signal 11 (Segmentation fault: address not mapped to object at address 0x8)
 [38m             --> Allocating curl_vel3[0m
 [38m             --> Looping over edges for curl_vel3[0m
 [38m             --> Dividing by area for curl_vel3[0m
[prod-141:61961:0:61961] Caught signal 11 (Segmentation fault: address not mapped to object at address 0x8)
==== backtrace (tid:  61909) ====
 0 0x0000000000012990 __funlockfile()  :0
 1 0x00000000000f03ef diagnostics_mp_diag_curl_vel3_()  ???:0
 2 0x000000000028c426 solve_tracers_ale_()  ???:0
 3 0x000000000022af77 oce_timestep_ale_()  ???:0
 4 0x0000000000078e03 fesom_module_mp_fesom_runloop_()  ???:0
 5 0x0000000000412748 MAIN__()  ???:0
 6 0x00000000004126e2 main()  ???:0
 7 0x000000000003a865 __libc_start_main()  ???:0
 8 0x00000000004125ee _start()  ???:0
=================================
==== backtrace (tid:  61936) ====
 0 0x0000000000012990 __funlockfile()  :0
 1 0x00000000000f03ef diagnostics_mp_diag_curl_vel3_()  ???:0
 2 0x000000000028c426 solve_tracers_ale_()  ???:0
 3 0x000000000022af77 oce_timestep_ale_()  ???:0
 4 0x0000000000078e03 fesom_module_mp_fesom_runloop_()  ???:0
 5 0x0000000000412748 MAIN__()  ???:0
 6 0x00000000004126e2 main()  ???:0
 7 0x000000000003a865 __libc_start_main()  ???:0
 8 0x00000000004125ee _start()  ???:0
=================================
==== backtrace (tid:  61930) ====
 0 0x0000000000012990 __funlockfile()  :0
 1 0x00000000000f03ef diagnostics_mp_diag_curl_vel3_()  ???:0
 2 0x000000000028c426 solve_tracers_ale_()  ???:0
 3 0x000000000022af77 oce_timestep_ale_()  ???:0
 4 0x0000000000078e03 fesom_module_mp_fesom_runloop_()  ???:0
 5 0x0000000000412748 MAIN__()  ???:0
 6 0x00000000004126e2 main()  ???:0
 7 0x000000000003a865 __libc_start_main()  ???:0
 8 0x00000000004125ee _start()  ???:0
=================================
==== backtrace (tid:  61915) ====
 0 0x0000000000012990 __funlockfile()  :0
 1 0x00000000000f03ef diagnostics_mp_diag_curl_vel3_()  ???:0
 2 0x000000000028c426 solve_tracers_ale_()  ???:0
 3 0x000000000022af77 oce_timestep_ale_()  ???:0
 4 0x0000000000078e03 fesom_module_mp_fesom_runloop_()  ???:0
 5 0x0000000000412748 MAIN__()  ???:0
 6 0x00000000004126e2 main()  ???:0
 7 0x000000000003a865 __libc_start_main()  ???:0
 8 0x00000000004125ee _start()  ???:0
=================================
==== backtrace (tid:  61912) ====
 0 0x0000000000012990 __funlockfile()  :0
 1 0x00000000000f03ef diagnostics_mp_diag_curl_vel3_()  ???:0
 2 0x000000000028c426 solve_tracers_ale_()  ???:0
 3 0x000000000022af77 oce_timestep_ale_()  ???:0
 4 0x0000000000078e03 fesom_module_mp_fesom_runloop_()  ???:0
 5 0x0000000000412748 MAIN__()  ???:0
 6 0x00000000004126e2 main()  ???:0
 7 0x000000000003a865 __libc_start_main()  ???:0
 8 0x00000000004125ee _start()  ???:0
=================================
==== backtrace (tid:  61952) ====
 0 0x0000000000012990 __funlockfile()  :0
 1 0x00000000000f03ef diagnostics_mp_diag_curl_vel3_()  ???:0
 2 0x000000000028c426 solve_tracers_ale_()  ???:0
 3 0x000000000022af77 oce_timestep_ale_()  ???:0
 4 0x0000000000078e03 fesom_module_mp_fesom_runloop_()  ???:0
 5 0x0000000000412748 MAIN__()  ???:0
 6 0x00000000004126e2 main()  ???:0
 7 0x000000000003a865 __libc_start_main()  ???:0
 8 0x00000000004125ee _start()  ???:0
=================================
==== backtrace (tid:  61949) ====
 0 0x0000000000012990 __funlockfile()  :0
 1 0x00000000000f03ef diagnostics_mp_diag_curl_vel3_()  ???:0
 2 0x000000000028c426 solve_tracers_ale_()  ???:0
 3 0x000000000022af77 oce_timestep_ale_()  ???:0
 4 0x0000000000078e03 fesom_module_mp_fesom_runloop_()  ???:0
 5 0x0000000000412748 MAIN__()  ???:0
 6 0x00000000004126e2 main()  ???:0
 7 0x000000000003a865 __libc_start_main()  ???:0
 8 0x00000000004125ee _start()  ???:0
=================================
==== backtrace (tid:  61916) ====
 0 0x0000000000012990 __funlockfile()  :0
 1 0x00000000000f03ef diagnostics_mp_diag_curl_vel3_()  ???:0
 2 0x000000000028c426 solve_tracers_ale_()  ???:0
 3 0x000000000022af77 oce_timestep_ale_()  ???:0
 4 0x0000000000078e03 fesom_module_mp_fesom_runloop_()  ???:0
 5 0x0000000000412748 MAIN__()  ???:0
 6 0x00000000004126e2 main()  ???:0
 7 0x000000000003a865 __libc_start_main()  ???:0
 8 0x00000000004125ee _start()  ???:0
=================================
==== backtrace (tid:  61907) ====
 0 0x0000000000012990 __funlockfile()  :0
 1 0x00000000000f03ef diagnostics_mp_diag_curl_vel3_()  ???:0
 2 0x000000000028c426 solve_tracers_ale_()  ???:0
 3 0x000000000022af77 oce_timestep_ale_()  ???:0
 4 0x0000000000078e03 fesom_module_mp_fesom_runloop_()  ???:0
 5 0x0000000000412748 MAIN__()  ???:0
 6 0x00000000004126e2 main()  ???:0
 7 0x000000000003a865 __libc_start_main()  ???:0
 8 0x00000000004125ee _start()  ???:0
=================================
==== backtrace (tid:  61908) ====
 0 0x0000000000012990 __funlockfile()  :0
 1 0x00000000000f03ef diagnostics_mp_diag_curl_vel3_()  ???:0
 2 0x000000000028c426 solve_tracers_ale_()  ???:0
 3 0x000000000022af77 oce_timestep_ale_()  ???:0
 4 0x0000000000078e03 fesom_module_mp_fesom_runloop_()  ???:0
 5 0x0000000000412748 MAIN__()  ???:0
 6 0x00000000004126e2 main()  ???:0
 7 0x000000000003a865 __libc_start_main()  ???:0
 8 0x00000000004125ee _start()  ???:0
=================================
==== backtrace (tid:  61957) ====
 0 0x0000000000012990 __funlockfile()  :0
 1 0x00000000000f03ef diagnostics_mp_diag_curl_vel3_()  ???:0
 2 0x000000000028c426 solve_tracers_ale_()  ???:0
 3 0x000000000022af77 oce_timestep_ale_()  ???:0
 4 0x0000000000078e03 fesom_module_mp_fesom_runloop_()  ???:0
 5 0x0000000000412748 MAIN__()  ???:0
 6 0x00000000004126e2 main()  ???:0
 7 0x000000000003a865 __libc_start_main()  ???:0
 8 0x00000000004125ee _start()  ???:0
=================================
==== backtrace (tid:  61948) ====
 0 0x0000000000012990 __funlockfile()  :0
 1 0x00000000000f03ef diagnostics_mp_diag_curl_vel3_()  ???:0
 2 0x000000000028c426 solve_tracers_ale_()  ???:0
 3 0x000000000022af77 oce_timestep_ale_()  ???:0
 4 0x0000000000078e03 fesom_module_mp_fesom_runloop_()  ???:0
 5 0x0000000000412748 MAIN__()  ???:0
 6 0x00000000004126e2 main()  ???:0
 7 0x000000000003a865 __libc_start_main()  ???:0
 8 0x00000000004125ee _start()  ???:0
=================================
==== backtrace (tid:  61954) ====
 0 0x0000000000012990 __funlockfile()  :0
 1 0x00000000000f03ef diagnostics_mp_diag_curl_vel3_()  ???:0
 2 0x000000000028c426 solve_tracers_ale_()  ???:0
 3 0x000000000022af77 oce_timestep_ale_()  ???:0
 4 0x0000000000078e03 fesom_module_mp_fesom_runloop_()  ???:0
 5 0x0000000000412748 MAIN__()  ???:0
 6 0x00000000004126e2 main()  ???:0
 7 0x000000000003a865 __libc_start_main()  ???:0
 8 0x00000000004125ee _start()  ???:0
=================================
==== backtrace (tid:  61913) ====
 0 0x0000000000012990 __funlockfile()  :0
 1 0x00000000000f03ef diagnostics_mp_diag_curl_vel3_()  ???:0
 2 0x000000000028c426 solve_tracers_ale_()  ???:0
 3 0x000000000022af77 oce_timestep_ale_()  ???:0
 4 0x0000000000078e03 fesom_module_mp_fesom_runloop_()  ???:0
 5 0x0000000000412748 MAIN__()  ???:0
 6 0x00000000004126e2 main()  ???:0
 7 0x000000000003a865 __libc_start_main()  ???:0
 8 0x00000000004125ee _start()  ???:0
=================================
==== backtrace (tid:  61958) ====
 0 0x0000000000012990 __funlockfile()  :0
 1 0x00000000000f03ef diagnostics_mp_diag_curl_vel3_()  ???:0
 2 0x000000000028c426 solve_tracers_ale_()  ???:0
 3 0x000000000022af77 oce_timestep_ale_()  ???:0
 4 0x0000000000078e03 fesom_module_mp_fesom_runloop_()  ???:0
 5 0x0000000000412748 MAIN__()  ???:0
 6 0x00000000004126e2 main()  ???:0
 7 0x000000000003a865 __libc_start_main()  ???:0
 8 0x00000000004125ee _start()  ???:0
=================================
==== backtrace (tid:  61903) ====
 0 0x0000000000012990 __funlockfile()  :0
 1 0x00000000000f03ef diagnostics_mp_diag_curl_vel3_()  ???:0
 2 0x000000000028c426 solve_tracers_ale_()  ???:0
 3 0x000000000022af77 oce_timestep_ale_()  ???:0
 4 0x0000000000078e03 fesom_module_mp_fesom_runloop_()  ???:0
 5 0x0000000000412748 MAIN__()  ???:0
 6 0x00000000004126e2 main()  ???:0
 7 0x000000000003a865 __libc_start_main()  ???:0
 8 0x00000000004125ee _start()  ???:0
=================================
==== backtrace (tid:  61940) ====
 0 0x0000000000012990 __funlockfile()  :0
 1 0x00000000000f03ef diagnostics_mp_diag_curl_vel3_()  ???:0
 2 0x000000000028c426 solve_tracers_ale_()  ???:0
 3 0x000000000022af77 oce_timestep_ale_()  ???:0
 4 0x0000000000078e03 fesom_module_mp_fesom_runloop_()  ???:0
 5 0x0000000000412748 MAIN__()  ???:0
 6 0x00000000004126e2 main()  ???:0
 7 0x000000000003a865 __libc_start_main()  ???:0
 8 0x00000000004125ee _start()  ???:0
=================================
==== backtrace (tid:  61922) ====
 0 0x0000000000012990 __funlockfile()  :0
 1 0x00000000000f03ef diagnostics_mp_diag_curl_vel3_()  ???:0
 2 0x000000000028c426 solve_tracers_ale_()  ???:0
 3 0x000000000022af77 oce_timestep_ale_()  ???:0
 4 0x0000000000078e03 fesom_module_mp_fesom_runloop_()  ???:0
 5 0x0000000000412748 MAIN__()  ???:0
 6 0x00000000004126e2 main()  ???:0
 7 0x000000000003a865 __libc_start_main()  ???:0
 8 0x00000000004125ee _start()  ???:0
=================================
==== backtrace (tid:  61918) ====
 0 0x0000000000012990 __funlockfile()  :0
 1 0x00000000000f03ef diagnostics_mp_diag_curl_vel3_()  ???:0
 2 0x000000000028c426 solve_tracers_ale_()  ???:0
 3 0x000000000022af77 oce_timestep_ale_()  ???:0
 4 0x0000000000078e03 fesom_module_mp_fesom_runloop_()  ???:0
 5 0x0000000000412748 MAIN__()  ???:0
 6 0x00000000004126e2 main()  ???:0
 7 0x000000000003a865 __libc_start_main()  ???:0
 8 0x00000000004125ee _start()  ???:0
=================================
==== backtrace (tid:  61960) ====
 0 0x0000000000012990 __funlockfile()  :0
 1 0x00000000000f03ef diagnostics_mp_diag_curl_vel3_()  ???:0
 2 0x000000000028c426 solve_tracers_ale_()  ???:0
 3 0x000000000022af77 oce_timestep_ale_()  ???:0
 4 0x0000000000078e03 fesom_module_mp_fesom_runloop_()  ???:0
 5 0x0000000000412748 MAIN__()  ???:0
 6 0x00000000004126e2 main()  ???:0
 7 0x000000000003a865 __libc_start_main()  ???:0
 8 0x00000000004125ee _start()  ???:0
=================================
==== backtrace (tid:  61931) ====
 0 0x0000000000012990 __funlockfile()  :0
 1 0x00000000000f03ef diagnostics_mp_diag_curl_vel3_()  ???:0
 2 0x000000000028c426 solve_tracers_ale_()  ???:0
 3 0x000000000022af77 oce_timestep_ale_()  ???:0
 4 0x0000000000078e03 fesom_module_mp_fesom_runloop_()  ???:0
 5 0x0000000000412748 MAIN__()  ???:0
 6 0x00000000004126e2 main()  ???:0
 7 0x000000000003a865 __libc_start_main()  ???:0
 8 0x00000000004125ee _start()  ???:0
=================================
==== backtrace (tid:  61914) ====
 0 0x0000000000012990 __funlockfile()  :0
 1 0x00000000000f03ef diagnostics_mp_diag_curl_vel3_()  ???:0
 2 0x000000000028c426 solve_tracers_ale_()  ???:0
 3 0x000000000022af77 oce_timestep_ale_()  ???:0
 4 0x0000000000078e03 fesom_module_mp_fesom_runloop_()  ???:0
 5 0x0000000000412748 MAIN__()  ???:0
 6 0x00000000004126e2 main()  ???:0
 7 0x000000000003a865 __libc_start_main()  ???:0
 8 0x00000000004125ee _start()  ???:0
=================================
==== backtrace (tid:  61920) ====
 0 0x0000000000012990 __funlockfile()  :0
 1 0x00000000000f03ef diagnostics_mp_diag_curl_vel3_()  ???:0
 2 0x000000000028c426 solve_tracers_ale_()  ???:0
 3 0x000000000022af77 oce_timestep_ale_()  ???:0
 4 0x0000000000078e03 fesom_module_mp_fesom_runloop_()  ???:0
 5 0x0000000000412748 MAIN__()  ???:0
 6 0x00000000004126e2 main()  ???:0
 7 0x000000000003a865 __libc_start_main()  ???:0
 8 0x00000000004125ee _start()  ???:0
=================================
==== backtrace (tid:  61929) ====
 0 0x0000000000012990 __funlockfile()  :0
 1 0x00000000000f03ef diagnostics_mp_diag_curl_vel3_()  ???:0
 2 0x000000000028c426 solve_tracers_ale_()  ???:0
 3 0x000000000022af77 oce_timestep_ale_()  ???:0
 4 0x0000000000078e03 fesom_module_mp_fesom_runloop_()  ???:0
 5 0x0000000000412748 MAIN__()  ???:0
 6 0x00000000004126e2 main()  ???:0
 7 0x000000000003a865 __libc_start_main()  ???:0
 8 0x00000000004125ee _start()  ???:0
=================================
forrtl: severe (174): SIGSEGV, segmentation fault occurred
Image              PC                Routine            Line        Source             
fesom.x            000000000042CF4A  for__signal_handl     Unknown  Unknown
libpthread-2.28.s  00001555492ED990  Unknown               Unknown  Unknown
libfesom.so        000015554B5F33EF  diagnostics_mp_di     Unknown  Unknown
libfesom.so        000015554B78F426  solve_tracers_ale     Unknown  Unknown
libfesom.so        000015554B72DF77  oce_timestep_ale_     Unknown  Unknown
libfesom.so        000015554B57BE03  fesom_module_mp_f     Unknown  Unknown
fesom.x            0000000000412748  MAIN__                Unknown  Unknown
fesom.x            00000000004126E2  Unknown               Unknown  Unknown
libc-2.28.so       0000155548BBD865  __libc_start_main     Unknown  Unknown
fesom.x            00000000004125EE  Unknown               Unknown  Unknown
==== backtrace (tid:  61906) ====
 0 0x0000000000012990 __funlockfile()  :0
 1 0x00000000000f03ef diagnostics_mp_diag_curl_vel3_()  ???:0
 2 0x000000000028c426 solve_tracers_ale_()  ???:0
 3 0x000000000022af77 oce_timestep_ale_()  ???:0
 4 0x0000000000078e03 fesom_module_mp_fesom_runloop_()  ???:0
 5 0x0000000000412748 MAIN__()  ???:0
 6 0x00000000004126e2 main()  ???:0
 7 0x000000000003a865 __libc_start_main()  ???:0
 8 0x00000000004125ee _start()  ???:0
=================================
forrtl: severe (174): SIGSEGV, segmentation fault occurred
Image              PC                Routine            Line        Source             
fesom.x            000000000042CF4A  for__signal_handl     Unknown  Unknown
libpthread-2.28.s  00001555492ED990  Unknown               Unknown  Unknown
libfesom.so        000015554B5F33EF  diagnostics_mp_di     Unknown  Unknown
libfesom.so        000015554B78F426  solve_tracers_ale     Unknown  Unknown
libfesom.so        000015554B72DF77  oce_timestep_ale_     Unknown  Unknown
libfesom.so        000015554B57BE03  fesom_module_mp_f     Unknown  Unknown
fesom.x            0000000000412748  MAIN__                Unknown  Unknown
fesom.x            00000000004126E2  Unknown               Unknown  Unknown
libc-2.28.so       0000155548BBD865  __libc_start_main     Unknown  Unknown
fesom.x            00000000004125EE  Unknown               Unknown  Unknown
forrtl: severe (174): SIGSEGV, segmentation fault occurred
Image              PC                Routine            Line        Source             
fesom.x            000000000042CF4A  for__signal_handl     Unknown  Unknown
libpthread-2.28.s  00001555492ED990  Unknown               Unknown  Unknown
libfesom.so        000015554B5F33EF  diagnostics_mp_di     Unknown  Unknown
libfesom.so        000015554B78F426  solve_tracers_ale     Unknown  Unknown
libfesom.so        000015554B72DF77  oce_timestep_ale_     Unknown  Unknown
libfesom.so        000015554B57BE03  fesom_module_mp_f     Unknown  Unknown
fesom.x            0000000000412748  MAIN__                Unknown  Unknown
fesom.x            00000000004126E2  Unknown               Unknown  Unknown
libc-2.28.so       0000155548BBD865  __libc_start_main     Unknown  Unknown
fesom.x            00000000004125EE  Unknown               Unknown  Unknown
==== backtrace (tid:  61926) ====
 0 0x0000000000012990 __funlockfile()  :0
 1 0x00000000000f03ef diagnostics_mp_diag_curl_vel3_()  ???:0
 2 0x000000000028c426 solve_tracers_ale_()  ???:0
 3 0x000000000022af77 oce_timestep_ale_()  ???:0
 4 0x0000000000078e03 fesom_module_mp_fesom_runloop_()  ???:0
 5 0x0000000000412748 MAIN__()  ???:0
 6 0x00000000004126e2 main()  ???:0
 7 0x000000000003a865 __libc_start_main()  ???:0
 8 0x00000000004125ee _start()  ???:0
=================================
forrtl: severe (174): SIGSEGV, segmentation fault occurred
Image              PC                Routine            Line        Source             
fesom.x            000000000042CF4A  for__signal_handl     Unknown  Unknown
libpthread-2.28.s  00001555492ED990  Unknown               Unknown  Unknown
libfesom.so        000015554B5F33EF  diagnostics_mp_di     Unknown  Unknown
libfesom.so        000015554B78F426  solve_tracers_ale     Unknown  Unknown
libfesom.so        000015554B72DF77  oce_timestep_ale_     Unknown  Unknown
libfesom.so        000015554B57BE03  fesom_module_mp_f     Unknown  Unknown
fesom.x            0000000000412748  MAIN__                Unknown  Unknown
fesom.x            00000000004126E2  Unknown               Unknown  Unknown
libc-2.28.so       0000155548BBD865  __libc_start_main     Unknown  Unknown
fesom.x            00000000004125EE  Unknown               Unknown  Unknown
==== backtrace (tid:  61938) ====
 0 0x0000000000012990 __funlockfile()  :0
 1 0x00000000000f03ef diagnostics_mp_diag_curl_vel3_()  ???:0
 2 0x000000000028c426 solve_tracers_ale_()  ???:0
 3 0x000000000022af77 oce_timestep_ale_()  ???:0
 4 0x0000000000078e03 fesom_module_mp_fesom_runloop_()  ???:0
 5 0x0000000000412748 MAIN__()  ???:0
 6 0x00000000004126e2 main()  ???:0
 7 0x000000000003a865 __libc_start_main()  ???:0
 8 0x00000000004125ee _start()  ???:0
=================================
forrtl: severe (174): SIGSEGV, segmentation fault occurred
Image              PC                Routine            Line        Source             
fesom.x            000000000042CF4A  for__signal_handl     Unknown  Unknown
libpthread-2.28.s  00001555492ED990  Unknown               Unknown  Unknown
libfesom.so        000015554B5F33EF  diagnostics_mp_di     Unknown  Unknown
libfesom.so        000015554B78F426  solve_tracers_ale     Unknown  Unknown
libfesom.so        000015554B72DF77  oce_timestep_ale_     Unknown  Unknown
libfesom.so        000015554B57BE03  fesom_module_mp_f     Unknown  Unknown
fesom.x            0000000000412748  MAIN__                Unknown  Unknown
fesom.x            00000000004126E2  Unknown               Unknown  Unknown
libc-2.28.so       0000155548BBD865  __libc_start_main     Unknown  Unknown
fesom.x            00000000004125EE  Unknown               Unknown  Unknown
forrtl: severe (174): SIGSEGV, segmentation fault occurred
Image              PC                Routine            Line        Source             
fesom.x            000000000042CF4A  for__signal_handl     Unknown  Unknown
libpthread-2.28.s  00001555492ED990  Unknown               Unknown  Unknown
libfesom.so        000015554B5F33EF  diagnostics_mp_di     Unknown  Unknown
libfesom.so        000015554B78F426  solve_tracers_ale     Unknown  Unknown
libfesom.so        000015554B72DF77  oce_timestep_ale_     Unknown  Unknown
libfesom.so        000015554B57BE03  fesom_module_mp_f     Unknown  Unknown
fesom.x            0000000000412748  MAIN__                Unknown  Unknown
fesom.x            00000000004126E2  Unknown               Unknown  Unknown
libc-2.28.so       0000155548BBD865  __libc_start_main     Unknown  Unknown
fesom.x            00000000004125EE  Unknown               Unknown  Unknown
==== backtrace (tid:  61919) ====
 0 0x0000000000012990 __funlockfile()  :0
 1 0x00000000000f03ef diagnostics_mp_diag_curl_vel3_()  ???:0
 2 0x000000000028c426 solve_tracers_ale_()  ???:0
 3 0x000000000022af77 oce_timestep_ale_()  ???:0
 4 0x0000000000078e03 fesom_module_mp_fesom_runloop_()  ???:0
 5 0x0000000000412748 MAIN__()  ???:0
 6 0x00000000004126e2 main()  ???:0
 7 0x000000000003a865 __libc_start_main()  ???:0
 8 0x00000000004125ee _start()  ???:0
=================================
forrtl: severe (174): SIGSEGV, segmentation fault occurred
Image              PC                Routine            Line        Source             
fesom.x            000000000042CF4A  for__signal_handl     Unknown  Unknown
libpthread-2.28.s  00001555492ED990  Unknown               Unknown  Unknown
libfesom.so        000015554B5F33EF  diagnostics_mp_di     Unknown  Unknown
libfesom.so        000015554B78F426  solve_tracers_ale     Unknown  Unknown
libfesom.so        000015554B72DF77  oce_timestep_ale_     Unknown  Unknown
libfesom.so        000015554B57BE03  fesom_module_mp_f     Unknown  Unknown
fesom.x            0000000000412748  MAIN__                Unknown  Unknown
fesom.x            00000000004126E2  Unknown               Unknown  Unknown
libc-2.28.so       0000155548BBD865  __libc_start_main     Unknown  Unknown
fesom.x            00000000004125EE  Unknown               Unknown  Unknown
forrtl: severe (174): SIGSEGV, segmentation fault occurred
Image              PC                Routine            Line        Source             
fesom.x            000000000042CF4A  for__signal_handl     Unknown  Unknown
libpthread-2.28.s  00001555492ED990  Unknown               Unknown  Unknown
libfesom.so        000015554B5F33EF  diagnostics_mp_di     Unknown  Unknown
libfesom.so        000015554B78F426  solve_tracers_ale     Unknown  Unknown
libfesom.so        000015554B72DF77  oce_timestep_ale_     Unknown  Unknown
libfesom.so        000015554B57BE03  fesom_module_mp_f     Unknown  Unknown
fesom.x            0000000000412748  MAIN__                Unknown  Unknown
fesom.x            00000000004126E2  Unknown               Unknown  Unknown
libc-2.28.so       0000155548BBD865  __libc_start_main     Unknown  Unknown
fesom.x            00000000004125EE  Unknown               Unknown  Unknown
==== backtrace (tid:  61925) ====
 0 0x0000000000012990 __funlockfile()  :0
 1 0x00000000000f03ef diagnostics_mp_diag_curl_vel3_()  ???:0
 2 0x000000000028c426 solve_tracers_ale_()  ???:0
 3 0x000000000022af77 oce_timestep_ale_()  ???:0
 4 0x0000000000078e03 fesom_module_mp_fesom_runloop_()  ???:0
 5 0x0000000000412748 MAIN__()  ???:0
 6 0x00000000004126e2 main()  ???:0
 7 0x000000000003a865 __libc_start_main()  ???:0
 8 0x00000000004125ee _start()  ???:0
=================================
forrtl: severe (174): SIGSEGV, segmentation fault occurred
Image              PC                Routine            Line        Source             
fesom.x            000000000042CF4A  for__signal_handl     Unknown  Unknown
libpthread-2.28.s  00001555492ED990  Unknown               Unknown  Unknown
libfesom.so        000015554B5F33EF  diagnostics_mp_di     Unknown  Unknown
libfesom.so        000015554B78F426  solve_tracers_ale     Unknown  Unknown
libfesom.so        000015554B72DF77  oce_timestep_ale_     Unknown  Unknown
libfesom.so        000015554B57BE03  fesom_module_mp_f     Unknown  Unknown
fesom.x            0000000000412748  MAIN__                Unknown  Unknown
fesom.x            00000000004126E2  Unknown               Unknown  Unknown
libc-2.28.so       0000155548BBD865  __libc_start_main     Unknown  Unknown
fesom.x            00000000004125EE  Unknown               Unknown  Unknown
forrtl: severe (174): SIGSEGV, segmentation fault occurred
Image              PC                Routine            Line        Source             
fesom.x            000000000042CF4A  for__signal_handl     Unknown  Unknown
libpthread-2.28.s  00001555492ED990  Unknown               Unknown  Unknown
libfesom.so        000015554B5F33EF  diagnostics_mp_di     Unknown  Unknown
libfesom.so        000015554B78F426  solve_tracers_ale     Unknown  Unknown
libfesom.so        000015554B72DF77  oce_timestep_ale_     Unknown  Unknown
libfesom.so        000015554B57BE03  fesom_module_mp_f     Unknown  Unknown
fesom.x            0000000000412748  MAIN__                Unknown  Unknown
fesom.x            00000000004126E2  Unknown               Unknown  Unknown
libc-2.28.so       0000155548BBD865  __libc_start_main     Unknown  Unknown
fesom.x            00000000004125EE  Unknown               Unknown  Unknown
forrtl: severe (174): SIGSEGV, segmentation fault occurred
Image              PC                Routine            Line        Source             
fesom.x            000000000042CF4A  for__signal_handl     Unknown  Unknown
libpthread-2.28.s  00001555492ED990  Unknown               Unknown  Unknown
libfesom.so        000015554B5F33EF  diagnostics_mp_di     Unknown  Unknown
libfesom.so        000015554B78F426  solve_tracers_ale     Unknown  Unknown
libfesom.so        000015554B72DF77  oce_timestep_ale_     Unknown  Unknown
libfesom.so        000015554B57BE03  fesom_module_mp_f     Unknown  Unknown
fesom.x            0000000000412748  MAIN__                Unknown  Unknown
fesom.x            00000000004126E2  Unknown               Unknown  Unknown
libc-2.28.so       0000155548BBD865  __libc_start_main     Unknown  Unknown
fesom.x            00000000004125EE  Unknown               Unknown  Unknown
forrtl: severe (174): SIGSEGV, segmentation fault occurred
Image              PC                Routine            Line        Source             
fesom.x            000000000042CF4A  for__signal_handl     Unknown  Unknown
libpthread-2.28.s  00001555492ED990  Unknown               Unknown  Unknown
libfesom.so        000015554B5F33EF  diagnostics_mp_di     Unknown  Unknown
libfesom.so        000015554B78F426  solve_tracers_ale     Unknown  Unknown
libfesom.so        000015554B72DF77  oce_timestep_ale_     Unknown  Unknown
libfesom.so        000015554B57BE03  fesom_module_mp_f     Unknown  Unknown
fesom.x            0000000000412748  MAIN__                Unknown  Unknown
fesom.x            00000000004126E2  Unknown               Unknown  Unknown
libc-2.28.so       0000155548BBD865  __libc_start_main     Unknown  Unknown
fesom.x            00000000004125EE  Unknown               Unknown  Unknown
forrtl: severe (174): SIGSEGV, segmentation fault occurred
Image              PC                Routine            Line        Source             
fesom.x            000000000042CF4A  for__signal_handl     Unknown  Unknown
libpthread-2.28.s  00001555492ED990  Unknown               Unknown  Unknown
libfesom.so        000015554B5F33EF  diagnostics_mp_di     Unknown  Unknown
libfesom.so        000015554B78F426  solve_tracers_ale     Unknown  Unknown
libfesom.so        000015554B72DF77  oce_timestep_ale_     Unknown  Unknown
libfesom.so        000015554B57BE03  fesom_module_mp_f     Unknown  Unknown
fesom.x            0000000000412748  MAIN__                Unknown  Unknown
fesom.x            00000000004126E2  Unknown               Unknown  Unknown
libc-2.28.so       0000155548BBD865  __libc_start_main     Unknown  Unknown
fesom.x            00000000004125EE  Unknown               Unknown  Unknown
==== backtrace (tid:  61946) ====
 0 0x0000000000012990 __funlockfile()  :0
 1 0x00000000000f03ef diagnostics_mp_diag_curl_vel3_()  ???:0
 2 0x000000000028c426 solve_tracers_ale_()  ???:0
 3 0x000000000022af77 oce_timestep_ale_()  ???:0
 4 0x0000000000078e03 fesom_module_mp_fesom_runloop_()  ???:0
 5 0x0000000000412748 MAIN__()  ???:0
 6 0x00000000004126e2 main()  ???:0
 7 0x000000000003a865 __libc_start_main()  ???:0
 8 0x00000000004125ee _start()  ???:0
=================================
forrtl: severe (174): SIGSEGV, segmentation fault occurred
Image              PC                Routine            Line        Source             
fesom.x            000000000042CF4A  for__signal_handl     Unknown  Unknown
libpthread-2.28.s  00001555492ED990  Unknown               Unknown  Unknown
libfesom.so        000015554B5F33EF  diagnostics_mp_di     Unknown  Unknown
libfesom.so        000015554B78F426  solve_tracers_ale     Unknown  Unknown
libfesom.so        000015554B72DF77  oce_timestep_ale_     Unknown  Unknown
libfesom.so        000015554B57BE03  fesom_module_mp_f     Unknown  Unknown
fesom.x            0000000000412748  MAIN__                Unknown  Unknown
fesom.x            00000000004126E2  Unknown               Unknown  Unknown
libc-2.28.so       0000155548BBD865  __libc_start_main     Unknown  Unknown
fesom.x            00000000004125EE  Unknown               Unknown  Unknown
forrtl: severe (174): SIGSEGV, segmentation fault occurred
Image              PC                Routine            Line        Source             
fesom.x            000000000042CF4A  for__signal_handl     Unknown  Unknown
libpthread-2.28.s  00001555492ED990  Unknown               Unknown  Unknown
libfesom.so        000015554B5F33EF  diagnostics_mp_di     Unknown  Unknown
libfesom.so        000015554B78F426  solve_tracers_ale     Unknown  Unknown
libfesom.so        000015554B72DF77  oce_timestep_ale_     Unknown  Unknown
libfesom.so        000015554B57BE03  fesom_module_mp_f     Unknown  Unknown
fesom.x            0000000000412748  MAIN__                Unknown  Unknown
fesom.x            00000000004126E2  Unknown               Unknown  Unknown
libc-2.28.so       0000155548BBD865  __libc_start_main     Unknown  Unknown
fesom.x            00000000004125EE  Unknown               Unknown  Unknown
==== backtrace (tid:  61928) ====
 0 0x0000000000012990 __funlockfile()  :0
 1 0x00000000000f03ef diagnostics_mp_diag_curl_vel3_()  ???:0
 2 0x000000000028c426 solve_tracers_ale_()  ???:0
 3 0x000000000022af77 oce_timestep_ale_()  ???:0
 4 0x0000000000078e03 fesom_module_mp_fesom_runloop_()  ???:0
 5 0x0000000000412748 MAIN__()  ???:0
 6 0x00000000004126e2 main()  ???:0
 7 0x000000000003a865 __libc_start_main()  ???:0
 8 0x00000000004125ee _start()  ???:0
=================================
forrtl: severe (174): SIGSEGV, segmentation fault occurred
Image              PC                Routine            Line        Source             
fesom.x            000000000042CF4A  for__signal_handl     Unknown  Unknown
libpthread-2.28.s  00001555492ED990  Unknown               Unknown  Unknown
libfesom.so        000015554B5F33EF  diagnostics_mp_di     Unknown  Unknown
libfesom.so        000015554B78F426  solve_tracers_ale     Unknown  Unknown
libfesom.so        000015554B72DF77  oce_timestep_ale_     Unknown  Unknown
libfesom.so        000015554B57BE03  fesom_module_mp_f     Unknown  Unknown
fesom.x            0000000000412748  MAIN__                Unknown  Unknown
fesom.x            00000000004126E2  Unknown               Unknown  Unknown
libc-2.28.so       0000155548BBD865  __libc_start_main     Unknown  Unknown
fesom.x            00000000004125EE  Unknown               Unknown  Unknown
==== backtrace (tid:  61951) ====
 0 0x0000000000012990 __funlockfile()  :0
 1 0x00000000000f03ef diagnostics_mp_diag_curl_vel3_()  ???:0
 2 0x000000000028c426 solve_tracers_ale_()  ???:0
 3 0x000000000022af77 oce_timestep_ale_()  ???:0
 4 0x0000000000078e03 fesom_module_mp_fesom_runloop_()  ???:0
 5 0x0000000000412748 MAIN__()  ???:0
 6 0x00000000004126e2 main()  ???:0
 7 0x000000000003a865 __libc_start_main()  ???:0
 8 0x00000000004125ee _start()  ???:0
=================================
forrtl: severe (174): SIGSEGV, segmentation fault occurred
Image              PC                Routine            Line        Source             
fesom.x            000000000042CF4A  for__signal_handl     Unknown  Unknown
libpthread-2.28.s  00001555492ED990  Unknown               Unknown  Unknown
libfesom.so        000015554B5F33EF  diagnostics_mp_di     Unknown  Unknown
libfesom.so        000015554B78F426  solve_tracers_ale     Unknown  Unknown
libfesom.so        000015554B72DF77  oce_timestep_ale_     Unknown  Unknown
libfesom.so        000015554B57BE03  fesom_module_mp_f     Unknown  Unknown
fesom.x            0000000000412748  MAIN__                Unknown  Unknown
fesom.x            00000000004126E2  Unknown               Unknown  Unknown
libc-2.28.so       0000155548BBD865  __libc_start_main     Unknown  Unknown
fesom.x            00000000004125EE  Unknown               Unknown  Unknown
forrtl: severe (174): SIGSEGV, segmentation fault occurred
Image              PC                Routine            Line        Source             
fesom.x            000000000042CF4A  for__signal_handl     Unknown  Unknown
libpthread-2.28.s  00001555492ED990  Unknown               Unknown  Unknown
libfesom.so        000015554B5F33EF  diagnostics_mp_di     Unknown  Unknown
libfesom.so        000015554B78F426  solve_tracers_ale     Unknown  Unknown
libfesom.so        000015554B72DF77  oce_timestep_ale_     Unknown  Unknown
libfesom.so        000015554B57BE03  fesom_module_mp_f     Unknown  Unknown
fesom.x            0000000000412748  MAIN__                Unknown  Unknown
fesom.x            00000000004126E2  Unknown               Unknown  Unknown
libc-2.28.so       0000155548BBD865  __libc_start_main     Unknown  Unknown
fesom.x            00000000004125EE  Unknown               Unknown  Unknown
forrtl: severe (174): SIGSEGV, segmentation fault occurred
Image              PC                Routine            Line        Source             
fesom.x            000000000042CF4A  for__signal_handl     Unknown  Unknown
libpthread-2.28.s  00001555492ED990  Unknown               Unknown  Unknown
libfesom.so        000015554B5F33EF  diagnostics_mp_di     Unknown  Unknown
libfesom.so        000015554B78F426  solve_tracers_ale     Unknown  Unknown
libfesom.so        000015554B72DF77  oce_timestep_ale_     Unknown  Unknown
libfesom.so        000015554B57BE03  fesom_module_mp_f     Unknown  Unknown
fesom.x            0000000000412748  MAIN__                Unknown  Unknown
fesom.x            00000000004126E2  Unknown               Unknown  Unknown
libc-2.28.so       0000155548BBD865  __libc_start_main     Unknown  Unknown
fesom.x            00000000004125EE  Unknown               Unknown  Unknown
forrtl: severe (174): SIGSEGV, segmentation fault occurred
Image              PC                Routine            Line        Source             
fesom.x            000000000042CF4A  for__signal_handl     Unknown  Unknown
libpthread-2.28.s  00001555492ED990  Unknown               Unknown  Unknown
libfesom.so        000015554B5F33EF  diagnostics_mp_di     Unknown  Unknown
libfesom.so        000015554B78F426  solve_tracers_ale     Unknown  Unknown
libfesom.so        000015554B72DF77  oce_timestep_ale_     Unknown  Unknown
libfesom.so        000015554B57BE03  fesom_module_mp_f     Unknown  Unknown
fesom.x            0000000000412748  MAIN__                Unknown  Unknown
fesom.x            00000000004126E2  Unknown               Unknown  Unknown
libc-2.28.so       0000155548BBD865  __libc_start_main     Unknown  Unknown
fesom.x            00000000004125EE  Unknown               Unknown  Unknown
==== backtrace (tid:  61932) ====
 0 0x0000000000012990 __funlockfile()  :0
 1 0x00000000000f03ef diagnostics_mp_diag_curl_vel3_()  ???:0
 2 0x000000000028c426 solve_tracers_ale_()  ???:0
 3 0x000000000022af77 oce_timestep_ale_()  ???:0
 4 0x0000000000078e03 fesom_module_mp_fesom_runloop_()  ???:0
 5 0x0000000000412748 MAIN__()  ???:0
 6 0x00000000004126e2 main()  ???:0
 7 0x000000000003a865 __libc_start_main()  ???:0
 8 0x00000000004125ee _start()  ???:0
=================================
forrtl: severe (174): SIGSEGV, segmentation fault occurred
Image              PC                Routine            Line        Source             
fesom.x            000000000042CF4A  for__signal_handl     Unknown  Unknown
libpthread-2.28.s  00001555492ED990  Unknown               Unknown  Unknown
libfesom.so        000015554B5F33EF  diagnostics_mp_di     Unknown  Unknown
libfesom.so        000015554B78F426  solve_tracers_ale     Unknown  Unknown
libfesom.so        000015554B72DF77  oce_timestep_ale_     Unknown  Unknown
libfesom.so        000015554B57BE03  fesom_module_mp_f     Unknown  Unknown
fesom.x            0000000000412748  MAIN__                Unknown  Unknown
fesom.x            00000000004126E2  Unknown               Unknown  Unknown
libc-2.28.so       0000155548BBD865  __libc_start_main     Unknown  Unknown
fesom.x            00000000004125EE  Unknown               Unknown  Unknown
==== backtrace (tid:  61947) ====
 0 0x0000000000012990 __funlockfile()  :0
 1 0x00000000000f03ef diagnostics_mp_diag_curl_vel3_()  ???:0
 2 0x000000000028c426 solve_tracers_ale_()  ???:0
 3 0x000000000022af77 oce_timestep_ale_()  ???:0
 4 0x0000000000078e03 fesom_module_mp_fesom_runloop_()  ???:0
 5 0x0000000000412748 MAIN__()  ???:0
 6 0x00000000004126e2 main()  ???:0
 7 0x000000000003a865 __libc_start_main()  ???:0
 8 0x00000000004125ee _start()  ???:0
=================================
==== backtrace (tid:  61953) ====
 0 0x0000000000012990 __funlockfile()  :0
 1 0x00000000000f03ef diagnostics_mp_diag_curl_vel3_()  ???:0
 2 0x000000000028c426 solve_tracers_ale_()  ???:0
 3 0x000000000022af77 oce_timestep_ale_()  ???:0
 4 0x0000000000078e03 fesom_module_mp_fesom_runloop_()  ???:0
 5 0x0000000000412748 MAIN__()  ???:0
 6 0x00000000004126e2 main()  ???:0
 7 0x000000000003a865 __libc_start_main()  ???:0
 8 0x00000000004125ee _start()  ???:0
=================================
==== backtrace (tid:  61927) ====
 0 0x0000000000012990 __funlockfile()  :0
 1 0x00000000000f03ef diagnostics_mp_diag_curl_vel3_()  ???:0
 2 0x000000000028c426 solve_tracers_ale_()  ???:0
 3 0x000000000022af77 oce_timestep_ale_()  ???:0
 4 0x0000000000078e03 fesom_module_mp_fesom_runloop_()  ???:0
 5 0x0000000000412748 MAIN__()  ???:0
 6 0x00000000004126e2 main()  ???:0
 7 0x000000000003a865 __libc_start_main()  ???:0
 8 0x00000000004125ee _start()  ???:0
=================================
==== backtrace (tid:  61935) ====
 0 0x0000000000012990 __funlockfile()  :0
 1 0x00000000000f03ef diagnostics_mp_diag_curl_vel3_()  ???:0
 2 0x000000000028c426 solve_tracers_ale_()  ???:0
 3 0x000000000022af77 oce_timestep_ale_()  ???:0
 4 0x0000000000078e03 fesom_module_mp_fesom_runloop_()  ???:0
 5 0x0000000000412748 MAIN__()  ???:0
 6 0x00000000004126e2 main()  ???:0
 7 0x000000000003a865 __libc_start_main()  ???:0
 8 0x00000000004125ee _start()  ???:0
=================================
forrtl: severe (174): SIGSEGV, segmentation fault occurred
Image              PC                Routine            Line        Source             
fesom.x            000000000042CF4A  for__signal_handl     Unknown  Unknown
libpthread-2.28.s  00001555492ED990  Unknown               Unknown  Unknown
libfesom.so        000015554B5F33EF  diagnostics_mp_di     Unknown  Unknown
libfesom.so        000015554B78F426  solve_tracers_ale     Unknown  Unknown
libfesom.so        000015554B72DF77  oce_timestep_ale_     Unknown  Unknown
libfesom.so        000015554B57BE03  fesom_module_mp_f     Unknown  Unknown
fesom.x            0000000000412748  MAIN__                Unknown  Unknown
fesom.x            00000000004126E2  Unknown               Unknown  Unknown
libc-2.28.so       0000155548BBD865  __libc_start_main     Unknown  Unknown
fesom.x            00000000004125EE  Unknown               Unknown  Unknown
==== backtrace (tid:  61910) ====
 0 0x0000000000012990 __funlockfile()  :0
 1 0x00000000000f03ef diagnostics_mp_diag_curl_vel3_()  ???:0
 2 0x000000000028c426 solve_tracers_ale_()  ???:0
 3 0x000000000022af77 oce_timestep_ale_()  ???:0
 4 0x0000000000078e03 fesom_module_mp_fesom_runloop_()  ???:0
 5 0x0000000000412748 MAIN__()  ???:0
 6 0x00000000004126e2 main()  ???:0
 7 0x000000000003a865 __libc_start_main()  ???:0
 8 0x00000000004125ee _start()  ???:0
=================================
==== backtrace (tid:  61950) ====
 0 0x0000000000012990 __funlockfile()  :0
 1 0x00000000000f03ef diagnostics_mp_diag_curl_vel3_()  ???:0
 2 0x000000000028c426 solve_tracers_ale_()  ???:0
 3 0x000000000022af77 oce_timestep_ale_()  ???:0
 4 0x0000000000078e03 fesom_module_mp_fesom_runloop_()  ???:0
 5 0x0000000000412748 MAIN__()  ???:0
 6 0x00000000004126e2 main()  ???:0
 7 0x000000000003a865 __libc_start_main()  ???:0
 8 0x00000000004125ee _start()  ???:0
=================================
forrtl: severe (174): SIGSEGV, segmentation fault occurred
Image              PC                Routine            Line        Source             
fesom.x            000000000042CF4A  for__signal_handl     Unknown  Unknown
libpthread-2.28.s  00001555492ED990  Unknown               Unknown  Unknown
libfesom.so        000015554B5F33EF  diagnostics_mp_di     Unknown  Unknown
libfesom.so        000015554B78F426  solve_tracers_ale     Unknown  Unknown
libfesom.so        000015554B72DF77  oce_timestep_ale_     Unknown  Unknown
libfesom.so        000015554B57BE03  fesom_module_mp_f     Unknown  Unknown
fesom.x            0000000000412748  MAIN__                Unknown  Unknown
fesom.x            00000000004126E2  Unknown               Unknown  Unknown
libc-2.28.so       0000155548BBD865  __libc_start_main     Unknown  Unknown
fesom.x            00000000004125EE  Unknown               Unknown  Unknown
==== backtrace (tid:  61937) ====
 0 0x0000000000012990 __funlockfile()  :0
 1 0x00000000000f03ef diagnostics_mp_diag_curl_vel3_()  ???:0
 2 0x000000000028c426 solve_tracers_ale_()  ???:0
 3 0x000000000022af77 oce_timestep_ale_()  ???:0
 4 0x0000000000078e03 fesom_module_mp_fesom_runloop_()  ???:0
 5 0x0000000000412748 MAIN__()  ???:0
 6 0x00000000004126e2 main()  ???:0
 7 0x000000000003a865 __libc_start_main()  ???:0
 8 0x00000000004125ee _start()  ???:0
=================================
==== backtrace (tid:  61924) ====
 0 0x0000000000012990 __funlockfile()  :0
 1 0x00000000000f03ef diagnostics_mp_diag_curl_vel3_()  ???:0
 2 0x000000000028c426 solve_tracers_ale_()  ???:0
 3 0x000000000022af77 oce_timestep_ale_()  ???:0
 4 0x0000000000078e03 fesom_module_mp_fesom_runloop_()  ???:0
 5 0x0000000000412748 MAIN__()  ???:0
 6 0x00000000004126e2 main()  ???:0
 7 0x000000000003a865 __libc_start_main()  ???:0
 8 0x00000000004125ee _start()  ???:0
=================================
==== backtrace (tid:  61945) ====
 0 0x0000000000012990 __funlockfile()  :0
 1 0x00000000000f03ef diagnostics_mp_diag_curl_vel3_()  ???:0
 2 0x000000000028c426 solve_tracers_ale_()  ???:0
 3 0x000000000022af77 oce_timestep_ale_()  ???:0
 4 0x0000000000078e03 fesom_module_mp_fesom_runloop_()  ???:0
 5 0x0000000000412748 MAIN__()  ???:0
 6 0x00000000004126e2 main()  ???:0
 7 0x000000000003a865 __libc_start_main()  ???:0
 8 0x00000000004125ee _start()  ???:0
=================================
==== backtrace (tid:  61904) ====
 0 0x0000000000012990 __funlockfile()  :0
 1 0x00000000000f03ef diagnostics_mp_diag_curl_vel3_()  ???:0
 2 0x000000000028c426 solve_tracers_ale_()  ???:0
 3 0x000000000022af77 oce_timestep_ale_()  ???:0
 4 0x0000000000078e03 fesom_module_mp_fesom_runloop_()  ???:0
 5 0x0000000000412748 MAIN__()  ???:0
 6 0x00000000004126e2 main()  ???:0
 7 0x000000000003a865 __libc_start_main()  ???:0
 8 0x00000000004125ee _start()  ???:0
=================================
==== backtrace (tid:  61934) ====
 0 0x0000000000012990 __funlockfile()  :0
 1 0x00000000000f03ef diagnostics_mp_diag_curl_vel3_()  ???:0
 2 0x000000000028c426 solve_tracers_ale_()  ???:0
 3 0x000000000022af77 oce_timestep_ale_()  ???:0
 4 0x0000000000078e03 fesom_module_mp_fesom_runloop_()  ???:0
 5 0x0000000000412748 MAIN__()  ???:0
 6 0x00000000004126e2 main()  ???:0
 7 0x000000000003a865 __libc_start_main()  ???:0
 8 0x00000000004125ee _start()  ???:0
=================================
==== backtrace (tid:  61921) ====
 0 0x0000000000012990 __funlockfile()  :0
 1 0x00000000000f03ef diagnostics_mp_diag_curl_vel3_()  ???:0
 2 0x000000000028c426 solve_tracers_ale_()  ???:0
 3 0x000000000022af77 oce_timestep_ale_()  ???:0
 4 0x0000000000078e03 fesom_module_mp_fesom_runloop_()  ???:0
 5 0x0000000000412748 MAIN__()  ???:0
 6 0x00000000004126e2 main()  ???:0
 7 0x000000000003a865 __libc_start_main()  ???:0
 8 0x00000000004125ee _start()  ???:0
=================================
==== backtrace (tid:  61959) ====
 0 0x0000000000012990 __funlockfile()  :0
 1 0x00000000000f03ef diagnostics_mp_diag_curl_vel3_()  ???:0
 2 0x000000000028c426 solve_tracers_ale_()  ???:0
 3 0x000000000022af77 oce_timestep_ale_()  ???:0
 4 0x0000000000078e03 fesom_module_mp_fesom_runloop_()  ???:0
 5 0x0000000000412748 MAIN__()  ???:0
 6 0x00000000004126e2 main()  ???:0
 7 0x000000000003a865 __libc_start_main()  ???:0
 8 0x00000000004125ee _start()  ???:0
=================================
forrtl: severe (174): SIGSEGV, segmentation fault occurred
Image              PC                Routine            Line        Source             
fesom.x            000000000042CF4A  for__signal_handl     Unknown  Unknown
libpthread-2.28.s  00001555492ED990  Unknown               Unknown  Unknown
libfesom.so        000015554B5F33EF  diagnostics_mp_di     Unknown  Unknown
libfesom.so        000015554B78F426  solve_tracers_ale     Unknown  Unknown
libfesom.so        000015554B72DF77  oce_timestep_ale_     Unknown  Unknown
libfesom.so        000015554B57BE03  fesom_module_mp_f     Unknown  Unknown
fesom.x            0000000000412748  MAIN__                Unknown  Unknown
fesom.x            00000000004126E2  Unknown               Unknown  Unknown
libc-2.28.so       0000155548BBD865  __libc_start_main     Unknown  Unknown
fesom.x            00000000004125EE  Unknown               Unknown  Unknown
forrtl: severe (174): SIGSEGV, segmentation fault occurred
Image              PC                Routine            Line        Source             
fesom.x            000000000042CF4A  for__signal_handl     Unknown  Unknown
libpthread-2.28.s  00001555492ED990  Unknown               Unknown  Unknown
libfesom.so        000015554B5F33EF  diagnostics_mp_di     Unknown  Unknown
libfesom.so        000015554B78F426  solve_tracers_ale     Unknown  Unknown
libfesom.so        000015554B72DF77  oce_timestep_ale_     Unknown  Unknown
libfesom.so        000015554B57BE03  fesom_module_mp_f     Unknown  Unknown
fesom.x            0000000000412748  MAIN__                Unknown  Unknown
fesom.x            00000000004126E2  Unknown               Unknown  Unknown
libc-2.28.so       0000155548BBD865  __libc_start_main     Unknown  Unknown
fesom.x            00000000004125EE  Unknown               Unknown  Unknown
==== backtrace (tid:  61942) ====
 0 0x0000000000012990 __funlockfile()  :0
 1 0x00000000000f03ef diagnostics_mp_diag_curl_vel3_()  ???:0
 2 0x000000000028c426 solve_tracers_ale_()  ???:0
 3 0x000000000022af77 oce_timestep_ale_()  ???:0
 4 0x0000000000078e03 fesom_module_mp_fesom_runloop_()  ???:0
 5 0x0000000000412748 MAIN__()  ???:0
 6 0x00000000004126e2 main()  ???:0
 7 0x000000000003a865 __libc_start_main()  ???:0
 8 0x00000000004125ee _start()  ???:0
=================================
forrtl: severe (174): SIGSEGV, segmentation fault occurred
Image              PC                Routine            Line        Source             
fesom.x            000000000042CF4A  for__signal_handl     Unknown  Unknown
libpthread-2.28.s  00001555492ED990  Unknown               Unknown  Unknown
libfesom.so        000015554B5F33EF  diagnostics_mp_di     Unknown  Unknown
libfesom.so        000015554B78F426  solve_tracers_ale     Unknown  Unknown
libfesom.so        000015554B72DF77  oce_timestep_ale_     Unknown  Unknown
libfesom.so        000015554B57BE03  fesom_module_mp_f     Unknown  Unknown
fesom.x            0000000000412748  MAIN__                Unknown  Unknown
fesom.x            00000000004126E2  Unknown               Unknown  Unknown
libc-2.28.so       0000155548BBD865  __libc_start_main     Unknown  Unknown
fesom.x            00000000004125EE  Unknown               Unknown  Unknown
==== backtrace (tid:  61939) ====
 0 0x0000000000012990 __funlockfile()  :0
 1 0x00000000000f03ef diagnostics_mp_diag_curl_vel3_()  ???:0
 2 0x000000000028c426 solve_tracers_ale_()  ???:0
 3 0x000000000022af77 oce_timestep_ale_()  ???:0
 4 0x0000000000078e03 fesom_module_mp_fesom_runloop_()  ???:0
 5 0x0000000000412748 MAIN__()  ???:0
 6 0x00000000004126e2 main()  ???:0
 7 0x000000000003a865 __libc_start_main()  ???:0
 8 0x00000000004125ee _start()  ???:0
=================================
==== backtrace (tid:  61956) ====
 0 0x0000000000012990 __funlockfile()  :0
 1 0x00000000000f03ef diagnostics_mp_diag_curl_vel3_()  ???:0
 2 0x000000000028c426 solve_tracers_ale_()  ???:0
 3 0x000000000022af77 oce_timestep_ale_()  ???:0
 4 0x0000000000078e03 fesom_module_mp_fesom_runloop_()  ???:0
 5 0x0000000000412748 MAIN__()  ???:0
 6 0x00000000004126e2 main()  ???:0
 7 0x000000000003a865 __libc_start_main()  ???:0
 8 0x00000000004125ee _start()  ???:0
=================================
forrtl: severe (174): SIGSEGV, segmentation fault occurred
Image              PC                Routine            Line        Source             
fesom.x            000000000042CF4A  for__signal_handl     Unknown  Unknown
libpthread-2.28.s  00001555492ED990  Unknown               Unknown  Unknown
libfesom.so        000015554B5F33EF  diagnostics_mp_di     Unknown  Unknown
libfesom.so        000015554B78F426  solve_tracers_ale     Unknown  Unknown
libfesom.so        000015554B72DF77  oce_timestep_ale_     Unknown  Unknown
libfesom.so        000015554B57BE03  fesom_module_mp_f     Unknown  Unknown
fesom.x            0000000000412748  MAIN__                Unknown  Unknown
fesom.x            00000000004126E2  Unknown               Unknown  Unknown
libc-2.28.so       0000155548BBD865  __libc_start_main     Unknown  Unknown
fesom.x            00000000004125EE  Unknown               Unknown  Unknown
==== backtrace (tid:  61902) ====
 0 0x0000000000012990 __funlockfile()  :0
 1 0x00000000000f03ef diagnostics_mp_diag_curl_vel3_()  ???:0
 2 0x000000000028c426 solve_tracers_ale_()  ???:0
 3 0x000000000022af77 oce_timestep_ale_()  ???:0
 4 0x0000000000078e03 fesom_module_mp_fesom_runloop_()  ???:0
 5 0x0000000000412748 MAIN__()  ???:0
 6 0x00000000004126e2 main()  ???:0
 7 0x000000000003a865 __libc_start_main()  ???:0
 8 0x00000000004125ee _start()  ???:0
=================================
forrtl: severe (174): SIGSEGV, segmentation fault occurred
Image              PC                Routine            Line        Source             
fesom.x            000000000042CF4A  for__signal_handl     Unknown  Unknown
libpthread-2.28.s  00001555492ED990  Unknown               Unknown  Unknown
libfesom.so        000015554B5F33EF  diagnostics_mp_di     Unknown  Unknown
libfesom.so        000015554B78F426  solve_tracers_ale     Unknown  Unknown
libfesom.so        000015554B72DF77  oce_timestep_ale_     Unknown  Unknown
libfesom.so        000015554B57BE03  fesom_module_mp_f     Unknown  Unknown
fesom.x            0000000000412748  MAIN__                Unknown  Unknown
fesom.x            00000000004126E2  Unknown               Unknown  Unknown
libc-2.28.so       0000155548BBD865  __libc_start_main     Unknown  Unknown
fesom.x            00000000004125EE  Unknown               Unknown  Unknown
==== backtrace (tid:  61961) ====
 0 0x0000000000012990 __funlockfile()  :0
 1 0x00000000000f03ef diagnostics_mp_diag_curl_vel3_()  ???:0
 2 0x000000000028c426 solve_tracers_ale_()  ???:0
 3 0x000000000022af77 oce_timestep_ale_()  ???:0
 4 0x0000000000078e03 fesom_module_mp_fesom_runloop_()  ???:0
 5 0x0000000000412748 MAIN__()  ???:0
 6 0x00000000004126e2 main()  ???:0
 7 0x000000000003a865 __libc_start_main()  ???:0
 8 0x00000000004125ee _start()  ???:0
=================================
==== backtrace (tid:  61941) ====
 0 0x0000000000012990 __funlockfile()  :0
 1 0x00000000000f03ef diagnostics_mp_diag_curl_vel3_()  ???:0
 2 0x000000000028c426 solve_tracers_ale_()  ???:0
 3 0x000000000022af77 oce_timestep_ale_()  ???:0
 4 0x0000000000078e03 fesom_module_mp_fesom_runloop_()  ???:0
 5 0x0000000000412748 MAIN__()  ???:0
 6 0x00000000004126e2 main()  ???:0
 7 0x000000000003a865 __libc_start_main()  ???:0
 8 0x00000000004125ee _start()  ???:0
=================================
==== backtrace (tid:  61943) ====
 0 0x0000000000012990 __funlockfile()  :0
 1 0x00000000000f03ef diagnostics_mp_diag_curl_vel3_()  ???:0
 2 0x000000000028c426 solve_tracers_ale_()  ???:0
 3 0x000000000022af77 oce_timestep_ale_()  ???:0
 4 0x0000000000078e03 fesom_module_mp_fesom_runloop_()  ???:0
 5 0x0000000000412748 MAIN__()  ???:0
 6 0x00000000004126e2 main()  ???:0
 7 0x000000000003a865 __libc_start_main()  ???:0
 8 0x00000000004125ee _start()  ???:0
=================================
==== backtrace (tid:  61905) ====
 0 0x0000000000012990 __funlockfile()  :0
 1 0x00000000000f03ef diagnostics_mp_diag_curl_vel3_()  ???:0
 2 0x000000000028c426 solve_tracers_ale_()  ???:0
 3 0x000000000022af77 oce_timestep_ale_()  ???:0
 4 0x0000000000078e03 fesom_module_mp_fesom_runloop_()  ???:0
 5 0x0000000000412748 MAIN__()  ???:0
 6 0x00000000004126e2 main()  ???:0
 7 0x000000000003a865 __libc_start_main()  ???:0
 8 0x00000000004125ee _start()  ???:0
=================================
==== backtrace (tid:  61955) ====
 0 0x0000000000012990 __funlockfile()  :0
 1 0x00000000000f03ef diagnostics_mp_diag_curl_vel3_()  ???:0
 2 0x000000000028c426 solve_tracers_ale_()  ???:0
 3 0x000000000022af77 oce_timestep_ale_()  ???:0
 4 0x0000000000078e03 fesom_module_mp_fesom_runloop_()  ???:0
 5 0x0000000000412748 MAIN__()  ???:0
 6 0x00000000004126e2 main()  ???:0
 7 0x000000000003a865 __libc_start_main()  ???:0
 8 0x00000000004125ee _start()  ???:0
=================================
==== backtrace (tid:  61917) ====
 0 0x0000000000012990 __funlockfile()  :0
 1 0x00000000000f03ef diagnostics_mp_diag_curl_vel3_()  ???:0
 2 0x000000000028c426 solve_tracers_ale_()  ???:0
 3 0x000000000022af77 oce_timestep_ale_()  ???:0
 4 0x0000000000078e03 fesom_module_mp_fesom_runloop_()  ???:0
 5 0x0000000000412748 MAIN__()  ???:0
 6 0x00000000004126e2 main()  ???:0
 7 0x000000000003a865 __libc_start_main()  ???:0
 8 0x00000000004125ee _start()  ???:0
=================================
forrtl: severe (174): SIGSEGV, segmentation fault occurred
Image              PC                Routine            Line        Source             
fesom.x            000000000042CF4A  for__signal_handl     Unknown  Unknown
libpthread-2.28.s  00001555492ED990  Unknown               Unknown  Unknown
libfesom.so        000015554B5F33EF  diagnostics_mp_di     Unknown  Unknown
libfesom.so        000015554B78F426  solve_tracers_ale     Unknown  Unknown
libfesom.so        000015554B72DF77  oce_timestep_ale_     Unknown  Unknown
libfesom.so        000015554B57BE03  fesom_module_mp_f     Unknown  Unknown
fesom.x            0000000000412748  MAIN__                Unknown  Unknown
fesom.x            00000000004126E2  Unknown               Unknown  Unknown
libc-2.28.so       0000155548BBD865  __libc_start_main     Unknown  Unknown
fesom.x            00000000004125EE  Unknown               Unknown  Unknown
==== backtrace (tid:  61944) ====
 0 0x0000000000012990 __funlockfile()  :0
 1 0x00000000000f03ef diagnostics_mp_diag_curl_vel3_()  ???:0
 2 0x000000000028c426 solve_tracers_ale_()  ???:0
 3 0x000000000022af77 oce_timestep_ale_()  ???:0
 4 0x0000000000078e03 fesom_module_mp_fesom_runloop_()  ???:0
 5 0x0000000000412748 MAIN__()  ???:0
 6 0x00000000004126e2 main()  ???:0
 7 0x000000000003a865 __libc_start_main()  ???:0
 8 0x00000000004125ee _start()  ???:0
=================================
forrtl: severe (174): SIGSEGV, segmentation fault occurred
Image              PC                Routine            Line        Source             
fesom.x            000000000042CF4A  for__signal_handl     Unknown  Unknown
libpthread-2.28.s  00001555492ED990  Unknown               Unknown  Unknown
libfesom.so        000015554B5F33EF  diagnostics_mp_di     Unknown  Unknown
libfesom.so        000015554B78F426  solve_tracers_ale     Unknown  Unknown
libfesom.so        000015554B72DF77  oce_timestep_ale_     Unknown  Unknown
libfesom.so        000015554B57BE03  fesom_module_mp_f     Unknown  Unknown
fesom.x            0000000000412748  MAIN__                Unknown  Unknown
fesom.x            00000000004126E2  Unknown               Unknown  Unknown
libc-2.28.so       0000155548BBD865  __libc_start_main     Unknown  Unknown
fesom.x            00000000004125EE  Unknown               Unknown  Unknown
==== backtrace (tid:  61933) ====
 0 0x0000000000012990 __funlockfile()  :0
 1 0x00000000000f03ef diagnostics_mp_diag_curl_vel3_()  ???:0
 2 0x000000000028c426 solve_tracers_ale_()  ???:0
 3 0x000000000022af77 oce_timestep_ale_()  ???:0
 4 0x0000000000078e03 fesom_module_mp_fesom_runloop_()  ???:0
 5 0x0000000000412748 MAIN__()  ???:0
 6 0x00000000004126e2 main()  ???:0
 7 0x000000000003a865 __libc_start_main()  ???:0
 8 0x00000000004125ee _start()  ???:0
=================================
forrtl: severe (174): SIGSEGV, segmentation fault occurred
Image              PC                Routine            Line        Source             
fesom.x            000000000042CF4A  for__signal_handl     Unknown  Unknown
libpthread-2.28.s  00001555492ED990  Unknown               Unknown  Unknown
libfesom.so        000015554B5F33EF  diagnostics_mp_di     Unknown  Unknown
libfesom.so        000015554B78F426  solve_tracers_ale     Unknown  Unknown
libfesom.so        000015554B72DF77  oce_timestep_ale_     Unknown  Unknown
libfesom.so        000015554B57BE03  fesom_module_mp_f     Unknown  Unknown
fesom.x            0000000000412748  MAIN__                Unknown  Unknown
fesom.x            00000000004126E2  Unknown               Unknown  Unknown
libc-2.28.so       0000155548BBD865  __libc_start_main     Unknown  Unknown
fesom.x            00000000004125EE  Unknown               Unknown  Unknown
==== backtrace (tid:  61923) ====
 0 0x0000000000012990 __funlockfile()  :0
 1 0x00000000000f03ef diagnostics_mp_diag_curl_vel3_()  ???:0
 2 0x000000000028c426 solve_tracers_ale_()  ???:0
 3 0x000000000022af77 oce_timestep_ale_()  ???:0
 4 0x0000000000078e03 fesom_module_mp_fesom_runloop_()  ???:0
 5 0x0000000000412748 MAIN__()  ???:0
 6 0x00000000004126e2 main()  ???:0
 7 0x000000000003a865 __libc_start_main()  ???:0
 8 0x00000000004125ee _start()  ???:0
=================================
==== backtrace (tid:  61911) ====
 0 0x0000000000012990 __funlockfile()  :0
 1 0x00000000000f03ef diagnostics_mp_diag_curl_vel3_()  ???:0
 2 0x000000000028c426 solve_tracers_ale_()  ???:0
 3 0x000000000022af77 oce_timestep_ale_()  ???:0
 4 0x0000000000078e03 fesom_module_mp_fesom_runloop_()  ???:0
 5 0x0000000000412748 MAIN__()  ???:0
 6 0x00000000004126e2 main()  ???:0
 7 0x000000000003a865 __libc_start_main()  ???:0
 8 0x00000000004125ee _start()  ???:0
=================================
forrtl: severe (174): SIGSEGV, segmentation fault occurred
Image              PC                Routine            Line        Source             
fesom.x            000000000042CF4A  for__signal_handl     Unknown  Unknown
libpthread-2.28.s  00001555492ED990  Unknown               Unknown  Unknown
libfesom.so        000015554B5F33EF  diagnostics_mp_di     Unknown  Unknown
libfesom.so        000015554B78F426  solve_tracers_ale     Unknown  Unknown
libfesom.so        000015554B72DF77  oce_timestep_ale_     Unknown  Unknown
libfesom.so        000015554B57BE03  fesom_module_mp_f     Unknown  Unknown
fesom.x            0000000000412748  MAIN__                Unknown  Unknown
fesom.x            00000000004126E2  Unknown               Unknown  Unknown
libc-2.28.so       0000155548BBD865  __libc_start_main     Unknown  Unknown
fesom.x            00000000004125EE  Unknown               Unknown  Unknown
forrtl: severe (174): SIGSEGV, segmentation fault occurred
Image              PC                Routine            Line        Source             
fesom.x            000000000042CF4A  for__signal_handl     Unknown  Unknown
libpthread-2.28.s  00001555492ED990  Unknown               Unknown  Unknown
libfesom.so        000015554B5F33EF  diagnostics_mp_di     Unknown  Unknown
libfesom.so        000015554B78F426  solve_tracers_ale     Unknown  Unknown
libfesom.so        000015554B72DF77  oce_timestep_ale_     Unknown  Unknown
libfesom.so        000015554B57BE03  fesom_module_mp_f     Unknown  Unknown
fesom.x            0000000000412748  MAIN__                Unknown  Unknown
fesom.x            00000000004126E2  Unknown               Unknown  Unknown
libc-2.28.so       0000155548BBD865  __libc_start_main     Unknown  Unknown
fesom.x            00000000004125EE  Unknown               Unknown  Unknown
forrtl: severe (174): SIGSEGV, segmentation fault occurred
Image              PC                Routine            Line        Source             
fesom.x            000000000042CF4A  for__signal_handl     Unknown  Unknown
libpthread-2.28.s  00001555492ED990  Unknown               Unknown  Unknown
libfesom.so        000015554B5F33EF  diagnostics_mp_di     Unknown  Unknown
libfesom.so        000015554B78F426  solve_tracers_ale     Unknown  Unknown
libfesom.so        000015554B72DF77  oce_timestep_ale_     Unknown  Unknown
libfesom.so        000015554B57BE03  fesom_module_mp_f     Unknown  Unknown
fesom.x            0000000000412748  MAIN__                Unknown  Unknown
fesom.x            00000000004126E2  Unknown               Unknown  Unknown
libc-2.28.so       0000155548BBD865  __libc_start_main     Unknown  Unknown
fesom.x            00000000004125EE  Unknown               Unknown  Unknown
forrtl: severe (174): SIGSEGV, segmentation fault occurred
Image              PC                Routine            Line        Source             
fesom.x            000000000042CF4A  for__signal_handl     Unknown  Unknown
libpthread-2.28.s  00001555492ED990  Unknown               Unknown  Unknown
libfesom.so        000015554B5F33EF  diagnostics_mp_di     Unknown  Unknown
libfesom.so        000015554B78F426  solve_tracers_ale     Unknown  Unknown
libfesom.so        000015554B72DF77  oce_timestep_ale_     Unknown  Unknown
libfesom.so        000015554B57BE03  fesom_module_mp_f     Unknown  Unknown
fesom.x            0000000000412748  MAIN__                Unknown  Unknown
fesom.x            00000000004126E2  Unknown               Unknown  Unknown
libc-2.28.so       0000155548BBD865  __libc_start_main     Unknown  Unknown
fesom.x            00000000004125EE  Unknown               Unknown  Unknown
forrtl: severe (174): SIGSEGV, segmentation fault occurred
Image              PC                Routine            Line        Source             
fesom.x            000000000042CF4A  for__signal_handl     Unknown  Unknown
libpthread-2.28.s  00001555492ED990  Unknown               Unknown  Unknown
libfesom.so        000015554B5F33EF  diagnostics_mp_di     Unknown  Unknown
libfesom.so        000015554B78F426  solve_tracers_ale     Unknown  Unknown
libfesom.so        000015554B72DF77  oce_timestep_ale_     Unknown  Unknown
libfesom.so        000015554B57BE03  fesom_module_mp_f     Unknown  Unknown
fesom.x            0000000000412748  MAIN__                Unknown  Unknown
fesom.x            00000000004126E2  Unknown               Unknown  Unknown
libc-2.28.so       0000155548BBD865  __libc_start_main     Unknown  Unknown
fesom.x            00000000004125EE  Unknown               Unknown  Unknown
forrtl: severe (174): SIGSEGV, segmentation fault occurred
Image              PC                Routine            Line        Source             
fesom.x            000000000042CF4A  for__signal_handl     Unknown  Unknown
libpthread-2.28.s  00001555492ED990  Unknown               Unknown  Unknown
libfesom.so        000015554B5F33EF  diagnostics_mp_di     Unknown  Unknown
libfesom.so        000015554B78F426  solve_tracers_ale     Unknown  Unknown
libfesom.so        000015554B72DF77  oce_timestep_ale_     Unknown  Unknown
libfesom.so        000015554B57BE03  fesom_module_mp_f     Unknown  Unknown
fesom.x            0000000000412748  MAIN__                Unknown  Unknown
fesom.x            00000000004126E2  Unknown               Unknown  Unknown
libc-2.28.so       0000155548BBD865  __libc_start_main     Unknown  Unknown
fesom.x            00000000004125EE  Unknown               Unknown  Unknown
forrtl: severe (174): SIGSEGV, segmentation fault occurred
Image              PC                Routine            Line        Source             
fesom.x            000000000042CF4A  for__signal_handl     Unknown  Unknown
libpthread-2.28.s  00001555492ED990  Unknown               Unknown  Unknown
libfesom.so        000015554B5F33EF  diagnostics_mp_di     Unknown  Unknown
libfesom.so        000015554B78F426  solve_tracers_ale     Unknown  Unknown
libfesom.so        000015554B72DF77  oce_timestep_ale_     Unknown  Unknown
libfesom.so        000015554B57BE03  fesom_module_mp_f     Unknown  Unknown
fesom.x            0000000000412748  MAIN__                Unknown  Unknown
fesom.x            00000000004126E2  Unknown               Unknown  Unknown
libc-2.28.so       0000155548BBD865  __libc_start_main     Unknown  Unknown
fesom.x            00000000004125EE  Unknown               Unknown  Unknown
forrtl: severe (174): SIGSEGV, segmentation fault occurred
Image              PC                Routine            Line        Source             
fesom.x            000000000042CF4A  for__signal_handl     Unknown  Unknown
libpthread-2.28.s  00001555492ED990  Unknown               Unknown  Unknown
libfesom.so        000015554B5F33EF  diagnostics_mp_di     Unknown  Unknown
libfesom.so        000015554B78F426  solve_tracers_ale     Unknown  Unknown
libfesom.so        000015554B72DF77  oce_timestep_ale_     Unknown  Unknown
libfesom.so        000015554B57BE03  fesom_module_mp_f     Unknown  Unknown
fesom.x            0000000000412748  MAIN__                Unknown  Unknown
fesom.x            00000000004126E2  Unknown               Unknown  Unknown
libc-2.28.so       0000155548BBD865  __libc_start_main     Unknown  Unknown
fesom.x            00000000004125EE  Unknown               Unknown  Unknown
forrtl: severe (174): SIGSEGV, segmentation fault occurred
Image              PC                Routine            Line        Source             
fesom.x            000000000042CF4A  for__signal_handl     Unknown  Unknown
libpthread-2.28.s  00001555492ED990  Unknown               Unknown  Unknown
libfesom.so        000015554B5F33EF  diagnostics_mp_di     Unknown  Unknown
libfesom.so        000015554B78F426  solve_tracers_ale     Unknown  Unknown
libfesom.so        000015554B72DF77  oce_timestep_ale_     Unknown  Unknown
libfesom.so        000015554B57BE03  fesom_module_mp_f     Unknown  Unknown
fesom.x            0000000000412748  MAIN__                Unknown  Unknown
fesom.x            00000000004126E2  Unknown               Unknown  Unknown
libc-2.28.so       0000155548BBD865  __libc_start_main     Unknown  Unknown
fesom.x            00000000004125EE  Unknown               Unknown  Unknown
forrtl: severe (174): SIGSEGV, segmentation fault occurred
Image              PC                Routine            Line        Source             
fesom.x            000000000042CF4A  for__signal_handl     Unknown  Unknown
libpthread-2.28.s  00001555492ED990  Unknown               Unknown  Unknown
libfesom.so        000015554B5F33EF  diagnostics_mp_di     Unknown  Unknown
libfesom.so        000015554B78F426  solve_tracers_ale     Unknown  Unknown
libfesom.so        000015554B72DF77  oce_timestep_ale_     Unknown  Unknown
libfesom.so        000015554B57BE03  fesom_module_mp_f     Unknown  Unknown
fesom.x            0000000000412748  MAIN__                Unknown  Unknown
fesom.x            00000000004126E2  Unknown               Unknown  Unknown
libc-2.28.so       0000155548BBD865  __libc_start_main     Unknown  Unknown
fesom.x            00000000004125EE  Unknown               Unknown  Unknown
forrtl: severe (174): SIGSEGV, segmentation fault occurred
Image              PC                Routine            Line        Source             
fesom.x            000000000042CF4A  for__signal_handl     Unknown  Unknown
libpthread-2.28.s  00001555492ED990  Unknown               Unknown  Unknown
libfesom.so        000015554B5F33EF  diagnostics_mp_di     Unknown  Unknown
libfesom.so        000015554B78F426  solve_tracers_ale     Unknown  Unknown
libfesom.so        000015554B72DF77  oce_timestep_ale_     Unknown  Unknown
libfesom.so        000015554B57BE03  fesom_module_mp_f     Unknown  Unknown
fesom.x            0000000000412748  MAIN__                Unknown  Unknown
fesom.x            00000000004126E2  Unknown               Unknown  Unknown
libc-2.28.so       0000155548BBD865  __libc_start_main     Unknown  Unknown
fesom.x            00000000004125EE  Unknown               Unknown  Unknown
forrtl: severe (174): SIGSEGV, segmentation fault occurred
Image              PC                Routine            Line        Source             
fesom.x            000000000042CF4A  for__signal_handl     Unknown  Unknown
libpthread-2.28.s  00001555492ED990  Unknown               Unknown  Unknown
libfesom.so        000015554B5F33EF  diagnostics_mp_di     Unknown  Unknown
libfesom.so        000015554B78F426  solve_tracers_ale     Unknown  Unknown
libfesom.so        000015554B72DF77  oce_timestep_ale_     Unknown  Unknown
libfesom.so        000015554B57BE03  fesom_module_mp_f     Unknown  Unknown
fesom.x            0000000000412748  MAIN__                Unknown  Unknown
fesom.x            00000000004126E2  Unknown               Unknown  Unknown
libc-2.28.so       0000155548BBD865  __libc_start_main     Unknown  Unknown
fesom.x            00000000004125EE  Unknown               Unknown  Unknown
forrtl: severe (174): SIGSEGV, segmentation fault occurred
Image              PC                Routine            Line        Source             
fesom.x            000000000042CF4A  for__signal_handl     Unknown  Unknown
libpthread-2.28.s  00001555492ED990  Unknown               Unknown  Unknown
libfesom.so        000015554B5F33EF  diagnostics_mp_di     Unknown  Unknown
libfesom.so        000015554B78F426  solve_tracers_ale     Unknown  Unknown
libfesom.so        000015554B72DF77  oce_timestep_ale_     Unknown  Unknown
libfesom.so        000015554B57BE03  fesom_module_mp_f     Unknown  Unknown
fesom.x            0000000000412748  MAIN__                Unknown  Unknown
fesom.x            00000000004126E2  Unknown               Unknown  Unknown
libc-2.28.so       0000155548BBD865  __libc_start_main     Unknown  Unknown
fesom.x            00000000004125EE  Unknown               Unknown  Unknown
forrtl: severe (174): SIGSEGV, segmentation fault occurred
Image              PC                Routine            Line        Source             
fesom.x            000000000042CF4A  for__signal_handl     Unknown  Unknown
libpthread-2.28.s  00001555492ED990  Unknown               Unknown  Unknown
libfesom.so        000015554B5F33EF  diagnostics_mp_di     Unknown  Unknown
libfesom.so        000015554B78F426  solve_tracers_ale     Unknown  Unknown
libfesom.so        000015554B72DF77  oce_timestep_ale_     Unknown  Unknown
libfesom.so        000015554B57BE03  fesom_module_mp_f     Unknown  Unknown
fesom.x            0000000000412748  MAIN__                Unknown  Unknown
fesom.x            00000000004126E2  Unknown               Unknown  Unknown
libc-2.28.so       0000155548BBD865  __libc_start_main     Unknown  Unknown
fesom.x            00000000004125EE  Unknown               Unknown  Unknown
forrtl: severe (174): SIGSEGV, segmentation fault occurred
Image              PC                Routine            Line        Source             
fesom.x            000000000042CF4A  for__signal_handl     Unknown  Unknown
libpthread-2.28.s  00001555492ED990  Unknown               Unknown  Unknown
libfesom.so        000015554B5F33EF  diagnostics_mp_di     Unknown  Unknown
libfesom.so        000015554B78F426  solve_tracers_ale     Unknown  Unknown
libfesom.so        000015554B72DF77  oce_timestep_ale_     Unknown  Unknown
libfesom.so        000015554B57BE03  fesom_module_mp_f     Unknown  Unknown
fesom.x            0000000000412748  MAIN__                Unknown  Unknown
fesom.x            00000000004126E2  Unknown               Unknown  Unknown
libc-2.28.so       0000155548BBD865  __libc_start_main     Unknown  Unknown
fesom.x            00000000004125EE  Unknown               Unknown  Unknown
forrtl: severe (174): SIGSEGV, segmentation fault occurred
Image              PC                Routine            Line        Source             
fesom.x            000000000042CF4A  for__signal_handl     Unknown  Unknown
libpthread-2.28.s  00001555492ED990  Unknown               Unknown  Unknown
libfesom.so        000015554B5F33EF  diagnostics_mp_di     Unknown  Unknown
libfesom.so        000015554B78F426  solve_tracers_ale     Unknown  Unknown
libfesom.so        000015554B72DF77  oce_timestep_ale_     Unknown  Unknown
libfesom.so        000015554B57BE03  fesom_module_mp_f     Unknown  Unknown
fesom.x            0000000000412748  MAIN__                Unknown  Unknown
fesom.x            00000000004126E2  Unknown               Unknown  Unknown
libc-2.28.so       0000155548BBD865  __libc_start_main     Unknown  Unknown
fesom.x            00000000004125EE  Unknown               Unknown  Unknown
forrtl: severe (174): SIGSEGV, segmentation fault occurred
Image              PC                Routine            Line        Source             
fesom.x            000000000042CF4A  for__signal_handl     Unknown  Unknown
libpthread-2.28.s  00001555492ED990  Unknown               Unknown  Unknown
libfesom.so        000015554B5F33EF  diagnostics_mp_di     Unknown  Unknown
libfesom.so        000015554B78F426  solve_tracers_ale     Unknown  Unknown
libfesom.so        000015554B72DF77  oce_timestep_ale_     Unknown  Unknown
libfesom.so        000015554B57BE03  fesom_module_mp_f     Unknown  Unknown
fesom.x            0000000000412748  MAIN__                Unknown  Unknown
fesom.x            00000000004126E2  Unknown               Unknown  Unknown
libc-2.28.so       0000155548BBD865  __libc_start_main     Unknown  Unknown
fesom.x            00000000004125EE  Unknown               Unknown  Unknown
forrtl: severe (174): SIGSEGV, segmentation fault occurred
Image              PC                Routine            Line        Source             
fesom.x            000000000042CF4A  for__signal_handl     Unknown  Unknown
libpthread-2.28.s  00001555492ED990  Unknown               Unknown  Unknown
libfesom.so        000015554B5F33EF  diagnostics_mp_di     Unknown  Unknown
libfesom.so        000015554B78F426  solve_tracers_ale     Unknown  Unknown
libfesom.so        000015554B72DF77  oce_timestep_ale_     Unknown  Unknown
libfesom.so        000015554B57BE03  fesom_module_mp_f     Unknown  Unknown
fesom.x            0000000000412748  MAIN__                Unknown  Unknown
fesom.x            00000000004126E2  Unknown               Unknown  Unknown
libc-2.28.so       0000155548BBD865  __libc_start_main     Unknown  Unknown
fesom.x            00000000004125EE  Unknown               Unknown  Unknown
forrtl: severe (174): SIGSEGV, segmentation fault occurred
Image              PC                Routine            Line        Source             
fesom.x            000000000042CF4A  for__signal_handl     Unknown  Unknown
libpthread-2.28.s  00001555492ED990  Unknown               Unknown  Unknown
libfesom.so        000015554B5F33EF  diagnostics_mp_di     Unknown  Unknown
libfesom.so        000015554B78F426  solve_tracers_ale     Unknown  Unknown
libfesom.so        000015554B72DF77  oce_timestep_ale_     Unknown  Unknown
libfesom.so        000015554B57BE03  fesom_module_mp_f     Unknown  Unknown
fesom.x            0000000000412748  MAIN__                Unknown  Unknown
fesom.x            00000000004126E2  Unknown               Unknown  Unknown
libc-2.28.so       0000155548BBD865  __libc_start_main     Unknown  Unknown
fesom.x            00000000004125EE  Unknown               Unknown  Unknown
forrtl: severe (174): SIGSEGV, segmentation fault occurred
Image              PC                Routine            Line        Source             
fesom.x            000000000042CF4A  for__signal_handl     Unknown  Unknown
libpthread-2.28.s  00001555492ED990  Unknown               Unknown  Unknown
libfesom.so        000015554B5F33EF  diagnostics_mp_di     Unknown  Unknown
libfesom.so        000015554B78F426  solve_tracers_ale     Unknown  Unknown
libfesom.so        000015554B72DF77  oce_timestep_ale_     Unknown  Unknown
libfesom.so        000015554B57BE03  fesom_module_mp_f     Unknown  Unknown
fesom.x            0000000000412748  MAIN__                Unknown  Unknown
fesom.x            00000000004126E2  Unknown               Unknown  Unknown
libc-2.28.so       0000155548BBD865  __libc_start_main     Unknown  Unknown
fesom.x            00000000004125EE  Unknown               Unknown  Unknown
forrtl: severe (174): SIGSEGV, segmentation fault occurred
Image              PC                Routine            Line        Source             
fesom.x            000000000042CF4A  for__signal_handl     Unknown  Unknown
libpthread-2.28.s  00001555492ED990  Unknown               Unknown  Unknown
libfesom.so        000015554B5F33EF  diagnostics_mp_di     Unknown  Unknown
libfesom.so        000015554B78F426  solve_tracers_ale     Unknown  Unknown
libfesom.so        000015554B72DF77  oce_timestep_ale_     Unknown  Unknown
libfesom.so        000015554B57BE03  fesom_module_mp_f     Unknown  Unknown
fesom.x            0000000000412748  MAIN__                Unknown  Unknown
fesom.x            00000000004126E2  Unknown               Unknown  Unknown
libc-2.28.so       0000155548BBD865  __libc_start_main     Unknown  Unknown
fesom.x            00000000004125EE  Unknown               Unknown  Unknown
forrtl: severe (174): SIGSEGV, segmentation fault occurred
Image              PC                Routine            Line        Source             
fesom.x            000000000042CF4A  for__signal_handl     Unknown  Unknown
libpthread-2.28.s  00001555492ED990  Unknown               Unknown  Unknown
libfesom.so        000015554B5F33EF  diagnostics_mp_di     Unknown  Unknown
libfesom.so        000015554B78F426  solve_tracers_ale     Unknown  Unknown
libfesom.so        000015554B72DF77  oce_timestep_ale_     Unknown  Unknown
libfesom.so        000015554B57BE03  fesom_module_mp_f     Unknown  Unknown
fesom.x            0000000000412748  MAIN__                Unknown  Unknown
fesom.x            00000000004126E2  Unknown               Unknown  Unknown
libc-2.28.so       0000155548BBD865  __libc_start_main     Unknown  Unknown
fesom.x            00000000004125EE  Unknown               Unknown  Unknown
forrtl: severe (174): SIGSEGV, segmentation fault occurred
Image              PC                Routine            Line        Source             
fesom.x            000000000042CF4A  for__signal_handl     Unknown  Unknown
libpthread-2.28.s  00001555492ED990  Unknown               Unknown  Unknown
libfesom.so        000015554B5F33EF  diagnostics_mp_di     Unknown  Unknown
libfesom.so        000015554B78F426  solve_tracers_ale     Unknown  Unknown
libfesom.so        000015554B72DF77  oce_timestep_ale_     Unknown  Unknown
libfesom.so        000015554B57BE03  fesom_module_mp_f     Unknown  Unknown
fesom.x            0000000000412748  MAIN__                Unknown  Unknown
fesom.x            00000000004126E2  Unknown               Unknown  Unknown
libc-2.28.so       0000155548BBD865  __libc_start_main     Unknown  Unknown
fesom.x            00000000004125EE  Unknown               Unknown  Unknown
forrtl: severe (174): SIGSEGV, segmentation fault occurred
Image              PC                Routine            Line        Source             
fesom.x            000000000042CF4A  for__signal_handl     Unknown  Unknown
libpthread-2.28.s  00001555492ED990  Unknown               Unknown  Unknown
libfesom.so        000015554B5F33EF  diagnostics_mp_di     Unknown  Unknown
libfesom.so        000015554B78F426  solve_tracers_ale     Unknown  Unknown
libfesom.so        000015554B72DF77  oce_timestep_ale_     Unknown  Unknown
libfesom.so        000015554B57BE03  fesom_module_mp_f     Unknown  Unknown
fesom.x            0000000000412748  MAIN__                Unknown  Unknown
fesom.x            00000000004126E2  Unknown               Unknown  Unknown
libc-2.28.so       0000155548BBD865  __libc_start_main     Unknown  Unknown
fesom.x            00000000004125EE  Unknown               Unknown  Unknown
forrtl: severe (174): SIGSEGV, segmentation fault occurred
Image              PC                Routine            Line        Source             
fesom.x            000000000042CF4A  for__signal_handl     Unknown  Unknown
libpthread-2.28.s  00001555492ED990  Unknown               Unknown  Unknown
libfesom.so        000015554B5F33EF  diagnostics_mp_di     Unknown  Unknown
libfesom.so        000015554B78F426  solve_tracers_ale     Unknown  Unknown
libfesom.so        000015554B72DF77  oce_timestep_ale_     Unknown  Unknown
libfesom.so        000015554B57BE03  fesom_module_mp_f     Unknown  Unknown
fesom.x            0000000000412748  MAIN__                Unknown  Unknown
fesom.x            00000000004126E2  Unknown               Unknown  Unknown
libc-2.28.so       0000155548BBD865  __libc_start_main     Unknown  Unknown
fesom.x            00000000004125EE  Unknown               Unknown  Unknown
forrtl: severe (174): SIGSEGV, segmentation fault occurred
Image              PC                Routine            Line        Source             
fesom.x            000000000042CF4A  for__signal_handl     Unknown  Unknown
libpthread-2.28.s  00001555492ED990  Unknown               Unknown  Unknown
libfesom.so        000015554B5F33EF  diagnostics_mp_di     Unknown  Unknown
libfesom.so        000015554B78F426  solve_tracers_ale     Unknown  Unknown
libfesom.so        000015554B72DF77  oce_timestep_ale_     Unknown  Unknown
libfesom.so        000015554B57BE03  fesom_module_mp_f     Unknown  Unknown
fesom.x            0000000000412748  MAIN__                Unknown  Unknown
fesom.x            00000000004126E2  Unknown               Unknown  Unknown
libc-2.28.so       0000155548BBD865  __libc_start_main     Unknown  Unknown
fesom.x            00000000004125EE  Unknown               Unknown  Unknown
forrtl: severe (174): SIGSEGV, segmentation fault occurred
Image              PC                Routine            Line        Source             
fesom.x            000000000042CF4A  for__signal_handl     Unknown  Unknown
libpthread-2.28.s  00001555492ED990  Unknown               Unknown  Unknown
libfesom.so        000015554B5F33EF  diagnostics_mp_di     Unknown  Unknown
libfesom.so        000015554B78F426  solve_tracers_ale     Unknown  Unknown
libfesom.so        000015554B72DF77  oce_timestep_ale_     Unknown  Unknown
libfesom.so        000015554B57BE03  fesom_module_mp_f     Unknown  Unknown
fesom.x            0000000000412748  MAIN__                Unknown  Unknown
fesom.x            00000000004126E2  Unknown               Unknown  Unknown
libc-2.28.so       0000155548BBD865  __libc_start_main     Unknown  Unknown
fesom.x            00000000004125EE  Unknown               Unknown  Unknown
forrtl: severe (174): SIGSEGV, segmentation fault occurred
Image              PC                Routine            Line        Source             
fesom.x            000000000042CF4A  for__signal_handl     Unknown  Unknown
libpthread-2.28.s  00001555492ED990  Unknown               Unknown  Unknown
libfesom.so        000015554B5F33EF  diagnostics_mp_di     Unknown  Unknown
libfesom.so        000015554B78F426  solve_tracers_ale     Unknown  Unknown
libfesom.so        000015554B72DF77  oce_timestep_ale_     Unknown  Unknown
libfesom.so        000015554B57BE03  fesom_module_mp_f     Unknown  Unknown
fesom.x            0000000000412748  MAIN__                Unknown  Unknown
fesom.x            00000000004126E2  Unknown               Unknown  Unknown
libc-2.28.so       0000155548BBD865  __libc_start_main     Unknown  Unknown
fesom.x            00000000004125EE  Unknown               Unknown  Unknown
forrtl: severe (174): SIGSEGV, segmentation fault occurred
Image              PC                Routine            Line        Source             
fesom.x            000000000042CF4A  for__signal_handl     Unknown  Unknown
libpthread-2.28.s  00001555492ED990  Unknown               Unknown  Unknown
libfesom.so        000015554B5F33EF  diagnostics_mp_di     Unknown  Unknown
libfesom.so        000015554B78F426  solve_tracers_ale     Unknown  Unknown
libfesom.so        000015554B72DF77  oce_timestep_ale_     Unknown  Unknown
libfesom.so        000015554B57BE03  fesom_module_mp_f     Unknown  Unknown
fesom.x            0000000000412748  MAIN__                Unknown  Unknown
fesom.x            00000000004126E2  Unknown               Unknown  Unknown
libc-2.28.so       0000155548BBD865  __libc_start_main     Unknown  Unknown
fesom.x            00000000004125EE  Unknown               Unknown  Unknown
srun: error: prod-141: tasks 0-59: Exited with exit code 174
srun: launch/slurm: _step_signal: Terminating StepId=44009219.0
Fri May 22 11:32:10 CEST 2026
