Module for intel-oneapi-compilers version 2022.1.0 loaded
Module for intel-oneapi-mpi version 2021.6.0 loaded
Module for intel-oneapi-mkl version 2022.1.0 loaded
Module for netcdf-fortran version 4.5.4 loaded
Module for netcdf-c version 4.8.1 loaded
ln: failed to create symbolic link './fesom.x': File exists
Thu May 21 12:08:39 CEST 2026
 MPI has been initialized, provided MPI thread support level: MPI_THREAD_MULTIPLE           3
 Running on                             60  PEs
 
 [36m .------. ------. ------.  .-----. ,--.   ,-.  .----.  [0m
 [36m |  .--- ́|  .--- ́/    _ / ´  .-.  `|   `. ́   |\_,-.  | [0m
 [36m |  `--. |  `--. \_..`--. |  | |  ||  |`. ́|  |   . ́ . ́ [0m
 [36m |  .-- ́ |  .-- ́ .-._)   \|  | |  ||  |   |  | . ́  /_  [0m
 [36m |  |    |  `---.\       /`  `- ́   ́|  |   |  ||      | [0m
 [36m `-- ́    `------ ́ `----- ́  `----- ́ `-- ́   `-- ́`------ ́ [0m
                                           _____           
       ___________                     ,-:` \;´,``-,       
      | .-------. |                  .´-;_,;  `:-;_,`.     
      | |       | |                 /;   `/    ,  _`.-\    
      | |       | |                | ´`. (`     /` ` \`|   
      | |__   __| |            ,-C=|:.  `\`-.   \_   / |   
       `---|-|---´          ,-´    |     (   `,  .`\ ;`|   
        [====  O]--,    ,--´        \     | .´     `-´/    
      /:::::::::::\ \_,-             `.   ;/        .´     
     /:::::===:::::\                   ``-._____.-´`       
    ´---------------`                                      
 
 
 FESOM2 git SHA: c34a956e
 MPI library version: Intel(R) MPI Library 2021.6 for Linux* OS

 [32m____________________________________________________________[0m
 [7;32m --> FESOM BUILDS UP MODEL CONFIGURATION                    [0m
 Restart path configuration:
   Input path:  /albedo/work/projects/p_clidyn_work/rjuhrban/double_gyre/m100/results/NN_after_spinup_none/ml779z2/
   Output path: /albedo/work/projects/p_clidyn_work/rjuhrban/double_gyre/m100/results/NN_after_spinup_none/ml779z2/
   Note: Using same directory for input and output (legacy mode)
 Namelist files are read in
 time step size is set to    600.000000000000      sec
 Value of which_NN:ml779z2 
 
 [31m____________________________________________________________[0m
 [5;7;31m --> THIS IS A RESTART RUN !!!                              [0m
     > clock restarted at time:    0.00   1 2008
 
     5256000  steps to run for fesom      job submission
           0 rpart is read
 myLists are read
 reading /albedo/work/projects/p_clidyn_work/rjuhrban/double_gyre/m100/nod2d.out
 reading /albedo/work/projects/p_clidyn_work/rjuhrban/double_gyre/m100/elem2d.out
 elements are read
 communication arrays are read
 =========================
 2D mesh was read in   0.114338785366272       seconds
 2D mesh info : nod2D=         389  elem2D=         702 checksum= 
 =========================
 Communication arrays are set
 test_tri finished in   2.620028681121767E-006  seconds
 =========================
 reading /albedo/work/projects/p_clidyn_work/rjuhrban/double_gyre/m100/edgenum.out
 2D mesh info : edge2D=        1090
 reading /albedo/work/projects/p_clidyn_work/rjuhrban/double_gyre/m100/edges.out
 reading /albedo/work/projects/p_clidyn_work/rjuhrban/double_gyre/m100/edge_tri.out
 load_edges finished in   1.897068200923968E-002  seconds
 =========================
 find_neighbors finished in   2.465615849359892E-003  seconds
 =========================
 reading /albedo/work/projects/p_clidyn_work/rjuhrban/double_gyre/m100/elvls.out
 reading /albedo/work/projects/p_clidyn_work/rjuhrban/double_gyre/m100/nlvls.out
 ____________________________________________________________________
  --> 3D mesh was read in   3.845064726192504E-003  seconds
  --> Min/max depth on mype :            0   4000.00000000000        4000.00000000000     
 ____________________________________________________________________
  --> find min/max level e2n in  2.808918070513755E-004  seconds
 ____________________________________________________________________
  --> mesh statistics:           0
           0 maxArea    8831835589.32587         MinArea    8415276695.49772     
           0 maxScArea    17565690548.2392         MinScArea    16940789623.1981     
           0 Edges:            1090  internal         1016
      > Total ocean surface area is           :    5843962925012.69       m^2
      > Total ocean surface area with cavity is:    5843962925012.69       m^2
      > mesh_areas finished in   1.129587268223986E-003  seconds
 mesh_auxiliary_arrays finished in   7.042145298328251E-004  seconds
 =========================
 FESOM mesh_setup... complete
 ***start level area_test***
   5843962925012.69        5843962925012.69     
   5843962925012.69        5843962925012.69     
   5843962925012.69        5843962925012.69     
   5843962925012.69        5843962925012.69     
   5843962925012.69        5843962925012.69     
   5843962925012.69        5843962925012.69     
   5843962925012.69        5843962925012.69     
   5843962925012.69        5843962925012.69     
   5843962925012.69        5843962925012.69     
   5843962925012.69        5843962925012.69     
   5843962925012.69        5843962925012.69     
   5843962925012.69        5843962925012.69     
   5843962925012.69        5843962925012.69     
   5843962925012.69        5843962925012.69     
   5843962925012.69        5843962925012.69     
   5843962925012.69        5843962925012.69     
   5843962925012.69        5843962925012.69     
   5843962925012.69        5843962925012.69     
   5843962925012.69        5843962925012.69     
   5843962925012.69        5843962925012.69     
   5843962925012.69        5843962925012.69     
   5843962925012.69        5843962925012.69     
   5843962925012.69        5843962925012.69     
   5843962925012.69        5843962925012.69     
   5843962925012.69        5843962925012.69     
   5843962925012.69        5843962925012.69     
   5843962925012.69        5843962925012.69     
   5843962925012.69        5843962925012.69     
   5843962925012.69        5843962925012.69     
   5843962925012.69        5843962925012.69     
   5843962925012.69        5843962925012.69     
   5843962925012.69        5843962925012.69     
   5843962925012.69        5843962925012.69     
   5843962925012.69        5843962925012.69     
   5843962925012.69        5843962925012.69     
   5843962925012.69        5843962925012.69     
   5843962925012.69        5843962925012.69     
   5843962925012.69        5843962925012.69     
   5843962925012.69        5843962925012.69     
   5843962925012.69        5843962925012.69     
  0.000000000000000E+000  0.000000000000000E+000
 ***end level area_test***
      file   : namelist.dyn open ok
      file   : namelist.tra open ok
 number of tracers will be changed from          100  to            2 !
 total number of tracers is:            2
 ____________________________________________________________
  --> initialise ALE arrays + sparse SSH stiff matrix
 
 ____________________________________________________________
  --> initialise ssh operator using unperturbed ocean depth
      > in stiff_mat_ale, reading /albedo/work/projects/p_clidyn_work/rjuhrban/double_gyre/m100/dist_60/rpart.out
      took:   6.402941216947511E-004  sec
 
 Arrays are set
 FCT is initialized
           0 COR  0.993800598845800       0.933901681697525     
           0 COR_n  0.999790490560628       0.927911789982697     
 ____________________________________________________________
  --> call init_thickness_ale
 
 ____________________________________________________________
  --> initialise ALE layerthicknesses, depth levels and middepth levels
 
           2 COR  0.975830923701317       0.903952223123387     
           2 COR_n  0.981820815416145       0.891972439693731     
           1 COR   1.01177027399028       0.951871356842007     
           1 COR_n   1.01776016570511       0.945881465127180     
           3 COR  0.939891573412352       0.879992656264076     
           3 COR_n  0.945881465127180       0.874002764549249     
           7 COR   1.04770962427925       0.987810707130973     
           7 COR_n   1.05369951599408       0.981820815416145     
           8 COR   1.09562875799787        1.02375005741994     
           8 COR_n   1.10760854142752        1.01776016570511     
           5 COR  0.975830923701317       0.915932006553042     
           5 COR_n  0.981820815416145       0.909942114838214     
          26 COR  0.760194821967525       0.700295904819249     
          26 COR_n  0.766184713682352       0.694306013104421     
          28 COR  0.814103847400973       0.742225146823042     
          28 COR_n  0.820093739115801       0.730245363393387     
          25 COR  0.814103847400973       0.754204930252697     
          25 COR_n  0.820093739115801       0.748215038537870     
          27 COR  0.760194821967525       0.706285796534076     
          27 COR_n  0.766184713682352       0.694306013104421     
          47 COR   1.27532550944270        1.22141648400925     
          47 COR_n   1.28730529287235        1.21542659229442     
           4 COR  0.903952223123387       0.844053305975111     
           4 COR_n  0.909942114838214       0.838063414260283     
          20 COR  0.868012872834421       0.796134172256490     
          20 COR_n  0.874002764549249       0.784154388826835     
          29 COR  0.832073522545456       0.754204930252697     
          29 COR_n  0.838063414260283       0.748215038537870     
           9 COR   1.10161864971270        1.04171973256442     
           9 COR_n   1.10760854142752        1.03572984084959     
          10 COR   1.14953778343132        1.07765908285339     
          10 COR_n   1.16151756686097        1.07166919113856     
          16 COR  0.921921898267869       0.879992656264076     
          16 COR_n  0.927911789982697       0.874002764549249     
          18 COR  0.939891573412352       0.885982547978904     
          18 COR_n  0.945881465127180       0.874002764549249     
          24 COR  0.850043197689938       0.790144280541663     
          24 COR_n  0.856033089404766       0.784154388826835     
          45 COR   1.22740637572408        1.16750745857580     
          45 COR_n   1.23339626743890        1.16151756686097     
          52 COR   1.32923453487614        1.25735583429821     
          52 COR_n   1.34121431830580        1.25136594258339     
          53 COR   1.33522442659097        1.29329518458718     
          53 COR_n   1.34121431830580        1.28730529287235     
           6 COR  0.921921898267869       0.862022981119593     
           6 COR_n  0.927911789982697       0.856033089404766     
          12 COR   1.06567929942373        1.00578038227546     
          12 COR_n   1.07166919113856       0.999790490560628     
          13 COR   1.02973994913477       0.969841031986490     
          13 COR_n   1.03572984084959       0.963851140271662     
          15 COR  0.939891573412352       0.862022981119593     
          15 COR_n  0.945881465127180       0.856033089404766     
          21 COR  0.885982547978904       0.808113955686145     
          21 COR_n  0.891972439693731       0.802124063971318     
          22 COR  0.868012872834421       0.790144280541663     
          22 COR_n  0.874002764549249       0.784154388826835     
          23 COR  0.885982547978904       0.826083630830628     
          23 COR_n  0.891972439693731       0.820093739115801     
          31 COR   1.10161864971270        1.05968940770890     
          31 COR_n   1.10760854142752        1.05369951599408     
          39 COR   1.13755800000166        1.07765908285339     
          39 COR_n   1.14354789171649        1.07166919113856     
          43 COR   1.09562875799787        1.02973994913477     
          43 COR_n   1.10760854142752        1.01776016570511     
          46 COR   1.22740637572408        1.16750745857580     
          46 COR_n   1.23339626743890        1.16151756686097     
          55 COR   1.29928507630201        1.23938615915373     
          55 COR_n   1.30527496801683        1.23339626743890     
 Initial state
 Initializing neural network for GM parameterization
          11 COR   1.04770962427925       0.969841031986490     
          11 COR_n   1.05369951599408       0.963851140271662     
          14 COR  0.993800598845800       0.933901681697525     
          14 COR_n  0.999790490560628       0.927911789982697     
          17 COR  0.957861248556835       0.915932006553042     
          17 COR_n  0.963851140271662       0.909942114838214     
          19 COR  0.921921898267869       0.850043197689938     
          19 COR_n  0.927911789982697       0.838063414260283     
          30 COR   1.06567929942373        1.00578038227546     
          30 COR_n   1.07166919113856       0.999790490560628     
          32 COR   1.06567929942373        1.00578038227546     
          32 COR_n   1.07166919113856       0.999790490560628     
          33 COR   1.01177027399028       0.951871356842007     
          33 COR_n   1.01776016570511       0.945881465127180     
          34 COR  0.993800598845800       0.933901681697525     
          34 COR_n  0.999790490560628       0.927911789982697     
          35 COR  0.993800598845800       0.933901681697525     
          35 COR_n  0.999790490560628       0.927911789982697     
          36 COR   1.04770962427925       0.969841031986490     
          36 COR_n   1.05369951599408       0.963851140271662     
          37 COR   1.13755800000166        1.05968940770890     
          37 COR_n   1.14354789171649        1.05369951599408     
          38 COR   1.13755800000166        1.07765908285339     
          38 COR_n   1.14354789171649        1.07166919113856     
          40 COR   1.15552767514614        1.07765908285339     
          40 COR_n   1.16151756686097        1.07166919113856     
          41 COR   1.04770962427925       0.987810707130973     
          41 COR_n   1.05369951599408       0.981820815416145     
          42 COR   1.08364897456821        1.04171973256442     
          42 COR_n   1.08963886628304        1.03572984084959     
          44 COR   1.04770962427925       0.975830923701317     
          44 COR_n   1.05369951599408       0.963851140271662     
          48 COR   1.19146702543511        1.13156810828683     
          48 COR_n   1.19745691714994        1.12557821657201     
          49 COR   1.13755800000166        1.07765908285339     
          49 COR_n   1.14354789171649        1.07166919113856     
          50 COR   1.17349735029063        1.13156810828683     
          50 COR_n   1.17948724200546        1.12557821657201     
          51 COR   1.15552767514614        1.09562875799787     
          51 COR_n   1.16151756686097        1.08963886628304     
          54 COR   1.28131540115752        1.22141648400925     
          54 COR_n   1.28730529287235        1.21542659229442     
          56 COR   1.19146702543511        1.13156810828683     
          56 COR_n   1.19745691714994        1.12557821657201     
          57 COR   1.22141648400925        1.14953778343132     
          57 COR_n   1.23339626743890        1.14354789171649     
          58 COR   1.22740637572408        1.14953778343132     
          58 COR_n   1.23339626743890        1.14354789171649     
          59 COR   1.24537605086856        1.18547713372028     
          59 COR_n   1.25136594258339        1.17948724200546     
 Path to architecture files:/albedo/home/rjuhrban/fesom2/src/neuralnet_params/ml779z2                                                                                                                                                                                                       
 Neural network for GM parameterization initialized successfully
 Number of layers:           5
 Layer sizes:          51         256         256         256         256           3
 Weights shape:           5         256         256
 Biases shape:           5         256
 Activations:relu            relu            relu            relu            id              
 FESOM ocean_setup... complete
 ****************************************************
 use_landice_water F
 use_age_tracer F
 [1;33m --> read restarts from netcdf file: ocean[0m
 reading restart for ssh at /albedo/work/projects/p_clidyn_work/rjuhrban/double_gyre/m100/results/NN_after_spinup_none/ml779z2/fesom.2007.oce.restart/ssh.nc
==================================
RESTART READ TIMING for file: ssh
  NetCDF read time:       0.000 seconds
  MPI scatter time:       0.010 seconds
  TOTAL time:             0.010 seconds
==================================
 restart from record            1  of            1 /albedo/work/projects/p_clidyn_work/rjuhrban/double_gyre/m100/results/NN_after_spinup_none/ml779z2/fesom.2007.oce.restart/ssh.nc
 reading restart for hbar at /albedo/work/projects/p_clidyn_work/rjuhrban/double_gyre/m100/results/NN_after_spinup_none/ml779z2/fesom.2007.oce.restart/hbar.nc
 [33m____________________________________________________________[0m
 [5;33m --> WARNING: RESTART TIMESTAMP MISMATCH !!!               [0m
 WARNING: timestamps in restart and in clock files do not match for ssh
          at path: /albedo/work/projects/p_clidyn_work/rjuhrban/double_gyre/m100/results/NN_after_spinup_none/ml779z2/fesom.2007.oce.restart/ssh.nc
          clock time  =   31534800.0000000     
          restart time=   31535400.0000000     
 WARNING: This mismatch will be ignored and the model will continue running.
 WARNING: Please verify that this is the intended behavior for your simulation.
 [33m____________________________________________________________[0m
==================================
RESTART READ TIMING for file: hbar
  NetCDF read time:       0.000 seconds
  MPI scatter time:       0.006 seconds
  TOTAL time:             0.006 seconds
==================================
 restart from record            1  of            1 /albedo/work/projects/p_clidyn_work/rjuhrban/double_gyre/m100/results/NN_after_spinup_none/ml779z2/fesom.2007.oce.restart/hbar.nc
 reading restart for ssh_rhs_old at /albedo/work/projects/p_clidyn_work/rjuhrban/double_gyre/m100/results/NN_after_spinup_none/ml779z2/fesom.2007.oce.restart/ssh_rhs_old.nc
 [33m____________________________________________________________[0m
 [5;33m --> WARNING: RESTART TIMESTAMP MISMATCH !!!               [0m
 WARNING: timestamps in restart and in clock files do not match for hbar
          at path: /albedo/work/projects/p_clidyn_work/rjuhrban/double_gyre/m100/results/NN_after_spinup_none/ml779z2/fesom.2007.oce.restart/hbar.nc
          clock time  =   31534800.0000000     
          restart time=   31535400.0000000     
 WARNING: This mismatch will be ignored and the model will continue running.
 WARNING: Please verify that this is the intended behavior for your simulation.
 [33m____________________________________________________________[0m
==================================
RESTART READ TIMING for file: ssh_rhs_old
  NetCDF read time:       0.000 seconds
  MPI scatter time:       0.005 seconds
  TOTAL time:             0.005 seconds
==================================
 restart from record            1  of            1 /albedo/work/projects/p_clidyn_work/rjuhrban/double_gyre/m100/results/NN_after_spinup_none/ml779z2/fesom.2007.oce.restart/ssh_rhs_old.nc
 reading restart for hnode at /albedo/work/projects/p_clidyn_work/rjuhrban/double_gyre/m100/results/NN_after_spinup_none/ml779z2/fesom.2007.oce.restart/hnode.nc
 [33m____________________________________________________________[0m
 [5;33m --> WARNING: RESTART TIMESTAMP MISMATCH !!!               [0m
 WARNING: timestamps in restart and in clock files do not match for ssh_rhs_old
          at path: /albedo/work/projects/p_clidyn_work/rjuhrban/double_gyre/m100/results/NN_after_spinup_none/ml779z2/fesom.2007.oce.restart/ssh_rhs_old.nc
          clock time  =   31534800.0000000     
          restart time=   31535400.0000000     
 WARNING: This mismatch will be ignored and the model will continue running.
 WARNING: Please verify that this is the intended behavior for your simulation.
 [33m____________________________________________________________[0m
==================================
RESTART READ TIMING for file: hnode
  NetCDF read time:       0.000 seconds
  MPI scatter time:       0.009 seconds
  TOTAL time:             0.009 seconds
==================================
 restart from record            1  of            1 /albedo/work/projects/p_clidyn_work/rjuhrban/double_gyre/m100/results/NN_after_spinup_none/ml779z2/fesom.2007.oce.restart/hnode.nc
 reading restart for u at /albedo/work/projects/p_clidyn_work/rjuhrban/double_gyre/m100/results/NN_after_spinup_none/ml779z2/fesom.2007.oce.restart/u.nc
 [33m____________________________________________________________[0m
 [5;33m --> WARNING: RESTART TIMESTAMP MISMATCH !!!               [0m
 WARNING: timestamps in restart and in clock files do not match for hnode
          at path: /albedo/work/projects/p_clidyn_work/rjuhrban/double_gyre/m100/results/NN_after_spinup_none/ml779z2/fesom.2007.oce.restart/hnode.nc
          clock time  =   31534800.0000000     
          restart time=   31535400.0000000     
 WARNING: This mismatch will be ignored and the model will continue running.
 WARNING: Please verify that this is the intended behavior for your simulation.
 [33m____________________________________________________________[0m
==================================
RESTART READ TIMING for file: u
  NetCDF read time:       0.000 seconds
  MPI scatter time:       0.009 seconds
  TOTAL time:             0.009 seconds
==================================
 restart from record            1  of            1 /albedo/work/projects/p_clidyn_work/rjuhrban/double_gyre/m100/results/NN_after_spinup_none/ml779z2/fesom.2007.oce.restart/u.nc
 reading restart for v at /albedo/work/projects/p_clidyn_work/rjuhrban/double_gyre/m100/results/NN_after_spinup_none/ml779z2/fesom.2007.oce.restart/v.nc
 [33m____________________________________________________________[0m
 [5;33m --> WARNING: RESTART TIMESTAMP MISMATCH !!!               [0m
 WARNING: timestamps in restart and in clock files do not match for u
          at path: /albedo/work/projects/p_clidyn_work/rjuhrban/double_gyre/m100/results/NN_after_spinup_none/ml779z2/fesom.2007.oce.restart/u.nc
          clock time  =   31534800.0000000     
          restart time=   31535400.0000000     
 WARNING: This mismatch will be ignored and the model will continue running.
 WARNING: Please verify that this is the intended behavior for your simulation.
 [33m____________________________________________________________[0m
==================================
RESTART READ TIMING for file: v
  NetCDF read time:       0.000 seconds
  MPI scatter time:       0.010 seconds
  TOTAL time:             0.010 seconds
==================================
 restart from record            1  of            1 /albedo/work/projects/p_clidyn_work/rjuhrban/double_gyre/m100/results/NN_after_spinup_none/ml779z2/fesom.2007.oce.restart/v.nc
 reading restart for urhs_AB at /albedo/work/projects/p_clidyn_work/rjuhrban/double_gyre/m100/results/NN_after_spinup_none/ml779z2/fesom.2007.oce.restart/urhs_AB.nc
 [33m____________________________________________________________[0m
 [5;33m --> WARNING: RESTART TIMESTAMP MISMATCH !!!               [0m
 WARNING: timestamps in restart and in clock files do not match for v
          at path: /albedo/work/projects/p_clidyn_work/rjuhrban/double_gyre/m100/results/NN_after_spinup_none/ml779z2/fesom.2007.oce.restart/v.nc
          clock time  =   31534800.0000000     
          restart time=   31535400.0000000     
 WARNING: This mismatch will be ignored and the model will continue running.
 WARNING: Please verify that this is the intended behavior for your simulation.
 [33m____________________________________________________________[0m
==================================
RESTART READ TIMING for file: urhs_AB
  NetCDF read time:       0.000 seconds
  MPI scatter time:       0.010 seconds
  TOTAL time:             0.010 seconds
==================================
 restart from record            1  of            1 /albedo/work/projects/p_clidyn_work/rjuhrban/double_gyre/m100/results/NN_after_spinup_none/ml779z2/fesom.2007.oce.restart/urhs_AB.nc
 reading restart for vrhs_AB at /albedo/work/projects/p_clidyn_work/rjuhrban/double_gyre/m100/results/NN_after_spinup_none/ml779z2/fesom.2007.oce.restart/vrhs_AB.nc
 [33m____________________________________________________________[0m
 [5;33m --> WARNING: RESTART TIMESTAMP MISMATCH !!!               [0m
 WARNING: timestamps in restart and in clock files do not match for urhs_AB
          at path: /albedo/work/projects/p_clidyn_work/rjuhrban/double_gyre/m100/results/NN_after_spinup_none/ml779z2/fesom.2007.oce.restart/urhs_AB.nc
          clock time  =   31534800.0000000     
          restart time=   31535400.0000000     
 WARNING: This mismatch will be ignored and the model will continue running.
 WARNING: Please verify that this is the intended behavior for your simulation.
 [33m____________________________________________________________[0m
==================================
RESTART READ TIMING for file: vrhs_AB
  NetCDF read time:       0.000 seconds
  MPI scatter time:       0.010 seconds
  TOTAL time:             0.010 seconds
==================================
 restart from record            1  of            1 /albedo/work/projects/p_clidyn_work/rjuhrban/double_gyre/m100/results/NN_after_spinup_none/ml779z2/fesom.2007.oce.restart/vrhs_AB.nc
 reading restart for temp at /albedo/work/projects/p_clidyn_work/rjuhrban/double_gyre/m100/results/NN_after_spinup_none/ml779z2/fesom.2007.oce.restart/temp.nc
 [33m____________________________________________________________[0m
 [5;33m --> WARNING: RESTART TIMESTAMP MISMATCH !!!               [0m
 WARNING: timestamps in restart and in clock files do not match for vrhs_AB
          at path: /albedo/work/projects/p_clidyn_work/rjuhrban/double_gyre/m100/results/NN_after_spinup_none/ml779z2/fesom.2007.oce.restart/vrhs_AB.nc
          clock time  =   31534800.0000000     
          restart time=   31535400.0000000     
 WARNING: This mismatch will be ignored and the model will continue running.
 WARNING: Please verify that this is the intended behavior for your simulation.
 [33m____________________________________________________________[0m
==================================
RESTART READ TIMING for file: temp
  NetCDF read time:       0.000 seconds
  MPI scatter time:       0.010 seconds
  TOTAL time:             0.010 seconds
==================================
 restart from record            1  of            1 /albedo/work/projects/p_clidyn_work/rjuhrban/double_gyre/m100/results/NN_after_spinup_none/ml779z2/fesom.2007.oce.restart/temp.nc
 reading restart for temp_AB at /albedo/work/projects/p_clidyn_work/rjuhrban/double_gyre/m100/results/NN_after_spinup_none/ml779z2/fesom.2007.oce.restart/temp_AB.nc
 [33m____________________________________________________________[0m
 [5;33m --> WARNING: RESTART TIMESTAMP MISMATCH !!!               [0m
 WARNING: timestamps in restart and in clock files do not match for temp
          at path: /albedo/work/projects/p_clidyn_work/rjuhrban/double_gyre/m100/results/NN_after_spinup_none/ml779z2/fesom.2007.oce.restart/temp.nc
          clock time  =   31534800.0000000     
          restart time=   31535400.0000000     
 WARNING: This mismatch will be ignored and the model will continue running.
 WARNING: Please verify that this is the intended behavior for your simulation.
 [33m____________________________________________________________[0m
==================================
RESTART READ TIMING for file: temp_AB
  NetCDF read time:       0.000 seconds
  MPI scatter time:       0.010 seconds
  TOTAL time:             0.010 seconds
==================================
 restart from record            1  of            1 /albedo/work/projects/p_clidyn_work/rjuhrban/double_gyre/m100/results/NN_after_spinup_none/ml779z2/fesom.2007.oce.restart/temp_AB.nc
 [33m____________________________________________________________[0m
 [5;33m --> WARNING: RESTART TIMESTAMP MISMATCH !!!               [0m
 WARNING: timestamps in restart and in clock files do not match for temp_AB
          at path: /albedo/work/projects/p_clidyn_work/rjuhrban/double_gyre/m100/results/NN_after_spinup_none/ml779z2/fesom.2007.oce.restart/temp_AB.nc
          clock time  =   31534800.0000000     
          restart time=   31535400.0000000     
 WARNING: This mismatch will be ignored and the model will continue running.
 WARNING: Please verify that this is the intended behavior for your simulation.
 [33m____________________________________________________________[0m
 reading restart for temp_M1 at /albedo/work/projects/p_clidyn_work/rjuhrban/double_gyre/m100/results/NN_after_spinup_none/ml779z2/fesom.2007.oce.restart/temp_M1.nc
==================================
RESTART READ TIMING for file: temp_M1
  NetCDF read time:       0.000 seconds
  MPI scatter time:       0.005 seconds
  TOTAL time:             0.005 seconds
==================================
 restart from record            1  of            1 /albedo/work/projects/p_clidyn_work/rjuhrban/double_gyre/m100/results/NN_after_spinup_none/ml779z2/fesom.2007.oce.restart/temp_M1.nc
 reading restart for salt at /albedo/work/projects/p_clidyn_work/rjuhrban/double_gyre/m100/results/NN_after_spinup_none/ml779z2/fesom.2007.oce.restart/salt.nc
 [33m____________________________________________________________[0m
 [5;33m --> WARNING: RESTART TIMESTAMP MISMATCH !!!               [0m
 WARNING: timestamps in restart and in clock files do not match for temp_M1
          at path: /albedo/work/projects/p_clidyn_work/rjuhrban/double_gyre/m100/results/NN_after_spinup_none/ml779z2/fesom.2007.oce.restart/temp_M1.nc
          clock time  =   31534800.0000000     
          restart time=   31535400.0000000     
 WARNING: This mismatch will be ignored and the model will continue running.
 WARNING: Please verify that this is the intended behavior for your simulation.
 [33m____________________________________________________________[0m
==================================
RESTART READ TIMING for file: salt
  NetCDF read time:       0.000 seconds
  MPI scatter time:       0.010 seconds
  TOTAL time:             0.010 seconds
==================================
 restart from record            1  of            1 /albedo/work/projects/p_clidyn_work/rjuhrban/double_gyre/m100/results/NN_after_spinup_none/ml779z2/fesom.2007.oce.restart/salt.nc
 reading restart for salt_AB at /albedo/work/projects/p_clidyn_work/rjuhrban/double_gyre/m100/results/NN_after_spinup_none/ml779z2/fesom.2007.oce.restart/salt_AB.nc
 [33m____________________________________________________________[0m
 [5;33m --> WARNING: RESTART TIMESTAMP MISMATCH !!!               [0m
 WARNING: timestamps in restart and in clock files do not match for salt
          at path: /albedo/work/projects/p_clidyn_work/rjuhrban/double_gyre/m100/results/NN_after_spinup_none/ml779z2/fesom.2007.oce.restart/salt.nc
          clock time  =   31534800.0000000     
          restart time=   31535400.0000000     
 WARNING: This mismatch will be ignored and the model will continue running.
 WARNING: Please verify that this is the intended behavior for your simulation.
 [33m____________________________________________________________[0m
==================================
RESTART READ TIMING for file: salt_AB
  NetCDF read time:       0.000 seconds
  MPI scatter time:       0.009 seconds
  TOTAL time:             0.009 seconds
==================================
 restart from record            1  of            1 /albedo/work/projects/p_clidyn_work/rjuhrban/double_gyre/m100/results/NN_after_spinup_none/ml779z2/fesom.2007.oce.restart/salt_AB.nc
 [33m____________________________________________________________[0m
 [5;33m --> WARNING: RESTART TIMESTAMP MISMATCH !!!               [0m
 WARNING: timestamps in restart and in clock files do not match for salt_AB
          at path: /albedo/work/projects/p_clidyn_work/rjuhrban/double_gyre/m100/results/NN_after_spinup_none/ml779z2/fesom.2007.oce.restart/salt_AB.nc
          clock time  =   31534800.0000000     
          restart time=   31535400.0000000     
 WARNING: This mismatch will be ignored and the model will continue running.
 WARNING: Please verify that this is the intended behavior for your simulation.
 [33m____________________________________________________________[0m
 reading restart for salt_M1 at /albedo/work/projects/p_clidyn_work/rjuhrban/double_gyre/m100/results/NN_after_spinup_none/ml779z2/fesom.2007.oce.restart/salt_M1.nc
==================================
RESTART READ TIMING for file: salt_M1
  NetCDF read time:       0.000 seconds
  MPI scatter time:       0.005 seconds
  TOTAL time:             0.005 seconds
==================================
 restart from record            1  of            1 /albedo/work/projects/p_clidyn_work/rjuhrban/double_gyre/m100/results/NN_after_spinup_none/ml779z2/fesom.2007.oce.restart/salt_M1.nc
 reading restart for w at /albedo/work/projects/p_clidyn_work/rjuhrban/double_gyre/m100/results/NN_after_spinup_none/ml779z2/fesom.2007.oce.restart/w.nc
 [33m____________________________________________________________[0m
 [5;33m --> WARNING: RESTART TIMESTAMP MISMATCH !!!               [0m
 WARNING: timestamps in restart and in clock files do not match for salt_M1
          at path: /albedo/work/projects/p_clidyn_work/rjuhrban/double_gyre/m100/results/NN_after_spinup_none/ml779z2/fesom.2007.oce.restart/salt_M1.nc
          clock time  =   31534800.0000000     
          restart time=   31535400.0000000     
 WARNING: This mismatch will be ignored and the model will continue running.
 WARNING: Please verify that this is the intended behavior for your simulation.
 [33m____________________________________________________________[0m
==================================
RESTART READ TIMING for file: w
  NetCDF read time:       0.000 seconds
  MPI scatter time:       0.009 seconds
  TOTAL time:             0.009 seconds
==================================
 restart from record            1  of            1 /albedo/work/projects/p_clidyn_work/rjuhrban/double_gyre/m100/results/NN_after_spinup_none/ml779z2/fesom.2007.oce.restart/w.nc
 reading restart for w_expl at /albedo/work/projects/p_clidyn_work/rjuhrban/double_gyre/m100/results/NN_after_spinup_none/ml779z2/fesom.2007.oce.restart/w_expl.nc
 [33m____________________________________________________________[0m
 [5;33m --> WARNING: RESTART TIMESTAMP MISMATCH !!!               [0m
 WARNING: timestamps in restart and in clock files do not match for w
          at path: /albedo/work/projects/p_clidyn_work/rjuhrban/double_gyre/m100/results/NN_after_spinup_none/ml779z2/fesom.2007.oce.restart/w.nc
          clock time  =   31534800.0000000     
          restart time=   31535400.0000000     
 WARNING: This mismatch will be ignored and the model will continue running.
 WARNING: Please verify that this is the intended behavior for your simulation.
 [33m____________________________________________________________[0m
==================================
RESTART READ TIMING for file: w_expl
  NetCDF read time:       0.000 seconds
  MPI scatter time:       0.011 seconds
  TOTAL time:             0.011 seconds
==================================
 restart from record            1  of            1 /albedo/work/projects/p_clidyn_work/rjuhrban/double_gyre/m100/results/NN_after_spinup_none/ml779z2/fesom.2007.oce.restart/w_expl.nc
 reading restart for w_impl at /albedo/work/projects/p_clidyn_work/rjuhrban/double_gyre/m100/results/NN_after_spinup_none/ml779z2/fesom.2007.oce.restart/w_impl.nc
 [33m____________________________________________________________[0m
 [5;33m --> WARNING: RESTART TIMESTAMP MISMATCH !!!               [0m
 WARNING: timestamps in restart and in clock files do not match for w_expl
          at path: /albedo/work/projects/p_clidyn_work/rjuhrban/double_gyre/m100/results/NN_after_spinup_none/ml779z2/fesom.2007.oce.restart/w_expl.nc
          clock time  =   31534800.0000000     
          restart time=   31535400.0000000     
 WARNING: This mismatch will be ignored and the model will continue running.
 WARNING: Please verify that this is the intended behavior for your simulation.
 [33m____________________________________________________________[0m
==================================
RESTART READ TIMING for file: w_impl
  NetCDF read time:       0.000 seconds
  MPI scatter time:       0.010 seconds
  TOTAL time:             0.010 seconds
==================================
 restart from record            1  of            1 /albedo/work/projects/p_clidyn_work/rjuhrban/double_gyre/m100/results/NN_after_spinup_none/ml779z2/fesom.2007.oce.restart/w_impl.nc
 ____________________________________________________________
  --> restart ALE layerthicknesses, depth levels and middepth levels
 
 ==========================================
 MODEL SETUP took on mype=0 [seconds]      
 runtime setup total        0.4579025    
  > runtime setup mesh      0.1515326    
  > runtime setup ocean     0.1401495    
  > runtime setup forcing   2.4280162E-05
  > runtime setup ice       1.2730088E-05
  > runtime setup restart   0.1661264    
  > runtime setup other     5.7000361E-05
 ============================================
 current_nsteps, steps_per_ib_step, icb_outfreq :     5256000           8           0
 FESOM start iteration before the barrier...
 [33m____________________________________________________________[0m
 [5;33m --> WARNING: RESTART TIMESTAMP MISMATCH !!!               [0m
 WARNING: timestamps in restart and in clock files do not match for w_impl
          at path: /albedo/work/projects/p_clidyn_work/rjuhrban/double_gyre/m100/results/NN_after_spinup_none/ml779z2/fesom.2007.oce.restart/w_impl.nc
          clock time  =   31534800.0000000     
          restart time=   31535400.0000000     
 WARNING: This mismatch will be ignored and the model will continue running.
 WARNING: Please verify that this is the intended behavior for your simulation.
 [33m____________________________________________________________[0m
 FESOM start iteration after the barrier...
 
 [32m____________________________________________________________[0m
 [7;32m --> FESOM STARTS TIME LOOP                                 [0m
      file   : namelist.io open ok
 io_listsize will be changed from          120  to            0 !
 adding I/O stream 3D for curl_u
 adding I/O stream 2D for rosb
 adding I/O stream 3D for N2
 adding I/O stream 3D for slope_x
 adding I/O stream 3D for slope_y
 adding I/O stream 3D for temp
 adding I/O stream 3D for unod
 adding I/O stream 3D for vnod
 adding I/O stream 3D for u
 adding I/O stream 3D for v
 adding I/O stream 2D for sst
 adding I/O stream 2D for ssh
 adding I/O stream 2D for hc300m
 adding I/O stream 2D for hc700m
 adding I/O stream 2D for hc
 adding I/O stream 3D for tflux_unod
 adding I/O stream 3D for tflux_vnod
 adding I/O stream 3D for tflux_w
 initializing I/O file for curl_u
 associating mean I/O file /albedo/work/projects/p_clidyn_work/rjuhrban/double_gyre/m100/results/NN_after_spinup_none/ml779z2/curl_u.fesom.2008.nc
 curl_u: current mean I/O counter =            1
 writing mean record for curl_u; rec. count =            1
 initializing I/O file for rosb
 initializing I/O file for tflux_unod
 initializing I/O file for N2
 initializing I/O file for slope_y
 initializing I/O file for sst
 initializing I/O file for ssh
 initializing I/O file for hc300m
 associating mean I/O file /albedo/work/projects/p_clidyn_work/rjuhrban/double_gyre/m100/results/NN_after_spinup_none/ml779z2/rosb.fesom.2008.nc
 rosb: current mean I/O counter =            1
 writing mean record for rosb; rec. count =            1
 associating mean I/O file /albedo/work/projects/p_clidyn_work/rjuhrban/double_gyre/m100/results/NN_after_spinup_none/ml779z2/tflux_unod.fesom.2008.nc
 tflux_unod: current mean I/O counter =            1
 writing mean record for tflux_unod; rec. count =            1
 associating mean I/O file /albedo/work/projects/p_clidyn_work/rjuhrban/double_gyre/m100/results/NN_after_spinup_none/ml779z2/slope_y.fesom.2008.nc
 slope_y: current mean I/O counter =            1
 writing mean record for slope_y; rec. count =            1
 associating mean I/O file /albedo/work/projects/p_clidyn_work/rjuhrban/double_gyre/m100/results/NN_after_spinup_none/ml779z2/N2.fesom.2008.nc
 N2: current mean I/O counter =            1
 writing mean record for N2; rec. count =            1
 associating mean I/O file /albedo/work/projects/p_clidyn_work/rjuhrban/double_gyre/m100/results/NN_after_spinup_none/ml779z2/ssh.fesom.2008.nc
 ssh: current mean I/O counter =            1
 writing mean record for ssh; rec. count =            1
 associating mean I/O file /albedo/work/projects/p_clidyn_work/rjuhrban/double_gyre/m100/results/NN_after_spinup_none/ml779z2/sst.fesom.2008.nc
 sst: current mean I/O counter =            1
 writing mean record for sst; rec. count =            1
 associating mean I/O file /albedo/work/projects/p_clidyn_work/rjuhrban/double_gyre/m100/results/NN_after_spinup_none/ml779z2/hc300m.fesom.2008.nc
 hc300m: current mean I/O counter =            1
 writing mean record for hc300m; rec. count =            1
 initializing I/O file for slope_x
 initializing I/O file for temp
 initializing I/O file for tflux_w
 associating mean I/O file /albedo/work/projects/p_clidyn_work/rjuhrban/double_gyre/m100/results/NN_after_spinup_none/ml779z2/slope_x.fesom.2008.nc
 slope_x: current mean I/O counter =            1
 writing mean record for slope_x; rec. count =            1
 associating mean I/O file /albedo/work/projects/p_clidyn_work/rjuhrban/double_gyre/m100/results/NN_after_spinup_none/ml779z2/temp.fesom.2008.nc
 temp: current mean I/O counter =            1
 writing mean record for temp; rec. count =            1
 associating mean I/O file /albedo/work/projects/p_clidyn_work/rjuhrban/double_gyre/m100/results/NN_after_spinup_none/ml779z2/tflux_w.fesom.2008.nc
 tflux_w: current mean I/O counter =            1
 writing mean record for tflux_w; rec. count =            1
 initializing I/O file for unod
 initializing I/O file for u
 initializing I/O file for hc700m
 initializing I/O file for hc
 initializing I/O file for tflux_vnod
 associating mean I/O file /albedo/work/projects/p_clidyn_work/rjuhrban/double_gyre/m100/results/NN_after_spinup_none/ml779z2/unod.fesom.2008.nc
 unod: current mean I/O counter =            1
 writing mean record for unod; rec. count =            1
 associating mean I/O file /albedo/work/projects/p_clidyn_work/rjuhrban/double_gyre/m100/results/NN_after_spinup_none/ml779z2/u.fesom.2008.nc
 u: current mean I/O counter =            1
 writing mean record for u; rec. count =            1
 associating mean I/O file /albedo/work/projects/p_clidyn_work/rjuhrban/double_gyre/m100/results/NN_after_spinup_none/ml779z2/hc700m.fesom.2008.nc
 hc700m: current mean I/O counter =            1
 writing mean record for hc700m; rec. count =            1
 initializing I/O file for vnod
 associating mean I/O file /albedo/work/projects/p_clidyn_work/rjuhrban/double_gyre/m100/results/NN_after_spinup_none/ml779z2/hc.fesom.2008.nc
 hc: current mean I/O counter =            1
 writing mean record for hc; rec. count =            1
 initializing I/O file for v
 associating mean I/O file /albedo/work/projects/p_clidyn_work/rjuhrban/double_gyre/m100/results/NN_after_spinup_none/ml779z2/tflux_vnod.fesom.2008.nc
 tflux_vnod: current mean I/O counter =            1
 writing mean record for tflux_vnod; rec. count =            1
 associating mean I/O file /albedo/work/projects/p_clidyn_work/rjuhrban/double_gyre/m100/results/NN_after_spinup_none/ml779z2/vnod.fesom.2008.nc
 vnod: current mean I/O counter =            1
 writing mean record for vnod; rec. count =            1
 associating mean I/O file /albedo/work/projects/p_clidyn_work/rjuhrban/double_gyre/m100/results/NN_after_spinup_none/ml779z2/v.fesom.2008.nc
 v: current mean I/O counter =            1
 writing mean record for v; rec. count =            1
 curl_u: current mean I/O counter =            2
 writing mean record for curl_u; rec. count =            2
 rosb: current mean I/O counter =            2
 writing mean record for rosb; rec. count =            2
 slope_y: current mean I/O counter =            2
 writing mean record for slope_y; rec. count =            2
 N2: current mean I/O counter =            2
 writing mean record for N2; rec. count =            2
 slope_x: current mean I/O counter =            2
 writing mean record for slope_x; rec. count =            2
 temp: current mean I/O counter =            2
 writing mean record for temp; rec. count =            2
 unod: current mean I/O counter =            2
 writing mean record for unod; rec. count =            2
 vnod: current mean I/O counter =            2
 writing mean record for vnod; rec. count =            2
 u: current mean I/O counter =            2
 writing mean record for u; rec. count =            2
 v: current mean I/O counter =            2
 writing mean record for v; rec. count =            2
 sst: current mean I/O counter =            2
 writing mean record for sst; rec. count =            2
 ssh: current mean I/O counter =            2
 writing mean record for ssh; rec. count =            2
 hc300m: current mean I/O counter =            2
 writing mean record for hc300m; rec. count =            2
 hc700m: current mean I/O counter =            2
 writing mean record for hc700m; rec. count =            2
 hc: current mean I/O counter =            2
 writing mean record for hc; rec. count =            2
 tflux_unod: current mean I/O counter =            2
 writing mean record for tflux_unod; rec. count =            2
 tflux_vnod: current mean I/O counter =            2
 writing mean record for tflux_vnod; rec. count =            2
 tflux_w: current mean I/O counter =            2
 writing mean record for tflux_w; rec. count =            2
 curl_u: current mean I/O counter =            3
 writing mean record for curl_u; rec. count =            3
 rosb: current mean I/O counter =            3
 writing mean record for rosb; rec. count =            3
 N2: current mean I/O counter =            3
 writing mean record for N2; rec. count =            3
 slope_x: current mean I/O counter =            3
 writing mean record for slope_x; rec. count =            3
 slope_y: current mean I/O counter =            3
 writing mean record for slope_y; rec. count =            3
 temp: current mean I/O counter =            3
 writing mean record for temp; rec. count =            3
 unod: current mean I/O counter =            3
 writing mean record for unod; rec. count =            3
 vnod: current mean I/O counter =            3
 writing mean record for vnod; rec. count =            3
 u: current mean I/O counter =            3
 writing mean record for u; rec. count =            3
 v: current mean I/O counter =            3
 writing mean record for v; rec. count =            3
 sst: current mean I/O counter =            3
 writing mean record for sst; rec. count =            3
 ssh: current mean I/O counter =            3
 writing mean record for ssh; rec. count =            3
 hc300m: current mean I/O counter =            3
 writing mean record for hc300m; rec. count =            3
 hc700m: current mean I/O counter =            3
 writing mean record for hc700m; rec. count =            3
 hc: current mean I/O counter =            3
 writing mean record for hc; rec. count =            3
 tflux_unod: current mean I/O counter =            3
 writing mean record for tflux_unod; rec. count =            3
 tflux_vnod: current mean I/O counter =            3
 writing mean record for tflux_vnod; rec. count =            3
 tflux_w: current mean I/O counter =            3
 writing mean record for tflux_w; rec. count =            3
 curl_u: current mean I/O counter =            4
 writing mean record for curl_u; rec. count =            4
 rosb: current mean I/O counter =            4
 writing mean record for rosb; rec. count =            4
 N2: current mean I/O counter =            4
 writing mean record for N2; rec. count =            4
 slope_x: current mean I/O counter =            4
 writing mean record for slope_x; rec. count =            4
 slope_y: current mean I/O counter =            4
 writing mean record for slope_y; rec. count =            4
 temp: current mean I/O counter =            4
 writing mean record for temp; rec. count =            4
 unod: current mean I/O counter =            4
 writing mean record for unod; rec. count =            4
 vnod: current mean I/O counter =            4
 writing mean record for vnod; rec. count =            4
 u: current mean I/O counter =            4
 writing mean record for u; rec. count =            4
 v: current mean I/O counter =            4
 writing mean record for v; rec. count =            4
 sst: current mean I/O counter =            4
 writing mean record for sst; rec. count =            4
 ssh: current mean I/O counter =            4
 writing mean record for ssh; rec. count =            4
 hc300m: current mean I/O counter =            4
 writing mean record for hc300m; rec. count =            4
 hc700m: current mean I/O counter =            4
 writing mean record for hc700m; rec. count =            4
 hc: current mean I/O counter =            4
 writing mean record for hc; rec. count =            4
 tflux_unod: current mean I/O counter =            4
 writing mean record for tflux_unod; rec. count =            4
 tflux_vnod: current mean I/O counter =            4
 writing mean record for tflux_vnod; rec. count =            4
 tflux_w: current mean I/O counter =            4
 writing mean record for tflux_w; rec. count =            4
 curl_u: current mean I/O counter =            5
 writing mean record for curl_u; rec. count =            5
 rosb: current mean I/O counter =            5
 writing mean record for rosb; rec. count =            5
 N2: current mean I/O counter =            5
 writing mean record for N2; rec. count =            5
 slope_x: current mean I/O counter =            5
 writing mean record for slope_x; rec. count =            5
 slope_y: current mean I/O counter =            5
 writing mean record for slope_y; rec. count =            5
 temp: current mean I/O counter =            5
 writing mean record for temp; rec. count =            5
 unod: current mean I/O counter =            5
 writing mean record for unod; rec. count =            5
 vnod: current mean I/O counter =            5
 writing mean record for vnod; rec. count =            5
 u: current mean I/O counter =            5
 writing mean record for u; rec. count =            5
 v: current mean I/O counter =            5
 writing mean record for v; rec. count =            5
 sst: current mean I/O counter =            5
 writing mean record for sst; rec. count =            5
 ssh: current mean I/O counter =            5
 writing mean record for ssh; rec. count =            5
 hc300m: current mean I/O counter =            5
 writing mean record for hc300m; rec. count =            5
 hc700m: current mean I/O counter =            5
 writing mean record for hc700m; rec. count =            5
 hc: current mean I/O counter =            5
 writing mean record for hc; rec. count =            5
 tflux_unod: current mean I/O counter =            5
 writing mean record for tflux_unod; rec. count =            5
 tflux_vnod: current mean I/O counter =            5
 writing mean record for tflux_vnod; rec. count =            5
 tflux_w: current mean I/O counter =            5
 writing mean record for tflux_w; rec. count =            5
 curl_u: current mean I/O counter =            6
 writing mean record for curl_u; rec. count =            6
 N2: current mean I/O counter =            6
 writing mean record for N2; rec. count =            6
 slope_y: current mean I/O counter =            6
 writing mean record for slope_y; rec. count =            6
 rosb: current mean I/O counter =            6
 writing mean record for rosb; rec. count =            6
 temp: current mean I/O counter =            6
 writing mean record for temp; rec. count =            6
 tflux_w: current mean I/O counter =            6
 writing mean record for tflux_w; rec. count =            6
 vnod: current mean I/O counter =            6
 writing mean record for vnod; rec. count =            6
 ssh: current mean I/O counter =            6
 writing mean record for ssh; rec. count =            6
 slope_x: current mean I/O counter =            6
 writing mean record for slope_x; rec. count =            6
 unod: current mean I/O counter =            6
 writing mean record for unod; rec. count =            6
 u: current mean I/O counter =            6
 writing mean record for u; rec. count =            6
 v: current mean I/O counter =            6
 writing mean record for v; rec. count =            6
 sst: current mean I/O counter =            6
 writing mean record for sst; rec. count =            6
 hc300m: current mean I/O counter =            6
 writing mean record for hc300m; rec. count =            6
 hc700m: current mean I/O counter =            6
 writing mean record for hc700m; rec. count =            6
 hc: current mean I/O counter =            6
 writing mean record for hc; rec. count =            6
 tflux_unod: current mean I/O counter =            6
 writing mean record for tflux_unod; rec. count =            6
 tflux_vnod: current mean I/O counter =            6
 writing mean record for tflux_vnod; rec. count =            6
 curl_u: current mean I/O counter =            7
 writing mean record for curl_u; rec. count =            7
 rosb: current mean I/O counter =            7
 writing mean record for rosb; rec. count =            7
 N2: current mean I/O counter =            7
 writing mean record for N2; rec. count =            7
 vnod: current mean I/O counter =            7
 writing mean record for vnod; rec. count =            7
 slope_y: current mean I/O counter =            7
 writing mean record for slope_y; rec. count =            7
 slope_x: current mean I/O counter =            7
 writing mean record for slope_x; rec. count =            7
 temp: current mean I/O counter =            7
 writing mean record for temp; rec. count =            7
 v: current mean I/O counter =            7
 writing mean record for v; rec. count =            7
 ssh: current mean I/O counter =            7
 writing mean record for ssh; rec. count =            7
 hc700m: current mean I/O counter =            7
 writing mean record for hc700m; rec. count =            7
 tflux_unod: current mean I/O counter =            7
 writing mean record for tflux_unod; rec. count =            7
 tflux_w: current mean I/O counter =            7
 writing mean record for tflux_w; rec. count =            7
 u: current mean I/O counter =            7
 writing mean record for u; rec. count =            7
 hc: current mean I/O counter =            7
 writing mean record for hc; rec. count =            7
 unod: current mean I/O counter =            7
 writing mean record for unod; rec. count =            7
 sst: current mean I/O counter =            7
 writing mean record for sst; rec. count =            7
 hc300m: current mean I/O counter =            7
 writing mean record for hc300m; rec. count =            7
 tflux_vnod: current mean I/O counter =            7
 writing mean record for tflux_vnod; rec. count =            7
 curl_u: current mean I/O counter =            8
 writing mean record for curl_u; rec. count =            8
 N2: current mean I/O counter =            8
 writing mean record for N2; rec. count =            8
 slope_y: current mean I/O counter =            8
 writing mean record for slope_y; rec. count =            8
 rosb: current mean I/O counter =            8
 writing mean record for rosb; rec. count =            8
 vnod: current mean I/O counter =            8
 writing mean record for vnod; rec. count =            8
 ssh: current mean I/O counter =            8
 writing mean record for ssh; rec. count =            8
 hc: current mean I/O counter =            8
 writing mean record for hc; rec. count =            8
 tflux_unod: current mean I/O counter =            8
 writing mean record for tflux_unod; rec. count =            8
 slope_x: current mean I/O counter =            8
 writing mean record for slope_x; rec. count =            8
 temp: current mean I/O counter =            8
 writing mean record for temp; rec. count =            8
 unod: current mean I/O counter =            8
 writing mean record for unod; rec. count =            8
 u: current mean I/O counter =            8
 writing mean record for u; rec. count =            8
 v: current mean I/O counter =            8
 writing mean record for v; rec. count =            8
 sst: current mean I/O counter =            8
 writing mean record for sst; rec. count =            8
 hc300m: current mean I/O counter =            8
 writing mean record for hc300m; rec. count =            8
 hc700m: current mean I/O counter =            8
 writing mean record for hc700m; rec. count =            8
 tflux_vnod: current mean I/O counter =            8
 writing mean record for tflux_vnod; rec. count =            8
 tflux_w: current mean I/O counter =            8
 writing mean record for tflux_w; rec. count =            8
 curl_u: current mean I/O counter =            9
 writing mean record for curl_u; rec. count =            9
 rosb: current mean I/O counter =            9
 writing mean record for rosb; rec. count =            9
 N2: current mean I/O counter =            9
 writing mean record for N2; rec. count =            9
 slope_y: current mean I/O counter =            9
 writing mean record for slope_y; rec. count =            9
 tflux_unod: current mean I/O counter =            9
 writing mean record for tflux_unod; rec. count =            9
 tflux_w: current mean I/O counter =            9
 writing mean record for tflux_w; rec. count =            9
 vnod: current mean I/O counter =            9
 writing mean record for vnod; rec. count =            9
 slope_x: current mean I/O counter =            9
 writing mean record for slope_x; rec. count =            9
 temp: current mean I/O counter =            9
 writing mean record for temp; rec. count =            9
 v: current mean I/O counter =            9
 writing mean record for v; rec. count =            9
 ssh: current mean I/O counter =            9
 writing mean record for ssh; rec. count =            9
 hc700m: current mean I/O counter =            9
 writing mean record for hc700m; rec. count =            9
 unod: current mean I/O counter =            9
 writing mean record for unod; rec. count =            9
 u: current mean I/O counter =            9
 writing mean record for u; rec. count =            9
 sst: current mean I/O counter =            9
 writing mean record for sst; rec. count =            9
 hc300m: current mean I/O counter =            9
 writing mean record for hc300m; rec. count =            9
 hc: current mean I/O counter =            9
 writing mean record for hc; rec. count =            9
 tflux_vnod: current mean I/O counter =            9
 writing mean record for tflux_vnod; rec. count =            9
 curl_u: current mean I/O counter =           10
 writing mean record for curl_u; rec. count =           10
 rosb: current mean I/O counter =           10
 writing mean record for rosb; rec. count =           10
 N2: current mean I/O counter =           10
 writing mean record for N2; rec. count =           10
 slope_y: current mean I/O counter =           10
 writing mean record for slope_y; rec. count =           10
 vnod: current mean I/O counter =           10
 writing mean record for vnod; rec. count =           10
 v: current mean I/O counter =           10
 writing mean record for v; rec. count =           10
 ssh: current mean I/O counter =           10
 writing mean record for ssh; rec. count =           10
 hc700m: current mean I/O counter =           10
 writing mean record for hc700m; rec. count =           10
 unod: current mean I/O counter =           10
 writing mean record for unod; rec. count =           10
 u: current mean I/O counter =           10
 writing mean record for u; rec. count =           10
 slope_x: current mean I/O counter =           10
 writing mean record for slope_x; rec. count =           10
 hc300m: current mean I/O counter =           10
 writing mean record for hc300m; rec. count =           10
 temp: current mean I/O counter =           10
 writing mean record for temp; rec. count =           10
 sst: current mean I/O counter =           10
 writing mean record for sst; rec. count =           10
 hc: current mean I/O counter =           10
 writing mean record for hc; rec. count =           10
 tflux_unod: current mean I/O counter =           10
 writing mean record for tflux_unod; rec. count =           10
 tflux_w: current mean I/O counter =           10
 writing mean record for tflux_w; rec. count =           10
 tflux_vnod: current mean I/O counter =           10
 writing mean record for tflux_vnod; rec. count =           10
 curl_u: current mean I/O counter =           11
 writing mean record for curl_u; rec. count =           11
 rosb: current mean I/O counter =           11
 writing mean record for rosb; rec. count =           11
 N2: current mean I/O counter =           11
 writing mean record for N2; rec. count =           11
 slope_y: current mean I/O counter =           11
 writing mean record for slope_y; rec. count =           11
 slope_x: current mean I/O counter =           11
 writing mean record for slope_x; rec. count =           11
 unod: current mean I/O counter =           11
 writing mean record for unod; rec. count =           11
 vnod: current mean I/O counter =           11
 writing mean record for vnod; rec. count =           11
 v: current mean I/O counter =           11
 writing mean record for v; rec. count =           11
 ssh: current mean I/O counter =           11
 writing mean record for ssh; rec. count =           11
 hc700m: current mean I/O counter =           11
 writing mean record for hc700m; rec. count =           11
 tflux_unod: current mean I/O counter =           11
 writing mean record for tflux_unod; rec. count =           11
 tflux_w: current mean I/O counter =           11
 writing mean record for tflux_w; rec. count =           11
 temp: current mean I/O counter =           11
 writing mean record for temp; rec. count =           11
 u: current mean I/O counter =           11
 writing mean record for u; rec. count =           11
 sst: current mean I/O counter =           11
 writing mean record for sst; rec. count =           11
 hc300m: current mean I/O counter =           11
 writing mean record for hc300m; rec. count =           11
 hc: current mean I/O counter =           11
 writing mean record for hc; rec. count =           11
 tflux_vnod: current mean I/O counter =           11
 writing mean record for tflux_vnod; rec. count =           11
 curl_u: current mean I/O counter =           12
 writing mean record for curl_u; rec. count =           12
 rosb: current mean I/O counter =           12
 writing mean record for rosb; rec. count =           12
 N2: current mean I/O counter =           12
 writing mean record for N2; rec. count =           12
 slope_y: current mean I/O counter =           12
 writing mean record for slope_y; rec. count =           12
 hc700m: current mean I/O counter =           12
 writing mean record for hc700m; rec. count =           12
 tflux_unod: current mean I/O counter =           12
 writing mean record for tflux_unod; rec. count =           12
 tflux_w: current mean I/O counter =           12
 writing mean record for tflux_w; rec. count =           12
 vnod: current mean I/O counter =           12
 writing mean record for vnod; rec. count =           12
 v: current mean I/O counter =           12
 writing mean record for v; rec. count =           12
 ssh: current mean I/O counter =           12
 writing mean record for ssh; rec. count =           12
 slope_x: current mean I/O counter =           12
 writing mean record for slope_x; rec. count =           12
 unod: current mean I/O counter =           12
 writing mean record for unod; rec. count =           12
 temp: current mean I/O counter =           12
 writing mean record for temp; rec. count =           12
 u: current mean I/O counter =           12
 writing mean record for u; rec. count =           12
 sst: current mean I/O counter =           12
 writing mean record for sst; rec. count =           12
 hc300m: current mean I/O counter =           12
 writing mean record for hc300m; rec. count =           12
 hc: current mean I/O counter =           12
 writing mean record for hc; rec. count =           12
 tflux_vnod: current mean I/O counter =           12
 writing mean record for tflux_vnod; rec. count =           12
 curl_u: current mean I/O counter =           13
 writing mean record for curl_u; rec. count =           13
 rosb: current mean I/O counter =           13
 writing mean record for rosb; rec. count =           13
 N2: current mean I/O counter =           13
 writing mean record for N2; rec. count =           13
 slope_y: current mean I/O counter =           13
 writing mean record for slope_y; rec. count =           13
 temp: current mean I/O counter =           13
 writing mean record for temp; rec. count =           13
 v: current mean I/O counter =           13
 writing mean record for v; rec. count =           13
 slope_x: current mean I/O counter =           13
 writing mean record for slope_x; rec. count =           13
 vnod: current mean I/O counter =           13
 writing mean record for vnod; rec. count =           13
 ssh: current mean I/O counter =           13
 writing mean record for ssh; rec. count =           13
 hc700m: current mean I/O counter =           13
 writing mean record for hc700m; rec. count =           13
 tflux_unod: current mean I/O counter =           13
 writing mean record for tflux_unod; rec. count =           13
 tflux_w: current mean I/O counter =           13
 writing mean record for tflux_w; rec. count =           13
 unod: current mean I/O counter =           13
 writing mean record for unod; rec. count =           13
 hc: current mean I/O counter =           13
 writing mean record for hc; rec. count =           13
 u: current mean I/O counter =           13
 writing mean record for u; rec. count =           13
 sst: current mean I/O counter =           13
 writing mean record for sst; rec. count =           13
 hc300m: current mean I/O counter =           13
 writing mean record for hc300m; rec. count =           13
 tflux_vnod: current mean I/O counter =           13
 writing mean record for tflux_vnod; rec. count =           13
 curl_u: current mean I/O counter =           14
 writing mean record for curl_u; rec. count =           14
 rosb: current mean I/O counter =           14
 writing mean record for rosb; rec. count =           14
 N2: current mean I/O counter =           14
 writing mean record for N2; rec. count =           14
 slope_y: current mean I/O counter =           14
 writing mean record for slope_y; rec. count =           14
 tflux_unod: current mean I/O counter =           14
 writing mean record for tflux_unod; rec. count =           14
 slope_x: current mean I/O counter =           14
 writing mean record for slope_x; rec. count =           14
 temp: current mean I/O counter =           14
 writing mean record for temp; rec. count =           14
 ssh: current mean I/O counter =           14
 writing mean record for ssh; rec. count =           14
 tflux_w: current mean I/O counter =           14
 writing mean record for tflux_w; rec. count =           14
 unod: current mean I/O counter =           14
 writing mean record for unod; rec. count =           14
 vnod: current mean I/O counter =           14
 writing mean record for vnod; rec. count =           14
 u: current mean I/O counter =           14
 writing mean record for u; rec. count =           14
 v: current mean I/O counter =           14
 writing mean record for v; rec. count =           14
 hc700m: current mean I/O counter =           14
 writing mean record for hc700m; rec. count =           14
 sst: current mean I/O counter =           14
 writing mean record for sst; rec. count =           14
 hc300m: current mean I/O counter =           14
 writing mean record for hc300m; rec. count =           14
 hc: current mean I/O counter =           14
 writing mean record for hc; rec. count =           14
 tflux_vnod: current mean I/O counter =           14
 writing mean record for tflux_vnod; rec. count =           14
 curl_u: current mean I/O counter =           15
 writing mean record for curl_u; rec. count =           15
 N2: current mean I/O counter =           15
 writing mean record for N2; rec. count =           15
 rosb: current mean I/O counter =           15
 writing mean record for rosb; rec. count =           15
 slope_y: current mean I/O counter =           15
 writing mean record for slope_y; rec. count =           15
 temp: current mean I/O counter =           15
 writing mean record for temp; rec. count =           15
 vnod: current mean I/O counter =           15
 writing mean record for vnod; rec. count =           15
 v: current mean I/O counter =           15
 writing mean record for v; rec. count =           15
 ssh: current mean I/O counter =           15
 writing mean record for ssh; rec. count =           15
 hc700m: current mean I/O counter =           15
 writing mean record for hc700m; rec. count =           15
 tflux_unod: current mean I/O counter =           15
 writing mean record for tflux_unod; rec. count =           15
 tflux_w: current mean I/O counter =           15
 writing mean record for tflux_w; rec. count =           15
 slope_x: current mean I/O counter =           15
 writing mean record for slope_x; rec. count =           15
 unod: current mean I/O counter =           15
 writing mean record for unod; rec. count =           15
 u: current mean I/O counter =           15
 writing mean record for u; rec. count =           15
 hc300m: current mean I/O counter =           15
 writing mean record for hc300m; rec. count =           15
 sst: current mean I/O counter =           15
 writing mean record for sst; rec. count =           15
 hc: current mean I/O counter =           15
 writing mean record for hc; rec. count =           15
 tflux_vnod: current mean I/O counter =           15
 writing mean record for tflux_vnod; rec. count =           15
 curl_u: current mean I/O counter =           16
 writing mean record for curl_u; rec. count =           16
 N2: current mean I/O counter =           16
 writing mean record for N2; rec. count =           16
 rosb: current mean I/O counter =           16
 writing mean record for rosb; rec. count =           16
 vnod: current mean I/O counter =           16
 writing mean record for vnod; rec. count =           16
 v: current mean I/O counter =           16
 writing mean record for v; rec. count =           16
 slope_y: current mean I/O counter =           16
 writing mean record for slope_y; rec. count =           16
 ssh: current mean I/O counter =           16
 writing mean record for ssh; rec. count =           16
 hc700m: current mean I/O counter =           16
 writing mean record for hc700m; rec. count =           16
 slope_x: current mean I/O counter =           16
 writing mean record for slope_x; rec. count =           16
 temp: current mean I/O counter =           16
 writing mean record for temp; rec. count =           16
 unod: current mean I/O counter =           16
 writing mean record for unod; rec. count =           16
 u: current mean I/O counter =           16
 writing mean record for u; rec. count =           16
 sst: current mean I/O counter =           16
 writing mean record for sst; rec. count =           16
 hc300m: current mean I/O counter =           16
 writing mean record for hc300m; rec. count =           16
 hc: current mean I/O counter =           16
 writing mean record for hc; rec. count =           16
 tflux_unod: current mean I/O counter =           16
 writing mean record for tflux_unod; rec. count =           16
 tflux_vnod: current mean I/O counter =           16
 writing mean record for tflux_vnod; rec. count =           16
 tflux_w: current mean I/O counter =           16
 writing mean record for tflux_w; rec. count =           16
 curl_u: current mean I/O counter =           17
 writing mean record for curl_u; rec. count =           17
 rosb: current mean I/O counter =           17
 writing mean record for rosb; rec. count =           17
 N2: current mean I/O counter =           17
 writing mean record for N2; rec. count =           17
 slope_x: current mean I/O counter =           17
 writing mean record for slope_x; rec. count =           17
 slope_y: current mean I/O counter =           17
 writing mean record for slope_y; rec. count =           17
 v: current mean I/O counter =           17
 writing mean record for v; rec. count =           17
 temp: current mean I/O counter =           17
 writing mean record for temp; rec. count =           17
 vnod: current mean I/O counter =           17
 writing mean record for vnod; rec. count =           17
 unod: current mean I/O counter =           17
 writing mean record for unod; rec. count =           17
 u: current mean I/O counter =           17
 writing mean record for u; rec. count =           17
 sst: current mean I/O counter =           17
 writing mean record for sst; rec. count =           17
 ssh: current mean I/O counter =           17
 writing mean record for ssh; rec. count =           17
 hc300m: current mean I/O counter =           17
 writing mean record for hc300m; rec. count =           17
 hc700m: current mean I/O counter =           17
 writing mean record for hc700m; rec. count =           17
 hc: current mean I/O counter =           17
 writing mean record for hc; rec. count =           17
 tflux_unod: current mean I/O counter =           17
 writing mean record for tflux_unod; rec. count =           17
 tflux_vnod: current mean I/O counter =           17
 writing mean record for tflux_vnod; rec. count =           17
 tflux_w: current mean I/O counter =           17
 writing mean record for tflux_w; rec. count =           17
 curl_u: current mean I/O counter =           18
 writing mean record for curl_u; rec. count =           18
 N2: current mean I/O counter =           18
 writing mean record for N2; rec. count =           18
 slope_y: current mean I/O counter =           18
 writing mean record for slope_y; rec. count =           18
 rosb: current mean I/O counter =           18
 writing mean record for rosb; rec. count =           18
 slope_x: current mean I/O counter =           18
 writing mean record for slope_x; rec. count =           18
 vnod: current mean I/O counter =           18
 writing mean record for vnod; rec. count =           18
 v: current mean I/O counter =           18
 writing mean record for v; rec. count =           18
 tflux_w: current mean I/O counter =           18
 writing mean record for tflux_w; rec. count =           18
 ssh: current mean I/O counter =           18
 writing mean record for ssh; rec. count =           18
 tflux_unod: current mean I/O counter =           18
 writing mean record for tflux_unod; rec. count =           18
 temp: current mean I/O counter =           18
 writing mean record for temp; rec. count =           18
 hc700m: current mean I/O counter =           18
 writing mean record for hc700m; rec. count =           18
 unod: current mean I/O counter =           18
 writing mean record for unod; rec. count =           18
 u: current mean I/O counter =           18
 writing mean record for u; rec. count =           18
 sst: current mean I/O counter =           18
 writing mean record for sst; rec. count =           18
 hc300m: current mean I/O counter =           18
 writing mean record for hc300m; rec. count =           18
 hc: current mean I/O counter =           18
 writing mean record for hc; rec. count =           18
 tflux_vnod: current mean I/O counter =           18
 writing mean record for tflux_vnod; rec. count =           18
 curl_u: current mean I/O counter =           19
 writing mean record for curl_u; rec. count =           19
 N2: current mean I/O counter =           19
 writing mean record for N2; rec. count =           19
 rosb: current mean I/O counter =           19
 writing mean record for rosb; rec. count =           19
 slope_y: current mean I/O counter =           19
 writing mean record for slope_y; rec. count =           19
 slope_x: current mean I/O counter =           19
 writing mean record for slope_x; rec. count =           19
 temp: current mean I/O counter =           19
 writing mean record for temp; rec. count =           19
 unod: current mean I/O counter =           19
 writing mean record for unod; rec. count =           19
 vnod: current mean I/O counter =           19
 writing mean record for vnod; rec. count =           19
 u: current mean I/O counter =           19
 writing mean record for u; rec. count =           19
 v: current mean I/O counter =           19
 writing mean record for v; rec. count =           19
 sst: current mean I/O counter =           19
 writing mean record for sst; rec. count =           19
 ssh: current mean I/O counter =           19
 writing mean record for ssh; rec. count =           19
 hc300m: current mean I/O counter =           19
 writing mean record for hc300m; rec. count =           19
 hc700m: current mean I/O counter =           19
 writing mean record for hc700m; rec. count =           19
 hc: current mean I/O counter =           19
 writing mean record for hc; rec. count =           19
 tflux_unod: current mean I/O counter =           19
 writing mean record for tflux_unod; rec. count =           19
 tflux_vnod: current mean I/O counter =           19
 writing mean record for tflux_vnod; rec. count =           19
 tflux_w: current mean I/O counter =           19
 writing mean record for tflux_w; rec. count =           19
 curl_u: current mean I/O counter =           20
 writing mean record for curl_u; rec. count =           20
 rosb: current mean I/O counter =           20
 writing mean record for rosb; rec. count =           20
 N2: current mean I/O counter =           20
 writing mean record for N2; rec. count =           20
 slope_y: current mean I/O counter =           20
 writing mean record for slope_y; rec. count =           20
 slope_x: current mean I/O counter =           20
 writing mean record for slope_x; rec. count =           20
 temp: current mean I/O counter =           20
 writing mean record for temp; rec. count =           20
 vnod: current mean I/O counter =           20
 writing mean record for vnod; rec. count =           20
 v: current mean I/O counter =           20
 writing mean record for v; rec. count =           20
 ssh: current mean I/O counter =           20
 writing mean record for ssh; rec. count =           20
 hc700m: current mean I/O counter =           20
 writing mean record for hc700m; rec. count =           20
 tflux_unod: current mean I/O counter =           20
 writing mean record for tflux_unod; rec. count =           20
 unod: current mean I/O counter =           20
 writing mean record for unod; rec. count =           20
 sst: current mean I/O counter =           20
 writing mean record for sst; rec. count =           20
 hc: current mean I/O counter =           20
 writing mean record for hc; rec. count =           20
 tflux_w: current mean I/O counter =           20
 writing mean record for tflux_w; rec. count =           20
 u: current mean I/O counter =           20
 writing mean record for u; rec. count =           20
 hc300m: current mean I/O counter =           20
 writing mean record for hc300m; rec. count =           20
 tflux_vnod: current mean I/O counter =           20
 writing mean record for tflux_vnod; rec. count =           20
 curl_u: current mean I/O counter =           21
 writing mean record for curl_u; rec. count =           21
 rosb: current mean I/O counter =           21
 writing mean record for rosb; rec. count =           21
 N2: current mean I/O counter =           21
 writing mean record for N2; rec. count =           21
 slope_x: current mean I/O counter =           21
 writing mean record for slope_x; rec. count =           21
 slope_y: current mean I/O counter =           21
 writing mean record for slope_y; rec. count =           21
 vnod: current mean I/O counter =           21
 writing mean record for vnod; rec. count =           21
 v: current mean I/O counter =           21
 writing mean record for v; rec. count =           21
 hc700m: current mean I/O counter =           21
 writing mean record for hc700m; rec. count =           21
 tflux_unod: current mean I/O counter =           21
 writing mean record for tflux_unod; rec. count =           21
 tflux_w: current mean I/O counter =           21
 writing mean record for tflux_w; rec. count =           21
 temp: current mean I/O counter =           21
 writing mean record for temp; rec. count =           21
 unod: current mean I/O counter =           21
 writing mean record for unod; rec. count =           21
 u: current mean I/O counter =           21
 writing mean record for u; rec. count =           21
 ssh: current mean I/O counter =           21
 writing mean record for ssh; rec. count =           21
 hc300m: current mean I/O counter =           21
 writing mean record for hc300m; rec. count =           21
 sst: current mean I/O counter =           21
 writing mean record for sst; rec. count =           21
 hc: current mean I/O counter =           21
 writing mean record for hc; rec. count =           21
 tflux_vnod: current mean I/O counter =           21
 writing mean record for tflux_vnod; rec. count =           21
 curl_u: current mean I/O counter =           22
 writing mean record for curl_u; rec. count =           22
 rosb: current mean I/O counter =           22
 writing mean record for rosb; rec. count =           22
 N2: current mean I/O counter =           22
 writing mean record for N2; rec. count =           22
 slope_y: current mean I/O counter =           22
 writing mean record for slope_y; rec. count =           22
 tflux_unod: current mean I/O counter =           22
 writing mean record for tflux_unod; rec. count =           22
 slope_x: current mean I/O counter =           22
 writing mean record for slope_x; rec. count =           22
 unod: current mean I/O counter =           22
 writing mean record for unod; rec. count =           22
 u: current mean I/O counter =           22
 writing mean record for u; rec. count =           22
 tflux_w: current mean I/O counter =           22
 writing mean record for tflux_w; rec. count =           22
 ssh: current mean I/O counter =           22
 writing mean record for ssh; rec. count =           22
 temp: current mean I/O counter =           22
 writing mean record for temp; rec. count =           22
 vnod: current mean I/O counter =           22
 writing mean record for vnod; rec. count =           22
 v: current mean I/O counter =           22
 writing mean record for v; rec. count =           22
 sst: current mean I/O counter =           22
 writing mean record for sst; rec. count =           22
 hc300m: current mean I/O counter =           22
 writing mean record for hc300m; rec. count =           22
 hc700m: current mean I/O counter =           22
 writing mean record for hc700m; rec. count =           22
 hc: current mean I/O counter =           22
 writing mean record for hc; rec. count =           22
 tflux_vnod: current mean I/O counter =           22
 writing mean record for tflux_vnod; rec. count =           22
 curl_u: current mean I/O counter =           23
 writing mean record for curl_u; rec. count =           23
 rosb: current mean I/O counter =           23
 writing mean record for rosb; rec. count =           23
 N2: current mean I/O counter =           23
 writing mean record for N2; rec. count =           23
 slope_y: current mean I/O counter =           23
 writing mean record for slope_y; rec. count =           23
 v: current mean I/O counter =           23
 writing mean record for v; rec. count =           23
 tflux_w: current mean I/O counter =           23
 writing mean record for tflux_w; rec. count =           23
 temp: current mean I/O counter =           23
 writing mean record for temp; rec. count =           23
 vnod: current mean I/O counter =           23
 writing mean record for vnod; rec. count =           23
 ssh: current mean I/O counter =           23
 writing mean record for ssh; rec. count =           23
 hc700m: current mean I/O counter =           23
 writing mean record for hc700m; rec. count =           23
 tflux_unod: current mean I/O counter =           23
 writing mean record for tflux_unod; rec. count =           23
 slope_x: current mean I/O counter =           23
 writing mean record for slope_x; rec. count =           23
 unod: current mean I/O counter =           23
 writing mean record for unod; rec. count =           23
 u: current mean I/O counter =           23
 writing mean record for u; rec. count =           23
 sst: current mean I/O counter =           23
 writing mean record for sst; rec. count =           23
 hc300m: current mean I/O counter =           23
 writing mean record for hc300m; rec. count =           23
 hc: current mean I/O counter =           23
 writing mean record for hc; rec. count =           23
 tflux_vnod: current mean I/O counter =           23
 writing mean record for tflux_vnod; rec. count =           23
 curl_u: current mean I/O counter =           24
 writing mean record for curl_u; rec. count =           24
 rosb: current mean I/O counter =           24
 writing mean record for rosb; rec. count =           24
 N2: current mean I/O counter =           24
 writing mean record for N2; rec. count =           24
 slope_y: current mean I/O counter =           24
 writing mean record for slope_y; rec. count =           24
 vnod: current mean I/O counter =           24
 writing mean record for vnod; rec. count =           24
 v: current mean I/O counter =           24
 writing mean record for v; rec. count =           24
 ssh: current mean I/O counter =           24
 writing mean record for ssh; rec. count =           24
 hc700m: current mean I/O counter =           24
 writing mean record for hc700m; rec. count =           24
 tflux_unod: current mean I/O counter =           24
 writing mean record for tflux_unod; rec. count =           24
 slope_x: current mean I/O counter =           24
 writing mean record for slope_x; rec. count =           24
 temp: current mean I/O counter =           24
 writing mean record for temp; rec. count =           24
 unod: current mean I/O counter =           24
 writing mean record for unod; rec. count =           24
 sst: current mean I/O counter =           24
 writing mean record for sst; rec. count =           24
 u: current mean I/O counter =           24
 writing mean record for u; rec. count =           24
 hc300m: current mean I/O counter =           24
 writing mean record for hc300m; rec. count =           24
 hc: current mean I/O counter =           24
 writing mean record for hc; rec. count =           24
 tflux_vnod: current mean I/O counter =           24
 writing mean record for tflux_vnod; rec. count =           24
 tflux_w: current mean I/O counter =           24
 writing mean record for tflux_w; rec. count =           24
 curl_u: current mean I/O counter =           25
 writing mean record for curl_u; rec. count =           25
 rosb: current mean I/O counter =           25
 writing mean record for rosb; rec. count =           25
 N2: current mean I/O counter =           25
 writing mean record for N2; rec. count =           25
 slope_y: current mean I/O counter =           25
 writing mean record for slope_y; rec. count =           25
 vnod: current mean I/O counter =           25
 writing mean record for vnod; rec. count =           25
 ssh: current mean I/O counter =           25
 writing mean record for ssh; rec. count =           25
 hc700m: current mean I/O counter =           25
 writing mean record for hc700m; rec. count =           25
 tflux_unod: current mean I/O counter =           25
 writing mean record for tflux_unod; rec. count =           25
 tflux_w: current mean I/O counter =           25
 writing mean record for tflux_w; rec. count =           25
 v: current mean I/O counter =           25
 writing mean record for v; rec. count =           25
 slope_x: current mean I/O counter =           25
 writing mean record for slope_x; rec. count =           25
 hc: current mean I/O counter =           25
 writing mean record for hc; rec. count =           25
 temp: current mean I/O counter =           25
 writing mean record for temp; rec. count =           25
 unod: current mean I/O counter =           25
 writing mean record for unod; rec. count =           25
 u: current mean I/O counter =           25
 writing mean record for u; rec. count =           25
 sst: current mean I/O counter =           25
 writing mean record for sst; rec. count =           25
 hc300m: current mean I/O counter =           25
 writing mean record for hc300m; rec. count =           25
 tflux_vnod: current mean I/O counter =           25
 writing mean record for tflux_vnod; rec. count =           25
 curl_u: current mean I/O counter =           26
 writing mean record for curl_u; rec. count =           26
 rosb: current mean I/O counter =           26
 writing mean record for rosb; rec. count =           26
 N2: current mean I/O counter =           26
 writing mean record for N2; rec. count =           26
 slope_y: current mean I/O counter =           26
 writing mean record for slope_y; rec. count =           26
 tflux_unod: current mean I/O counter =           26
 writing mean record for tflux_unod; rec. count =           26
 vnod: current mean I/O counter =           26
 writing mean record for vnod; rec. count =           26
 u: current mean I/O counter =           26
 writing mean record for u; rec. count =           26
 v: current mean I/O counter =           26
 writing mean record for v; rec. count =           26
 ssh: current mean I/O counter =           26
 writing mean record for ssh; rec. count =           26
 hc700m: current mean I/O counter =           26
 writing mean record for hc700m; rec. count =           26
 slope_x: current mean I/O counter =           26
 writing mean record for slope_x; rec. count =           26
 temp: current mean I/O counter =           26
 writing mean record for temp; rec. count =           26
 unod: current mean I/O counter =           26
 writing mean record for unod; rec. count =           26
 sst: current mean I/O counter =           26
 writing mean record for sst; rec. count =           26
 hc300m: current mean I/O counter =           26
 writing mean record for hc300m; rec. count =           26
 hc: current mean I/O counter =           26
 writing mean record for hc; rec. count =           26
 tflux_vnod: current mean I/O counter =           26
 writing mean record for tflux_vnod; rec. count =           26
 tflux_w: current mean I/O counter =           26
 writing mean record for tflux_w; rec. count =           26
 curl_u: current mean I/O counter =           27
 writing mean record for curl_u; rec. count =           27
 rosb: current mean I/O counter =           27
 writing mean record for rosb; rec. count =           27
 N2: current mean I/O counter =           27
 writing mean record for N2; rec. count =           27
 slope_y: current mean I/O counter =           27
 writing mean record for slope_y; rec. count =           27
 temp: current mean I/O counter =           27
 writing mean record for temp; rec. count =           27
 slope_x: current mean I/O counter =           27
 writing mean record for slope_x; rec. count =           27
 unod: current mean I/O counter =           27
 writing mean record for unod; rec. count =           27
 vnod: current mean I/O counter =           27
 writing mean record for vnod; rec. count =           27
 u: current mean I/O counter =           27
 writing mean record for u; rec. count =           27
 v: current mean I/O counter =           27
 writing mean record for v; rec. count =           27
 sst: current mean I/O counter =           27
 writing mean record for sst; rec. count =           27
 ssh: current mean I/O counter =           27
 writing mean record for ssh; rec. count =           27
 hc700m: current mean I/O counter =           27
 writing mean record for hc700m; rec. count =           27
 hc: current mean I/O counter =           27
 writing mean record for hc; rec. count =           27
 tflux_vnod: current mean I/O counter =           27
 writing mean record for tflux_vnod; rec. count =           27
 hc300m: current mean I/O counter =           27
 writing mean record for hc300m; rec. count =           27
 tflux_unod: current mean I/O counter =           27
 writing mean record for tflux_unod; rec. count =           27
 tflux_w: current mean I/O counter =           27
 writing mean record for tflux_w; rec. count =           27
 curl_u: current mean I/O counter =           28
 writing mean record for curl_u; rec. count =           28
 N2: current mean I/O counter =           28
 writing mean record for N2; rec. count =           28
 slope_y: current mean I/O counter =           28
 writing mean record for slope_y; rec. count =           28
 rosb: current mean I/O counter =           28
 writing mean record for rosb; rec. count =           28
 v: current mean I/O counter =           28
 writing mean record for v; rec. count =           28
 ssh: current mean I/O counter =           28
 writing mean record for ssh; rec. count =           28
 hc700m: current mean I/O counter =           28
 writing mean record for hc700m; rec. count =           28
 temp: current mean I/O counter =           28
 writing mean record for temp; rec. count =           28
 hc: current mean I/O counter =           28
 writing mean record for hc; rec. count =           28
 vnod: current mean I/O counter =           28
 writing mean record for vnod; rec. count =           28
 u: current mean I/O counter =           28
 writing mean record for u; rec. count =           28
 tflux_unod: current mean I/O counter =           28
 writing mean record for tflux_unod; rec. count =           28
 tflux_w: current mean I/O counter =           28
 writing mean record for tflux_w; rec. count =           28
 slope_x: current mean I/O counter =           28
 writing mean record for slope_x; rec. count =           28
 unod: current mean I/O counter =           28
 writing mean record for unod; rec. count =           28
 sst: current mean I/O counter =           28
 writing mean record for sst; rec. count =           28
 hc300m: current mean I/O counter =           28
 writing mean record for hc300m; rec. count =           28
 tflux_vnod: current mean I/O counter =           28
 writing mean record for tflux_vnod; rec. count =           28
 curl_u: current mean I/O counter =           29
 writing mean record for curl_u; rec. count =           29
 slope_y: current mean I/O counter =           29
 writing mean record for slope_y; rec. count =           29
 rosb: current mean I/O counter =           29
 writing mean record for rosb; rec. count =           29
 N2: current mean I/O counter =           29
 writing mean record for N2; rec. count =           29
 slope_x: current mean I/O counter =           29
 writing mean record for slope_x; rec. count =           29
 temp: current mean I/O counter =           29
 writing mean record for temp; rec. count =           29
 vnod: current mean I/O counter =           29
 writing mean record for vnod; rec. count =           29
 hc700m: current mean I/O counter =           29
 writing mean record for hc700m; rec. count =           29
 unod: current mean I/O counter =           29
 writing mean record for unod; rec. count =           29
 v: current mean I/O counter =           29
 writing mean record for v; rec. count =           29
 ssh: current mean I/O counter =           29
 writing mean record for ssh; rec. count =           29
 hc: current mean I/O counter =           29
 writing mean record for hc; rec. count =           29
 tflux_unod: current mean I/O counter =           29
 writing mean record for tflux_unod; rec. count =           29
 tflux_w: current mean I/O counter =           29
 writing mean record for tflux_w; rec. count =           29
 tflux_vnod: current mean I/O counter =           29
 writing mean record for tflux_vnod; rec. count =           29
 u: current mean I/O counter =           29
 writing mean record for u; rec. count =           29
 sst: current mean I/O counter =           29
 writing mean record for sst; rec. count =           29
 hc300m: current mean I/O counter =           29
 writing mean record for hc300m; rec. count =           29
 curl_u: current mean I/O counter =           30
 writing mean record for curl_u; rec. count =           30
 N2: current mean I/O counter =           30
 writing mean record for N2; rec. count =           30
 rosb: current mean I/O counter =           30
 writing mean record for rosb; rec. count =           30
 slope_y: current mean I/O counter =           30
 writing mean record for slope_y; rec. count =           30
 slope_x: current mean I/O counter =           30
 writing mean record for slope_x; rec. count =           30
 temp: current mean I/O counter =           30
 writing mean record for temp; rec. count =           30
 vnod: current mean I/O counter =           30
 writing mean record for vnod; rec. count =           30
 v: current mean I/O counter =           30
 writing mean record for v; rec. count =           30
 hc700m: current mean I/O counter =           30
 writing mean record for hc700m; rec. count =           30
 u: current mean I/O counter =           30
 writing mean record for u; rec. count =           30
 ssh: current mean I/O counter =           30
 writing mean record for ssh; rec. count =           30
 hc300m: current mean I/O counter =           30
 writing mean record for hc300m; rec. count =           30
 hc: current mean I/O counter =           30
 writing mean record for hc; rec. count =           30
 unod: current mean I/O counter =           30
 writing mean record for unod; rec. count =           30
 sst: current mean I/O counter =           30
 writing mean record for sst; rec. count =           30
 tflux_unod: current mean I/O counter =           30
 writing mean record for tflux_unod; rec. count =           30
 tflux_w: current mean I/O counter =           30
 writing mean record for tflux_w; rec. count =           30
 tflux_vnod: current mean I/O counter =           30
 writing mean record for tflux_vnod; rec. count =           30
 curl_u: current mean I/O counter =           31
 writing mean record for curl_u; rec. count =           31
 rosb: current mean I/O counter =           31
 writing mean record for rosb; rec. count =           31
 N2: current mean I/O counter =           31
 writing mean record for N2; rec. count =           31
 slope_y: current mean I/O counter =           31
 writing mean record for slope_y; rec. count =           31
 temp: current mean I/O counter =           31
 writing mean record for temp; rec. count =           31
 vnod: current mean I/O counter =           31
 writing mean record for vnod; rec. count =           31
 tflux_unod: current mean I/O counter =           31
 writing mean record for tflux_unod; rec. count =           31
 v: current mean I/O counter =           31
 writing mean record for v; rec. count =           31
 hc700m: current mean I/O counter =           31
 writing mean record for hc700m; rec. count =           31
 slope_x: current mean I/O counter =           31
 writing mean record for slope_x; rec. count =           31
 unod: current mean I/O counter =           31
 writing mean record for unod; rec. count =           31
 u: current mean I/O counter =           31
 writing mean record for u; rec. count =           31
 sst: current mean I/O counter =           31
 writing mean record for sst; rec. count =           31
 ssh: current mean I/O counter =           31
 writing mean record for ssh; rec. count =           31
 hc300m: current mean I/O counter =           31
 writing mean record for hc300m; rec. count =           31
 hc: current mean I/O counter =           31
 writing mean record for hc; rec. count =           31
 tflux_vnod: current mean I/O counter =           31
 writing mean record for tflux_vnod; rec. count =           31
 tflux_w: current mean I/O counter =           31
 writing mean record for tflux_w; rec. count =           31
 curl_u: current mean I/O counter =           32
 writing mean record for curl_u; rec. count =           32
 N2: current mean I/O counter =           32
 writing mean record for N2; rec. count =           32
 slope_y: current mean I/O counter =           32
 writing mean record for slope_y; rec. count =           32
 rosb: current mean I/O counter =           32
 writing mean record for rosb; rec. count =           32
 tflux_w: current mean I/O counter =           32
 writing mean record for tflux_w; rec. count =           32
 vnod: current mean I/O counter =           32
 writing mean record for vnod; rec. count =           32
 slope_x: current mean I/O counter =           32
 writing mean record for slope_x; rec. count =           32
 temp: current mean I/O counter =           32
 writing mean record for temp; rec. count =           32
 unod: current mean I/O counter =           32
 writing mean record for unod; rec. count =           32
 u: current mean I/O counter =           32
 writing mean record for u; rec. count =           32
 v: current mean I/O counter =           32
 writing mean record for v; rec. count =           32
 sst: current mean I/O counter =           32
 writing mean record for sst; rec. count =           32
 ssh: current mean I/O counter =           32
 writing mean record for ssh; rec. count =           32
 hc300m: current mean I/O counter =           32
 writing mean record for hc300m; rec. count =           32
 hc700m: current mean I/O counter =           32
 writing mean record for hc700m; rec. count =           32
 hc: current mean I/O counter =           32
 writing mean record for hc; rec. count =           32
 tflux_unod: current mean I/O counter =           32
 writing mean record for tflux_unod; rec. count =           32
 tflux_vnod: current mean I/O counter =           32
 writing mean record for tflux_vnod; rec. count =           32
 curl_u: current mean I/O counter =           33
 writing mean record for curl_u; rec. count =           33
 rosb: current mean I/O counter =           33
 writing mean record for rosb; rec. count =           33
 N2: current mean I/O counter =           33
 writing mean record for N2; rec. count =           33
 slope_y: current mean I/O counter =           33
 writing mean record for slope_y; rec. count =           33
 temp: current mean I/O counter =           33
 writing mean record for temp; rec. count =           33
 vnod: current mean I/O counter =           33
 writing mean record for vnod; rec. count =           33
 slope_x: current mean I/O counter =           33
 writing mean record for slope_x; rec. count =           33
 ssh: current mean I/O counter =           33
 writing mean record for ssh; rec. count =           33
 unod: current mean I/O counter =           33
 writing mean record for unod; rec. count =           33
 u: current mean I/O counter =           33
 writing mean record for u; rec. count =           33
 v: current mean I/O counter =           33
 writing mean record for v; rec. count =           33
 hc700m: current mean I/O counter =           33
 writing mean record for hc700m; rec. count =           33
 hc: current mean I/O counter =           33
 writing mean record for hc; rec. count =           33
 tflux_vnod: current mean I/O counter =           33
 writing mean record for tflux_vnod; rec. count =           33
 sst: current mean I/O counter =           33
 writing mean record for sst; rec. count =           33
 hc300m: current mean I/O counter =           33
 writing mean record for hc300m; rec. count =           33
 tflux_unod: current mean I/O counter =           33
 writing mean record for tflux_unod; rec. count =           33
 tflux_w: current mean I/O counter =           33
 writing mean record for tflux_w; rec. count =           33
 curl_u: current mean I/O counter =           34
 writing mean record for curl_u; rec. count =           34
 N2: current mean I/O counter =           34
 writing mean record for N2; rec. count =           34
 slope_y: current mean I/O counter =           34
 writing mean record for slope_y; rec. count =           34
 rosb: current mean I/O counter =           34
 writing mean record for rosb; rec. count =           34
 slope_x: current mean I/O counter =           34
 writing mean record for slope_x; rec. count =           34
 temp: current mean I/O counter =           34
 writing mean record for temp; rec. count =           34
 vnod: current mean I/O counter =           34
 writing mean record for vnod; rec. count =           34
 v: current mean I/O counter =           34
 writing mean record for v; rec. count =           34
 tflux_unod: current mean I/O counter =           34
 writing mean record for tflux_unod; rec. count =           34
 tflux_w: current mean I/O counter =           34
 writing mean record for tflux_w; rec. count =           34
 ssh: current mean I/O counter =           34
 writing mean record for ssh; rec. count =           34
 hc: current mean I/O counter =           34
 writing mean record for hc; rec. count =           34
 hc700m: current mean I/O counter =           34
 writing mean record for hc700m; rec. count =           34
 unod: current mean I/O counter =           34
 writing mean record for unod; rec. count =           34
 u: current mean I/O counter =           34
 writing mean record for u; rec. count =           34
 sst: current mean I/O counter =           34
 writing mean record for sst; rec. count =           34
 hc300m: current mean I/O counter =           34
 writing mean record for hc300m; rec. count =           34
 tflux_vnod: current mean I/O counter =           34
 writing mean record for tflux_vnod; rec. count =           34
 curl_u: current mean I/O counter =           35
 writing mean record for curl_u; rec. count =           35
 N2: current mean I/O counter =           35
 writing mean record for N2; rec. count =           35
 slope_y: current mean I/O counter =           35
 writing mean record for slope_y; rec. count =           35
 rosb: current mean I/O counter =           35
 writing mean record for rosb; rec. count =           35
 temp: current mean I/O counter =           35
 writing mean record for temp; rec. count =           35
 vnod: current mean I/O counter =           35
 writing mean record for vnod; rec. count =           35
 tflux_unod: current mean I/O counter =           35
 writing mean record for tflux_unod; rec. count =           35
 v: current mean I/O counter =           35
 writing mean record for v; rec. count =           35
 ssh: current mean I/O counter =           35
 writing mean record for ssh; rec. count =           35
 hc700m: current mean I/O counter =           35
 writing mean record for hc700m; rec. count =           35
 slope_x: current mean I/O counter =           35
 writing mean record for slope_x; rec. count =           35
 unod: current mean I/O counter =           35
 writing mean record for unod; rec. count =           35
 u: current mean I/O counter =           35
 writing mean record for u; rec. count =           35
 sst: current mean I/O counter =           35
 writing mean record for sst; rec. count =           35
 hc300m: current mean I/O counter =           35
 writing mean record for hc300m; rec. count =           35
 hc: current mean I/O counter =           35
 writing mean record for hc; rec. count =           35
 tflux_vnod: current mean I/O counter =           35
 writing mean record for tflux_vnod; rec. count =           35
 tflux_w: current mean I/O counter =           35
 writing mean record for tflux_w; rec. count =           35
 curl_u: current mean I/O counter =           36
 writing mean record for curl_u; rec. count =           36
 N2: current mean I/O counter =           36
 writing mean record for N2; rec. count =           36
 slope_y: current mean I/O counter =           36
 writing mean record for slope_y; rec. count =           36
 rosb: current mean I/O counter =           36
 writing mean record for rosb; rec. count =           36
 temp: current mean I/O counter =           36
 writing mean record for temp; rec. count =           36
 v: current mean I/O counter =           36
 writing mean record for v; rec. count =           36
 tflux_unod: current mean I/O counter =           36
 writing mean record for tflux_unod; rec. count =           36
 vnod: current mean I/O counter =           36
 writing mean record for vnod; rec. count =           36
 hc700m: current mean I/O counter =           36
 writing mean record for hc700m; rec. count =           36
 ssh: current mean I/O counter =           36
 writing mean record for ssh; rec. count =           36
 slope_x: current mean I/O counter =           36
 writing mean record for slope_x; rec. count =           36
 unod: current mean I/O counter =           36
 writing mean record for unod; rec. count =           36
 u: current mean I/O counter =           36
 writing mean record for u; rec. count =           36
 sst: current mean I/O counter =           36
 writing mean record for sst; rec. count =           36
 hc300m: current mean I/O counter =           36
 writing mean record for hc300m; rec. count =           36
 hc: current mean I/O counter =           36
 writing mean record for hc; rec. count =           36
 tflux_vnod: current mean I/O counter =           36
 writing mean record for tflux_vnod; rec. count =           36
 tflux_w: current mean I/O counter =           36
 writing mean record for tflux_w; rec. count =           36
 curl_u: current mean I/O counter =           37
 writing mean record for curl_u; rec. count =           37
 N2: current mean I/O counter =           37
 writing mean record for N2; rec. count =           37
 slope_y: current mean I/O counter =           37
 writing mean record for slope_y; rec. count =           37
 rosb: current mean I/O counter =           37
 writing mean record for rosb; rec. count =           37
 slope_x: current mean I/O counter =           37
 writing mean record for slope_x; rec. count =           37
 temp: current mean I/O counter =           37
 writing mean record for temp; rec. count =           37
 vnod: current mean I/O counter =           37
 writing mean record for vnod; rec. count =           37
 ssh: current mean I/O counter =           37
 writing mean record for ssh; rec. count =           37
 unod: current mean I/O counter =           37
 writing mean record for unod; rec. count =           37
 u: current mean I/O counter =           37
 writing mean record for u; rec. count =           37
 v: current mean I/O counter =           37
 writing mean record for v; rec. count =           37
 sst: current mean I/O counter =           37
 writing mean record for sst; rec. count =           37
 hc300m: current mean I/O counter =           37
 writing mean record for hc300m; rec. count =           37
 hc700m: current mean I/O counter =           37
 writing mean record for hc700m; rec. count =           37
 tflux_unod: current mean I/O counter =           37
 writing mean record for tflux_unod; rec. count =           37
 hc: current mean I/O counter =           37
 writing mean record for hc; rec. count =           37
 tflux_vnod: current mean I/O counter =           37
 writing mean record for tflux_vnod; rec. count =           37
 tflux_w: current mean I/O counter =           37
 writing mean record for tflux_w; rec. count =           37
 curl_u: current mean I/O counter =           38
 writing mean record for curl_u; rec. count =           38
 rosb: current mean I/O counter =           38
 writing mean record for rosb; rec. count =           38
 N2: current mean I/O counter =           38
 writing mean record for N2; rec. count =           38
 slope_y: current mean I/O counter =           38
 writing mean record for slope_y; rec. count =           38
 slope_x: current mean I/O counter =           38
 writing mean record for slope_x; rec. count =           38
 vnod: current mean I/O counter =           38
 writing mean record for vnod; rec. count =           38
 v: current mean I/O counter =           38
 writing mean record for v; rec. count =           38
 tflux_unod: current mean I/O counter =           38
 writing mean record for tflux_unod; rec. count =           38
 unod: current mean I/O counter =           38
 writing mean record for unod; rec. count =           38
 u: current mean I/O counter =           38
 writing mean record for u; rec. count =           38
 sst: current mean I/O counter =           38
 writing mean record for sst; rec. count =           38
 ssh: current mean I/O counter =           38
 writing mean record for ssh; rec. count =           38
 hc300m: current mean I/O counter =           38
 writing mean record for hc300m; rec. count =           38
 hc700m: current mean I/O counter =           38
 writing mean record for hc700m; rec. count =           38
 temp: current mean I/O counter =           38
 writing mean record for temp; rec. count =           38
 hc: current mean I/O counter =           38
 writing mean record for hc; rec. count =           38
 tflux_vnod: current mean I/O counter =           38
 writing mean record for tflux_vnod; rec. count =           38
 tflux_w: current mean I/O counter =           38
 writing mean record for tflux_w; rec. count =           38
 curl_u: current mean I/O counter =           39
 writing mean record for curl_u; rec. count =           39
 N2: current mean I/O counter =           39
 writing mean record for N2; rec. count =           39
 slope_y: current mean I/O counter =           39
 writing mean record for slope_y; rec. count =           39
 rosb: current mean I/O counter =           39
 writing mean record for rosb; rec. count =           39
 slope_x: current mean I/O counter =           39
 writing mean record for slope_x; rec. count =           39
 vnod: current mean I/O counter =           39
 writing mean record for vnod; rec. count =           39
 v: current mean I/O counter =           39
 writing mean record for v; rec. count =           39
 ssh: current mean I/O counter =           39
 writing mean record for ssh; rec. count =           39
 hc700m: current mean I/O counter =           39
 writing mean record for hc700m; rec. count =           39
 temp: current mean I/O counter =           39
 writing mean record for temp; rec. count =           39
 unod: current mean I/O counter =           39
 writing mean record for unod; rec. count =           39
 u: current mean I/O counter =           39
 writing mean record for u; rec. count =           39
 sst: current mean I/O counter =           39
 writing mean record for sst; rec. count =           39
 hc300m: current mean I/O counter =           39
 writing mean record for hc300m; rec. count =           39
 hc: current mean I/O counter =           39
 writing mean record for hc; rec. count =           39
 tflux_unod: current mean I/O counter =           39
 writing mean record for tflux_unod; rec. count =           39
 tflux_vnod: current mean I/O counter =           39
 writing mean record for tflux_vnod; rec. count =           39
 tflux_w: current mean I/O counter =           39
 writing mean record for tflux_w; rec. count =           39
 curl_u: current mean I/O counter =           40
 writing mean record for curl_u; rec. count =           40
 rosb: current mean I/O counter =           40
 writing mean record for rosb; rec. count =           40
 N2: current mean I/O counter =           40
 writing mean record for N2; rec. count =           40
 slope_y: current mean I/O counter =           40
 writing mean record for slope_y; rec. count =           40
 temp: current mean I/O counter =           40
 writing mean record for temp; rec. count =           40
 vnod: current mean I/O counter =           40
 writing mean record for vnod; rec. count =           40
 v: current mean I/O counter =           40
 writing mean record for v; rec. count =           40
 ssh: current mean I/O counter =           40
 writing mean record for ssh; rec. count =           40
 hc700m: current mean I/O counter =           40
 writing mean record for hc700m; rec. count =           40
 tflux_unod: current mean I/O counter =           40
 writing mean record for tflux_unod; rec. count =           40
 slope_x: current mean I/O counter =           40
 writing mean record for slope_x; rec. count =           40
 unod: current mean I/O counter =           40
 writing mean record for unod; rec. count =           40
 hc: current mean I/O counter =           40
 writing mean record for hc; rec. count =           40
 tflux_vnod: current mean I/O counter =           40
 writing mean record for tflux_vnod; rec. count =           40
 tflux_w: current mean I/O counter =           40
 writing mean record for tflux_w; rec. count =           40
 u: current mean I/O counter =           40
 writing mean record for u; rec. count =           40
 sst: current mean I/O counter =           40
 writing mean record for sst; rec. count =           40
 hc300m: current mean I/O counter =           40
 writing mean record for hc300m; rec. count =           40
 curl_u: current mean I/O counter =           41
 writing mean record for curl_u; rec. count =           41
 rosb: current mean I/O counter =           41
 writing mean record for rosb; rec. count =           41
 N2: current mean I/O counter =           41
 writing mean record for N2; rec. count =           41
 slope_y: current mean I/O counter =           41
 writing mean record for slope_y; rec. count =           41
 v: current mean I/O counter =           41
 writing mean record for v; rec. count =           41
 vnod: current mean I/O counter =           41
 writing mean record for vnod; rec. count =           41
 hc700m: current mean I/O counter =           41
 writing mean record for hc700m; rec. count =           41
 tflux_unod: current mean I/O counter =           41
 writing mean record for tflux_unod; rec. count =           41
 tflux_w: current mean I/O counter =           41
 writing mean record for tflux_w; rec. count =           41
 temp: current mean I/O counter =           41
 writing mean record for temp; rec. count =           41
 ssh: current mean I/O counter =           41
 writing mean record for ssh; rec. count =           41
 slope_x: current mean I/O counter =           41
 writing mean record for slope_x; rec. count =           41
 unod: current mean I/O counter =           41
 writing mean record for unod; rec. count =           41
 u: current mean I/O counter =           41
 writing mean record for u; rec. count =           41
 sst: current mean I/O counter =           41
 writing mean record for sst; rec. count =           41
 hc300m: current mean I/O counter =           41
 writing mean record for hc300m; rec. count =           41
 hc: current mean I/O counter =           41
 writing mean record for hc; rec. count =           41
 tflux_vnod: current mean I/O counter =           41
 writing mean record for tflux_vnod; rec. count =           41
 curl_u: current mean I/O counter =           42
 writing mean record for curl_u; rec. count =           42
 rosb: current mean I/O counter =           42
 writing mean record for rosb; rec. count =           42
 N2: current mean I/O counter =           42
 writing mean record for N2; rec. count =           42
 slope_y: current mean I/O counter =           42
 writing mean record for slope_y; rec. count =           42
 slope_x: current mean I/O counter =           42
 writing mean record for slope_x; rec. count =           42
 temp: current mean I/O counter =           42
 writing mean record for temp; rec. count =           42
 unod: current mean I/O counter =           42
 writing mean record for unod; rec. count =           42
 vnod: current mean I/O counter =           42
 writing mean record for vnod; rec. count =           42
 u: current mean I/O counter =           42
 writing mean record for u; rec. count =           42
 v: current mean I/O counter =           42
 writing mean record for v; rec. count =           42
 sst: current mean I/O counter =           42
 writing mean record for sst; rec. count =           42
 ssh: current mean I/O counter =           42
 writing mean record for ssh; rec. count =           42
 hc300m: current mean I/O counter =           42
 writing mean record for hc300m; rec. count =           42
 hc700m: current mean I/O counter =           42
 writing mean record for hc700m; rec. count =           42
 hc: current mean I/O counter =           42
 writing mean record for hc; rec. count =           42
 tflux_unod: current mean I/O counter =           42
 writing mean record for tflux_unod; rec. count =           42
 tflux_vnod: current mean I/O counter =           42
 writing mean record for tflux_vnod; rec. count =           42
 tflux_w: current mean I/O counter =           42
 writing mean record for tflux_w; rec. count =           42
 curl_u: current mean I/O counter =           43
 writing mean record for curl_u; rec. count =           43
 rosb: current mean I/O counter =           43
 writing mean record for rosb; rec. count =           43
 N2: current mean I/O counter =           43
 writing mean record for N2; rec. count =           43
 slope_y: current mean I/O counter =           43
 writing mean record for slope_y; rec. count =           43
 unod: current mean I/O counter =           43
 writing mean record for unod; rec. count =           43
 vnod: current mean I/O counter =           43
 writing mean record for vnod; rec. count =           43
 u: current mean I/O counter =           43
 writing mean record for u; rec. count =           43
 v: current mean I/O counter =           43
 writing mean record for v; rec. count =           43
 ssh: current mean I/O counter =           43
 writing mean record for ssh; rec. count =           43
 hc300m: current mean I/O counter =           43
 writing mean record for hc300m; rec. count =           43
 hc700m: current mean I/O counter =           43
 writing mean record for hc700m; rec. count =           43
 tflux_w: current mean I/O counter =           43
 writing mean record for tflux_w; rec. count =           43
 slope_x: current mean I/O counter =           43
 writing mean record for slope_x; rec. count =           43
 temp: current mean I/O counter =           43
 writing mean record for temp; rec. count =           43
 hc: current mean I/O counter =           43
 writing mean record for hc; rec. count =           43
 sst: current mean I/O counter =           43
 writing mean record for sst; rec. count =           43
 tflux_unod: current mean I/O counter =           43
 writing mean record for tflux_unod; rec. count =           43
 tflux_vnod: current mean I/O counter =           43
 writing mean record for tflux_vnod; rec. count =           43
 curl_u: current mean I/O counter =           44
 writing mean record for curl_u; rec. count =           44
 rosb: current mean I/O counter =           44
 writing mean record for rosb; rec. count =           44
 N2: current mean I/O counter =           44
 writing mean record for N2; rec. count =           44
 slope_y: current mean I/O counter =           44
 writing mean record for slope_y; rec. count =           44
 vnod: current mean I/O counter =           44
 writing mean record for vnod; rec. count =           44
 ssh: current mean I/O counter =           44
 writing mean record for ssh; rec. count =           44
 temp: current mean I/O counter =           44
 writing mean record for temp; rec. count =           44
 v: current mean I/O counter =           44
 writing mean record for v; rec. count =           44
 hc700m: current mean I/O counter =           44
 writing mean record for hc700m; rec. count =           44
 unod: current mean I/O counter =           44
 writing mean record for unod; rec. count =           44
 slope_x: current mean I/O counter =           44
 writing mean record for slope_x; rec. count =           44
 u: current mean I/O counter =           44
 writing mean record for u; rec. count =           44
 sst: current mean I/O counter =           44
 writing mean record for sst; rec. count =           44
 hc300m: current mean I/O counter =           44
 writing mean record for hc300m; rec. count =           44
 tflux_unod: current mean I/O counter =           44
 writing mean record for tflux_unod; rec. count =           44
 tflux_w: current mean I/O counter =           44
 writing mean record for tflux_w; rec. count =           44
 hc: current mean I/O counter =           44
 writing mean record for hc; rec. count =           44
 tflux_vnod: current mean I/O counter =           44
 writing mean record for tflux_vnod; rec. count =           44
 curl_u: current mean I/O counter =           45
 writing mean record for curl_u; rec. count =           45
 rosb: current mean I/O counter =           45
 writing mean record for rosb; rec. count =           45
 N2: current mean I/O counter =           45
 writing mean record for N2; rec. count =           45
 slope_y: current mean I/O counter =           45
 writing mean record for slope_y; rec. count =           45
 vnod: current mean I/O counter =           45
 writing mean record for vnod; rec. count =           45
 ssh: current mean I/O counter =           45
 writing mean record for ssh; rec. count =           45
 tflux_unod: current mean I/O counter =           45
 writing mean record for tflux_unod; rec. count =           45
 tflux_w: current mean I/O counter =           45
 writing mean record for tflux_w; rec. count =           45
 slope_x: current mean I/O counter =           45
 writing mean record for slope_x; rec. count =           45
 temp: current mean I/O counter =           45
 writing mean record for temp; rec. count =           45
 unod: current mean I/O counter =           45
 writing mean record for unod; rec. count =           45
 u: current mean I/O counter =           45
 writing mean record for u; rec. count =           45
 v: current mean I/O counter =           45
 writing mean record for v; rec. count =           45
 hc700m: current mean I/O counter =           45
 writing mean record for hc700m; rec. count =           45
 hc: current mean I/O counter =           45
 writing mean record for hc; rec. count =           45
 tflux_vnod: current mean I/O counter =           45
 writing mean record for tflux_vnod; rec. count =           45
 sst: current mean I/O counter =           45
 writing mean record for sst; rec. count =           45
 hc300m: current mean I/O counter =           45
 writing mean record for hc300m; rec. count =           45
 curl_u: current mean I/O counter =           46
 writing mean record for curl_u; rec. count =           46
 N2: current mean I/O counter =           46
 writing mean record for N2; rec. count =           46
 slope_y: current mean I/O counter =           46
 writing mean record for slope_y; rec. count =           46
 rosb: current mean I/O counter =           46
 writing mean record for rosb; rec. count =           46
 vnod: current mean I/O counter =           46
 writing mean record for vnod; rec. count =           46
 ssh: current mean I/O counter =           46
 writing mean record for ssh; rec. count =           46
 v: current mean I/O counter =           46
 writing mean record for v; rec. count =           46
 hc700m: current mean I/O counter =           46
 writing mean record for hc700m; rec. count =           46
 temp: current mean I/O counter =           46
 writing mean record for temp; rec. count =           46
 slope_x: current mean I/O counter =           46
 writing mean record for slope_x; rec. count =           46
 unod: current mean I/O counter =           46
 writing mean record for unod; rec. count =           46
 u: current mean I/O counter =           46
 writing mean record for u; rec. count =           46
 sst: current mean I/O counter =           46
 writing mean record for sst; rec. count =           46
 hc300m: current mean I/O counter =           46
 writing mean record for hc300m; rec. count =           46
 tflux_unod: current mean I/O counter =           46
 writing mean record for tflux_unod; rec. count =           46
 tflux_w: current mean I/O counter =           46
 writing mean record for tflux_w; rec. count =           46
 hc: current mean I/O counter =           46
 writing mean record for hc; rec. count =           46
 tflux_vnod: current mean I/O counter =           46
 writing mean record for tflux_vnod; rec. count =           46
 curl_u: current mean I/O counter =           47
 writing mean record for curl_u; rec. count =           47
 rosb: current mean I/O counter =           47
 writing mean record for rosb; rec. count =           47
 N2: current mean I/O counter =           47
 writing mean record for N2; rec. count =           47
 slope_y: current mean I/O counter =           47
 writing mean record for slope_y; rec. count =           47
 v: current mean I/O counter =           47
 writing mean record for v; rec. count =           47
 unod: current mean I/O counter =           47
 writing mean record for unod; rec. count =           47
 slope_x: current mean I/O counter =           47
 writing mean record for slope_x; rec. count =           47
 temp: current mean I/O counter =           47
 writing mean record for temp; rec. count =           47
 vnod: current mean I/O counter =           47
 writing mean record for vnod; rec. count =           47
 u: current mean I/O counter =           47
 writing mean record for u; rec. count =           47
 sst: current mean I/O counter =           47
 writing mean record for sst; rec. count =           47
 ssh: current mean I/O counter =           47
 writing mean record for ssh; rec. count =           47
 hc300m: current mean I/O counter =           47
 writing mean record for hc300m; rec. count =           47
 hc700m: current mean I/O counter =           47
 writing mean record for hc700m; rec. count =           47
 hc: current mean I/O counter =           47
 writing mean record for hc; rec. count =           47
 tflux_unod: current mean I/O counter =           47
 writing mean record for tflux_unod; rec. count =           47
 tflux_vnod: current mean I/O counter =           47
 writing mean record for tflux_vnod; rec. count =           47
 tflux_w: current mean I/O counter =           47
 writing mean record for tflux_w; rec. count =           47
 curl_u: current mean I/O counter =           48
 writing mean record for curl_u; rec. count =           48
 rosb: current mean I/O counter =           48
 writing mean record for rosb; rec. count =           48
 N2: current mean I/O counter =           48
 writing mean record for N2; rec. count =           48
 slope_y: current mean I/O counter =           48
 writing mean record for slope_y; rec. count =           48
 vnod: current mean I/O counter =           48
 writing mean record for vnod; rec. count =           48
 tflux_unod: current mean I/O counter =           48
 writing mean record for tflux_unod; rec. count =           48
 tflux_w: current mean I/O counter =           48
 writing mean record for tflux_w; rec. count =           48
 temp: current mean I/O counter =           48
 writing mean record for temp; rec. count =           48
 v: current mean I/O counter =           48
 writing mean record for v; rec. count =           48
 ssh: current mean I/O counter =           48
 writing mean record for ssh; rec. count =           48
 hc700m: current mean I/O counter =           48
 writing mean record for hc700m; rec. count =           48
 slope_x: current mean I/O counter =           48
 writing mean record for slope_x; rec. count =           48
 unod: current mean I/O counter =           48
 writing mean record for unod; rec. count =           48
 u: current mean I/O counter =           48
 writing mean record for u; rec. count =           48
 sst: current mean I/O counter =           48
 writing mean record for sst; rec. count =           48
 hc300m: current mean I/O counter =           48
 writing mean record for hc300m; rec. count =           48
 hc: current mean I/O counter =           48
 writing mean record for hc; rec. count =           48
 tflux_vnod: current mean I/O counter =           48
 writing mean record for tflux_vnod; rec. count =           48
 curl_u: current mean I/O counter =           49
 writing mean record for curl_u; rec. count =           49
 rosb: current mean I/O counter =           49
 writing mean record for rosb; rec. count =           49
 N2: current mean I/O counter =           49
 writing mean record for N2; rec. count =           49
 slope_y: current mean I/O counter =           49
 writing mean record for slope_y; rec. count =           49
 tflux_w: current mean I/O counter =           49
 writing mean record for tflux_w; rec. count =           49
 slope_x: current mean I/O counter =           49
 writing mean record for slope_x; rec. count =           49
 temp: current mean I/O counter =           49
 writing mean record for temp; rec. count =           49
 v: current mean I/O counter =           49
 writing mean record for v; rec. count =           49
 hc700m: current mean I/O counter =           49
 writing mean record for hc700m; rec. count =           49
 tflux_unod: current mean I/O counter =           49
 writing mean record for tflux_unod; rec. count =           49
 vnod: current mean I/O counter =           49
 writing mean record for vnod; rec. count =           49
 ssh: current mean I/O counter =           49
 writing mean record for ssh; rec. count =           49
 u: current mean I/O counter =           49
 writing mean record for u; rec. count =           49
 sst: current mean I/O counter =           49
 writing mean record for sst; rec. count =           49
 hc300m: current mean I/O counter =           49
 writing mean record for hc300m; rec. count =           49
 unod: current mean I/O counter =           49
 writing mean record for unod; rec. count =           49
 hc: current mean I/O counter =           49
 writing mean record for hc; rec. count =           49
 tflux_vnod: current mean I/O counter =           49
 writing mean record for tflux_vnod; rec. count =           49
 curl_u: current mean I/O counter =           50
 writing mean record for curl_u; rec. count =           50
 rosb: current mean I/O counter =           50
 writing mean record for rosb; rec. count =           50
 N2: current mean I/O counter =           50
 writing mean record for N2; rec. count =           50
 slope_y: current mean I/O counter =           50
 writing mean record for slope_y; rec. count =           50
 temp: current mean I/O counter =           50
 writing mean record for temp; rec. count =           50
 slope_x: current mean I/O counter =           50
 writing mean record for slope_x; rec. count =           50
 unod: current mean I/O counter =           50
 writing mean record for unod; rec. count =           50
 vnod: current mean I/O counter =           50
 writing mean record for vnod; rec. count =           50
 u: current mean I/O counter =           50
 writing mean record for u; rec. count =           50
 v: current mean I/O counter =           50
 writing mean record for v; rec. count =           50
 sst: current mean I/O counter =           50
 writing mean record for sst; rec. count =           50
 ssh: current mean I/O counter =           50
 writing mean record for ssh; rec. count =           50
 hc300m: current mean I/O counter =           50
 writing mean record for hc300m; rec. count =           50
 hc700m: current mean I/O counter =           50
 writing mean record for hc700m; rec. count =           50
 tflux_unod: current mean I/O counter =           50
 writing mean record for tflux_unod; rec. count =           50
 tflux_w: current mean I/O counter =           50
 writing mean record for tflux_w; rec. count =           50
 hc: current mean I/O counter =           50
 writing mean record for hc; rec. count =           50
 tflux_vnod: current mean I/O counter =           50
 writing mean record for tflux_vnod; rec. count =           50
 curl_u: current mean I/O counter =           51
 writing mean record for curl_u; rec. count =           51
 rosb: current mean I/O counter =           51
 writing mean record for rosb; rec. count =           51
 N2: current mean I/O counter =           51
 writing mean record for N2; rec. count =           51
 slope_y: current mean I/O counter =           51
 writing mean record for slope_y; rec. count =           51
 temp: current mean I/O counter =           51
 writing mean record for temp; rec. count =           51
 ssh: current mean I/O counter =           51
 writing mean record for ssh; rec. count =           51
 slope_x: current mean I/O counter =           51
 writing mean record for slope_x; rec. count =           51
 vnod: current mean I/O counter =           51
 writing mean record for vnod; rec. count =           51
 tflux_vnod: current mean I/O counter =           51
 writing mean record for tflux_vnod; rec. count =           51
 unod: current mean I/O counter =           51
 writing mean record for unod; rec. count =           51
 v: current mean I/O counter =           51
 writing mean record for v; rec. count =           51
 sst: current mean I/O counter =           51
 writing mean record for sst; rec. count =           51
 hc700m: current mean I/O counter =           51
 writing mean record for hc700m; rec. count =           51
 tflux_unod: current mean I/O counter =           51
 writing mean record for tflux_unod; rec. count =           51
 tflux_w: current mean I/O counter =           51
 writing mean record for tflux_w; rec. count =           51
 hc300m: current mean I/O counter =           51
 writing mean record for hc300m; rec. count =           51
 hc: current mean I/O counter =           51
 writing mean record for hc; rec. count =           51
 u: current mean I/O counter =           51
 writing mean record for u; rec. count =           51
 curl_u: current mean I/O counter =           52
 writing mean record for curl_u; rec. count =           52
 rosb: current mean I/O counter =           52
 writing mean record for rosb; rec. count =           52
 N2: current mean I/O counter =           52
 writing mean record for N2; rec. count =           52
 slope_y: current mean I/O counter =           52
 writing mean record for slope_y; rec. count =           52
 vnod: current mean I/O counter =           52
 writing mean record for vnod; rec. count =           52
 ssh: current mean I/O counter =           52
 writing mean record for ssh; rec. count =           52
 hc700m: current mean I/O counter =           52
 writing mean record for hc700m; rec. count =           52
 v: current mean I/O counter =           52
 writing mean record for v; rec. count =           52
 temp: current mean I/O counter =           52
 writing mean record for temp; rec. count =           52
 tflux_unod: current mean I/O counter =           52
 writing mean record for tflux_unod; rec. count =           52
 tflux_w: current mean I/O counter =           52
 writing mean record for tflux_w; rec. count =           52
 slope_x: current mean I/O counter =           52
 writing mean record for slope_x; rec. count =           52
 u: current mean I/O counter =           52
 writing mean record for u; rec. count =           52
 sst: current mean I/O counter =           52
 writing mean record for sst; rec. count =           52
 hc300m: current mean I/O counter =           52
 writing mean record for hc300m; rec. count =           52
 unod: current mean I/O counter =           52
 writing mean record for unod; rec. count =           52
 hc: current mean I/O counter =           52
 writing mean record for hc; rec. count =           52
 tflux_vnod: current mean I/O counter =           52
 writing mean record for tflux_vnod; rec. count =           52
 curl_u: current mean I/O counter =           53
 writing mean record for curl_u; rec. count =           53
 rosb: current mean I/O counter =           53
 writing mean record for rosb; rec. count =           53
 N2: current mean I/O counter =           53
 writing mean record for N2; rec. count =           53
 slope_y: current mean I/O counter =           53
 writing mean record for slope_y; rec. count =           53
 vnod: current mean I/O counter =           53
 writing mean record for vnod; rec. count =           53
 v: current mean I/O counter =           53
 writing mean record for v; rec. count =           53
 ssh: current mean I/O counter =           53
 writing mean record for ssh; rec. count =           53
 hc700m: current mean I/O counter =           53
 writing mean record for hc700m; rec. count =           53
 tflux_unod: current mean I/O counter =           53
 writing mean record for tflux_unod; rec. count =           53
 temp: current mean I/O counter =           53
 writing mean record for temp; rec. count =           53
 tflux_w: current mean I/O counter =           53
 writing mean record for tflux_w; rec. count =           53
 u: current mean I/O counter =           53
 writing mean record for u; rec. count =           53
 slope_x: current mean I/O counter =           53
 writing mean record for slope_x; rec. count =           53
 hc: current mean I/O counter =           53
 writing mean record for hc; rec. count =           53
 tflux_vnod: current mean I/O counter =           53
 writing mean record for tflux_vnod; rec. count =           53
 unod: current mean I/O counter =           53
 writing mean record for unod; rec. count =           53
 sst: current mean I/O counter =           53
 writing mean record for sst; rec. count =           53
 hc300m: current mean I/O counter =           53
 writing mean record for hc300m; rec. count =           53
 curl_u: current mean I/O counter =           54
 writing mean record for curl_u; rec. count =           54
 rosb: current mean I/O counter =           54
 writing mean record for rosb; rec. count =           54
 N2: current mean I/O counter =           54
 writing mean record for N2; rec. count =           54
 slope_y: current mean I/O counter =           54
 writing mean record for slope_y; rec. count =           54
 tflux_unod: current mean I/O counter =           54
 writing mean record for tflux_unod; rec. count =           54
 temp: current mean I/O counter =           54
 writing mean record for temp; rec. count =           54
 tflux_w: current mean I/O counter =           54
 writing mean record for tflux_w; rec. count =           54
 slope_x: current mean I/O counter =           54
 writing mean record for slope_x; rec. count =           54
 vnod: current mean I/O counter =           54
 writing mean record for vnod; rec. count =           54
 unod: current mean I/O counter =           54
 writing mean record for unod; rec. count =           54
 u: current mean I/O counter =           54
 writing mean record for u; rec. count =           54
 v: current mean I/O counter =           54
 writing mean record for v; rec. count =           54
 sst: current mean I/O counter =           54
 writing mean record for sst; rec. count =           54
 ssh: current mean I/O counter =           54
 writing mean record for ssh; rec. count =           54
 hc300m: current mean I/O counter =           54
 writing mean record for hc300m; rec. count =           54
 hc700m: current mean I/O counter =           54
 writing mean record for hc700m; rec. count =           54
 hc: current mean I/O counter =           54
 writing mean record for hc; rec. count =           54
 tflux_vnod: current mean I/O counter =           54
 writing mean record for tflux_vnod; rec. count =           54
 curl_u: current mean I/O counter =           55
 writing mean record for curl_u; rec. count =           55
 rosb: current mean I/O counter =           55
 writing mean record for rosb; rec. count =           55
 N2: current mean I/O counter =           55
 writing mean record for N2; rec. count =           55
 slope_y: current mean I/O counter =           55
 writing mean record for slope_y; rec. count =           55
 v: current mean I/O counter =           55
 writing mean record for v; rec. count =           55
 slope_x: current mean I/O counter =           55
 writing mean record for slope_x; rec. count =           55
 temp: current mean I/O counter =           55
 writing mean record for temp; rec. count =           55
 unod: current mean I/O counter =           55
 writing mean record for unod; rec. count =           55
 vnod: current mean I/O counter =           55
 writing mean record for vnod; rec. count =           55
 u: current mean I/O counter =           55
 writing mean record for u; rec. count =           55
 sst: current mean I/O counter =           55
 writing mean record for sst; rec. count =           55
 ssh: current mean I/O counter =           55
 writing mean record for ssh; rec. count =           55
 hc300m: current mean I/O counter =           55
 writing mean record for hc300m; rec. count =           55
 hc700m: current mean I/O counter =           55
 writing mean record for hc700m; rec. count =           55
 hc: current mean I/O counter =           55
 writing mean record for hc; rec. count =           55
 tflux_unod: current mean I/O counter =           55
 writing mean record for tflux_unod; rec. count =           55
 tflux_vnod: current mean I/O counter =           55
 writing mean record for tflux_vnod; rec. count =           55
 tflux_w: current mean I/O counter =           55
 writing mean record for tflux_w; rec. count =           55
 curl_u: current mean I/O counter =           56
 writing mean record for curl_u; rec. count =           56
 rosb: current mean I/O counter =           56
 writing mean record for rosb; rec. count =           56
 N2: current mean I/O counter =           56
 writing mean record for N2; rec. count =           56
 slope_x: current mean I/O counter =           56
 writing mean record for slope_x; rec. count =           56
 slope_y: current mean I/O counter =           56
 writing mean record for slope_y; rec. count =           56
 temp: current mean I/O counter =           56
 writing mean record for temp; rec. count =           56
 vnod: current mean I/O counter =           56
 writing mean record for vnod; rec. count =           56
 hc700m: current mean I/O counter =           56
 writing mean record for hc700m; rec. count =           56
 tflux_unod: current mean I/O counter =           56
 writing mean record for tflux_unod; rec. count =           56
 v: current mean I/O counter =           56
 writing mean record for v; rec. count =           56
 ssh: current mean I/O counter =           56
 writing mean record for ssh; rec. count =           56
 tflux_w: current mean I/O counter =           56
 writing mean record for tflux_w; rec. count =           56
 unod: current mean I/O counter =           56
 writing mean record for unod; rec. count =           56
 u: current mean I/O counter =           56
 writing mean record for u; rec. count =           56
 sst: current mean I/O counter =           56
 writing mean record for sst; rec. count =           56
 hc300m: current mean I/O counter =           56
 writing mean record for hc300m; rec. count =           56
 hc: current mean I/O counter =           56
 writing mean record for hc; rec. count =           56
 tflux_vnod: current mean I/O counter =           56
 writing mean record for tflux_vnod; rec. count =           56
 curl_u: current mean I/O counter =           57
 writing mean record for curl_u; rec. count =           57
 rosb: current mean I/O counter =           57
 writing mean record for rosb; rec. count =           57
 N2: current mean I/O counter =           57
 writing mean record for N2; rec. count =           57
 slope_y: current mean I/O counter =           57
 writing mean record for slope_y; rec. count =           57
 temp: current mean I/O counter =           57
 writing mean record for temp; rec. count =           57
 vnod: current mean I/O counter =           57
 writing mean record for vnod; rec. count =           57
 v: current mean I/O counter =           57
 writing mean record for v; rec. count =           57
 ssh: current mean I/O counter =           57
 writing mean record for ssh; rec. count =           57
 tflux_unod: current mean I/O counter =           57
 writing mean record for tflux_unod; rec. count =           57
 tflux_w: current mean I/O counter =           57
 writing mean record for tflux_w; rec. count =           57
 hc700m: current mean I/O counter =           57
 writing mean record for hc700m; rec. count =           57
 hc: current mean I/O counter =           57
 writing mean record for hc; rec. count =           57
 tflux_vnod: current mean I/O counter =           57
 writing mean record for tflux_vnod; rec. count =           57
 slope_x: current mean I/O counter =           57
 writing mean record for slope_x; rec. count =           57
 u: current mean I/O counter =           57
 writing mean record for u; rec. count =           57
 unod: current mean I/O counter =           57
 writing mean record for unod; rec. count =           57
 sst: current mean I/O counter =           57
 writing mean record for sst; rec. count =           57
 hc300m: current mean I/O counter =           57
 writing mean record for hc300m; rec. count =           57
 curl_u: current mean I/O counter =           58
 writing mean record for curl_u; rec. count =           58
 rosb: current mean I/O counter =           58
 writing mean record for rosb; rec. count =           58
 N2: current mean I/O counter =           58
 writing mean record for N2; rec. count =           58
 slope_y: current mean I/O counter =           58
 writing mean record for slope_y; rec. count =           58
 v: current mean I/O counter =           58
 writing mean record for v; rec. count =           58
 vnod: current mean I/O counter =           58
 writing mean record for vnod; rec. count =           58
 ssh: current mean I/O counter =           58
 writing mean record for ssh; rec. count =           58
 tflux_w: current mean I/O counter =           58
 writing mean record for tflux_w; rec. count =           58
 temp: current mean I/O counter =           58
 writing mean record for temp; rec. count =           58
 hc700m: current mean I/O counter =           58
 writing mean record for hc700m; rec. count =           58
 tflux_unod: current mean I/O counter =           58
 writing mean record for tflux_unod; rec. count =           58
 slope_x: current mean I/O counter =           58
 writing mean record for slope_x; rec. count =           58
 unod: current mean I/O counter =           58
 writing mean record for unod; rec. count =           58
 u: current mean I/O counter =           58
 writing mean record for u; rec. count =           58
 sst: current mean I/O counter =           58
 writing mean record for sst; rec. count =           58
 hc300m: current mean I/O counter =           58
 writing mean record for hc300m; rec. count =           58
 hc: current mean I/O counter =           58
 writing mean record for hc; rec. count =           58
 tflux_vnod: current mean I/O counter =           58
 writing mean record for tflux_vnod; rec. count =           58
 curl_u: current mean I/O counter =           59
 writing mean record for curl_u; rec. count =           59
 N2: current mean I/O counter =           59
 writing mean record for N2; rec. count =           59
 rosb: current mean I/O counter =           59
 writing mean record for rosb; rec. count =           59
 slope_y: current mean I/O counter =           59
 writing mean record for slope_y; rec. count =           59
 vnod: current mean I/O counter =           59
 writing mean record for vnod; rec. count =           59
 slope_x: current mean I/O counter =           59
 writing mean record for slope_x; rec. count =           59
 hc700m: current mean I/O counter =           59
 writing mean record for hc700m; rec. count =           59
 tflux_w: current mean I/O counter =           59
 writing mean record for tflux_w; rec. count =           59
 temp: current mean I/O counter =           59
 writing mean record for temp; rec. count =           59
 ssh: current mean I/O counter =           59
 writing mean record for ssh; rec. count =           59
 tflux_unod: current mean I/O counter =           59
 writing mean record for tflux_unod; rec. count =           59
 unod: current mean I/O counter =           59
 writing mean record for unod; rec. count =           59
 v: current mean I/O counter =           59
 writing mean record for v; rec. count =           59
 u: current mean I/O counter =           59
 writing mean record for u; rec. count =           59
 sst: current mean I/O counter =           59
 writing mean record for sst; rec. count =           59
 hc300m: current mean I/O counter =           59
 writing mean record for hc300m; rec. count =           59
 hc: current mean I/O counter =           59
 writing mean record for hc; rec. count =           59
 tflux_vnod: current mean I/O counter =           59
 writing mean record for tflux_vnod; rec. count =           59
 curl_u: current mean I/O counter =           60
 writing mean record for curl_u; rec. count =           60
 rosb: current mean I/O counter =           60
 writing mean record for rosb; rec. count =           60
 N2: current mean I/O counter =           60
 writing mean record for N2; rec. count =           60
 slope_y: current mean I/O counter =           60
 writing mean record for slope_y; rec. count =           60
 slope_x: current mean I/O counter =           60
 writing mean record for slope_x; rec. count =           60
 tflux_unod: current mean I/O counter =           60
 writing mean record for tflux_unod; rec. count =           60
 v: current mean I/O counter =           60
 writing mean record for v; rec. count =           60
 ssh: current mean I/O counter =           60
 writing mean record for ssh; rec. count =           60
 hc700m: current mean I/O counter =           60
 writing mean record for hc700m; rec. count =           60
 tflux_w: current mean I/O counter =           60
 writing mean record for tflux_w; rec. count =           60
 unod: current mean I/O counter =           60
 writing mean record for unod; rec. count =           60
 vnod: current mean I/O counter =           60
 writing mean record for vnod; rec. count =           60
 u: current mean I/O counter =           60
 writing mean record for u; rec. count =           60
 sst: current mean I/O counter =           60
 writing mean record for sst; rec. count =           60
 hc300m: current mean I/O counter =           60
 writing mean record for hc300m; rec. count =           60
 temp: current mean I/O counter =           60
 writing mean record for temp; rec. count =           60
 hc: current mean I/O counter =           60
 writing mean record for hc; rec. count =           60
 tflux_vnod: current mean I/O counter =           60
 writing mean record for tflux_vnod; rec. count =           60
 curl_u: current mean I/O counter =           61
 writing mean record for curl_u; rec. count =           61
 rosb: current mean I/O counter =           61
 writing mean record for rosb; rec. count =           61
 N2: current mean I/O counter =           61
 writing mean record for N2; rec. count =           61
 slope_y: current mean I/O counter =           61
 writing mean record for slope_y; rec. count =           61
 vnod: current mean I/O counter =           61
 writing mean record for vnod; rec. count =           61
 v: current mean I/O counter =           61
 writing mean record for v; rec. count =           61
 ssh: current mean I/O counter =           61
 writing mean record for ssh; rec. count =           61
 hc700m: current mean I/O counter =           61
 writing mean record for hc700m; rec. count =           61
 tflux_w: current mean I/O counter =           61
 writing mean record for tflux_w; rec. count =           61
 tflux_unod: current mean I/O counter =           61
 writing mean record for tflux_unod; rec. count =           61
 unod: current mean I/O counter =           61
 writing mean record for unod; rec. count =           61
 slope_x: current mean I/O counter =           61
 writing mean record for slope_x; rec. count =           61
 temp: current mean I/O counter =           61
 writing mean record for temp; rec. count =           61
 u: current mean I/O counter =           61
 writing mean record for u; rec. count =           61
 hc: current mean I/O counter =           61
 writing mean record for hc; rec. count =           61
 tflux_vnod: current mean I/O counter =           61
 writing mean record for tflux_vnod; rec. count =           61
 sst: current mean I/O counter =           61
 writing mean record for sst; rec. count =           61
 hc300m: current mean I/O counter =           61
 writing mean record for hc300m; rec. count =           61
 curl_u: current mean I/O counter =           62
 writing mean record for curl_u; rec. count =           62
 rosb: current mean I/O counter =           62
 writing mean record for rosb; rec. count =           62
 N2: current mean I/O counter =           62
 writing mean record for N2; rec. count =           62
 slope_y: current mean I/O counter =           62
 writing mean record for slope_y; rec. count =           62
 temp: current mean I/O counter =           62
 writing mean record for temp; rec. count =           62
 vnod: current mean I/O counter =           62
 writing mean record for vnod; rec. count =           62
 v: current mean I/O counter =           62
 writing mean record for v; rec. count =           62
 hc700m: current mean I/O counter =           62
 writing mean record for hc700m; rec. count =           62
 ssh: current mean I/O counter =           62
 writing mean record for ssh; rec. count =           62
 slope_x: current mean I/O counter =           62
 writing mean record for slope_x; rec. count =           62
 unod: current mean I/O counter =           62
 writing mean record for unod; rec. count =           62
 sst: current mean I/O counter =           62
 writing mean record for sst; rec. count =           62
 hc300m: current mean I/O counter =           62
 writing mean record for hc300m; rec. count =           62
 u: current mean I/O counter =           62
 writing mean record for u; rec. count =           62
 tflux_unod: current mean I/O counter =           62
 writing mean record for tflux_unod; rec. count =           62
 tflux_w: current mean I/O counter =           62
 writing mean record for tflux_w; rec. count =           62
 hc: current mean I/O counter =           62
 writing mean record for hc; rec. count =           62
 tflux_vnod: current mean I/O counter =           62
 writing mean record for tflux_vnod; rec. count =           62
 curl_u: current mean I/O counter =           63
 writing mean record for curl_u; rec. count =           63
 N2: current mean I/O counter =           63
 slope_y: current mean I/O counter =           63
 writing mean record for slope_y; rec. count =           63
 rosb: current mean I/O counter =           63
 writing mean record for rosb; rec. count =           63
 writing mean record for N2; rec. count =           63
 slope_x: current mean I/O counter =           63
 writing mean record for slope_x; rec. count =           63
 temp: current mean I/O counter =           63
 writing mean record for temp; rec. count =           63
 unod: current mean I/O counter =           63
 writing mean record for unod; rec. count =           63
 vnod: current mean I/O counter =           63
 writing mean record for vnod; rec. count =           63
 u: current mean I/O counter =           63
 writing mean record for u; rec. count =           63
 v: current mean I/O counter =           63
 writing mean record for v; rec. count =           63
 sst: current mean I/O counter =           63
 writing mean record for sst; rec. count =           63
 ssh: current mean I/O counter =           63
 writing mean record for ssh; rec. count =           63
 hc300m: current mean I/O counter =           63
 writing mean record for hc300m; rec. count =           63
 hc700m: current mean I/O counter =           63
 writing mean record for hc700m; rec. count =           63
 hc: current mean I/O counter =           63
 writing mean record for hc; rec. count =           63
 tflux_unod: current mean I/O counter =           63
 writing mean record for tflux_unod; rec. count =           63
 tflux_vnod: current mean I/O counter =           63
 writing mean record for tflux_vnod; rec. count =           63
 tflux_w: current mean I/O counter =           63
 writing mean record for tflux_w; rec. count =           63
 curl_u: current mean I/O counter =           64
 writing mean record for curl_u; rec. count =           64
 N2: current mean I/O counter =           64
 writing mean record for N2; rec. count =           64
 slope_y: current mean I/O counter =           64
 writing mean record for slope_y; rec. count =           64
 rosb: current mean I/O counter =           64
 writing mean record for rosb; rec. count =           64
 temp: current mean I/O counter =           64
 writing mean record for temp; rec. count =           64
 vnod: current mean I/O counter =           64
 writing mean record for vnod; rec. count =           64
 v: current mean I/O counter =           64
 writing mean record for v; rec. count =           64
 tflux_unod: current mean I/O counter =           64
 writing mean record for tflux_unod; rec. count =           64
 ssh: current mean I/O counter =           64
 writing mean record for ssh; rec. count =           64
 hc700m: current mean I/O counter =           64
 writing mean record for hc700m; rec. count =           64
 tflux_w: current mean I/O counter =           64
 writing mean record for tflux_w; rec. count =           64
 unod: current mean I/O counter =           64
 writing mean record for unod; rec. count =           64
 u: current mean I/O counter =           64
 writing mean record for u; rec. count =           64
 hc300m: current mean I/O counter =           64
 writing mean record for hc300m; rec. count =           64
 slope_x: current mean I/O counter =           64
 writing mean record for slope_x; rec. count =           64
 sst: current mean I/O counter =           64
 writing mean record for sst; rec. count =           64
 hc: current mean I/O counter =           64
 writing mean record for hc; rec. count =           64
 tflux_vnod: current mean I/O counter =           64
 writing mean record for tflux_vnod; rec. count =           64
 curl_u: current mean I/O counter =           65
 writing mean record for curl_u; rec. count =           65
 rosb: current mean I/O counter =           65
 writing mean record for rosb; rec. count =           65
 N2: current mean I/O counter =           65
 writing mean record for N2; rec. count =           65
 slope_y: current mean I/O counter =           65
 writing mean record for slope_y; rec. count =           65
 vnod: current mean I/O counter =           65
 writing mean record for vnod; rec. count =           65
 v: current mean I/O counter =           65
 writing mean record for v; rec. count =           65
 slope_x: current mean I/O counter =           65
 writing mean record for slope_x; rec. count =           65
 temp: current mean I/O counter =           65
 writing mean record for temp; rec. count =           65
 unod: current mean I/O counter =           65
 writing mean record for unod; rec. count =           65
 ssh: current mean I/O counter =           65
 writing mean record for ssh; rec. count =           65
 hc300m: current mean I/O counter =           65
 writing mean record for hc300m; rec. count =           65
 hc700m: current mean I/O counter =           65
 writing mean record for hc700m; rec. count =           65
 tflux_unod: current mean I/O counter =           65
 writing mean record for tflux_unod; rec. count =           65
 tflux_w: current mean I/O counter =           65
 writing mean record for tflux_w; rec. count =           65
 sst: current mean I/O counter =           65
 writing mean record for sst; rec. count =           65
 u: current mean I/O counter =           65
 writing mean record for u; rec. count =           65
 hc: current mean I/O counter =           65
 writing mean record for hc; rec. count =           65
 tflux_vnod: current mean I/O counter =           65
 writing mean record for tflux_vnod; rec. count =           65
 curl_u: current mean I/O counter =           66
 writing mean record for curl_u; rec. count =           66
 rosb: current mean I/O counter =           66
 writing mean record for rosb; rec. count =           66
 N2: current mean I/O counter =           66
 writing mean record for N2; rec. count =           66
 slope_y: current mean I/O counter =           66
 writing mean record for slope_y; rec. count =           66
 v: current mean I/O counter =           66
 writing mean record for v; rec. count =           66
 temp: current mean I/O counter =           66
 writing mean record for temp; rec. count =           66
 tflux_unod: current mean I/O counter =           66
 writing mean record for tflux_unod; rec. count =           66
 slope_x: current mean I/O counter =           66
 writing mean record for slope_x; rec. count =           66
 unod: current mean I/O counter =           66
 writing mean record for unod; rec. count =           66
 vnod: current mean I/O counter =           66
 writing mean record for vnod; rec. count =           66
 u: current mean I/O counter =           66
 writing mean record for u; rec. count =           66
 sst: current mean I/O counter =           66
 writing mean record for sst; rec. count =           66
 ssh: current mean I/O counter =           66
 writing mean record for ssh; rec. count =           66
 hc300m: current mean I/O counter =           66
 writing mean record for hc300m; rec. count =           66
 hc700m: current mean I/O counter =           66
 writing mean record for hc700m; rec. count =           66
 hc: current mean I/O counter =           66
 writing mean record for hc; rec. count =           66
 tflux_vnod: current mean I/O counter =           66
 writing mean record for tflux_vnod; rec. count =           66
 tflux_w: current mean I/O counter =           66
 writing mean record for tflux_w; rec. count =           66
 curl_u: current mean I/O counter =           67
 writing mean record for curl_u; rec. count =           67
 rosb: current mean I/O counter =           67
 writing mean record for rosb; rec. count =           67
 N2: current mean I/O counter =           67
 writing mean record for N2; rec. count =           67
 slope_x: current mean I/O counter =           67
 writing mean record for slope_x; rec. count =           67
 slope_y: current mean I/O counter =           67
 writing mean record for slope_y; rec. count =           67
 temp: current mean I/O counter =           67
 writing mean record for temp; rec. count =           67
 unod: current mean I/O counter =           67
 writing mean record for unod; rec. count =           67
 vnod: current mean I/O counter =           67
 writing mean record for vnod; rec. count =           67
 u: current mean I/O counter =           67
 writing mean record for u; rec. count =           67
 v: current mean I/O counter =           67
 writing mean record for v; rec. count =           67
 sst: current mean I/O counter =           67
 writing mean record for sst; rec. count =           67
 ssh: current mean I/O counter =           67
 writing mean record for ssh; rec. count =           67
 hc300m: current mean I/O counter =           67
 writing mean record for hc300m; rec. count =           67
 hc700m: current mean I/O counter =           67
 writing mean record for hc700m; rec. count =           67
 hc: current mean I/O counter =           67
 writing mean record for hc; rec. count =           67
 tflux_unod: current mean I/O counter =           67
 writing mean record for tflux_unod; rec. count =           67
 tflux_vnod: current mean I/O counter =           67
 writing mean record for tflux_vnod; rec. count =           67
 tflux_w: current mean I/O counter =           67
 writing mean record for tflux_w; rec. count =           67
 curl_u: current mean I/O counter =           68
 writing mean record for curl_u; rec. count =           68
 rosb: current mean I/O counter =           68
 writing mean record for rosb; rec. count =           68
 N2: current mean I/O counter =           68
 writing mean record for N2; rec. count =           68
 slope_y: current mean I/O counter =           68
 writing mean record for slope_y; rec. count =           68
 temp: current mean I/O counter =           68
 writing mean record for temp; rec. count =           68
 vnod: current mean I/O counter =           68
 writing mean record for vnod; rec. count =           68
 v: current mean I/O counter =           68
 writing mean record for v; rec. count =           68
 slope_x: current mean I/O counter =           68
 writing mean record for slope_x; rec. count =           68
 unod: current mean I/O counter =           68
 writing mean record for unod; rec. count =           68
 ssh: current mean I/O counter =           68
 writing mean record for ssh; rec. count =           68
 hc700m: current mean I/O counter =           68
 writing mean record for hc700m; rec. count =           68
 hc: current mean I/O counter =           68
 writing mean record for hc; rec. count =           68
 tflux_unod: current mean I/O counter =           68
 writing mean record for tflux_unod; rec. count =           68
 tflux_w: current mean I/O counter =           68
 writing mean record for tflux_w; rec. count =           68
 u: current mean I/O counter =           68
 writing mean record for u; rec. count =           68
 tflux_vnod: current mean I/O counter =           68
 writing mean record for tflux_vnod; rec. count =           68
 sst: current mean I/O counter =           68
 writing mean record for sst; rec. count =           68
 hc300m: current mean I/O counter =           68
 writing mean record for hc300m; rec. count =           68
 curl_u: current mean I/O counter =           69
 writing mean record for curl_u; rec. count =           69
 rosb: current mean I/O counter =           69
 writing mean record for rosb; rec. count =           69
 N2: current mean I/O counter =           69
 writing mean record for N2; rec. count =           69
 slope_y: current mean I/O counter =           69
 writing mean record for slope_y; rec. count =           69
 temp: current mean I/O counter =           69
 writing mean record for temp; rec. count =           69
 tflux_unod: current mean I/O counter =           69
 writing mean record for tflux_unod; rec. count =           69
 slope_x: current mean I/O counter =           69
 writing mean record for slope_x; rec. count =           69
 unod: current mean I/O counter =           69
 writing mean record for unod; rec. count =           69
 vnod: current mean I/O counter =           69
 writing mean record for vnod; rec. count =           69
 u: current mean I/O counter =           69
 writing mean record for u; rec. count =           69
 v: current mean I/O counter =           69
 writing mean record for v; rec. count =           69
 sst: current mean I/O counter =           69
 writing mean record for sst; rec. count =           69
 ssh: current mean I/O counter =           69
 writing mean record for ssh; rec. count =           69
 hc300m: current mean I/O counter =           69
 writing mean record for hc300m; rec. count =           69
 hc700m: current mean I/O counter =           69
 writing mean record for hc700m; rec. count =           69
 hc: current mean I/O counter =           69
 writing mean record for hc; rec. count =           69
 tflux_vnod: current mean I/O counter =           69
 writing mean record for tflux_vnod; rec. count =           69
 tflux_w: current mean I/O counter =           69
 writing mean record for tflux_w; rec. count =           69
 curl_u: current mean I/O counter =           70
 writing mean record for curl_u; rec. count =           70
 rosb: current mean I/O counter =           70
 writing mean record for rosb; rec. count =           70
 N2: current mean I/O counter =           70
 writing mean record for N2; rec. count =           70
 slope_y: current mean I/O counter =           70
 writing mean record for slope_y; rec. count =           70
 v: current mean I/O counter =           70
 writing mean record for v; rec. count =           70
 ssh: current mean I/O counter =           70
 writing mean record for ssh; rec. count =           70
 slope_x: current mean I/O counter =           70
 writing mean record for slope_x; rec. count =           70
 temp: current mean I/O counter =           70
 writing mean record for temp; rec. count =           70
 unod: current mean I/O counter =           70
 writing mean record for unod; rec. count =           70
 vnod: current mean I/O counter =           70
 writing mean record for vnod; rec. count =           70
 u: current mean I/O counter =           70
 writing mean record for u; rec. count =           70
 sst: current mean I/O counter =           70
 writing mean record for sst; rec. count =           70
 hc300m: current mean I/O counter =           70
 writing mean record for hc300m; rec. count =           70
 hc700m: current mean I/O counter =           70
 writing mean record for hc700m; rec. count =           70
 hc: current mean I/O counter =           70
 writing mean record for hc; rec. count =           70
 tflux_unod: current mean I/O counter =           70
 writing mean record for tflux_unod; rec. count =           70
 tflux_vnod: current mean I/O counter =           70
 writing mean record for tflux_vnod; rec. count =           70
 tflux_w: current mean I/O counter =           70
 writing mean record for tflux_w; rec. count =           70
 curl_u: current mean I/O counter =           71
 writing mean record for curl_u; rec. count =           71
 rosb: current mean I/O counter =           71
 writing mean record for rosb; rec. count =           71
 N2: current mean I/O counter =           71
 writing mean record for N2; rec. count =           71
 slope_x: current mean I/O counter =           71
 writing mean record for slope_x; rec. count =           71
 slope_y: current mean I/O counter =           71
 writing mean record for slope_y; rec. count =           71
 temp: current mean I/O counter =           71
 writing mean record for temp; rec. count =           71
 vnod: current mean I/O counter =           71
 writing mean record for vnod; rec. count =           71
 v: current mean I/O counter =           71
 writing mean record for v; rec. count =           71
 ssh: current mean I/O counter =           71
 writing mean record for ssh; rec. count =           71
 tflux_w: current mean I/O counter =           71
 writing mean record for tflux_w; rec. count =           71
 hc700m: current mean I/O counter =           71
 writing mean record for hc700m; rec. count =           71
 FESOM =======================================================
 FESOM step:          72  day:           1  year:        2008
 
 unod: current mean I/O counter =           71
 writing mean record for unod; rec. count =           71
 hc300m: current mean I/O counter =           71
 writing mean record for hc300m; rec. count =           71
 u: current mean I/O counter =           71
 writing mean record for u; rec. count =           71
 sst: current mean I/O counter =           71
 writing mean record for sst; rec. count =           71
 hc: current mean I/O counter =           71
 writing mean record for hc; rec. count =           71
 tflux_unod: current mean I/O counter =           71
 writing mean record for tflux_unod; rec. count =           71
 tflux_vnod: current mean I/O counter =           71
 writing mean record for tflux_vnod; rec. count =           71
 ___CHECK GLOBAL OCEAN VARIABLES --> mstep=          72
   ___global estimat of eta & hbar____________________
    int(eta), int(hbar)      =  8.886841288104864E-003  8.886841288104864E-003
     --> error(eta-hbar)     =  0.000000000000000E+000
    min(eta) , max(eta)      = -0.493146738363274       0.730323796976299     
    max(hbar), max(hbar)     = -0.493146738363274       0.730323796976299     
 
    int(deta), int(dhbar)    =  0.000000000000000E+000  9.435584823837703E-005
     --> error(deta-dhbar)   = -9.435584823837703E-005
     --> error(deta-wflux)   =  0.000000000000000E+000
     --> error(dhbar-wflux)  =  9.435584823837703E-005
 
    -int(wflux)*dt          =  0.000000000000000E+000
    int(deta )-int(wflux)*dt =  0.000000000000000E+000
    int(dhbar)-int(wflux)*dt =  9.435584823837703E-005
 
   ___global min/max/mean  --> mstep=          72 ____________
       eta= -4.931E-01 |  7.303E-01 | N.A.
      deta= -1.133E-03 |  6.045E-04 | N.A.
      hbar= -4.931E-01 |  7.303E-01 | N.A.
     wflux=  0.000E+00 |  0.000E+00 |  0.000E+00
     hflux=  7.292E+01 |  1.012E+02 |  0.000E+00
      temp=  2.691E+00 |  2.187E+01 |  0.000E+00
      salt=  3.500E+01 |  3.500E+01 |  0.000E+00
    wvel(1,:)= -1.888E-06 |  1.008E-06 | N.A.
    wvel(2,:)= -9.043E-06 |  2.441E-05 | N.A.
    uvel(1,:)= -2.599E-01 |  3.977E-01 | N.A.
    uvel(2,:)= -2.588E-01 |  3.935E-01 | N.A.
    vvel(1,:)= -1.476E-01 |  3.366E-01 | N.A.
    vvel(2,:)= -1.470E-01 |  3.369E-01 | N.A.
   hnode(1,:)=  9.038E+00 |  9.038E+00 | N.A.
   hnode(2,:)=  9.941E+00 |  9.941E+00 | N.A.
     cfl_z=  N.A.      |  3.947E-03 | N.A.
     pgf_x=  N.A.      |  1.845E-05 | N.A.
     pgf_y=  N.A.      |  4.871E-05 | N.A.
          Av=  N.A.      |  1.000E-01 | N.A.
          Kv=  N.A.      |  1.000E-01 | N.A.
 ___ALE OCEAN STEP EXECUTION TIMES______________________
     Oce. Mix,Press.. : 7.742E-02
     Oce. Dynamics    : 1.363E-04
     Oce. Update Vel. : 1.744E-05
     Oce. Fer-GM.     : 3.999E-08
     _______________________________
     ALE-Solve SSH    : 2.720E-04
     ALE-Calc. hbar   : 1.982E-05
     ALE-Update+W     : 4.552E-05
     ALE-Solve Tracer : 4.903E-01
     ALE-Update hnode : 2.479E-02
     _______________________________
     check for blowup : 3.075E-03
     _______________________________
     Oce. TOTAL       : 5.961E-01
 
 
 curl_u: current mean I/O counter =           72
 writing mean record for curl_u; rec. count =           72
 rosb: current mean I/O counter =           72
 writing mean record for rosb; rec. count =           72
 N2: current mean I/O counter =           72
 writing mean record for N2; rec. count =           72
 slope_x: current mean I/O counter =           72
 writing mean record for slope_x; rec. count =           72
 slope_y: current mean I/O counter =           72
 writing mean record for slope_y; rec. count =           72
 temp: current mean I/O counter =           72
 writing mean record for temp; rec. count =           72
 unod: current mean I/O counter =           72
 writing mean record for unod; rec. count =           72
 vnod: current mean I/O counter =           72
 writing mean record for vnod; rec. count =           72
 u: current mean I/O counter =           72
 writing mean record for u; rec. count =           72
 v: current mean I/O counter =           72
 writing mean record for v; rec. count =           72
 sst: current mean I/O counter =           72
 writing mean record for sst; rec. count =           72
 ssh: current mean I/O counter =           72
 writing mean record for ssh; rec. count =           72
 hc300m: current mean I/O counter =           72
 writing mean record for hc300m; rec. count =           72
 hc700m: current mean I/O counter =           72
 writing mean record for hc700m; rec. count =           72
 hc: current mean I/O counter =           72
 writing mean record for hc; rec. count =           72
 tflux_unod: current mean I/O counter =           72
 writing mean record for tflux_unod; rec. count =           72
 tflux_vnod: current mean I/O counter =           72
 writing mean record for tflux_vnod; rec. count =           72
 tflux_w: current mean I/O counter =           72
 writing mean record for tflux_w; rec. count =           72
 curl_u: current mean I/O counter =           73
 writing mean record for curl_u; rec. count =           73
 rosb: current mean I/O counter =           73
 writing mean record for rosb; rec. count =           73
 N2: current mean I/O counter =           73
 writing mean record for N2; rec. count =           73
 slope_y: current mean I/O counter =           73
 writing mean record for slope_y; rec. count =           73
 slope_x: current mean I/O counter =           73
 writing mean record for slope_x; rec. count =           73
 temp: current mean I/O counter =           73
 writing mean record for temp; rec. count =           73
 vnod: current mean I/O counter =           73
 writing mean record for vnod; rec. count =           73
 v: current mean I/O counter =           73
 writing mean record for v; rec. count =           73
 tflux_w: current mean I/O counter =           73
 writing mean record for tflux_w; rec. count =           73
 ssh: current mean I/O counter =           73
 writing mean record for ssh; rec. count =           73
 hc700m: current mean I/O counter =           73
 writing mean record for hc700m; rec. count =           73
 tflux_unod: current mean I/O counter =           73
 writing mean record for tflux_unod; rec. count =           73
 unod: current mean I/O counter =           73
 writing mean record for unod; rec. count =           73
 u: current mean I/O counter =           73
 writing mean record for u; rec. count =           73
 sst: current mean I/O counter =           73
 writing mean record for sst; rec. count =           73
 hc300m: current mean I/O counter =           73
 writing mean record for hc300m; rec. count =           73
 hc: current mean I/O counter =           73
 writing mean record for hc; rec. count =           73
 tflux_vnod: current mean I/O counter =           73
 writing mean record for tflux_vnod; rec. count =           73
 curl_u: current mean I/O counter =           74
 writing mean record for curl_u; rec. count =           74
 N2: current mean I/O counter =           74
 writing mean record for N2; rec. count =           74
 slope_y: current mean I/O counter =           74
 writing mean record for slope_y; rec. count =           74
 vnod: current mean I/O counter =           74
 writing mean record for vnod; rec. count =           74
 v: current mean I/O counter =           74
 writing mean record for v; rec. count =           74
 ssh: current mean I/O counter =           74
 writing mean record for ssh; rec. count =           74
 rosb: current mean I/O counter =           74
 writing mean record for rosb; rec. count =           74
 hc700m: current mean I/O counter =           74
 writing mean record for hc700m; rec. count =           74
 slope_x: current mean I/O counter =           74
 writing mean record for slope_x; rec. count =           74
 temp: current mean I/O counter =           74
 writing mean record for temp; rec. count =           74
 unod: current mean I/O counter =           74
 writing mean record for unod; rec. count =           74
 u: current mean I/O counter =           74
 writing mean record for u; rec. count =           74
 sst: current mean I/O counter =           74
 writing mean record for sst; rec. count =           74
 hc300m: current mean I/O counter =           74
 writing mean record for hc300m; rec. count =           74
 tflux_unod: current mean I/O counter =           74
 writing mean record for tflux_unod; rec. count =           74
 tflux_w: current mean I/O counter =           74
 writing mean record for tflux_w; rec. count =           74
 hc: current mean I/O counter =           74
 writing mean record for hc; rec. count =           74
 tflux_vnod: current mean I/O counter =           74
 writing mean record for tflux_vnod; rec. count =           74
 curl_u: current mean I/O counter =           75
 writing mean record for curl_u; rec. count =           75
 rosb: current mean I/O counter =           75
 writing mean record for rosb; rec. count =           75
 N2: current mean I/O counter =           75
 writing mean record for N2; rec. count =           75
 slope_y: current mean I/O counter =           75
 writing mean record for slope_y; rec. count =           75
 tflux_w: current mean I/O counter =           75
 writing mean record for tflux_w; rec. count =           75
 temp: current mean I/O counter =           75
 writing mean record for temp; rec. count =           75
 unod: current mean I/O counter =           75
 writing mean record for unod; rec. count =           75
 vnod: current mean I/O counter =           75
 writing mean record for vnod; rec. count =           75
 v: current mean I/O counter =           75
 writing mean record for v; rec. count =           75
 hc700m: current mean I/O counter =           75
 writing mean record for hc700m; rec. count =           75
 slope_x: current mean I/O counter =           75
 writing mean record for slope_x; rec. count =           75
 ssh: current mean I/O counter =           75
 writing mean record for ssh; rec. count =           75
 hc: current mean I/O counter =           75
 writing mean record for hc; rec. count =           75
 sst: current mean I/O counter =           75
 writing mean record for sst; rec. count =           75
 hc300m: current mean I/O counter =           75
 writing mean record for hc300m; rec. count =           75
 u: current mean I/O counter =           75
 writing mean record for u; rec. count =           75
 tflux_unod: current mean I/O counter =           75
 writing mean record for tflux_unod; rec. count =           75
 tflux_vnod: current mean I/O counter =           75
 writing mean record for tflux_vnod; rec. count =           75
 curl_u: current mean I/O counter =           76
 writing mean record for curl_u; rec. count =           76
 N2: current mean I/O counter =           76
 writing mean record for N2; rec. count =           76
 slope_y: current mean I/O counter =           76
 writing mean record for slope_y; rec. count =           76
 rosb: current mean I/O counter =           76
 writing mean record for rosb; rec. count =           76
 slope_x: current mean I/O counter =           76
 writing mean record for slope_x; rec. count =           76
 vnod: current mean I/O counter =           76
 writing mean record for vnod; rec. count =           76
 v: current mean I/O counter =           76
 writing mean record for v; rec. count =           76
 hc700m: current mean I/O counter =           76
 writing mean record for hc700m; rec. count =           76
 temp: current mean I/O counter =           76
 writing mean record for temp; rec. count =           76
 ssh: current mean I/O counter =           76
 writing mean record for ssh; rec. count =           76
 unod: current mean I/O counter =           76
 writing mean record for unod; rec. count =           76
 tflux_vnod: current mean I/O counter =           76
 writing mean record for tflux_vnod; rec. count =           76
 tflux_w: current mean I/O counter =           76
 writing mean record for tflux_w; rec. count =           76
 hc: current mean I/O counter =           76
 writing mean record for hc; rec. count =           76
 u: current mean I/O counter =           76
 writing mean record for u; rec. count =           76
 sst: current mean I/O counter =           76
 writing mean record for sst; rec. count =           76
 hc300m: current mean I/O counter =           76
 writing mean record for hc300m; rec. count =           76
 tflux_unod: current mean I/O counter =           76
 writing mean record for tflux_unod; rec. count =           76
 curl_u: current mean I/O counter =           77
 writing mean record for curl_u; rec. count =           77
 rosb: current mean I/O counter =           77
 writing mean record for rosb; rec. count =           77
 N2: current mean I/O counter =           77
 writing mean record for N2; rec. count =           77
 slope_x: current mean I/O counter =           77
 writing mean record for slope_x; rec. count =           77
 slope_y: current mean I/O counter =           77
 writing mean record for slope_y; rec. count =           77
 unod: current mean I/O counter =           77
 writing mean record for unod; rec. count =           77
 vnod: current mean I/O counter =           77
 writing mean record for vnod; rec. count =           77
 tflux_unod: current mean I/O counter =           77
 writing mean record for tflux_unod; rec. count =           77
 tflux_w: current mean I/O counter =           77
 writing mean record for tflux_w; rec. count =           77
 u: current mean I/O counter =           77
 writing mean record for u; rec. count =           77
 v: current mean I/O counter =           77
 writing mean record for v; rec. count =           77
 ssh: current mean I/O counter =           77
 writing mean record for ssh; rec. count =           77
 temp: current mean I/O counter =           77
 writing mean record for temp; rec. count =           77
 hc300m: current mean I/O counter =           77
 writing mean record for hc300m; rec. count =           77
 hc700m: current mean I/O counter =           77
 writing mean record for hc700m; rec. count =           77
 sst: current mean I/O counter =           77
 writing mean record for sst; rec. count =           77
 hc: current mean I/O counter =           77
 writing mean record for hc; rec. count =           77
 tflux_vnod: current mean I/O counter =           77
 writing mean record for tflux_vnod; rec. count =           77
 curl_u: current mean I/O counter =           78
 writing mean record for curl_u; rec. count =           78
 rosb: current mean I/O counter =           78
 writing mean record for rosb; rec. count =           78
 N2: current mean I/O counter =           78
 writing mean record for N2; rec. count =           78
 slope_y: current mean I/O counter =           78
 writing mean record for slope_y; rec. count =           78
 slope_x: current mean I/O counter =           78
 writing mean record for slope_x; rec. count =           78
 temp: current mean I/O counter =           78
 writing mean record for temp; rec. count =           78
 unod: current mean I/O counter =           78
 writing mean record for unod; rec. count =           78
 vnod: current mean I/O counter =           78
 writing mean record for vnod; rec. count =           78
 v: current mean I/O counter =           78
 writing mean record for v; rec. count =           78
 ssh: current mean I/O counter =           78
 writing mean record for ssh; rec. count =           78
 hc700m: current mean I/O counter =           78
 writing mean record for hc700m; rec. count =           78
 tflux_unod: current mean I/O counter =           78
 writing mean record for tflux_unod; rec. count =           78
 u: current mean I/O counter =           78
 writing mean record for u; rec. count =           78
 sst: current mean I/O counter =           78
 writing mean record for sst; rec. count =           78
 hc300m: current mean I/O counter =           78
 writing mean record for hc300m; rec. count =           78
 hc: current mean I/O counter =           78
 writing mean record for hc; rec. count =           78
 tflux_vnod: current mean I/O counter =           78
 writing mean record for tflux_vnod; rec. count =           78
 tflux_w: current mean I/O counter =           78
 writing mean record for tflux_w; rec. count =           78
 curl_u: current mean I/O counter =           79
 writing mean record for curl_u; rec. count =           79
 rosb: current mean I/O counter =           79
 writing mean record for rosb; rec. count =           79
 N2: current mean I/O counter =           79
 writing mean record for N2; rec. count =           79
 slope_y: current mean I/O counter =           79
 writing mean record for slope_y; rec. count =           79
 vnod: current mean I/O counter =           79
 writing mean record for vnod; rec. count =           79
 ssh: current mean I/O counter =           79
 writing mean record for ssh; rec. count =           79
 temp: current mean I/O counter =           79
 writing mean record for temp; rec. count =           79
 v: current mean I/O counter =           79
 writing mean record for v; rec. count =           79
 hc700m: current mean I/O counter =           79
 writing mean record for hc700m; rec. count =           79
 tflux_w: current mean I/O counter =           79
 writing mean record for tflux_w; rec. count =           79
 tflux_unod: current mean I/O counter =           79
 writing mean record for tflux_unod; rec. count =           79
 slope_x: current mean I/O counter =           79
 writing mean record for slope_x; rec. count =           79
 unod: current mean I/O counter =           79
 writing mean record for unod; rec. count =           79
 hc: current mean I/O counter =           79
 writing mean record for hc; rec. count =           79
 tflux_vnod: current mean I/O counter =           79
 writing mean record for tflux_vnod; rec. count =           79
 u: current mean I/O counter =           79
 writing mean record for u; rec. count =           79
 sst: current mean I/O counter =           79
 writing mean record for sst; rec. count =           79
 hc300m: current mean I/O counter =           79
 writing mean record for hc300m; rec. count =           79
 curl_u: current mean I/O counter =           80
 writing mean record for curl_u; rec. count =           80
 rosb: current mean I/O counter =           80
 writing mean record for rosb; rec. count =           80
 N2: current mean I/O counter =           80
 writing mean record for N2; rec. count =           80
 slope_y: current mean I/O counter =           80
 writing mean record for slope_y; rec. count =           80
 vnod: current mean I/O counter =           80
 writing mean record for vnod; rec. count =           80
 slope_x: current mean I/O counter =           80
 writing mean record for slope_x; rec. count =           80
 temp: current mean I/O counter =           80
 writing mean record for temp; rec. count =           80
 v: current mean I/O counter =           80
 writing mean record for v; rec. count =           80
 ssh: current mean I/O counter =           80
 writing mean record for ssh; rec. count =           80
 hc700m: current mean I/O counter =           80
 writing mean record for hc700m; rec. count =           80
 unod: current mean I/O counter =           80
 writing mean record for unod; rec. count =           80
 hc: current mean I/O counter =           80
 writing mean record for hc; rec. count =           80
 tflux_unod: current mean I/O counter =           80
 writing mean record for tflux_unod; rec. count =           80
 tflux_w: current mean I/O counter =           80
 writing mean record for tflux_w; rec. count =           80
 u: current mean I/O counter =           80
 writing mean record for u; rec. count =           80
 sst: current mean I/O counter =           80
 writing mean record for sst; rec. count =           80
 hc300m: current mean I/O counter =           80
 writing mean record for hc300m; rec. count =           80
 tflux_vnod: current mean I/O counter =           80
 writing mean record for tflux_vnod; rec. count =           80
 curl_u: current mean I/O counter =           81
 writing mean record for curl_u; rec. count =           81
 rosb: current mean I/O counter =           81
 writing mean record for rosb; rec. count =           81
 N2: current mean I/O counter =           81
 writing mean record for N2; rec. count =           81
 slope_x: current mean I/O counter =           81
 writing mean record for slope_x; rec. count =           81
 slope_y: current mean I/O counter =           81
 writing mean record for slope_y; rec. count =           81
 vnod: current mean I/O counter =           81
 writing mean record for vnod; rec. count =           81
 v: current mean I/O counter =           81
 writing mean record for v; rec. count =           81
 temp: current mean I/O counter =           81
 writing mean record for temp; rec. count =           81
 hc700m: current mean I/O counter =           81
 writing mean record for hc700m; rec. count =           81
 u: current mean I/O counter =           81
 writing mean record for u; rec. count =           81
 ssh: current mean I/O counter =           81
 writing mean record for ssh; rec. count =           81
 unod: current mean I/O counter =           81
 writing mean record for unod; rec. count =           81
 sst: current mean I/O counter =           81
 writing mean record for sst; rec. count =           81
 hc300m: current mean I/O counter =           81
 writing mean record for hc300m; rec. count =           81
 hc: current mean I/O counter =           81
 writing mean record for hc; rec. count =           81
 tflux_unod: current mean I/O counter =           81
 writing mean record for tflux_unod; rec. count =           81
 tflux_vnod: current mean I/O counter =           81
 writing mean record for tflux_vnod; rec. count =           81
 tflux_w: current mean I/O counter =           81
 writing mean record for tflux_w; rec. count =           81
 curl_u: current mean I/O counter =           82
 writing mean record for curl_u; rec. count =           82
 N2: current mean I/O counter =           82
 slope_y: current mean I/O counter =           82
 writing mean record for slope_y; rec. count =           82
 rosb: current mean I/O counter =           82
 writing mean record for rosb; rec. count =           82
 writing mean record for N2; rec. count =           82
 slope_x: current mean I/O counter =           82
 writing mean record for slope_x; rec. count =           82
 temp: current mean I/O counter =           82
 writing mean record for temp; rec. count =           82
 unod: current mean I/O counter =           82
 writing mean record for unod; rec. count =           82
 vnod: current mean I/O counter =           82
 writing mean record for vnod; rec. count =           82
 u: current mean I/O counter =           82
 writing mean record for u; rec. count =           82
 v: current mean I/O counter =           82
 writing mean record for v; rec. count =           82
 sst: current mean I/O counter =           82
 writing mean record for sst; rec. count =           82
 ssh: current mean I/O counter =           82
 writing mean record for ssh; rec. count =           82
 hc300m: current mean I/O counter =           82
 writing mean record for hc300m; rec. count =           82
 hc700m: current mean I/O counter =           82
 writing mean record for hc700m; rec. count =           82
 hc: current mean I/O counter =           82
 writing mean record for hc; rec. count =           82
 tflux_unod: current mean I/O counter =           82
 writing mean record for tflux_unod; rec. count =           82
 tflux_vnod: current mean I/O counter =           82
 writing mean record for tflux_vnod; rec. count =           82
 tflux_w: current mean I/O counter =           82
 writing mean record for tflux_w; rec. count =           82
 curl_u: current mean I/O counter =           83
 writing mean record for curl_u; rec. count =           83
 rosb: current mean I/O counter =           83
 writing mean record for rosb; rec. count =           83
 N2: current mean I/O counter =           83
 writing mean record for N2; rec. count =           83
 slope_y: current mean I/O counter =           83
 writing mean record for slope_y; rec. count =           83
 tflux_w: current mean I/O counter =           83
 writing mean record for tflux_w; rec. count =           83
 tflux_unod: current mean I/O counter =           83
 writing mean record for tflux_unod; rec. count =           83
 temp: current mean I/O counter =           83
 writing mean record for temp; rec. count =           83
 v: current mean I/O counter =           83
 writing mean record for v; rec. count =           83
 ssh: current mean I/O counter =           83
 writing mean record for ssh; rec. count =           83
 hc700m: current mean I/O counter =           83
 writing mean record for hc700m; rec. count =           83
 vnod: current mean I/O counter =           83
 writing mean record for vnod; rec. count =           83
 hc: current mean I/O counter =           83
 writing mean record for hc; rec. count =           83
 slope_x: current mean I/O counter =           83
 writing mean record for slope_x; rec. count =           83
 unod: current mean I/O counter =           83
 writing mean record for unod; rec. count =           83
 u: current mean I/O counter =           83
 writing mean record for u; rec. count =           83
 sst: current mean I/O counter =           83
 writing mean record for sst; rec. count =           83
 tflux_vnod: current mean I/O counter =           83
 writing mean record for tflux_vnod; rec. count =           83
 hc300m: current mean I/O counter =           83
 writing mean record for hc300m; rec. count =           83
 curl_u: current mean I/O counter =           84
 writing mean record for curl_u; rec. count =           84
 N2: current mean I/O counter =           84
 writing mean record for N2; rec. count =           84
 rosb: current mean I/O counter =           84
 writing mean record for rosb; rec. count =           84
 slope_y: current mean I/O counter =           84
 writing mean record for slope_y; rec. count =           84
 temp: current mean I/O counter =           84
 writing mean record for temp; rec. count =           84
 tflux_unod: current mean I/O counter =           84
 writing mean record for tflux_unod; rec. count =           84
 vnod: current mean I/O counter =           84
 writing mean record for vnod; rec. count =           84
 v: current mean I/O counter =           84
 writing mean record for v; rec. count =           84
 ssh: current mean I/O counter =           84
 writing mean record for ssh; rec. count =           84
 slope_x: current mean I/O counter =           84
 writing mean record for slope_x; rec. count =           84
 unod: current mean I/O counter =           84
 writing mean record for unod; rec. count =           84
 u: current mean I/O counter =           84
 writing mean record for u; rec. count =           84
 sst: current mean I/O counter =           84
 writing mean record for sst; rec. count =           84
 hc300m: current mean I/O counter =           84
 writing mean record for hc300m; rec. count =           84
 hc700m: current mean I/O counter =           84
 writing mean record for hc700m; rec. count =           84
 tflux_w: current mean I/O counter =           84
 writing mean record for tflux_w; rec. count =           84
 hc: current mean I/O counter =           84
 writing mean record for hc; rec. count =           84
 tflux_vnod: current mean I/O counter =           84
 writing mean record for tflux_vnod; rec. count =           84
 curl_u: current mean I/O counter =           85
 writing mean record for curl_u; rec. count =           85
 rosb: current mean I/O counter =           85
 writing mean record for rosb; rec. count =           85
 N2: current mean I/O counter =           85
 writing mean record for N2; rec. count =           85
 slope_y: current mean I/O counter =           85
 writing mean record for slope_y; rec. count =           85
 ssh: current mean I/O counter =           85
 writing mean record for ssh; rec. count =           85
 tflux_unod: current mean I/O counter =           85
 writing mean record for tflux_unod; rec. count =           85
 v: current mean I/O counter =           85
 writing mean record for v; rec. count =           85
 slope_x: current mean I/O counter =           85
 writing mean record for slope_x; rec. count =           85
 temp: current mean I/O counter =           85
 writing mean record for temp; rec. count =           85
 unod: current mean I/O counter =           85
 writing mean record for unod; rec. count =           85
 vnod: current mean I/O counter =           85
 writing mean record for vnod; rec. count =           85
 u: current mean I/O counter =           85
 writing mean record for u; rec. count =           85
 sst: current mean I/O counter =           85
 writing mean record for sst; rec. count =           85
 hc300m: current mean I/O counter =           85
 writing mean record for hc300m; rec. count =           85
 hc700m: current mean I/O counter =           85
 writing mean record for hc700m; rec. count =           85
 hc: current mean I/O counter =           85
 writing mean record for hc; rec. count =           85
 tflux_vnod: current mean I/O counter =           85
 writing mean record for tflux_vnod; rec. count =           85
 tflux_w: current mean I/O counter =           85
 writing mean record for tflux_w; rec. count =           85
 curl_u: current mean I/O counter =           86
 writing mean record for curl_u; rec. count =           86
 rosb: current mean I/O counter =           86
 writing mean record for rosb; rec. count =           86
 N2: current mean I/O counter =           86
 writing mean record for N2; rec. count =           86
 slope_y: current mean I/O counter =           86
 writing mean record for slope_y; rec. count =           86
 v: current mean I/O counter =           86
 writing mean record for v; rec. count =           86
 ssh: current mean I/O counter =           86
 writing mean record for ssh; rec. count =           86
 vnod: current mean I/O counter =           86
 writing mean record for vnod; rec. count =           86
 hc700m: current mean I/O counter =           86
 writing mean record for hc700m; rec. count =           86
 tflux_unod: current mean I/O counter =           86
 writing mean record for tflux_unod; rec. count =           86
 tflux_w: current mean I/O counter =           86
 writing mean record for tflux_w; rec. count =           86
 temp: current mean I/O counter =           86
 writing mean record for temp; rec. count =           86
 slope_x: current mean I/O counter =           86
 writing mean record for slope_x; rec. count =           86
 hc: current mean I/O counter =           86
 writing mean record for hc; rec. count =           86
 u: current mean I/O counter =           86
 writing mean record for u; rec. count =           86
 unod: current mean I/O counter =           86
 writing mean record for unod; rec. count =           86
 sst: current mean I/O counter =           86
 writing mean record for sst; rec. count =           86
 hc300m: current mean I/O counter =           86
 writing mean record for hc300m; rec. count =           86
 tflux_vnod: current mean I/O counter =           86
 writing mean record for tflux_vnod; rec. count =           86
 curl_u: current mean I/O counter =           87
 writing mean record for curl_u; rec. count =           87
 N2: current mean I/O counter =           87
 writing mean record for N2; rec. count =           87
 slope_y: current mean I/O counter =           87
 writing mean record for slope_y; rec. count =           87
 rosb: current mean I/O counter =           87
 writing mean record for rosb; rec. count =           87
 temp: current mean I/O counter =           87
 writing mean record for temp; rec. count =           87
 v: current mean I/O counter =           87
 writing mean record for v; rec. count =           87
 slope_x: current mean I/O counter =           87
 writing mean record for slope_x; rec. count =           87
 unod: current mean I/O counter =           87
 writing mean record for unod; rec. count =           87
 vnod: current mean I/O counter =           87
 writing mean record for vnod; rec. count =           87
 u: current mean I/O counter =           87
 writing mean record for u; rec. count =           87
 sst: current mean I/O counter =           87
 writing mean record for sst; rec. count =           87
 ssh: current mean I/O counter =           87
 writing mean record for ssh; rec. count =           87
 hc300m: current mean I/O counter =           87
 writing mean record for hc300m; rec. count =           87
 hc700m: current mean I/O counter =           87
 writing mean record for hc700m; rec. count =           87
 hc: current mean I/O counter =           87
 writing mean record for hc; rec. count =           87
 tflux_unod: current mean I/O counter =           87
 writing mean record for tflux_unod; rec. count =           87
 tflux_vnod: current mean I/O counter =           87
 writing mean record for tflux_vnod; rec. count =           87
 tflux_w: current mean I/O counter =           87
 writing mean record for tflux_w; rec. count =           87
 curl_u: current mean I/O counter =           88
 writing mean record for curl_u; rec. count =           88
 N2: current mean I/O counter =           88
 writing mean record for N2; rec. count =           88
 slope_y: current mean I/O counter =           88
 writing mean record for slope_y; rec. count =           88
 rosb: current mean I/O counter =           88
 writing mean record for rosb; rec. count =           88
 temp: current mean I/O counter =           88
 writing mean record for temp; rec. count =           88
 unod: current mean I/O counter =           88
 writing mean record for unod; rec. count =           88
 vnod: current mean I/O counter =           88
 writing mean record for vnod; rec. count =           88
 v: current mean I/O counter =           88
 writing mean record for v; rec. count =           88
 ssh: current mean I/O counter =           88
 writing mean record for ssh; rec. count =           88
 u: current mean I/O counter =           88
 writing mean record for u; rec. count =           88
 hc700m: current mean I/O counter =           88
 writing mean record for hc700m; rec. count =           88
 slope_x: current mean I/O counter =           88
 writing mean record for slope_x; rec. count =           88
 tflux_w: current mean I/O counter =           88
 writing mean record for tflux_w; rec. count =           88
 hc300m: current mean I/O counter =           88
 writing mean record for hc300m; rec. count =           88
 sst: current mean I/O counter =           88
 writing mean record for sst; rec. count =           88
 tflux_unod: current mean I/O counter =           88
 writing mean record for tflux_unod; rec. count =           88
 hc: current mean I/O counter =           88
 writing mean record for hc; rec. count =           88
 tflux_vnod: current mean I/O counter =           88
 writing mean record for tflux_vnod; rec. count =           88
 curl_u: current mean I/O counter =           89
 writing mean record for curl_u; rec. count =           89
 rosb: current mean I/O counter =           89
 writing mean record for rosb; rec. count =           89
 N2: current mean I/O counter =           89
 writing mean record for N2; rec. count =           89
 slope_y: current mean I/O counter =           89
 writing mean record for slope_y; rec. count =           89
 temp: current mean I/O counter =           89
 writing mean record for temp; rec. count =           89
 vnod: current mean I/O counter =           89
 writing mean record for vnod; rec. count =           89
 v: current mean I/O counter =           89
 writing mean record for v; rec. count =           89
 ssh: current mean I/O counter =           89
 writing mean record for ssh; rec. count =           89
 hc700m: current mean I/O counter =           89
 writing mean record for hc700m; rec. count =           89
 tflux_unod: current mean I/O counter =           89
 writing mean record for tflux_unod; rec. count =           89
 slope_x: current mean I/O counter =           89
 writing mean record for slope_x; rec. count =           89
 unod: current mean I/O counter =           89
 writing mean record for unod; rec. count =           89
 u: current mean I/O counter =           89
 writing mean record for u; rec. count =           89
 sst: current mean I/O counter =           89
 writing mean record for sst; rec. count =           89
 hc300m: current mean I/O counter =           89
 writing mean record for hc300m; rec. count =           89
 hc: current mean I/O counter =           89
 writing mean record for hc; rec. count =           89
 tflux_vnod: current mean I/O counter =           89
 writing mean record for tflux_vnod; rec. count =           89
 tflux_w: current mean I/O counter =           89
 writing mean record for tflux_w; rec. count =           89
 curl_u: current mean I/O counter =           90
 writing mean record for curl_u; rec. count =           90
 rosb: current mean I/O counter =           90
 writing mean record for rosb; rec. count =           90
 N2: current mean I/O counter =           90
 writing mean record for N2; rec. count =           90
 slope_y: current mean I/O counter =           90
 writing mean record for slope_y; rec. count =           90
 temp: current mean I/O counter =           90
 writing mean record for temp; rec. count =           90
 ssh: current mean I/O counter =           90
 writing mean record for ssh; rec. count =           90
 hc700m: current mean I/O counter =           90
 writing mean record for hc700m; rec. count =           90
 tflux_w: current mean I/O counter =           90
 writing mean record for tflux_w; rec. count =           90
 vnod: current mean I/O counter =           90
 writing mean record for vnod; rec. count =           90
 v: current mean I/O counter =           90
 writing mean record for v; rec. count =           90
 slope_x: current mean I/O counter =           90
 writing mean record for slope_x; rec. count =           90
 unod: current mean I/O counter =           90
 writing mean record for unod; rec. count =           90
 sst: current mean I/O counter =           90
 writing mean record for sst; rec. count =           90
 tflux_unod: current mean I/O counter =           90
 writing mean record for tflux_unod; rec. count =           90
 u: current mean I/O counter =           90
 writing mean record for u; rec. count =           90
 hc300m: current mean I/O counter =           90
 writing mean record for hc300m; rec. count =           90
 hc: current mean I/O counter =           90
 writing mean record for hc; rec. count =           90
 tflux_vnod: current mean I/O counter =           90
 writing mean record for tflux_vnod; rec. count =           90
 curl_u: current mean I/O counter =           91
 writing mean record for curl_u; rec. count =           91
 rosb: current mean I/O counter =           91
 writing mean record for rosb; rec. count =           91
 N2: current mean I/O counter =           91
 writing mean record for N2; rec. count =           91
 slope_y: current mean I/O counter =           91
 writing mean record for slope_y; rec. count =           91
 temp: current mean I/O counter =           91
 writing mean record for temp; rec. count =           91
 vnod: current mean I/O counter =           91
 writing mean record for vnod; rec. count =           91
 v: current mean I/O counter =           91
 writing mean record for v; rec. count =           91
 ssh: current mean I/O counter =           91
 writing mean record for ssh; rec. count =           91
 hc700m: current mean I/O counter =           91
 writing mean record for hc700m; rec. count =           91
 hc: current mean I/O counter =           91
 writing mean record for hc; rec. count =           91
 tflux_unod: current mean I/O counter =           91
 writing mean record for tflux_unod; rec. count =           91
 tflux_w: current mean I/O counter =           91
 writing mean record for tflux_w; rec. count =           91
 slope_x: current mean I/O counter =           91
 writing mean record for slope_x; rec. count =           91
 unod: current mean I/O counter =           91
 writing mean record for unod; rec. count =           91
 u: current mean I/O counter =           91
 writing mean record for u; rec. count =           91
 sst: current mean I/O counter =           91
 writing mean record for sst; rec. count =           91
 hc300m: current mean I/O counter =           91
 writing mean record for hc300m; rec. count =           91
 tflux_vnod: current mean I/O counter =           91
 writing mean record for tflux_vnod; rec. count =           91
 curl_u: current mean I/O counter =           92
 writing mean record for curl_u; rec. count =           92
 N2: current mean I/O counter =           92
 writing mean record for N2; rec. count =           92
 rosb: current mean I/O counter =           92
 writing mean record for rosb; rec. count =           92
 slope_y: current mean I/O counter =           92
 writing mean record for slope_y; rec. count =           92
 slope_x: current mean I/O counter =           92
 writing mean record for slope_x; rec. count =           92
 temp: current mean I/O counter =           92
 writing mean record for temp; rec. count =           92
 vnod: current mean I/O counter =           92
 writing mean record for vnod; rec. count =           92
 v: current mean I/O counter =           92
 writing mean record for v; rec. count =           92
 ssh: current mean I/O counter =           92
 writing mean record for ssh; rec. count =           92
 hc700m: current mean I/O counter =           92
 writing mean record for hc700m; rec. count =           92
 tflux_unod: current mean I/O counter =           92
 writing mean record for tflux_unod; rec. count =           92
 tflux_w: current mean I/O counter =           92
 writing mean record for tflux_w; rec. count =           92
 unod: current mean I/O counter =           92
 writing mean record for unod; rec. count =           92
 u: current mean I/O counter =           92
 writing mean record for u; rec. count =           92
 sst: current mean I/O counter =           92
 writing mean record for sst; rec. count =           92
 hc300m: current mean I/O counter =           92
 writing mean record for hc300m; rec. count =           92
 hc: current mean I/O counter =           92
 writing mean record for hc; rec. count =           92
 tflux_vnod: current mean I/O counter =           92
 writing mean record for tflux_vnod; rec. count =           92
 curl_u: current mean I/O counter =           93
 writing mean record for curl_u; rec. count =           93
 rosb: current mean I/O counter =           93
 writing mean record for rosb; rec. count =           93
 N2: current mean I/O counter =           93
 writing mean record for N2; rec. count =           93
 slope_y: current mean I/O counter =           93
 writing mean record for slope_y; rec. count =           93
 temp: current mean I/O counter =           93
 writing mean record for temp; rec. count =           93
 slope_x: current mean I/O counter =           93
 writing mean record for slope_x; rec. count =           93
 unod: current mean I/O counter =           93
 writing mean record for unod; rec. count =           93
 vnod: current mean I/O counter =           93
 writing mean record for vnod; rec. count =           93
 v: current mean I/O counter =           93
 writing mean record for v; rec. count =           93
 ssh: current mean I/O counter =           93
 writing mean record for ssh; rec. count =           93
 hc700m: current mean I/O counter =           93
 writing mean record for hc700m; rec. count =           93
 tflux_w: current mean I/O counter =           93
 writing mean record for tflux_w; rec. count =           93
 u: current mean I/O counter =           93
 writing mean record for u; rec. count =           93
 sst: current mean I/O counter =           93
 writing mean record for sst; rec. count =           93
 tflux_unod: current mean I/O counter =           93
 writing mean record for tflux_unod; rec. count =           93
 hc300m: current mean I/O counter =           93
 writing mean record for hc300m; rec. count =           93
 hc: current mean I/O counter =           93
 writing mean record for hc; rec. count =           93
 tflux_vnod: current mean I/O counter =           93
 writing mean record for tflux_vnod; rec. count =           93
 curl_u: current mean I/O counter =           94
 writing mean record for curl_u; rec. count =           94
 N2: current mean I/O counter =           94
 writing mean record for N2; rec. count =           94
 slope_y: current mean I/O counter =           94
 writing mean record for slope_y; rec. count =           94
 rosb: current mean I/O counter =           94
 writing mean record for rosb; rec. count =           94
 vnod: current mean I/O counter =           94
 writing mean record for vnod; rec. count =           94
 slope_x: current mean I/O counter =           94
 writing mean record for slope_x; rec. count =           94
 temp: current mean I/O counter =           94
 writing mean record for temp; rec. count =           94
 v: current mean I/O counter =           94
 writing mean record for v; rec. count =           94
 ssh: current mean I/O counter =           94
 writing mean record for ssh; rec. count =           94
 hc700m: current mean I/O counter =           94
 writing mean record for hc700m; rec. count =           94
 unod: current mean I/O counter =           94
 writing mean record for unod; rec. count =           94
 u: current mean I/O counter =           94
 writing mean record for u; rec. count =           94
 hc: current mean I/O counter =           94
 writing mean record for hc; rec. count =           94
 tflux_unod: current mean I/O counter =           94
 writing mean record for tflux_unod; rec. count =           94
 tflux_vnod: current mean I/O counter =           94
 writing mean record for tflux_vnod; rec. count =           94
 sst: current mean I/O counter =           94
 writing mean record for sst; rec. count =           94
 hc300m: current mean I/O counter =           94
 writing mean record for hc300m; rec. count =           94
 tflux_w: current mean I/O counter =           94
 writing mean record for tflux_w; rec. count =           94
 curl_u: current mean I/O counter =           95
 writing mean record for curl_u; rec. count =           95
 rosb: current mean I/O counter =           95
 writing mean record for rosb; rec. count =           95
 N2: current mean I/O counter =           95
 writing mean record for N2; rec. count =           95
 slope_y: current mean I/O counter =           95
 writing mean record for slope_y; rec. count =           95
 tflux_unod: current mean I/O counter =           95
 writing mean record for tflux_unod; rec. count =           95
 vnod: current mean I/O counter =           95
 writing mean record for vnod; rec. count =           95
 hc700m: current mean I/O counter =           95
 writing mean record for hc700m; rec. count =           95
 v: current mean I/O counter =           95
 writing mean record for v; rec. count =           95
 ssh: current mean I/O counter =           95
 writing mean record for ssh; rec. count =           95
 slope_x: current mean I/O counter =           95
 writing mean record for slope_x; rec. count =           95
 temp: current mean I/O counter =           95
 writing mean record for temp; rec. count =           95
 unod: current mean I/O counter =           95
 writing mean record for unod; rec. count =           95
 u: current mean I/O counter =           95
 writing mean record for u; rec. count =           95
 tflux_w: current mean I/O counter =           95
 writing mean record for tflux_w; rec. count =           95
 sst: current mean I/O counter =           95
 writing mean record for sst; rec. count =           95
 hc300m: current mean I/O counter =           95
 writing mean record for hc300m; rec. count =           95
 hc: current mean I/O counter =           95
 writing mean record for hc; rec. count =           95
 tflux_vnod: current mean I/O counter =           95
 writing mean record for tflux_vnod; rec. count =           95
 curl_u: current mean I/O counter =           96
 writing mean record for curl_u; rec. count =           96
 rosb: current mean I/O counter =           96
 writing mean record for rosb; rec. count =           96
 N2: current mean I/O counter =           96
 writing mean record for N2; rec. count =           96
 slope_y: current mean I/O counter =           96
 writing mean record for slope_y; rec. count =           96
 vnod: current mean I/O counter =           96
 writing mean record for vnod; rec. count =           96
 v: current mean I/O counter =           96
 writing mean record for v; rec. count =           96
 tflux_w: current mean I/O counter =           96
 writing mean record for tflux_w; rec. count =           96
 ssh: current mean I/O counter =           96
 writing mean record for ssh; rec. count =           96
 tflux_unod: current mean I/O counter =           96
 writing mean record for tflux_unod; rec. count =           96
 unod: current mean I/O counter =           96
 writing mean record for unod; rec. count =           96
 slope_x: current mean I/O counter =           96
 writing mean record for slope_x; rec. count =           96
 temp: current mean I/O counter =           96
 writing mean record for temp; rec. count =           96
 u: current mean I/O counter =           96
 writing mean record for u; rec. count =           96
 sst: current mean I/O counter =           96
 writing mean record for sst; rec. count =           96
 hc300m: current mean I/O counter =           96
 writing mean record for hc300m; rec. count =           96
 hc700m: current mean I/O counter =           96
 writing mean record for hc700m; rec. count =           96
 hc: current mean I/O counter =           96
 writing mean record for hc; rec. count =           96
 tflux_vnod: current mean I/O counter =           96
 writing mean record for tflux_vnod; rec. count =           96
 curl_u: current mean I/O counter =           97
 writing mean record for curl_u; rec. count =           97
 rosb: current mean I/O counter =           97
 writing mean record for rosb; rec. count =           97
 N2: current mean I/O counter =           97
 writing mean record for N2; rec. count =           97
 slope_y: current mean I/O counter =           97
 writing mean record for slope_y; rec. count =           97
 v: current mean I/O counter =           97
 writing mean record for v; rec. count =           97
 temp: current mean I/O counter =           97
 writing mean record for temp; rec. count =           97
 vnod: current mean I/O counter =           97
 writing mean record for vnod; rec. count =           97
 ssh: current mean I/O counter =           97
 writing mean record for ssh; rec. count =           97
 tflux_unod: current mean I/O counter =           97
 writing mean record for tflux_unod; rec. count =           97
 tflux_w: current mean I/O counter =           97
 writing mean record for tflux_w; rec. count =           97
 slope_x: current mean I/O counter =           97
 writing mean record for slope_x; rec. count =           97
 hc700m: current mean I/O counter =           97
 writing mean record for hc700m; rec. count =           97
 unod: current mean I/O counter =           97
 writing mean record for unod; rec. count =           97
 u: current mean I/O counter =           97
 writing mean record for u; rec. count =           97
 sst: current mean I/O counter =           97
 writing mean record for sst; rec. count =           97
 hc300m: current mean I/O counter =           97
 writing mean record for hc300m; rec. count =           97
 hc: current mean I/O counter =           97
 writing mean record for hc; rec. count =           97
 tflux_vnod: current mean I/O counter =           97
 writing mean record for tflux_vnod; rec. count =           97
 curl_u: current mean I/O counter =           98
 writing mean record for curl_u; rec. count =           98
 rosb: current mean I/O counter =           98
 writing mean record for rosb; rec. count =           98
 N2: current mean I/O counter =           98
 writing mean record for N2; rec. count =           98
 slope_y: current mean I/O counter =           98
 writing mean record for slope_y; rec. count =           98
 slope_x: current mean I/O counter =           98
 writing mean record for slope_x; rec. count =           98
 temp: current mean I/O counter =           98
 writing mean record for temp; rec. count =           98
 v: current mean I/O counter =           98
 writing mean record for v; rec. count =           98
 hc700m: current mean I/O counter =           98
 writing mean record for hc700m; rec. count =           98
 hc: current mean I/O counter =           98
 writing mean record for hc; rec. count =           98
 tflux_unod: current mean I/O counter =           98
 writing mean record for tflux_unod; rec. count =           98
 tflux_w: current mean I/O counter =           98
 writing mean record for tflux_w; rec. count =           98
 unod: current mean I/O counter =           98
 writing mean record for unod; rec. count =           98
 vnod: current mean I/O counter =           98
 writing mean record for vnod; rec. count =           98
 ssh: current mean I/O counter =           98
 writing mean record for ssh; rec. count =           98
 hc300m: current mean I/O counter =           98
 writing mean record for hc300m; rec. count =           98
 u: current mean I/O counter =           98
 writing mean record for u; rec. count =           98
 sst: current mean I/O counter =           98
 writing mean record for sst; rec. count =           98
 tflux_vnod: current mean I/O counter =           98
 writing mean record for tflux_vnod; rec. count =           98
 curl_u: current mean I/O counter =           99
 writing mean record for curl_u; rec. count =           99
 rosb: current mean I/O counter =           99
 writing mean record for rosb; rec. count =           99
 N2: current mean I/O counter =           99
 writing mean record for N2; rec. count =           99
 slope_x: current mean I/O counter =           99
 writing mean record for slope_x; rec. count =           99
 slope_y: current mean I/O counter =           99
 writing mean record for slope_y; rec. count =           99
 temp: current mean I/O counter =           99
 writing mean record for temp; rec. count =           99
 vnod: current mean I/O counter =           99
 writing mean record for vnod; rec. count =           99
 v: current mean I/O counter =           99
 writing mean record for v; rec. count =           99
 ssh: current mean I/O counter =           99
 writing mean record for ssh; rec. count =           99
 hc700m: current mean I/O counter =           99
 writing mean record for hc700m; rec. count =           99
 unod: current mean I/O counter =           99
 writing mean record for unod; rec. count =           99
 u: current mean I/O counter =           99
 writing mean record for u; rec. count =           99
 sst: current mean I/O counter =           99
 writing mean record for sst; rec. count =           99
 hc300m: current mean I/O counter =           99
 writing mean record for hc300m; rec. count =           99
 hc: current mean I/O counter =           99
 writing mean record for hc; rec. count =           99
 tflux_unod: current mean I/O counter =           99
 writing mean record for tflux_unod; rec. count =           99
 tflux_vnod: current mean I/O counter =           99
 writing mean record for tflux_vnod; rec. count =           99
 tflux_w: current mean I/O counter =           99
 writing mean record for tflux_w; rec. count =           99
 curl_u: current mean I/O counter =          100
 writing mean record for curl_u; rec. count =          100
 rosb: current mean I/O counter =          100
 writing mean record for rosb; rec. count =          100
 N2: current mean I/O counter =          100
 writing mean record for N2; rec. count =          100
 slope_y: current mean I/O counter =          100
 writing mean record for slope_y; rec. count =          100
 v: current mean I/O counter =          100
 writing mean record for v; rec. count =          100
 ssh: current mean I/O counter =          100
 writing mean record for ssh; rec. count =          100
 tflux_w: current mean I/O counter =          100
 writing mean record for tflux_w; rec. count =          100
 temp: current mean I/O counter =          100
 writing mean record for temp; rec. count =          100
 vnod: current mean I/O counter =          100
 writing mean record for vnod; rec. count =          100
 hc700m: current mean I/O counter =          100
 writing mean record for hc700m; rec. count =          100
 u: current mean I/O counter =          100
 writing mean record for u; rec. count =          100
 unod: current mean I/O counter =          100
 writing mean record for unod; rec. count =          100
 tflux_unod: current mean I/O counter =          100
 writing mean record for tflux_unod; rec. count =          100
 slope_x: current mean I/O counter =          100
 writing mean record for slope_x; rec. count =          100
 sst: current mean I/O counter =          100
 writing mean record for sst; rec. count =          100
 hc300m: current mean I/O counter =          100
 writing mean record for hc300m; rec. count =          100
 hc: current mean I/O counter =          100
 writing mean record for hc; rec. count =          100
 tflux_vnod: current mean I/O counter =          100
 writing mean record for tflux_vnod; rec. count =          100
 curl_u: current mean I/O counter =          101
 writing mean record for curl_u; rec. count =          101
 rosb: current mean I/O counter =          101
 writing mean record for rosb; rec. count =          101
 N2: current mean I/O counter =          101
 writing mean record for N2; rec. count =          101
 slope_y: current mean I/O counter =          101
 writing mean record for slope_y; rec. count =          101
 vnod: current mean I/O counter =          101
 writing mean record for vnod; rec. count =          101
 v: current mean I/O counter =          101
 writing mean record for v; rec. count =          101
 tflux_unod: current mean I/O counter =          101
 writing mean record for tflux_unod; rec. count =          101
 slope_x: current mean I/O counter =          101
 writing mean record for slope_x; rec. count =          101
 temp: current mean I/O counter =          101
 writing mean record for temp; rec. count =          101
 unod: current mean I/O counter =          101
 writing mean record for unod; rec. count =          101
 u: current mean I/O counter =          101
 writing mean record for u; rec. count =          101
 sst: current mean I/O counter =          101
 writing mean record for sst; rec. count =          101
 ssh: current mean I/O counter =          101
 writing mean record for ssh; rec. count =          101
 hc300m: current mean I/O counter =          101
 writing mean record for hc300m; rec. count =          101
 hc700m: current mean I/O counter =          101
 writing mean record for hc700m; rec. count =          101
 hc: current mean I/O counter =          101
 writing mean record for hc; rec. count =          101
 tflux_vnod: current mean I/O counter =          101
 writing mean record for tflux_vnod; rec. count =          101
 tflux_w: current mean I/O counter =          101
 writing mean record for tflux_w; rec. count =          101
 curl_u: current mean I/O counter =          102
 writing mean record for curl_u; rec. count =          102
 rosb: current mean I/O counter =          102
 writing mean record for rosb; rec. count =          102
 N2: current mean I/O counter =          102
 writing mean record for N2; rec. count =          102
 slope_y: current mean I/O counter =          102
 writing mean record for slope_y; rec. count =          102
 tflux_unod: current mean I/O counter =          102
 writing mean record for tflux_unod; rec. count =          102
 tflux_w: current mean I/O counter =          102
 writing mean record for tflux_w; rec. count =          102
 vnod: current mean I/O counter =          102
 writing mean record for vnod; rec. count =          102
 v: current mean I/O counter =          102
 writing mean record for v; rec. count =          102
 ssh: current mean I/O counter =          102
 writing mean record for ssh; rec. count =          102
 temp: current mean I/O counter =          102
 writing mean record for temp; rec. count =          102
 hc700m: current mean I/O counter =          102
 writing mean record for hc700m; rec. count =          102
 slope_x: current mean I/O counter =          102
 writing mean record for slope_x; rec. count =          102
 unod: current mean I/O counter =          102
 writing mean record for unod; rec. count =          102
 u: current mean I/O counter =          102
 writing mean record for u; rec. count =          102
 sst: current mean I/O counter =          102
 writing mean record for sst; rec. count =          102
 hc300m: current mean I/O counter =          102
 writing mean record for hc300m; rec. count =          102
 hc: current mean I/O counter =          102
 writing mean record for hc; rec. count =          102
 tflux_vnod: current mean I/O counter =          102
 writing mean record for tflux_vnod; rec. count =          102
 curl_u: current mean I/O counter =          103
 writing mean record for curl_u; rec. count =          103
 rosb: current mean I/O counter =          103
 writing mean record for rosb; rec. count =          103
 N2: current mean I/O counter =          103
 writing mean record for N2; rec. count =          103
 slope_y: current mean I/O counter =          103
 writing mean record for slope_y; rec. count =          103
 tflux_w: current mean I/O counter =          103
 writing mean record for tflux_w; rec. count =          103
 vnod: current mean I/O counter =          103
 writing mean record for vnod; rec. count =          103
 v: current mean I/O counter =          103
 writing mean record for v; rec. count =          103
 slope_x: current mean I/O counter =          103
 writing mean record for slope_x; rec. count =          103
 temp: current mean I/O counter =          103
 writing mean record for temp; rec. count =          103
 unod: current mean I/O counter =          103
 writing mean record for unod; rec. count =          103
 u: current mean I/O counter =          103
 writing mean record for u; rec. count =          103
 ssh: current mean I/O counter =          103
 writing mean record for ssh; rec. count =          103
 hc700m: current mean I/O counter =          103
 writing mean record for hc700m; rec. count =          103
 tflux_unod: current mean I/O counter =          103
 writing mean record for tflux_unod; rec. count =          103
 tflux_vnod: current mean I/O counter =          103
 writing mean record for tflux_vnod; rec. count =          103
 sst: current mean I/O counter =          103
 writing mean record for sst; rec. count =          103
 hc300m: current mean I/O counter =          103
 writing mean record for hc300m; rec. count =          103
 hc: current mean I/O counter =          103
 writing mean record for hc; rec. count =          103
 curl_u: current mean I/O counter =          104
 writing mean record for curl_u; rec. count =          104
 N2: current mean I/O counter =          104
 writing mean record for N2; rec. count =          104
 rosb: current mean I/O counter =          104
 writing mean record for rosb; rec. count =          104
 slope_x: current mean I/O counter =          104
 writing mean record for slope_x; rec. count =          104
 slope_y: current mean I/O counter =          104
 writing mean record for slope_y; rec. count =          104
 temp: current mean I/O counter =          104
 writing mean record for temp; rec. count =          104
 unod: current mean I/O counter =          104
 writing mean record for unod; rec. count =          104
 vnod: current mean I/O counter =          104
 writing mean record for vnod; rec. count =          104
 u: current mean I/O counter =          104
 writing mean record for u; rec. count =          104
 v: current mean I/O counter =          104
 writing mean record for v; rec. count =          104
 sst: current mean I/O counter =          104
 writing mean record for sst; rec. count =          104
 ssh: current mean I/O counter =          104
 writing mean record for ssh; rec. count =          104
 hc300m: current mean I/O counter =          104
 writing mean record for hc300m; rec. count =          104
 hc700m: current mean I/O counter =          104
 writing mean record for hc700m; rec. count =          104
 tflux_unod: current mean I/O counter =          104
 writing mean record for tflux_unod; rec. count =          104
 tflux_w: current mean I/O counter =          104
 writing mean record for tflux_w; rec. count =          104
 hc: current mean I/O counter =          104
 writing mean record for hc; rec. count =          104
 tflux_vnod: current mean I/O counter =          104
 writing mean record for tflux_vnod; rec. count =          104
 curl_u: current mean I/O counter =          105
 writing mean record for curl_u; rec. count =          105
 rosb: current mean I/O counter =          105
 writing mean record for rosb; rec. count =          105
 N2: current mean I/O counter =          105
 writing mean record for N2; rec. count =          105
 slope_y: current mean I/O counter =          105
 writing mean record for slope_y; rec. count =          105
 vnod: current mean I/O counter =          105
 writing mean record for vnod; rec. count =          105
 v: current mean I/O counter =          105
 writing mean record for v; rec. count =          105
 hc700m: current mean I/O counter =          105
 writing mean record for hc700m; rec. count =          105
 temp: current mean I/O counter =          105
 writing mean record for temp; rec. count =          105
 ssh: current mean I/O counter =          105
 writing mean record for ssh; rec. count =          105
 slope_x: current mean I/O counter =          105
 writing mean record for slope_x; rec. count =          105
 unod: current mean I/O counter =          105
 writing mean record for unod; rec. count =          105
 tflux_unod: current mean I/O counter =          105
 writing mean record for tflux_unod; rec. count =          105
 tflux_w: current mean I/O counter =          105
 writing mean record for tflux_w; rec. count =          105
 u: current mean I/O counter =          105
 writing mean record for u; rec. count =          105
 sst: current mean I/O counter =          105
 writing mean record for sst; rec. count =          105
 hc300m: current mean I/O counter =          105
 writing mean record for hc300m; rec. count =          105
 hc: current mean I/O counter =          105
 writing mean record for hc; rec. count =          105
 tflux_vnod: current mean I/O counter =          105
 writing mean record for tflux_vnod; rec. count =          105
 curl_u: current mean I/O counter =          106
 writing mean record for curl_u; rec. count =          106
 N2: current mean I/O counter =          106
 writing mean record for N2; rec. count =          106
 slope_y: current mean I/O counter =          106
 writing mean record for slope_y; rec. count =          106
 rosb: current mean I/O counter =          106
 writing mean record for rosb; rec. count =          106
 vnod: current mean I/O counter =          106
 writing mean record for vnod; rec. count =          106
 v: current mean I/O counter =          106
 writing mean record for v; rec. count =          106
 ssh: current mean I/O counter =          106
 writing mean record for ssh; rec. count =          106
 hc700m: current mean I/O counter =          106
 writing mean record for hc700m; rec. count =          106
 temp: current mean I/O counter =          106
 writing mean record for temp; rec. count =          106
 unod: current mean I/O counter =          106
 writing mean record for unod; rec. count =          106
 tflux_unod: current mean I/O counter =          106
 writing mean record for tflux_unod; rec. count =          106
 hc: current mean I/O counter =          106
 writing mean record for hc; rec. count =          106
 slope_x: current mean I/O counter =          106
 writing mean record for slope_x; rec. count =          106
 u: current mean I/O counter =          106
 writing mean record for u; rec. count =          106
 sst: current mean I/O counter =          106
 writing mean record for sst; rec. count =          106
 hc300m: current mean I/O counter =          106
 writing mean record for hc300m; rec. count =          106
 tflux_w: current mean I/O counter =          106
 writing mean record for tflux_w; rec. count =          106
 tflux_vnod: current mean I/O counter =          106
 writing mean record for tflux_vnod; rec. count =          106
 curl_u: current mean I/O counter =          107
 writing mean record for curl_u; rec. count =          107
 rosb: current mean I/O counter =          107
 writing mean record for rosb; rec. count =          107
 N2: current mean I/O counter =          107
 writing mean record for N2; rec. count =          107
 slope_y: current mean I/O counter =          107
 writing mean record for slope_y; rec. count =          107
 slope_x: current mean I/O counter =          107
 writing mean record for slope_x; rec. count =          107
 temp: current mean I/O counter =          107
 writing mean record for temp; rec. count =          107
 unod: current mean I/O counter =          107
 writing mean record for unod; rec. count =          107
 vnod: current mean I/O counter =          107
 writing mean record for vnod; rec. count =          107
 u: current mean I/O counter =          107
 writing mean record for u; rec. count =          107
 v: current mean I/O counter =          107
 writing mean record for v; rec. count =          107
 ssh: current mean I/O counter =          107
 writing mean record for ssh; rec. count =          107
 hc700m: current mean I/O counter =          107
 writing mean record for hc700m; rec. count =          107
 sst: current mean I/O counter =          107
 writing mean record for sst; rec. count =          107
 hc300m: current mean I/O counter =          107
 writing mean record for hc300m; rec. count =          107
 hc: current mean I/O counter =          107
 writing mean record for hc; rec. count =          107
 tflux_unod: current mean I/O counter =          107
 writing mean record for tflux_unod; rec. count =          107
 tflux_vnod: current mean I/O counter =          107
 writing mean record for tflux_vnod; rec. count =          107
 tflux_w: current mean I/O counter =          107
 writing mean record for tflux_w; rec. count =          107
 curl_u: current mean I/O counter =          108
 writing mean record for curl_u; rec. count =          108
 N2: current mean I/O counter =          108
 writing mean record for N2; rec. count =          108
 rosb: current mean I/O counter =          108
 writing mean record for rosb; rec. count =          108
 slope_x: current mean I/O counter =          108
 writing mean record for slope_x; rec. count =          108
 slope_y: current mean I/O counter =          108
 writing mean record for slope_y; rec. count =          108
 temp: current mean I/O counter =          108
 writing mean record for temp; rec. count =          108
 vnod: current mean I/O counter =          108
 writing mean record for vnod; rec. count =          108
 v: current mean I/O counter =          108
 writing mean record for v; rec. count =          108
 tflux_w: current mean I/O counter =          108
 writing mean record for tflux_w; rec. count =          108
 unod: current mean I/O counter =          108
 writing mean record for unod; rec. count =          108
 ssh: current mean I/O counter =          108
 writing mean record for ssh; rec. count =          108
 hc700m: current mean I/O counter =          108
 writing mean record for hc700m; rec. count =          108
 tflux_unod: current mean I/O counter =          108
 writing mean record for tflux_unod; rec. count =          108
 hc300m: current mean I/O counter =          108
 writing mean record for hc300m; rec. count =          108
 tflux_vnod: current mean I/O counter =          108
 writing mean record for tflux_vnod; rec. count =          108
 u: current mean I/O counter =          108
 writing mean record for u; rec. count =          108
 sst: current mean I/O counter =          108
 writing mean record for sst; rec. count =          108
 hc: current mean I/O counter =          108
 writing mean record for hc; rec. count =          108
 curl_u: current mean I/O counter =          109
 writing mean record for curl_u; rec. count =          109
 rosb: current mean I/O counter =          109
 writing mean record for rosb; rec. count =          109
 N2: current mean I/O counter =          109
 writing mean record for N2; rec. count =          109
 slope_y: current mean I/O counter =          109
 writing mean record for slope_y; rec. count =          109
 slope_x: current mean I/O counter =          109
 writing mean record for slope_x; rec. count =          109
 temp: current mean I/O counter =          109
 writing mean record for temp; rec. count =          109
 unod: current mean I/O counter =          109
 writing mean record for unod; rec. count =          109
 vnod: current mean I/O counter =          109
 writing mean record for vnod; rec. count =          109
 u: current mean I/O counter =          109
 writing mean record for u; rec. count =          109
 v: current mean I/O counter =          109
 writing mean record for v; rec. count =          109
 sst: current mean I/O counter =          109
 writing mean record for sst; rec. count =          109
 ssh: current mean I/O counter =          109
 writing mean record for ssh; rec. count =          109
 hc300m: current mean I/O counter =          109
 writing mean record for hc300m; rec. count =          109
 hc700m: current mean I/O counter =          109
 writing mean record for hc700m; rec. count =          109
 tflux_unod: current mean I/O counter =          109
 writing mean record for tflux_unod; rec. count =          109
 tflux_w: current mean I/O counter =          109
 writing mean record for tflux_w; rec. count =          109
 hc: current mean I/O counter =          109
 writing mean record for hc; rec. count =          109
 tflux_vnod: current mean I/O counter =          109
 writing mean record for tflux_vnod; rec. count =          109
 curl_u: current mean I/O counter =          110
 writing mean record for curl_u; rec. count =          110
 rosb: current mean I/O counter =          110
 writing mean record for rosb; rec. count =          110
 N2: current mean I/O counter =          110
 writing mean record for N2; rec. count =          110
 slope_y: current mean I/O counter =          110
 writing mean record for slope_y; rec. count =          110
 v: current mean I/O counter =          110
 writing mean record for v; rec. count =          110
 tflux_w: current mean I/O counter =          110
 writing mean record for tflux_w; rec. count =          110
 vnod: current mean I/O counter =          110
 writing mean record for vnod; rec. count =          110
 ssh: current mean I/O counter =          110
 writing mean record for ssh; rec. count =          110
 hc700m: current mean I/O counter =          110
 writing mean record for hc700m; rec. count =          110
 temp: current mean I/O counter =          110
 writing mean record for temp; rec. count =          110
 slope_x: current mean I/O counter =          110
 writing mean record for slope_x; rec. count =          110
 unod: current mean I/O counter =          110
 writing mean record for unod; rec. count =          110
 u: current mean I/O counter =          110
 writing mean record for u; rec. count =          110
 sst: current mean I/O counter =          110
 writing mean record for sst; rec. count =          110
 hc300m: current mean I/O counter =          110
 writing mean record for hc300m; rec. count =          110
 hc: current mean I/O counter =          110
 writing mean record for hc; rec. count =          110
 tflux_unod: current mean I/O counter =          110
 writing mean record for tflux_unod; rec. count =          110
 tflux_vnod: current mean I/O counter =          110
 writing mean record for tflux_vnod; rec. count =          110
 curl_u: current mean I/O counter =          111
 writing mean record for curl_u; rec. count =          111
 rosb: current mean I/O counter =          111
 writing mean record for rosb; rec. count =          111
 N2: current mean I/O counter =          111
 writing mean record for N2; rec. count =          111
 slope_y: current mean I/O counter =          111
 writing mean record for slope_y; rec. count =          111
 v: current mean I/O counter =          111
 writing mean record for v; rec. count =          111
 ssh: current mean I/O counter =          111
 writing mean record for ssh; rec. count =          111
 tflux_unod: current mean I/O counter =          111
 writing mean record for tflux_unod; rec. count =          111
 tflux_w: current mean I/O counter =          111
 writing mean record for tflux_w; rec. count =          111
 slope_x: current mean I/O counter =          111
 writing mean record for slope_x; rec. count =          111
 unod: current mean I/O counter =          111
 writing mean record for unod; rec. count =          111
 vnod: current mean I/O counter =          111
 writing mean record for vnod; rec. count =          111
 temp: current mean I/O counter =          111
 writing mean record for temp; rec. count =          111
 hc700m: current mean I/O counter =          111
 writing mean record for hc700m; rec. count =          111
 u: current mean I/O counter =          111
 writing mean record for u; rec. count =          111
 sst: current mean I/O counter =          111
 writing mean record for sst; rec. count =          111
 hc300m: current mean I/O counter =          111
 writing mean record for hc300m; rec. count =          111
 hc: current mean I/O counter =          111
 writing mean record for hc; rec. count =          111
 tflux_vnod: current mean I/O counter =          111
 writing mean record for tflux_vnod; rec. count =          111
 curl_u: current mean I/O counter =          112
 writing mean record for curl_u; rec. count =          112
 rosb: current mean I/O counter =          112
 writing mean record for rosb; rec. count =          112
 N2: current mean I/O counter =          112
 writing mean record for N2; rec. count =          112
 slope_y: current mean I/O counter =          112
 writing mean record for slope_y; rec. count =          112
 vnod: current mean I/O counter =          112
 writing mean record for vnod; rec. count =          112
 temp: current mean I/O counter =          112
 writing mean record for temp; rec. count =          112
 v: current mean I/O counter =          112
 writing mean record for v; rec. count =          112
 ssh: current mean I/O counter =          112
 writing mean record for ssh; rec. count =          112
 hc700m: current mean I/O counter =          112
 writing mean record for hc700m; rec. count =          112
 tflux_w: current mean I/O counter =          112
 writing mean record for tflux_w; rec. count =          112
 slope_x: current mean I/O counter =          112
 writing mean record for slope_x; rec. count =          112
 unod: current mean I/O counter =          112
 writing mean record for unod; rec. count =          112
 u: current mean I/O counter =          112
 writing mean record for u; rec. count =          112
 sst: current mean I/O counter =          112
 writing mean record for sst; rec. count =          112
 hc300m: current mean I/O counter =          112
 writing mean record for hc300m; rec. count =          112
 hc: current mean I/O counter =          112
 writing mean record for hc; rec. count =          112
 tflux_unod: current mean I/O counter =          112
 writing mean record for tflux_unod; rec. count =          112
 tflux_vnod: current mean I/O counter =          112
 writing mean record for tflux_vnod; rec. count =          112
 curl_u: current mean I/O counter =          113
 writing mean record for curl_u; rec. count =          113
 rosb: current mean I/O counter =          113
 writing mean record for rosb; rec. count =          113
 N2: current mean I/O counter =          113
 writing mean record for N2; rec. count =          113
 slope_y: current mean I/O counter =          113
 writing mean record for slope_y; rec. count =          113
 slope_x: current mean I/O counter =          113
 writing mean record for slope_x; rec. count =          113
 vnod: current mean I/O counter =          113
 writing mean record for vnod; rec. count =          113
 u: current mean I/O counter =          113
 writing mean record for u; rec. count =          113
 v: current mean I/O counter =          113
 writing mean record for v; rec. count =          113
 ssh: current mean I/O counter =          113
 writing mean record for ssh; rec. count =          113
 tflux_w: current mean I/O counter =          113
 writing mean record for tflux_w; rec. count =          113
 unod: current mean I/O counter =          113
 writing mean record for unod; rec. count =          113
 hc700m: current mean I/O counter =          113
 writing mean record for hc700m; rec. count =          113
 hc: current mean I/O counter =          113
 writing mean record for hc; rec. count =          113
 temp: current mean I/O counter =          113
 writing mean record for temp; rec. count =          113
 sst: current mean I/O counter =          113
 writing mean record for sst; rec. count =          113
 hc300m: current mean I/O counter =          113
 writing mean record for hc300m; rec. count =          113
 tflux_unod: current mean I/O counter =          113
 writing mean record for tflux_unod; rec. count =          113
 tflux_vnod: current mean I/O counter =          113
 writing mean record for tflux_vnod; rec. count =          113
 curl_u: current mean I/O counter =          114
 writing mean record for curl_u; rec. count =          114
 rosb: current mean I/O counter =          114
 writing mean record for rosb; rec. count =          114
 N2: current mean I/O counter =          114
 writing mean record for N2; rec. count =          114
 slope_y: current mean I/O counter =          114
 writing mean record for slope_y; rec. count =          114
 v: current mean I/O counter =          114
 writing mean record for v; rec. count =          114
 hc700m: current mean I/O counter =          114
 writing mean record for hc700m; rec. count =          114
 tflux_unod: current mean I/O counter =          114
 writing mean record for tflux_unod; rec. count =          114
 tflux_w: current mean I/O counter =          114
 writing mean record for tflux_w; rec. count =          114
 temp: current mean I/O counter =          114
 writing mean record for temp; rec. count =          114
 unod: current mean I/O counter =          114
 writing mean record for unod; rec. count =          114
 ssh: current mean I/O counter =          114
 writing mean record for ssh; rec. count =          114
 vnod: current mean I/O counter =          114
 writing mean record for vnod; rec. count =          114
 slope_x: current mean I/O counter =          114
 writing mean record for slope_x; rec. count =          114
 u: current mean I/O counter =          114
 writing mean record for u; rec. count =          114
 sst: current mean I/O counter =          114
 writing mean record for sst; rec. count =          114
 hc300m: current mean I/O counter =          114
 writing mean record for hc300m; rec. count =          114
 hc: current mean I/O counter =          114
 writing mean record for hc; rec. count =          114
 tflux_vnod: current mean I/O counter =          114
 writing mean record for tflux_vnod; rec. count =          114
 curl_u: current mean I/O counter =          115
 writing mean record for curl_u; rec. count =          115
 rosb: current mean I/O counter =          115
 writing mean record for rosb; rec. count =          115
 N2: current mean I/O counter =          115
 writing mean record for N2; rec. count =          115
 slope_y: current mean I/O counter =          115
 writing mean record for slope_y; rec. count =          115
 v: current mean I/O counter =          115
 writing mean record for v; rec. count =          115
 temp: current mean I/O counter =          115
 writing mean record for temp; rec. count =          115
 slope_x: current mean I/O counter =          115
 writing mean record for slope_x; rec. count =          115
 unod: current mean I/O counter =          115
 writing mean record for unod; rec. count =          115
 vnod: current mean I/O counter =          115
 writing mean record for vnod; rec. count =          115
 ssh: current mean I/O counter =          115
 writing mean record for ssh; rec. count =          115
 hc700m: current mean I/O counter =          115
 writing mean record for hc700m; rec. count =          115
 tflux_unod: current mean I/O counter =          115
 writing mean record for tflux_unod; rec. count =          115
 tflux_w: current mean I/O counter =          115
 writing mean record for tflux_w; rec. count =          115
 u: current mean I/O counter =          115
 writing mean record for u; rec. count =          115
 sst: current mean I/O counter =          115
 writing mean record for sst; rec. count =          115
 hc300m: current mean I/O counter =          115
 writing mean record for hc300m; rec. count =          115
 hc: current mean I/O counter =          115
 writing mean record for hc; rec. count =          115
 tflux_vnod: current mean I/O counter =          115
 writing mean record for tflux_vnod; rec. count =          115
 curl_u: current mean I/O counter =          116
 writing mean record for curl_u; rec. count =          116
 N2: current mean I/O counter =          116
 writing mean record for N2; rec. count =          116
 slope_y: current mean I/O counter =          116
 writing mean record for slope_y; rec. count =          116
 rosb: current mean I/O counter =          116
 writing mean record for rosb; rec. count =          116
 tflux_unod: current mean I/O counter =          116
 writing mean record for tflux_unod; rec. count =          116
 vnod: current mean I/O counter =          116
 writing mean record for vnod; rec. count =          116
 v: current mean I/O counter =          116
 writing mean record for v; rec. count =          116
 unod: current mean I/O counter =          116
 writing mean record for unod; rec. count =          116
 u: current mean I/O counter =          116
 writing mean record for u; rec. count =          116
 hc: current mean I/O counter =          116
 writing mean record for hc; rec. count =          116
 tflux_vnod: current mean I/O counter =          116
 writing mean record for tflux_vnod; rec. count =          116
 slope_x: current mean I/O counter =          116
 writing mean record for slope_x; rec. count =          116
 temp: current mean I/O counter =          116
 writing mean record for temp; rec. count =          116
 ssh: current mean I/O counter =          116
 writing mean record for ssh; rec. count =          116
 hc700m: current mean I/O counter =          116
 writing mean record for hc700m; rec. count =          116
 sst: current mean I/O counter =          116
 writing mean record for sst; rec. count =          116
 hc300m: current mean I/O counter =          116
 writing mean record for hc300m; rec. count =          116
 tflux_w: current mean I/O counter =          116
 writing mean record for tflux_w; rec. count =          116
 curl_u: current mean I/O counter =          117
 writing mean record for curl_u; rec. count =          117
 rosb: current mean I/O counter =          117
 writing mean record for rosb; rec. count =          117
 N2: current mean I/O counter =          117
 writing mean record for N2; rec. count =          117
 slope_x: current mean I/O counter =          117
 writing mean record for slope_x; rec. count =          117
 slope_y: current mean I/O counter =          117
 writing mean record for slope_y; rec. count =          117
 temp: current mean I/O counter =          117
 writing mean record for temp; rec. count =          117
 unod: current mean I/O counter =          117
 writing mean record for unod; rec. count =          117
 vnod: current mean I/O counter =          117
 writing mean record for vnod; rec. count =          117
 u: current mean I/O counter =          117
 writing mean record for u; rec. count =          117
 v: current mean I/O counter =          117
 writing mean record for v; rec. count =          117
 sst: current mean I/O counter =          117
 writing mean record for sst; rec. count =          117
 ssh: current mean I/O counter =          117
 writing mean record for ssh; rec. count =          117
 hc300m: current mean I/O counter =          117
 writing mean record for hc300m; rec. count =          117
 hc700m: current mean I/O counter =          117
 writing mean record for hc700m; rec. count =          117
 hc: current mean I/O counter =          117
 writing mean record for hc; rec. count =          117
 tflux_unod: current mean I/O counter =          117
 writing mean record for tflux_unod; rec. count =          117
 tflux_vnod: current mean I/O counter =          117
 writing mean record for tflux_vnod; rec. count =          117
 tflux_w: current mean I/O counter =          117
 writing mean record for tflux_w; rec. count =          117
 curl_u: current mean I/O counter =          118
 writing mean record for curl_u; rec. count =          118
 rosb: current mean I/O counter =          118
 writing mean record for rosb; rec. count =          118
 N2: current mean I/O counter =          118
 writing mean record for N2; rec. count =          118
 slope_y: current mean I/O counter =          118
 writing mean record for slope_y; rec. count =          118
 vnod: current mean I/O counter =          118
 writing mean record for vnod; rec. count =          118
 v: current mean I/O counter =          118
 writing mean record for v; rec. count =          118
 ssh: current mean I/O counter =          118
 writing mean record for ssh; rec. count =          118
 hc700m: current mean I/O counter =          118
 writing mean record for hc700m; rec. count =          118
 unod: current mean I/O counter =          118
 writing mean record for unod; rec. count =          118
 tflux_unod: current mean I/O counter =          118
 writing mean record for tflux_unod; rec. count =          118
 slope_x: current mean I/O counter =          118
 writing mean record for slope_x; rec. count =          118
 tflux_w: current mean I/O counter =          118
 writing mean record for tflux_w; rec. count =          118
 temp: current mean I/O counter =          118
 writing mean record for temp; rec. count =          118
 u: current mean I/O counter =          118
 writing mean record for u; rec. count =          118
 sst: current mean I/O counter =          118
 writing mean record for sst; rec. count =          118
 hc300m: current mean I/O counter =          118
 writing mean record for hc300m; rec. count =          118
 hc: current mean I/O counter =          118
 writing mean record for hc; rec. count =          118
 tflux_vnod: current mean I/O counter =          118
 writing mean record for tflux_vnod; rec. count =          118
 curl_u: current mean I/O counter =          119
 writing mean record for curl_u; rec. count =          119
 rosb: current mean I/O counter =          119
 writing mean record for rosb; rec. count =          119
 N2: current mean I/O counter =          119
 writing mean record for N2; rec. count =          119
 slope_y: current mean I/O counter =          119
 writing mean record for slope_y; rec. count =          119
 vnod: current mean I/O counter =          119
 writing mean record for vnod; rec. count =          119
 tflux_unod: current mean I/O counter =          119
 writing mean record for tflux_unod; rec. count =          119
 slope_x: current mean I/O counter =          119
 writing mean record for slope_x; rec. count =          119
 v: current mean I/O counter =          119
 writing mean record for v; rec. count =          119
 ssh: current mean I/O counter =          119
 writing mean record for ssh; rec. count =          119
 unod: current mean I/O counter =          119
 writing mean record for unod; rec. count =          119
 hc700m: current mean I/O counter =          119
 writing mean record for hc700m; rec. count =          119
 u: current mean I/O counter =          119
 writing mean record for u; rec. count =          119
 temp: current mean I/O counter =          119
 writing mean record for temp; rec. count =          119
 sst: current mean I/O counter =          119
 writing mean record for sst; rec. count =          119
 hc300m: current mean I/O counter =          119
 writing mean record for hc300m; rec. count =          119
 hc: current mean I/O counter =          119
 writing mean record for hc; rec. count =          119
 tflux_vnod: current mean I/O counter =          119
 writing mean record for tflux_vnod; rec. count =          119
 tflux_w: current mean I/O counter =          119
 writing mean record for tflux_w; rec. count =          119
 curl_u: current mean I/O counter =          120
 writing mean record for curl_u; rec. count =          120
 rosb: current mean I/O counter =          120
 writing mean record for rosb; rec. count =          120
 N2: current mean I/O counter =          120
 writing mean record for N2; rec. count =          120
 slope_y: current mean I/O counter =          120
 writing mean record for slope_y; rec. count =          120
 slope_x: current mean I/O counter =          120
 writing mean record for slope_x; rec. count =          120
 temp: current mean I/O counter =          120
 writing mean record for temp; rec. count =          120
 tflux_unod: current mean I/O counter =          120
 writing mean record for tflux_unod; rec. count =          120
 tflux_w: current mean I/O counter =          120
 writing mean record for tflux_w; rec. count =          120
 ssh: current mean I/O counter =          120
 writing mean record for ssh; rec. count =          120
 hc700m: current mean I/O counter =          120
 writing mean record for hc700m; rec. count =          120
 unod: current mean I/O counter =          120
 writing mean record for unod; rec. count =          120
 vnod: current mean I/O counter =          120
 writing mean record for vnod; rec. count =          120
 u: current mean I/O counter =          120
 writing mean record for u; rec. count =          120
 v: current mean I/O counter =          120
 writing mean record for v; rec. count =          120
 sst: current mean I/O counter =          120
 writing mean record for sst; rec. count =          120
 hc300m: current mean I/O counter =          120
 writing mean record for hc300m; rec. count =          120
 hc: current mean I/O counter =          120
 writing mean record for hc; rec. count =          120
 tflux_vnod: current mean I/O counter =          120
 writing mean record for tflux_vnod; rec. count =          120
 curl_u: current mean I/O counter =          121
 writing mean record for curl_u; rec. count =          121
 rosb: current mean I/O counter =          121
 writing mean record for rosb; rec. count =          121
 N2: current mean I/O counter =          121
 writing mean record for N2; rec. count =          121
 slope_y: current mean I/O counter =          121
 writing mean record for slope_y; rec. count =          121
 temp: current mean I/O counter =          121
 writing mean record for temp; rec. count =          121
 vnod: current mean I/O counter =          121
 writing mean record for vnod; rec. count =          121
 v: current mean I/O counter =          121
 writing mean record for v; rec. count =          121
 hc700m: current mean I/O counter =          121
 writing mean record for hc700m; rec. count =          121
 slope_x: current mean I/O counter =          121
 writing mean record for slope_x; rec. count =          121
 ssh: current mean I/O counter =          121
 writing mean record for ssh; rec. count =          121
 tflux_w: current mean I/O counter =          121
 writing mean record for tflux_w; rec. count =          121
 unod: current mean I/O counter =          121
 writing mean record for unod; rec. count =          121
 u: current mean I/O counter =          121
 writing mean record for u; rec. count =          121
 sst: current mean I/O counter =          121
 writing mean record for sst; rec. count =          121
 hc300m: current mean I/O counter =          121
 writing mean record for hc300m; rec. count =          121
 hc: current mean I/O counter =          121
 writing mean record for hc; rec. count =          121
 tflux_unod: current mean I/O counter =          121
 writing mean record for tflux_unod; rec. count =          121
 tflux_vnod: current mean I/O counter =          121
 writing mean record for tflux_vnod; rec. count =          121
 curl_u: current mean I/O counter =          122
 writing mean record for curl_u; rec. count =          122
 rosb: current mean I/O counter =          122
 writing mean record for rosb; rec. count =          122
 N2: current mean I/O counter =          122
 writing mean record for N2; rec. count =          122
 slope_x: current mean I/O counter =          122
 writing mean record for slope_x; rec. count =          122
 slope_y: current mean I/O counter =          122
 writing mean record for slope_y; rec. count =          122
 temp: current mean I/O counter =          122
 writing mean record for temp; rec. count =          122
 v: current mean I/O counter =          122
 writing mean record for v; rec. count =          122
 tflux_unod: current mean I/O counter =          122
 writing mean record for tflux_unod; rec. count =          122
 tflux_w: current mean I/O counter =          122
 writing mean record for tflux_w; rec. count =          122
 vnod: current mean I/O counter =          122
 writing mean record for vnod; rec. count =          122
 ssh: current mean I/O counter =          122
 writing mean record for ssh; rec. count =          122
 hc700m: current mean I/O counter =          122
 writing mean record for hc700m; rec. count =          122
 unod: current mean I/O counter =          122
 writing mean record for unod; rec. count =          122
 u: current mean I/O counter =          122
 writing mean record for u; rec. count =          122
 hc300m: current mean I/O counter =          122
 writing mean record for hc300m; rec. count =          122
 sst: current mean I/O counter =          122
 writing mean record for sst; rec. count =          122
 hc: current mean I/O counter =          122
 writing mean record for hc; rec. count =          122
 tflux_vnod: current mean I/O counter =          122
 writing mean record for tflux_vnod; rec. count =          122
 curl_u: current mean I/O counter =          123
 writing mean record for curl_u; rec. count =          123
 rosb: current mean I/O counter =          123
 writing mean record for rosb; rec. count =          123
 N2: current mean I/O counter =          123
 writing mean record for N2; rec. count =          123
 slope_y: current mean I/O counter =          123
 writing mean record for slope_y; rec. count =          123
 tflux_unod: current mean I/O counter =          123
 writing mean record for tflux_unod; rec. count =          123
 vnod: current mean I/O counter =          123
 writing mean record for vnod; rec. count =          123
 slope_x: current mean I/O counter =          123
 writing mean record for slope_x; rec. count =          123
 temp: current mean I/O counter =          123
 writing mean record for temp; rec. count =          123
 v: current mean I/O counter =          123
 writing mean record for v; rec. count =          123
 ssh: current mean I/O counter =          123
 writing mean record for ssh; rec. count =          123
 hc700m: current mean I/O counter =          123
 writing mean record for hc700m; rec. count =          123
 u: current mean I/O counter =          123
 writing mean record for u; rec. count =          123
 sst: current mean I/O counter =          123
 writing mean record for sst; rec. count =          123
 hc300m: current mean I/O counter =          123
 writing mean record for hc300m; rec. count =          123
 tflux_w: current mean I/O counter =          123
 writing mean record for tflux_w; rec. count =          123
 unod: current mean I/O counter =          123
 writing mean record for unod; rec. count =          123
 hc: current mean I/O counter =          123
 writing mean record for hc; rec. count =          123
 tflux_vnod: current mean I/O counter =          123
 writing mean record for tflux_vnod; rec. count =          123
 curl_u: current mean I/O counter =          124
 writing mean record for curl_u; rec. count =          124
 rosb: current mean I/O counter =          124
 writing mean record for rosb; rec. count =          124
 N2: current mean I/O counter =          124
 writing mean record for N2; rec. count =          124
 slope_y: current mean I/O counter =          124
 writing mean record for slope_y; rec. count =          124
 vnod: current mean I/O counter =          124
 writing mean record for vnod; rec. count =          124
 v: current mean I/O counter =          124
 writing mean record for v; rec. count =          124
 ssh: current mean I/O counter =          124
 writing mean record for ssh; rec. count =          124
 unod: current mean I/O counter =          124
 writing mean record for unod; rec. count =          124
 hc700m: current mean I/O counter =          124
 writing mean record for hc700m; rec. count =          124
 tflux_w: current mean I/O counter =          124
 writing mean record for tflux_w; rec. count =          124
 slope_x: current mean I/O counter =          124
 writing mean record for slope_x; rec. count =          124
 temp: current mean I/O counter =          124
 writing mean record for temp; rec. count =          124
 u: current mean I/O counter =          124
 writing mean record for u; rec. count =          124
 sst: current mean I/O counter =          124
 writing mean record for sst; rec. count =          124
 hc300m: current mean I/O counter =          124
 writing mean record for hc300m; rec. count =          124
 hc: current mean I/O counter =          124
 writing mean record for hc; rec. count =          124
 tflux_unod: current mean I/O counter =          124
 writing mean record for tflux_unod; rec. count =          124
 tflux_vnod: current mean I/O counter =          124
 writing mean record for tflux_vnod; rec. count =          124
 curl_u: current mean I/O counter =          125
 writing mean record for curl_u; rec. count =          125
 rosb: current mean I/O counter =          125
 writing mean record for rosb; rec. count =          125
 N2: current mean I/O counter =          125
 writing mean record for N2; rec. count =          125
 slope_x: current mean I/O counter =          125
 writing mean record for slope_x; rec. count =          125
 slope_y: current mean I/O counter =          125
 writing mean record for slope_y; rec. count =          125
 vnod: current mean I/O counter =          125
 writing mean record for vnod; rec. count =          125
 v: current mean I/O counter =          125
 writing mean record for v; rec. count =          125
 hc700m: current mean I/O counter =          125
 writing mean record for hc700m; rec. count =          125
 tflux_unod: current mean I/O counter =          125
 writing mean record for tflux_unod; rec. count =          125
 tflux_w: current mean I/O counter =          125
 writing mean record for tflux_w; rec. count =          125
 temp: current mean I/O counter =          125
 writing mean record for temp; rec. count =          125
 unod: current mean I/O counter =          125
 writing mean record for unod; rec. count =          125
 u: current mean I/O counter =          125
 writing mean record for u; rec. count =          125
 ssh: current mean I/O counter =          125
 writing mean record for ssh; rec. count =          125
 sst: current mean I/O counter =          125
 writing mean record for sst; rec. count =          125
 hc300m: current mean I/O counter =          125
 writing mean record for hc300m; rec. count =          125
 hc: current mean I/O counter =          125
 writing mean record for hc; rec. count =          125
 tflux_vnod: current mean I/O counter =          125
 writing mean record for tflux_vnod; rec. count =          125
 curl_u: current mean I/O counter =          126
 writing mean record for curl_u; rec. count =          126
 rosb: current mean I/O counter =          126
 writing mean record for rosb; rec. count =          126
 N2: current mean I/O counter =          126
 writing mean record for N2; rec. count =          126
 slope_y: current mean I/O counter =          126
 writing mean record for slope_y; rec. count =          126
 vnod: current mean I/O counter =          126
 writing mean record for vnod; rec. count =          126
 temp: current mean I/O counter =          126
 writing mean record for temp; rec. count =          126
 tflux_unod: current mean I/O counter =          126
 writing mean record for tflux_unod; rec. count =          126
 tflux_w: current mean I/O counter =          126
 writing mean record for tflux_w; rec. count =          126
 v: current mean I/O counter =          126
 writing mean record for v; rec. count =          126
 slope_x: current mean I/O counter =          126
 writing mean record for slope_x; rec. count =          126
 unod: current mean I/O counter =          126
 writing mean record for unod; rec. count =          126
 u: current mean I/O counter =          126
 writing mean record for u; rec. count =          126
 sst: current mean I/O counter =          126
 writing mean record for sst; rec. count =          126
 ssh: current mean I/O counter =          126
 writing mean record for ssh; rec. count =          126
 hc300m: current mean I/O counter =          126
 writing mean record for hc300m; rec. count =          126
 hc700m: current mean I/O counter =          126
 writing mean record for hc700m; rec. count =          126
 hc: current mean I/O counter =          126
 writing mean record for hc; rec. count =          126
 tflux_vnod: current mean I/O counter =          126
 writing mean record for tflux_vnod; rec. count =          126
 curl_u: current mean I/O counter =          127
 writing mean record for curl_u; rec. count =          127
 N2: current mean I/O counter =          127
 writing mean record for N2; rec. count =          127
 slope_y: current mean I/O counter =          127
 writing mean record for slope_y; rec. count =          127
 rosb: current mean I/O counter =          127
 writing mean record for rosb; rec. count =          127
 slope_x: current mean I/O counter =          127
 writing mean record for slope_x; rec. count =          127
 temp: current mean I/O counter =          127
 writing mean record for temp; rec. count =          127
 tflux_w: current mean I/O counter =          127
 writing mean record for tflux_w; rec. count =          127
 unod: current mean I/O counter =          127
 writing mean record for unod; rec. count =          127
 vnod: current mean I/O counter =          127
 writing mean record for vnod; rec. count =          127
 u: current mean I/O counter =          127
 writing mean record for u; rec. count =          127
 v: current mean I/O counter =          127
 writing mean record for v; rec. count =          127
 sst: current mean I/O counter =          127
 writing mean record for sst; rec. count =          127
 ssh: current mean I/O counter =          127
 writing mean record for ssh; rec. count =          127
 hc300m: current mean I/O counter =          127
 writing mean record for hc300m; rec. count =          127
 hc700m: current mean I/O counter =          127
 writing mean record for hc700m; rec. count =          127
 hc: current mean I/O counter =          127
 writing mean record for hc; rec. count =          127
 tflux_unod: current mean I/O counter =          127
 writing mean record for tflux_unod; rec. count =          127
 tflux_vnod: current mean I/O counter =          127
 writing mean record for tflux_vnod; rec. count =          127
 curl_u: current mean I/O counter =          128
 writing mean record for curl_u; rec. count =          128
 N2: current mean I/O counter =          128
 writing mean record for N2; rec. count =          128
 rosb: current mean I/O counter =          128
 writing mean record for rosb; rec. count =          128
 slope_y: current mean I/O counter =          128
 writing mean record for slope_y; rec. count =          128
 vnod: current mean I/O counter =          128
 writing mean record for vnod; rec. count =          128
 v: current mean I/O counter =          128
 writing mean record for v; rec. count =          128
 ssh: current mean I/O counter =          128
 writing mean record for ssh; rec. count =          128
 hc700m: current mean I/O counter =          128
 writing mean record for hc700m; rec. count =          128
 temp: current mean I/O counter =          128
 writing mean record for temp; rec. count =          128
 slope_x: current mean I/O counter =          128
 writing mean record for slope_x; rec. count =          128
 unod: current mean I/O counter =          128
 writing mean record for unod; rec. count =          128
 u: current mean I/O counter =          128
 writing mean record for u; rec. count =          128
 sst: current mean I/O counter =          128
 writing mean record for sst; rec. count =          128
 hc300m: current mean I/O counter =          128
 writing mean record for hc300m; rec. count =          128
 hc: current mean I/O counter =          128
 writing mean record for hc; rec. count =          128
 tflux_unod: current mean I/O counter =          128
 writing mean record for tflux_unod; rec. count =          128
 tflux_w: current mean I/O counter =          128
 writing mean record for tflux_w; rec. count =          128
 tflux_vnod: current mean I/O counter =          128
 writing mean record for tflux_vnod; rec. count =          128
 curl_u: current mean I/O counter =          129
 writing mean record for curl_u; rec. count =          129
 N2: current mean I/O counter =          129
 writing mean record for N2; rec. count =          129
 slope_y: current mean I/O counter =          129
 writing mean record for slope_y; rec. count =          129
 rosb: current mean I/O counter =          129
 writing mean record for rosb; rec. count =          129
 temp: current mean I/O counter =          129
 writing mean record for temp; rec. count =          129
 vnod: current mean I/O counter =          129
 writing mean record for vnod; rec. count =          129
 v: current mean I/O counter =          129
 writing mean record for v; rec. count =          129
 ssh: current mean I/O counter =          129
 writing mean record for ssh; rec. count =          129
 tflux_w: current mean I/O counter =          129
 writing mean record for tflux_w; rec. count =          129
 hc700m: current mean I/O counter =          129
 writing mean record for hc700m; rec. count =          129
 slope_x: current mean I/O counter =          129
 writing mean record for slope_x; rec. count =          129
 unod: current mean I/O counter =          129
 writing mean record for unod; rec. count =          129
 u: current mean I/O counter =          129
 writing mean record for u; rec. count =          129
 hc: current mean I/O counter =          129
 writing mean record for hc; rec. count =          129
 sst: current mean I/O counter =          129
 writing mean record for sst; rec. count =          129
 hc300m: current mean I/O counter =          129
 writing mean record for hc300m; rec. count =          129
 tflux_unod: current mean I/O counter =          129
 writing mean record for tflux_unod; rec. count =          129
 tflux_vnod: current mean I/O counter =          129
 writing mean record for tflux_vnod; rec. count =          129
 curl_u: current mean I/O counter =          130
 writing mean record for curl_u; rec. count =          130
 rosb: current mean I/O counter =          130
 writing mean record for rosb; rec. count =          130
 N2: current mean I/O counter =          130
 writing mean record for N2; rec. count =          130
 slope_y: current mean I/O counter =          130
 writing mean record for slope_y; rec. count =          130
 vnod: current mean I/O counter =          130
 writing mean record for vnod; rec. count =          130
 ssh: current mean I/O counter =          130
 writing mean record for ssh; rec. count =          130
 tflux_unod: current mean I/O counter =          130
 writing mean record for tflux_unod; rec. count =          130
 hc700m: current mean I/O counter =          130
 writing mean record for hc700m; rec. count =          130
 v: current mean I/O counter =          130
 writing mean record for v; rec. count =          130
 tflux_w: current mean I/O counter =          130
 writing mean record for tflux_w; rec. count =          130
 slope_x: current mean I/O counter =          130
 writing mean record for slope_x; rec. count =          130
 temp: current mean I/O counter =          130
 writing mean record for temp; rec. count =          130
 unod: current mean I/O counter =          130
 writing mean record for unod; rec. count =          130
 u: current mean I/O counter =          130
 writing mean record for u; rec. count =          130
 sst: current mean I/O counter =          130
 writing mean record for sst; rec. count =          130
 hc300m: current mean I/O counter =          130
 writing mean record for hc300m; rec. count =          130
 hc: current mean I/O counter =          130
 writing mean record for hc; rec. count =          130
 tflux_vnod: current mean I/O counter =          130
 writing mean record for tflux_vnod; rec. count =          130
 curl_u: current mean I/O counter =          131
 writing mean record for curl_u; rec. count =          131
 rosb: current mean I/O counter =          131
 writing mean record for rosb; rec. count =          131
 N2: current mean I/O counter =          131
 writing mean record for N2; rec. count =          131
 slope_y: current mean I/O counter =          131
 writing mean record for slope_y; rec. count =          131
 tflux_w: current mean I/O counter =          131
 writing mean record for tflux_w; rec. count =          131
 slope_x: current mean I/O counter =          131
 writing mean record for slope_x; rec. count =          131
 vnod: current mean I/O counter =          131
 writing mean record for vnod; rec. count =          131
 tflux_unod: current mean I/O counter =          131
 writing mean record for tflux_unod; rec. count =          131
 temp: current mean I/O counter =          131
 writing mean record for temp; rec. count =          131
 unod: current mean I/O counter =          131
 writing mean record for unod; rec. count =          131
 u: current mean I/O counter =          131
 writing mean record for u; rec. count =          131
 v: current mean I/O counter =          131
 writing mean record for v; rec. count =          131
 ssh: current mean I/O counter =          131
 writing mean record for ssh; rec. count =          131
 hc700m: current mean I/O counter =          131
 writing mean record for hc700m; rec. count =          131
 hc: current mean I/O counter =          131
 writing mean record for hc; rec. count =          131
 sst: current mean I/O counter =          131
 writing mean record for sst; rec. count =          131
 hc300m: current mean I/O counter =          131
 writing mean record for hc300m; rec. count =          131
 tflux_vnod: current mean I/O counter =          131
 writing mean record for tflux_vnod; rec. count =          131
 curl_u: current mean I/O counter =          132
 writing mean record for curl_u; rec. count =          132
 rosb: current mean I/O counter =          132
 writing mean record for rosb; rec. count =          132
 N2: current mean I/O counter =          132
 writing mean record for N2; rec. count =          132
 slope_y: current mean I/O counter =          132
 writing mean record for slope_y; rec. count =          132
 temp: current mean I/O counter =          132
 writing mean record for temp; rec. count =          132
 vnod: current mean I/O counter =          132
 writing mean record for vnod; rec. count =          132
 v: current mean I/O counter =          132
 writing mean record for v; rec. count =          132
 ssh: current mean I/O counter =          132
 writing mean record for ssh; rec. count =          132
 slope_x: current mean I/O counter =          132
 writing mean record for slope_x; rec. count =          132
 unod: current mean I/O counter =          132
 writing mean record for unod; rec. count =          132
 u: current mean I/O counter =          132
 writing mean record for u; rec. count =          132
 sst: current mean I/O counter =          132
 writing mean record for sst; rec. count =          132
 hc300m: current mean I/O counter =          132
 writing mean record for hc300m; rec. count =          132
 hc700m: current mean I/O counter =          132
 writing mean record for hc700m; rec. count =          132
 hc: current mean I/O counter =          132
 writing mean record for hc; rec. count =          132
 tflux_unod: current mean I/O counter =          132
 writing mean record for tflux_unod; rec. count =          132
 tflux_vnod: current mean I/O counter =          132
 writing mean record for tflux_vnod; rec. count =          132
 tflux_w: current mean I/O counter =          132
 writing mean record for tflux_w; rec. count =          132
 curl_u: current mean I/O counter =          133
 writing mean record for curl_u; rec. count =          133
 rosb: current mean I/O counter =          133
 writing mean record for rosb; rec. count =          133
 N2: current mean I/O counter =          133
 writing mean record for N2; rec. count =          133
 slope_y: current mean I/O counter =          133
 writing mean record for slope_y; rec. count =          133
 slope_x: current mean I/O counter =          133
 writing mean record for slope_x; rec. count =          133
 temp: current mean I/O counter =          133
 writing mean record for temp; rec. count =          133
 vnod: current mean I/O counter =          133
 writing mean record for vnod; rec. count =          133
 v: current mean I/O counter =          133
 writing mean record for v; rec. count =          133
 tflux_w: current mean I/O counter =          133
 writing mean record for tflux_w; rec. count =          133
 ssh: current mean I/O counter =          133
 writing mean record for ssh; rec. count =          133
 unod: current mean I/O counter =          133
 writing mean record for unod; rec. count =          133
 hc700m: current mean I/O counter =          133
 writing mean record for hc700m; rec. count =          133
 tflux_unod: current mean I/O counter =          133
 writing mean record for tflux_unod; rec. count =          133
 u: current mean I/O counter =          133
 writing mean record for u; rec. count =          133
 sst: current mean I/O counter =          133
 writing mean record for sst; rec. count =          133
 hc300m: current mean I/O counter =          133
 writing mean record for hc300m; rec. count =          133
 hc: current mean I/O counter =          133
 writing mean record for hc; rec. count =          133
 tflux_vnod: current mean I/O counter =          133
 writing mean record for tflux_vnod; rec. count =          133
 curl_u: current mean I/O counter =          134
 writing mean record for curl_u; rec. count =          134
 rosb: current mean I/O counter =          134
 writing mean record for rosb; rec. count =          134
 N2: current mean I/O counter =          134
 writing mean record for N2; rec. count =          134
 slope_y: current mean I/O counter =          134
 writing mean record for slope_y; rec. count =          134
 v: current mean I/O counter =          134
 writing mean record for v; rec. count =          134
 hc700m: current mean I/O counter =          134
 writing mean record for hc700m; rec. count =          134
 tflux_unod: current mean I/O counter =          134
 writing mean record for tflux_unod; rec. count =          134
 vnod: current mean I/O counter =          134
 writing mean record for vnod; rec. count =          134
 slope_x: current mean I/O counter =          134
 writing mean record for slope_x; rec. count =          134
 temp: current mean I/O counter =          134
 writing mean record for temp; rec. count =          134
 unod: current mean I/O counter =          134
 writing mean record for unod; rec. count =          134
 ssh: current mean I/O counter =          134
 writing mean record for ssh; rec. count =          134
 tflux_w: current mean I/O counter =          134
 writing mean record for tflux_w; rec. count =          134
 u: current mean I/O counter =          134
 writing mean record for u; rec. count =          134
 sst: current mean I/O counter =          134
 writing mean record for sst; rec. count =          134
 hc300m: current mean I/O counter =          134
 writing mean record for hc300m; rec. count =          134
 hc: current mean I/O counter =          134
 writing mean record for hc; rec. count =          134
 tflux_vnod: current mean I/O counter =          134
 writing mean record for tflux_vnod; rec. count =          134
 curl_u: current mean I/O counter =          135
 writing mean record for curl_u; rec. count =          135
 N2: current mean I/O counter =          135
 writing mean record for N2; rec. count =          135
 slope_y: current mean I/O counter =          135
 writing mean record for slope_y; rec. count =          135
 rosb: current mean I/O counter =          135
 writing mean record for rosb; rec. count =          135
 temp: current mean I/O counter =          135
 writing mean record for temp; rec. count =          135
 vnod: current mean I/O counter =          135
 writing mean record for vnod; rec. count =          135
 slope_x: current mean I/O counter =          135
 writing mean record for slope_x; rec. count =          135
 unod: current mean I/O counter =          135
 writing mean record for unod; rec. count =          135
 v: current mean I/O counter =          135
 writing mean record for v; rec. count =          135
 ssh: current mean I/O counter =          135
 writing mean record for ssh; rec. count =          135
 hc700m: current mean I/O counter =          135
 writing mean record for hc700m; rec. count =          135
 tflux_unod: current mean I/O counter =          135
 writing mean record for tflux_unod; rec. count =          135
 tflux_w: current mean I/O counter =          135
 writing mean record for tflux_w; rec. count =          135
 u: current mean I/O counter =          135
 writing mean record for u; rec. count =          135
 sst: current mean I/O counter =          135
 writing mean record for sst; rec. count =          135
 hc300m: current mean I/O counter =          135
 writing mean record for hc300m; rec. count =          135
 hc: current mean I/O counter =          135
 writing mean record for hc; rec. count =          135
 tflux_vnod: current mean I/O counter =          135
 writing mean record for tflux_vnod; rec. count =          135
 curl_u: current mean I/O counter =          136
 writing mean record for curl_u; rec. count =          136
 rosb: current mean I/O counter =          136
 writing mean record for rosb; rec. count =          136
 N2: current mean I/O counter =          136
 writing mean record for N2; rec. count =          136
 slope_y: current mean I/O counter =          136
 writing mean record for slope_y; rec. count =          136
 slope_x: current mean I/O counter =          136
 writing mean record for slope_x; rec. count =          136
 temp: current mean I/O counter =          136
 writing mean record for temp; rec. count =          136
 vnod: current mean I/O counter =          136
 writing mean record for vnod; rec. count =          136
 u: current mean I/O counter =          136
 writing mean record for u; rec. count =          136
 v: current mean I/O counter =          136
 writing mean record for v; rec. count =          136
 ssh: current mean I/O counter =          136
 writing mean record for ssh; rec. count =          136
 hc700m: current mean I/O counter =          136
 writing mean record for hc700m; rec. count =          136
 unod: current mean I/O counter =          136
 writing mean record for unod; rec. count =          136
 tflux_unod: current mean I/O counter =          136
 writing mean record for tflux_unod; rec. count =          136
 tflux_w: current mean I/O counter =          136
 writing mean record for tflux_w; rec. count =          136
 sst: current mean I/O counter =          136
 writing mean record for sst; rec. count =          136
 hc300m: current mean I/O counter =          136
 writing mean record for hc300m; rec. count =          136
 hc: current mean I/O counter =          136
 writing mean record for hc; rec. count =          136
 tflux_vnod: current mean I/O counter =          136
 writing mean record for tflux_vnod; rec. count =          136
 curl_u: current mean I/O counter =          137
 writing mean record for curl_u; rec. count =          137
 N2: current mean I/O counter =          137
 writing mean record for N2; rec. count =          137
 rosb: current mean I/O counter =          137
 writing mean record for rosb; rec. count =          137
 slope_y: current mean I/O counter =          137
 writing mean record for slope_y; rec. count =          137
 temp: current mean I/O counter =          137
 writing mean record for temp; rec. count =          137
 vnod: current mean I/O counter =          137
 writing mean record for vnod; rec. count =          137
 unod: current mean I/O counter =          137
 writing mean record for unod; rec. count =          137
 ssh: current mean I/O counter =          137
 writing mean record for ssh; rec. count =          137
 hc700m: current mean I/O counter =          137
 writing mean record for hc700m; rec. count =          137
 v: current mean I/O counter =          137
 writing mean record for v; rec. count =          137
 slope_x: current mean I/O counter =          137
 writing mean record for slope_x; rec. count =          137
 sst: current mean I/O counter =          137
 writing mean record for sst; rec. count =          137
 u: current mean I/O counter =          137
 writing mean record for u; rec. count =          137
 hc300m: current mean I/O counter =          137
 writing mean record for hc300m; rec. count =          137
 hc: current mean I/O counter =          137
 writing mean record for hc; rec. count =          137
 tflux_unod: current mean I/O counter =          137
 writing mean record for tflux_unod; rec. count =          137
 tflux_vnod: current mean I/O counter =          137
 writing mean record for tflux_vnod; rec. count =          137
 tflux_w: current mean I/O counter =          137
 writing mean record for tflux_w; rec. count =          137
 curl_u: current mean I/O counter =          138
 writing mean record for curl_u; rec. count =          138
 rosb: current mean I/O counter =          138
 writing mean record for rosb; rec. count =          138
 N2: current mean I/O counter =          138
 writing mean record for N2; rec. count =          138
 slope_y: current mean I/O counter =          138
 writing mean record for slope_y; rec. count =          138
 temp: current mean I/O counter =          138
 writing mean record for temp; rec. count =          138
 ssh: current mean I/O counter =          138
 writing mean record for ssh; rec. count =          138
 hc700m: current mean I/O counter =          138
 writing mean record for hc700m; rec. count =          138
 vnod: current mean I/O counter =          138
 writing mean record for vnod; rec. count =          138
 tflux_unod: current mean I/O counter =          138
 writing mean record for tflux_unod; rec. count =          138
 tflux_w: current mean I/O counter =          138
 writing mean record for tflux_w; rec. count =          138
 hc: current mean I/O counter =          138
 writing mean record for hc; rec. count =          138
 tflux_vnod: current mean I/O counter =          138
 writing mean record for tflux_vnod; rec. count =          138
 slope_x: current mean I/O counter =          138
 writing mean record for slope_x; rec. count =          138
 v: current mean I/O counter =          138
 writing mean record for v; rec. count =          138
 unod: current mean I/O counter =          138
 writing mean record for unod; rec. count =          138
 u: current mean I/O counter =          138
 writing mean record for u; rec. count =          138
 sst: current mean I/O counter =          138
 writing mean record for sst; rec. count =          138
 hc300m: current mean I/O counter =          138
 writing mean record for hc300m; rec. count =          138
 curl_u: current mean I/O counter =          139
 writing mean record for curl_u; rec. count =          139
 rosb: current mean I/O counter =          139
 writing mean record for rosb; rec. count =          139
 N2: current mean I/O counter =          139
 writing mean record for N2; rec. count =          139
 slope_y: current mean I/O counter =          139
 writing mean record for slope_y; rec. count =          139
 slope_x: current mean I/O counter =          139
 writing mean record for slope_x; rec. count =          139
 vnod: current mean I/O counter =          139
 writing mean record for vnod; rec. count =          139
 v: current mean I/O counter =          139
 writing mean record for v; rec. count =          139
 ssh: current mean I/O counter =          139
 writing mean record for ssh; rec. count =          139
 hc700m: current mean I/O counter =          139
 writing mean record for hc700m; rec. count =          139
 tflux_unod: current mean I/O counter =          139
 writing mean record for tflux_unod; rec. count =          139
 tflux_w: current mean I/O counter =          139
 writing mean record for tflux_w; rec. count =          139
 temp: current mean I/O counter =          139
 writing mean record for temp; rec. count =          139
 unod: current mean I/O counter =          139
 writing mean record for unod; rec. count =          139
 u: current mean I/O counter =          139
 writing mean record for u; rec. count =          139
 hc300m: current mean I/O counter =          139
 writing mean record for hc300m; rec. count =          139
 sst: current mean I/O counter =          139
 writing mean record for sst; rec. count =          139
 hc: current mean I/O counter =          139
 writing mean record for hc; rec. count =          139
 tflux_vnod: current mean I/O counter =          139
 writing mean record for tflux_vnod; rec. count =          139
 curl_u: current mean I/O counter =          140
 writing mean record for curl_u; rec. count =          140
 rosb: current mean I/O counter =          140
 writing mean record for rosb; rec. count =          140
 N2: current mean I/O counter =          140
 writing mean record for N2; rec. count =          140
 slope_y: current mean I/O counter =          140
 writing mean record for slope_y; rec. count =          140
 slope_x: current mean I/O counter =          140
 writing mean record for slope_x; rec. count =          140
 temp: current mean I/O counter =          140
 writing mean record for temp; rec. count =          140
 vnod: current mean I/O counter =          140
 writing mean record for vnod; rec. count =          140
 v: current mean I/O counter =          140
 writing mean record for v; rec. count =          140
 ssh: current mean I/O counter =          140
 writing mean record for ssh; rec. count =          140
 tflux_w: current mean I/O counter =          140
 writing mean record for tflux_w; rec. count =          140
 unod: current mean I/O counter =          140
 writing mean record for unod; rec. count =          140
 hc700m: current mean I/O counter =          140
 writing mean record for hc700m; rec. count =          140
 tflux_unod: current mean I/O counter =          140
 writing mean record for tflux_unod; rec. count =          140
 tflux_vnod: current mean I/O counter =          140
 writing mean record for tflux_vnod; rec. count =          140
 hc: current mean I/O counter =          140
 writing mean record for hc; rec. count =          140
 u: current mean I/O counter =          140
 writing mean record for u; rec. count =          140
 sst: current mean I/O counter =          140
 writing mean record for sst; rec. count =          140
 hc300m: current mean I/O counter =          140
 writing mean record for hc300m; rec. count =          140
 curl_u: current mean I/O counter =          141
 writing mean record for curl_u; rec. count =          141
 rosb: current mean I/O counter =          141
 writing mean record for rosb; rec. count =          141
 N2: current mean I/O counter =          141
 writing mean record for N2; rec. count =          141
 slope_y: current mean I/O counter =          141
 writing mean record for slope_y; rec. count =          141
 vnod: current mean I/O counter =          141
 writing mean record for vnod; rec. count =          141
 v: current mean I/O counter =          141
 writing mean record for v; rec. count =          141
 ssh: current mean I/O counter =          141
 writing mean record for ssh; rec. count =          141
 temp: current mean I/O counter =          141
 writing mean record for temp; rec. count =          141
 hc700m: current mean I/O counter =          141
 writing mean record for hc700m; rec. count =          141
 tflux_unod: current mean I/O counter =          141
 writing mean record for tflux_unod; rec. count =          141
 slope_x: current mean I/O counter =          141
 writing mean record for slope_x; rec. count =          141
 hc: current mean I/O counter =          141
 writing mean record for hc; rec. count =          141
 unod: current mean I/O counter =          141
 writing mean record for unod; rec. count =          141
 u: current mean I/O counter =          141
 writing mean record for u; rec. count =          141
 tflux_w: current mean I/O counter =          141
 writing mean record for tflux_w; rec. count =          141
 sst: current mean I/O counter =          141
 writing mean record for sst; rec. count =          141
 tflux_vnod: current mean I/O counter =          141
 writing mean record for tflux_vnod; rec. count =          141
 hc300m: current mean I/O counter =          141
 writing mean record for hc300m; rec. count =          141
 curl_u: current mean I/O counter =          142
 writing mean record for curl_u; rec. count =          142
 rosb: current mean I/O counter =          142
 writing mean record for rosb; rec. count =          142
 N2: current mean I/O counter =          142
 writing mean record for N2; rec. count =          142
 slope_y: current mean I/O counter =          142
 writing mean record for slope_y; rec. count =          142
 vnod: current mean I/O counter =          142
 writing mean record for vnod; rec. count =          142
 v: current mean I/O counter =          142
 writing mean record for v; rec. count =          142
 ssh: current mean I/O counter =          142
 writing mean record for ssh; rec. count =          142
 unod: current mean I/O counter =          142
 writing mean record for unod; rec. count =          142
 slope_x: current mean I/O counter =          142
 writing mean record for slope_x; rec. count =          142
 temp: current mean I/O counter =          142
 writing mean record for temp; rec. count =          142
 u: current mean I/O counter =          142
 writing mean record for u; rec. count =          142
 sst: current mean I/O counter =          142
 writing mean record for sst; rec. count =          142
 hc300m: current mean I/O counter =          142
 writing mean record for hc300m; rec. count =          142
 hc700m: current mean I/O counter =          142
 writing mean record for hc700m; rec. count =          142
 hc: current mean I/O counter =          142
 writing mean record for hc; rec. count =          142
 tflux_unod: current mean I/O counter =          142
 writing mean record for tflux_unod; rec. count =          142
 tflux_vnod: current mean I/O counter =          142
 writing mean record for tflux_vnod; rec. count =          142
 tflux_w: current mean I/O counter =          142
 writing mean record for tflux_w; rec. count =          142
 curl_u: current mean I/O counter =          143
 writing mean record for curl_u; rec. count =          143
 FESOM =======================================================
 FESOM step:         144  day:           1  year:        2008
 
 rosb: current mean I/O counter =          143
 writing mean record for rosb; rec. count =          143
 N2: current mean I/O counter =          143
 writing mean record for N2; rec. count =          143
 slope_y: current mean I/O counter =          143
 writing mean record for slope_y; rec. count =          143
 tflux_unod: current mean I/O counter =          143
 writing mean record for tflux_unod; rec. count =          143
 tflux_w: current mean I/O counter =          143
 writing mean record for tflux_w; rec. count =          143
 vnod: current mean I/O counter =          143
 writing mean record for vnod; rec. count =          143
 slope_x: current mean I/O counter =          143
 writing mean record for slope_x; rec. count =          143
 temp: current mean I/O counter =          143
 writing mean record for temp; rec. count =          143
 v: current mean I/O counter =          143
 writing mean record for v; rec. count =          143
 ssh: current mean I/O counter =          143
 writing mean record for ssh; rec. count =          143
 u: current mean I/O counter =          143
 writing mean record for u; rec. count =          143
 hc300m: current mean I/O counter =          143
 writing mean record for hc300m; rec. count =          143
 hc700m: current mean I/O counter =          143
 writing mean record for hc700m; rec. count =          143
 unod: current mean I/O counter =          143
 writing mean record for unod; rec. count =          143
 sst: current mean I/O counter =          143
 writing mean record for sst; rec. count =          143
 hc: current mean I/O counter =          143
 writing mean record for hc; rec. count =          143
 tflux_vnod: current mean I/O counter =          143
 writing mean record for tflux_vnod; rec. count =          143
 ___CHECK GLOBAL OCEAN VARIABLES --> mstep=         144
   ___global estimat of eta & hbar____________________
    int(eta), int(hbar)      =  1.100476708854075E-002  1.100476708854075E-002
     --> error(eta-hbar)     =  0.000000000000000E+000
    min(eta) , max(eta)      = -0.503810987663518       0.738455518944522     
    max(hbar), max(hbar)     = -0.503810987663518       0.738455518944522     
 
    int(deta), int(dhbar)    =  0.000000000000000E+000  2.207303128508329E-004
     --> error(deta-dhbar)   = -2.207303128508329E-004
     --> error(deta-wflux)   =  0.000000000000000E+000
     --> error(dhbar-wflux)  =  2.207303128508329E-004
 
    -int(wflux)*dt          =  0.000000000000000E+000
    int(deta )-int(wflux)*dt =  0.000000000000000E+000
    int(dhbar)-int(wflux)*dt =  2.207303128508329E-004
 
   ___global min/max/mean  --> mstep=         144 ____________
       eta= -5.038E-01 |  7.385E-01 | N.A.
      deta= -6.899E-04 |  7.371E-04 | N.A.
      hbar= -5.038E-01 |  7.385E-01 | N.A.
     wflux=  0.000E+00 |  0.000E+00 |  0.000E+00
     hflux=  7.039E+01 |  1.076E+02 |  0.000E+00
      temp=  2.396E+00 |  2.338E+01 |  0.000E+00
      salt=  3.500E+01 |  3.500E+01 |  0.000E+00
    wvel(1,:)= -1.150E-06 |  1.229E-06 | N.A.
    wvel(2,:)= -1.395E-05 |  2.213E-05 | N.A.
    uvel(1,:)= -2.595E-01 |  4.097E-01 | N.A.
    uvel(2,:)= -2.539E-01 |  4.055E-01 | N.A.
    vvel(1,:)= -1.438E-01 |  3.464E-01 | N.A.
    vvel(2,:)= -1.432E-01 |  3.467E-01 | N.A.
   hnode(1,:)=  9.038E+00 |  9.038E+00 | N.A.
   hnode(2,:)=  9.941E+00 |  9.941E+00 | N.A.
     cfl_z=  N.A.      |  5.665E-03 | N.A.
     pgf_x=  N.A.      |  1.785E-05 | N.A.
     pgf_y=  N.A.      |  5.362E-05 | N.A.
          Av=  N.A.      |  1.000E-01 | N.A.
          Kv=  N.A.      |  1.000E-01 | N.A.
 ___ALE OCEAN STEP EXECUTION TIMES______________________
     Oce. Mix,Press.. : 7.657E-02
     Oce. Dynamics    : 1.283E-04
     Oce. Update Vel. : 2.060E-05
     Oce. Fer-GM.     : 5.000E-08
     _______________________________
     ALE-Solve SSH    : 2.735E-04
     ALE-Calc. hbar   : 2.335E-05
     ALE-Update+W     : 5.022E-05
     ALE-Solve Tracer : 5.009E-01
     ALE-Update hnode : 1.329E-02
     _______________________________
     check for blowup : 2.632E-04
     _______________________________
     Oce. TOTAL       : 5.916E-01
 
 
 curl_u: current mean I/O counter =          144
 writing mean record for curl_u; rec. count =          144
 N2: current mean I/O counter =          144
 writing mean record for N2; rec. count =          144
 rosb: current mean I/O counter =          144
 writing mean record for rosb; rec. count =          144
 slope_y: current mean I/O counter =          144
 writing mean record for slope_y; rec. count =          144
 vnod: current mean I/O counter =          144
 writing mean record for vnod; rec. count =          144
 slope_x: current mean I/O counter =          144
 writing mean record for slope_x; rec. count =          144
 temp: current mean I/O counter =          144
 writing mean record for temp; rec. count =          144
 unod: current mean I/O counter =          144
 writing mean record for unod; rec. count =          144
 u: current mean I/O counter =          144
 writing mean record for u; rec. count =          144
 v: current mean I/O counter =          144
 writing mean record for v; rec. count =          144
 ssh: current mean I/O counter =          144
 writing mean record for ssh; rec. count =          144
 hc700m: current mean I/O counter =          144
 writing mean record for hc700m; rec. count =          144
 tflux_unod: current mean I/O counter =          144
 writing mean record for tflux_unod; rec. count =          144
 sst: current mean I/O counter =          144
 writing mean record for sst; rec. count =          144
 hc300m: current mean I/O counter =          144
 writing mean record for hc300m; rec. count =          144
 tflux_w: current mean I/O counter =          144
 writing mean record for tflux_w; rec. count =          144
 hc: current mean I/O counter =          144
 writing mean record for hc; rec. count =          144
 tflux_vnod: current mean I/O counter =          144
 writing mean record for tflux_vnod; rec. count =          144
 curl_u: current mean I/O counter =          145
 writing mean record for curl_u; rec. count =          145
 rosb: current mean I/O counter =          145
 writing mean record for rosb; rec. count =          145
 N2: current mean I/O counter =          145
 writing mean record for N2; rec. count =          145
 slope_y: current mean I/O counter =          145
 writing mean record for slope_y; rec. count =          145
 slope_x: current mean I/O counter =          145
 writing mean record for slope_x; rec. count =          145
 temp: current mean I/O counter =          145
 writing mean record for temp; rec. count =          145
 vnod: current mean I/O counter =          145
 writing mean record for vnod; rec. count =          145
 v: current mean I/O counter =          145
 writing mean record for v; rec. count =          145
 ssh: current mean I/O counter =          145
 writing mean record for ssh; rec. count =          145
 hc700m: current mean I/O counter =          145
 writing mean record for hc700m; rec. count =          145
 unod: current mean I/O counter =          145
 writing mean record for unod; rec. count =          145
 u: current mean I/O counter =          145
 writing mean record for u; rec. count =          145
 hc300m: current mean I/O counter =          145
 writing mean record for hc300m; rec. count =          145
 sst: current mean I/O counter =          145
 writing mean record for sst; rec. count =          145
 hc: current mean I/O counter =          145
 writing mean record for hc; rec. count =          145
 tflux_vnod: current mean I/O counter =          145
 writing mean record for tflux_vnod; rec. count =          145
 tflux_w: current mean I/O counter =          145
 writing mean record for tflux_w; rec. count =          145
 tflux_unod: current mean I/O counter =          145
 writing mean record for tflux_unod; rec. count =          145
 curl_u: current mean I/O counter =          146
 writing mean record for curl_u; rec. count =          146
 N2: current mean I/O counter =          146
 writing mean record for N2; rec. count =          146
 slope_y: current mean I/O counter =          146
 writing mean record for slope_y; rec. count =          146
 rosb: current mean I/O counter =          146
 writing mean record for rosb; rec. count =          146
 temp: current mean I/O counter =          146
 writing mean record for temp; rec. count =          146
 v: current mean I/O counter =          146
 writing mean record for v; rec. count =          146
 tflux_unod: current mean I/O counter =          146
 writing mean record for tflux_unod; rec. count =          146
 tflux_w: current mean I/O counter =          146
 writing mean record for tflux_w; rec. count =          146
 ssh: current mean I/O counter =          146
 writing mean record for ssh; rec. count =          146
 vnod: current mean I/O counter =          146
 writing mean record for vnod; rec. count =          146
 slope_x: current mean I/O counter =          146
 writing mean record for slope_x; rec. count =          146
 unod: current mean I/O counter =          146
 writing mean record for unod; rec. count =          146
 u: current mean I/O counter =          146
 writing mean record for u; rec. count =          146
 sst: current mean I/O counter =          146
 writing mean record for sst; rec. count =          146
 hc300m: current mean I/O counter =          146
 writing mean record for hc300m; rec. count =          146
 hc700m: current mean I/O counter =          146
 writing mean record for hc700m; rec. count =          146
 hc: current mean I/O counter =          146
 writing mean record for hc; rec. count =          146
 tflux_vnod: current mean I/O counter =          146
 writing mean record for tflux_vnod; rec. count =          146
 curl_u: current mean I/O counter =          147
 writing mean record for curl_u; rec. count =          147
 N2: current mean I/O counter =          147
 writing mean record for N2; rec. count =          147
 rosb: current mean I/O counter =          147
 writing mean record for rosb; rec. count =          147
 slope_y: current mean I/O counter =          147
 writing mean record for slope_y; rec. count =          147
 slope_x: current mean I/O counter =          147
 writing mean record for slope_x; rec. count =          147
 temp: current mean I/O counter =          147
 writing mean record for temp; rec. count =          147
 unod: current mean I/O counter =          147
 writing mean record for unod; rec. count =          147
 vnod: current mean I/O counter =          147
 writing mean record for vnod; rec. count =          147
 v: current mean I/O counter =          147
 writing mean record for v; rec. count =          147
 ssh: current mean I/O counter =          147
 writing mean record for ssh; rec. count =          147
 hc700m: current mean I/O counter =          147
 writing mean record for hc700m; rec. count =          147
 tflux_unod: current mean I/O counter =          147
 writing mean record for tflux_unod; rec. count =          147
 u: current mean I/O counter =          147
 writing mean record for u; rec. count =          147
 sst: current mean I/O counter =          147
 writing mean record for sst; rec. count =          147
 hc300m: current mean I/O counter =          147
 writing mean record for hc300m; rec. count =          147
 hc: current mean I/O counter =          147
 writing mean record for hc; rec. count =          147
 tflux_vnod: current mean I/O counter =          147
 writing mean record for tflux_vnod; rec. count =          147
 tflux_w: current mean I/O counter =          147
 writing mean record for tflux_w; rec. count =          147
 curl_u: current mean I/O counter =          148
 writing mean record for curl_u; rec. count =          148
 rosb: current mean I/O counter =          148
 writing mean record for rosb; rec. count =          148
 N2: current mean I/O counter =          148
 writing mean record for N2; rec. count =          148
 slope_x: current mean I/O counter =          148
 writing mean record for slope_x; rec. count =          148
 slope_y: current mean I/O counter =          148
 writing mean record for slope_y; rec. count =          148
 temp: current mean I/O counter =          148
 writing mean record for temp; rec. count =          148
 vnod: current mean I/O counter =          148
 writing mean record for vnod; rec. count =          148
 v: current mean I/O counter =          148
 writing mean record for v; rec. count =          148
 tflux_unod: current mean I/O counter =          148
 writing mean record for tflux_unod; rec. count =          148
 tflux_w: current mean I/O counter =          148
 writing mean record for tflux_w; rec. count =          148
 unod: current mean I/O counter =          148
 writing mean record for unod; rec. count =          148
 u: current mean I/O counter =          148
 writing mean record for u; rec. count =          148
 ssh: current mean I/O counter =          148
 writing mean record for ssh; rec. count =          148
 hc700m: current mean I/O counter =          148
 writing mean record for hc700m; rec. count =          148
 sst: current mean I/O counter =          148
 writing mean record for sst; rec. count =          148
 hc300m: current mean I/O counter =          148
 writing mean record for hc300m; rec. count =          148
 hc: current mean I/O counter =          148
 writing mean record for hc; rec. count =          148
 tflux_vnod: current mean I/O counter =          148
 writing mean record for tflux_vnod; rec. count =          148
 curl_u: current mean I/O counter =          149
 writing mean record for curl_u; rec. count =          149
 N2: current mean I/O counter =          149
 writing mean record for N2; rec. count =          149
 slope_y: current mean I/O counter =          149
 writing mean record for slope_y; rec. count =          149
 rosb: current mean I/O counter =          149
 writing mean record for rosb; rec. count =          149
 slope_x: current mean I/O counter =          149
 writing mean record for slope_x; rec. count =          149
 temp: current mean I/O counter =          149
 writing mean record for temp; rec. count =          149
 unod: current mean I/O counter =          149
 writing mean record for unod; rec. count =          149
 vnod: current mean I/O counter =          149
 writing mean record for vnod; rec. count =          149
 u: current mean I/O counter =          149
 writing mean record for u; rec. count =          149
 v: current mean I/O counter =          149
 writing mean record for v; rec. count =          149
 sst: current mean I/O counter =          149
 writing mean record for sst; rec. count =          149
 ssh: current mean I/O counter =          149
 writing mean record for ssh; rec. count =          149
 hc300m: current mean I/O counter =          149
 writing mean record for hc300m; rec. count =          149
 hc700m: current mean I/O counter =          149
 writing mean record for hc700m; rec. count =          149
 hc: current mean I/O counter =          149
 writing mean record for hc; rec. count =          149
 tflux_unod: current mean I/O counter =          149
 writing mean record for tflux_unod; rec. count =          149
 tflux_vnod: current mean I/O counter =          149
 writing mean record for tflux_vnod; rec. count =          149
 tflux_w: current mean I/O counter =          149
 writing mean record for tflux_w; rec. count =          149
 curl_u: current mean I/O counter =          150
 writing mean record for curl_u; rec. count =          150
 N2: current mean I/O counter =          150
 writing mean record for N2; rec. count =          150
 slope_y: current mean I/O counter =          150
 writing mean record for slope_y; rec. count =          150
 rosb: current mean I/O counter =          150
 writing mean record for rosb; rec. count =          150
 tflux_unod: current mean I/O counter =          150
 writing mean record for tflux_unod; rec. count =          150
 slope_x: current mean I/O counter =          150
 writing mean record for slope_x; rec. count =          150
 temp: current mean I/O counter =          150
 writing mean record for temp; rec. count =          150
 v: current mean I/O counter =          150
 writing mean record for v; rec. count =          150
 tflux_w: current mean I/O counter =          150
 writing mean record for tflux_w; rec. count =          150
 vnod: current mean I/O counter =          150
 writing mean record for vnod; rec. count =          150
 ssh: current mean I/O counter =          150
 writing mean record for ssh; rec. count =          150
 hc700m: current mean I/O counter =          150
 writing mean record for hc700m; rec. count =          150
 unod: current mean I/O counter =          150
 writing mean record for unod; rec. count =          150
 u: current mean I/O counter =          150
 writing mean record for u; rec. count =          150
 sst: current mean I/O counter =          150
 writing mean record for sst; rec. count =          150
 hc300m: current mean I/O counter =          150
 writing mean record for hc300m; rec. count =          150
 hc: current mean I/O counter =          150
 writing mean record for hc; rec. count =          150
 tflux_vnod: current mean I/O counter =          150
 writing mean record for tflux_vnod; rec. count =          150
 curl_u: current mean I/O counter =          151
 writing mean record for curl_u; rec. count =          151
 rosb: current mean I/O counter =          151
 writing mean record for rosb; rec. count =          151
 N2: current mean I/O counter =          151
 writing mean record for N2; rec. count =          151
 slope_y: current mean I/O counter =          151
 writing mean record for slope_y; rec. count =          151
 v: current mean I/O counter =          151
 writing mean record for v; rec. count =          151
 hc700m: current mean I/O counter =          151
 writing mean record for hc700m; rec. count =          151
 temp: current mean I/O counter =          151
 writing mean record for temp; rec. count =          151
 unod: current mean I/O counter =          151
 writing mean record for unod; rec. count =          151
 vnod: current mean I/O counter =          151
 writing mean record for vnod; rec. count =          151
 u: current mean I/O counter =          151
 writing mean record for u; rec. count =          151
 ssh: current mean I/O counter =          151
 writing mean record for ssh; rec. count =          151
 tflux_w: current mean I/O counter =          151
 writing mean record for tflux_w; rec. count =          151
 slope_x: current mean I/O counter =          151
 writing mean record for slope_x; rec. count =          151
 sst: current mean I/O counter =          151
 writing mean record for sst; rec. count =          151
 hc300m: current mean I/O counter =          151
 writing mean record for hc300m; rec. count =          151
 tflux_unod: current mean I/O counter =          151
 writing mean record for tflux_unod; rec. count =          151
 hc: current mean I/O counter =          151
 writing mean record for hc; rec. count =          151
 tflux_vnod: current mean I/O counter =          151
 writing mean record for tflux_vnod; rec. count =          151
 curl_u: current mean I/O counter =          152
 writing mean record for curl_u; rec. count =          152
 rosb: current mean I/O counter =          152
 writing mean record for rosb; rec. count =          152
 N2: current mean I/O counter =          152
 writing mean record for N2; rec. count =          152
 slope_y: current mean I/O counter =          152
 writing mean record for slope_y; rec. count =          152
 tflux_w: current mean I/O counter =          152
 writing mean record for tflux_w; rec. count =          152
 temp: current mean I/O counter =          152
 writing mean record for temp; rec. count =          152
 vnod: current mean I/O counter =          152
 writing mean record for vnod; rec. count =          152
 v: current mean I/O counter =          152
 writing mean record for v; rec. count =          152
 ssh: current mean I/O counter =          152
 writing mean record for ssh; rec. count =          152
 hc700m: current mean I/O counter =          152
 writing mean record for hc700m; rec. count =          152
 tflux_unod: current mean I/O counter =          152
 writing mean record for tflux_unod; rec. count =          152
 slope_x: current mean I/O counter =          152
 writing mean record for slope_x; rec. count =          152
 hc300m: current mean I/O counter =          152
 writing mean record for hc300m; rec. count =          152
 unod: current mean I/O counter =          152
 writing mean record for unod; rec. count =          152
 u: current mean I/O counter =          152
 writing mean record for u; rec. count =          152
 sst: current mean I/O counter =          152
 writing mean record for sst; rec. count =          152
 hc: current mean I/O counter =          152
 writing mean record for hc; rec. count =          152
 tflux_vnod: current mean I/O counter =          152
 writing mean record for tflux_vnod; rec. count =          152
 curl_u: current mean I/O counter =          153
 writing mean record for curl_u; rec. count =          153
 rosb: current mean I/O counter =          153
 writing mean record for rosb; rec. count =          153
 N2: current mean I/O counter =          153
 writing mean record for N2; rec. count =          153
 slope_y: current mean I/O counter =          153
 writing mean record for slope_y; rec. count =          153
 unod: current mean I/O counter =          153
 writing mean record for unod; rec. count =          153
 slope_x: current mean I/O counter =          153
 writing mean record for slope_x; rec. count =          153
 temp: current mean I/O counter =          153
 writing mean record for temp; rec. count =          153
 vnod: current mean I/O counter =          153
 writing mean record for vnod; rec. count =          153
 v: current mean I/O counter =          153
 writing mean record for v; rec. count =          153
 ssh: current mean I/O counter =          153
 writing mean record for ssh; rec. count =          153
 hc700m: current mean I/O counter =          153
 writing mean record for hc700m; rec. count =          153
 tflux_unod: current mean I/O counter =          153
 writing mean record for tflux_unod; rec. count =          153
 tflux_w: current mean I/O counter =          153
 writing mean record for tflux_w; rec. count =          153
 u: current mean I/O counter =          153
 writing mean record for u; rec. count =          153
 sst: current mean I/O counter =          153
 writing mean record for sst; rec. count =          153
 hc300m: current mean I/O counter =          153
 writing mean record for hc300m; rec. count =          153
 hc: current mean I/O counter =          153
 writing mean record for hc; rec. count =          153
 tflux_vnod: current mean I/O counter =          153
 writing mean record for tflux_vnod; rec. count =          153
 curl_u: current mean I/O counter =          154
 writing mean record for curl_u; rec. count =          154
 rosb: current mean I/O counter =          154
 writing mean record for rosb; rec. count =          154
 N2: current mean I/O counter =          154
 writing mean record for N2; rec. count =          154
 slope_x: current mean I/O counter =          154
 writing mean record for slope_x; rec. count =          154
 slope_y: current mean I/O counter =          154
 writing mean record for slope_y; rec. count =          154
 temp: current mean I/O counter =          154
 writing mean record for temp; rec. count =          154
 unod: current mean I/O counter =          154
 writing mean record for unod; rec. count =          154
 vnod: current mean I/O counter =          154
 writing mean record for vnod; rec. count =          154
 u: current mean I/O counter =          154
 writing mean record for u; rec. count =          154
 v: current mean I/O counter =          154
 writing mean record for v; rec. count =          154
 sst: current mean I/O counter =          154
 writing mean record for sst; rec. count =          154
 ssh: current mean I/O counter =          154
 writing mean record for ssh; rec. count =          154
 hc300m: current mean I/O counter =          154
 writing mean record for hc300m; rec. count =          154
 hc700m: current mean I/O counter =          154
 writing mean record for hc700m; rec. count =          154
 hc: current mean I/O counter =          154
 writing mean record for hc; rec. count =          154
 tflux_unod: current mean I/O counter =          154
 writing mean record for tflux_unod; rec. count =          154
 tflux_vnod: current mean I/O counter =          154
 writing mean record for tflux_vnod; rec. count =          154
 tflux_w: current mean I/O counter =          154
 writing mean record for tflux_w; rec. count =          154
 curl_u: current mean I/O counter =          155
 writing mean record for curl_u; rec. count =          155
 rosb: current mean I/O counter =          155
 writing mean record for rosb; rec. count =          155
 N2: current mean I/O counter =          155
 writing mean record for N2; rec. count =          155
 slope_y: current mean I/O counter =          155
 writing mean record for slope_y; rec. count =          155
 tflux_unod: current mean I/O counter =          155
 writing mean record for tflux_unod; rec. count =          155
 temp: current mean I/O counter =          155
 writing mean record for temp; rec. count =          155
 vnod: current mean I/O counter =          155
 writing mean record for vnod; rec. count =          155
 v: current mean I/O counter =          155
 writing mean record for v; rec. count =          155
 ssh: current mean I/O counter =          155
 writing mean record for ssh; rec. count =          155
 hc700m: current mean I/O counter =          155
 writing mean record for hc700m; rec. count =          155
 tflux_w: current mean I/O counter =          155
 writing mean record for tflux_w; rec. count =          155
 slope_x: current mean I/O counter =          155
 writing mean record for slope_x; rec. count =          155
 unod: current mean I/O counter =          155
 writing mean record for unod; rec. count =          155
 u: current mean I/O counter =          155
 writing mean record for u; rec. count =          155
 sst: current mean I/O counter =          155
 writing mean record for sst; rec. count =          155
 hc300m: current mean I/O counter =          155
 writing mean record for hc300m; rec. count =          155
 hc: current mean I/O counter =          155
 writing mean record for hc; rec. count =          155
 tflux_vnod: current mean I/O counter =          155
 writing mean record for tflux_vnod; rec. count =          155
 curl_u: current mean I/O counter =          156
 writing mean record for curl_u; rec. count =          156
 rosb: current mean I/O counter =          156
 writing mean record for rosb; rec. count =          156
 N2: current mean I/O counter =          156
 writing mean record for N2; rec. count =          156
 slope_y: current mean I/O counter =          156
 writing mean record for slope_y; rec. count =          156
 vnod: current mean I/O counter =          156
 writing mean record for vnod; rec. count =          156
 v: current mean I/O counter =          156
 writing mean record for v; rec. count =          156
 ssh: current mean I/O counter =          156
 writing mean record for ssh; rec. count =          156
 hc700m: current mean I/O counter =          156
 writing mean record for hc700m; rec. count =          156
 slope_x: current mean I/O counter =          156
 writing mean record for slope_x; rec. count =          156
 temp: current mean I/O counter =          156
 writing mean record for temp; rec. count =          156
 tflux_unod: current mean I/O counter =          156
 writing mean record for tflux_unod; rec. count =          156
 tflux_w: current mean I/O counter =          156
 writing mean record for tflux_w; rec. count =          156
 unod: current mean I/O counter =          156
 writing mean record for unod; rec. count =          156
 u: current mean I/O counter =          156
 writing mean record for u; rec. count =          156
 sst: current mean I/O counter =          156
 writing mean record for sst; rec. count =          156
 hc300m: current mean I/O counter =          156
 writing mean record for hc300m; rec. count =          156
 hc: current mean I/O counter =          156
 writing mean record for hc; rec. count =          156
 tflux_vnod: current mean I/O counter =          156
 writing mean record for tflux_vnod; rec. count =          156
 curl_u: current mean I/O counter =          157
 writing mean record for curl_u; rec. count =          157
 N2: current mean I/O counter =          157
 writing mean record for N2; rec. count =          157
 rosb: current mean I/O counter =          157
 writing mean record for rosb; rec. count =          157
 slope_y: current mean I/O counter =          157
 writing mean record for slope_y; rec. count =          157
 vnod: current mean I/O counter =          157
 writing mean record for vnod; rec. count =          157
 v: current mean I/O counter =          157
 writing mean record for v; rec. count =          157
 hc700m: current mean I/O counter =          157
 writing mean record for hc700m; rec. count =          157
 temp: current mean I/O counter =          157
 writing mean record for temp; rec. count =          157
 slope_x: current mean I/O counter =          157
 writing mean record for slope_x; rec. count =          157
 unod: current mean I/O counter =          157
 writing mean record for unod; rec. count =          157
 u: current mean I/O counter =          157
 writing mean record for u; rec. count =          157
 sst: current mean I/O counter =          157
 writing mean record for sst; rec. count =          157
 ssh: current mean I/O counter =          157
 writing mean record for ssh; rec. count =          157
 hc300m: current mean I/O counter =          157
 writing mean record for hc300m; rec. count =          157
 tflux_unod: current mean I/O counter =          157
 writing mean record for tflux_unod; rec. count =          157
 tflux_w: current mean I/O counter =          157
 writing mean record for tflux_w; rec. count =          157
 hc: current mean I/O counter =          157
 writing mean record for hc; rec. count =          157
 tflux_vnod: current mean I/O counter =          157
 writing mean record for tflux_vnod; rec. count =          157
 curl_u: current mean I/O counter =          158
 writing mean record for curl_u; rec. count =          158
 N2: current mean I/O counter =          158
 writing mean record for N2; rec. count =          158
 slope_y: current mean I/O counter =          158
 writing mean record for slope_y; rec. count =          158
 rosb: current mean I/O counter =          158
 writing mean record for rosb; rec. count =          158
 vnod: current mean I/O counter =          158
 writing mean record for vnod; rec. count =          158
 v: current mean I/O counter =          158
 writing mean record for v; rec. count =          158
 hc700m: current mean I/O counter =          158
 writing mean record for hc700m; rec. count =          158
 ssh: current mean I/O counter =          158
 writing mean record for ssh; rec. count =          158
 hc: current mean I/O counter =          158
 writing mean record for hc; rec. count =          158
 unod: current mean I/O counter =          158
 writing mean record for unod; rec. count =          158
 tflux_w: current mean I/O counter =          158
 writing mean record for tflux_w; rec. count =          158
 temp: current mean I/O counter =          158
 writing mean record for temp; rec. count =          158
 tflux_unod: current mean I/O counter =          158
 writing mean record for tflux_unod; rec. count =          158
 slope_x: current mean I/O counter =          158
 writing mean record for slope_x; rec. count =          158
 u: current mean I/O counter =          158
 writing mean record for u; rec. count =          158
 sst: current mean I/O counter =          158
 writing mean record for sst; rec. count =          158
 hc300m: current mean I/O counter =          158
 writing mean record for hc300m; rec. count =          158
 tflux_vnod: current mean I/O counter =          158
 writing mean record for tflux_vnod; rec. count =          158
 curl_u: current mean I/O counter =          159
 writing mean record for curl_u; rec. count =          159
 rosb: current mean I/O counter =          159
 writing mean record for rosb; rec. count =          159
 N2: current mean I/O counter =          159
 writing mean record for N2; rec. count =          159
 slope_x: current mean I/O counter =          159
 writing mean record for slope_x; rec. count =          159
 slope_y: current mean I/O counter =          159
 writing mean record for slope_y; rec. count =          159
 vnod: current mean I/O counter =          159
 writing mean record for vnod; rec. count =          159
 temp: current mean I/O counter =          159
 writing mean record for temp; rec. count =          159
 tflux_unod: current mean I/O counter =          159
 writing mean record for tflux_unod; rec. count =          159
 ssh: current mean I/O counter =          159
 writing mean record for ssh; rec. count =          159
 tflux_w: current mean I/O counter =          159
 writing mean record for tflux_w; rec. count =          159
 u: current mean I/O counter =          159
 writing mean record for u; rec. count =          159
 v: current mean I/O counter =          159
 writing mean record for v; rec. count =          159
 hc300m: current mean I/O counter =          159
 writing mean record for hc300m; rec. count =          159
 hc700m: current mean I/O counter =          159
 writing mean record for hc700m; rec. count =          159
 hc: current mean I/O counter =          159
 writing mean record for hc; rec. count =          159
 unod: current mean I/O counter =          159
 writing mean record for unod; rec. count =          159
 sst: current mean I/O counter =          159
 writing mean record for sst; rec. count =          159
 tflux_vnod: current mean I/O counter =          159
 writing mean record for tflux_vnod; rec. count =          159
 curl_u: current mean I/O counter =          160
 writing mean record for curl_u; rec. count =          160
 N2: current mean I/O counter =          160
 writing mean record for N2; rec. count =          160
 rosb: current mean I/O counter =          160
 writing mean record for rosb; rec. count =          160
 slope_y: current mean I/O counter =          160
 writing mean record for slope_y; rec. count =          160
 v: current mean I/O counter =          160
 writing mean record for v; rec. count =          160
 hc700m: current mean I/O counter =          160
 writing mean record for hc700m; rec. count =          160
 vnod: current mean I/O counter =          160
 writing mean record for vnod; rec. count =          160
 ssh: current mean I/O counter =          160
 writing mean record for ssh; rec. count =          160
 slope_x: current mean I/O counter =          160
 writing mean record for slope_x; rec. count =          160
 temp: current mean I/O counter =          160
 writing mean record for temp; rec. count =          160
 tflux_w: current mean I/O counter =          160
 writing mean record for tflux_w; rec. count =          160
 unod: current mean I/O counter =          160
 writing mean record for unod; rec. count =          160
 u: current mean I/O counter =          160
 writing mean record for u; rec. count =          160
 tflux_unod: current mean I/O counter =          160
 writing mean record for tflux_unod; rec. count =          160
 sst: current mean I/O counter =          160
 writing mean record for sst; rec. count =          160
 hc300m: current mean I/O counter =          160
 writing mean record for hc300m; rec. count =          160
 hc: current mean I/O counter =          160
 writing mean record for hc; rec. count =          160
 tflux_vnod: current mean I/O counter =          160
 writing mean record for tflux_vnod; rec. count =          160
 curl_u: current mean I/O counter =          161
 writing mean record for curl_u; rec. count =          161
 rosb: current mean I/O counter =          161
 writing mean record for rosb; rec. count =          161
 N2: current mean I/O counter =          161
 writing mean record for N2; rec. count =          161
 slope_y: current mean I/O counter =          161
 writing mean record for slope_y; rec. count =          161
 vnod: current mean I/O counter =          161
 writing mean record for vnod; rec. count =          161
 u: current mean I/O counter =          161
 writing mean record for u; rec. count =          161
 v: current mean I/O counter =          161
 writing mean record for v; rec. count =          161
 ssh: current mean I/O counter =          161
 writing mean record for ssh; rec. count =          161
 hc700m: current mean I/O counter =          161
 writing mean record for hc700m; rec. count =          161
 slope_x: current mean I/O counter =          161
 writing mean record for slope_x; rec. count =          161
 unod: current mean I/O counter =          161
 writing mean record for unod; rec. count =          161
 sst: current mean I/O counter =          161
 writing mean record for sst; rec. count =          161
 tflux_w: current mean I/O counter =          161
 writing mean record for tflux_w; rec. count =          161
 temp: current mean I/O counter =          161
 writing mean record for temp; rec. count =          161
 hc300m: current mean I/O counter =          161
 writing mean record for hc300m; rec. count =          161
 hc: current mean I/O counter =          161
 writing mean record for hc; rec. count =          161
 tflux_unod: current mean I/O counter =          161
 writing mean record for tflux_unod; rec. count =          161
 tflux_vnod: current mean I/O counter =          161
 writing mean record for tflux_vnod; rec. count =          161
 curl_u: current mean I/O counter =          162
 writing mean record for curl_u; rec. count =          162
 rosb: current mean I/O counter =          162
 writing mean record for rosb; rec. count =          162
 N2: current mean I/O counter =          162
 writing mean record for N2; rec. count =          162
 slope_y: current mean I/O counter =          162
 writing mean record for slope_y; rec. count =          162
 v: current mean I/O counter =          162
 writing mean record for v; rec. count =          162
 hc700m: current mean I/O counter =          162
 writing mean record for hc700m; rec. count =          162
 ssh: current mean I/O counter =          162
 writing mean record for ssh; rec. count =          162
 vnod: current mean I/O counter =          162
 writing mean record for vnod; rec. count =          162
 temp: current mean I/O counter =          162
 writing mean record for temp; rec. count =          162
 tflux_w: current mean I/O counter =          162
 writing mean record for tflux_w; rec. count =          162
 slope_x: current mean I/O counter =          162
 writing mean record for slope_x; rec. count =          162
 unod: current mean I/O counter =          162
 writing mean record for unod; rec. count =          162
 u: current mean I/O counter =          162
 writing mean record for u; rec. count =          162
 sst: current mean I/O counter =          162
 writing mean record for sst; rec. count =          162
 hc300m: current mean I/O counter =          162
 writing mean record for hc300m; rec. count =          162
 hc: current mean I/O counter =          162
 writing mean record for hc; rec. count =          162
 tflux_unod: current mean I/O counter =          162
 writing mean record for tflux_unod; rec. count =          162
 tflux_vnod: current mean I/O counter =          162
 writing mean record for tflux_vnod; rec. count =          162
 curl_u: current mean I/O counter =          163
 writing mean record for curl_u; rec. count =          163
 rosb: current mean I/O counter =          163
 writing mean record for rosb; rec. count =          163
 N2: current mean I/O counter =          163
 writing mean record for N2; rec. count =          163
 slope_y: current mean I/O counter =          163
 writing mean record for slope_y; rec. count =          163
 tflux_unod: current mean I/O counter =          163
 writing mean record for tflux_unod; rec. count =          163
 slope_x: current mean I/O counter =          163
 writing mean record for slope_x; rec. count =          163
 temp: current mean I/O counter =          163
 writing mean record for temp; rec. count =          163
 unod: current mean I/O counter =          163
 writing mean record for unod; rec. count =          163
 vnod: current mean I/O counter =          163
 writing mean record for vnod; rec. count =          163
 u: current mean I/O counter =          163
 writing mean record for u; rec. count =          163
 v: current mean I/O counter =          163
 writing mean record for v; rec. count =          163
 sst: current mean I/O counter =          163
 writing mean record for sst; rec. count =          163
 ssh: current mean I/O counter =          163
 writing mean record for ssh; rec. count =          163
 hc300m: current mean I/O counter =          163
 writing mean record for hc300m; rec. count =          163
 hc700m: current mean I/O counter =          163
 writing mean record for hc700m; rec. count =          163
 hc: current mean I/O counter =          163
 writing mean record for hc; rec. count =          163
 tflux_vnod: current mean I/O counter =          163
 writing mean record for tflux_vnod; rec. count =          163
 tflux_w: current mean I/O counter =          163
 writing mean record for tflux_w; rec. count =          163
 curl_u: current mean I/O counter =          164
 writing mean record for curl_u; rec. count =          164
 N2: current mean I/O counter =          164
 writing mean record for N2; rec. count =          164
 rosb: current mean I/O counter =          164
 writing mean record for rosb; rec. count =          164
 slope_y: current mean I/O counter =          164
 writing mean record for slope_y; rec. count =          164
 vnod: current mean I/O counter =          164
 writing mean record for vnod; rec. count =          164
 v: current mean I/O counter =          164
 writing mean record for v; rec. count =          164
 slope_x: current mean I/O counter =          164
 writing mean record for slope_x; rec. count =          164
 temp: current mean I/O counter =          164
 writing mean record for temp; rec. count =          164
 unod: current mean I/O counter =          164
 writing mean record for unod; rec. count =          164
 ssh: current mean I/O counter =          164
 writing mean record for ssh; rec. count =          164
 hc700m: current mean I/O counter =          164
 writing mean record for hc700m; rec. count =          164
 hc: current mean I/O counter =          164
 writing mean record for hc; rec. count =          164
 tflux_unod: current mean I/O counter =          164
 writing mean record for tflux_unod; rec. count =          164
 tflux_w: current mean I/O counter =          164
 writing mean record for tflux_w; rec. count =          164
 u: current mean I/O counter =          164
 writing mean record for u; rec. count =          164
 sst: current mean I/O counter =          164
 writing mean record for sst; rec. count =          164
 hc300m: current mean I/O counter =          164
 writing mean record for hc300m; rec. count =          164
 tflux_vnod: current mean I/O counter =          164
 writing mean record for tflux_vnod; rec. count =          164
 curl_u: current mean I/O counter =          165
 writing mean record for curl_u; rec. count =          165
 rosb: current mean I/O counter =          165
 writing mean record for rosb; rec. count =          165
 N2: current mean I/O counter =          165
 writing mean record for N2; rec. count =          165
 slope_y: current mean I/O counter =          165
 writing mean record for slope_y; rec. count =          165
 tflux_unod: current mean I/O counter =          165
 writing mean record for tflux_unod; rec. count =          165
 tflux_w: current mean I/O counter =          165
 writing mean record for tflux_w; rec. count =          165
 temp: current mean I/O counter =          165
 writing mean record for temp; rec. count =          165
 vnod: current mean I/O counter =          165
 writing mean record for vnod; rec. count =          165
 v: current mean I/O counter =          165
 writing mean record for v; rec. count =          165
 ssh: current mean I/O counter =          165
 writing mean record for ssh; rec. count =          165
 hc700m: current mean I/O counter =          165
 writing mean record for hc700m; rec. count =          165
 slope_x: current mean I/O counter =          165
 writing mean record for slope_x; rec. count =          165
 unod: current mean I/O counter =          165
 writing mean record for unod; rec. count =          165
 u: current mean I/O counter =          165
 writing mean record for u; rec. count =          165
 sst: current mean I/O counter =          165
 writing mean record for sst; rec. count =          165
 hc300m: current mean I/O counter =          165
 writing mean record for hc300m; rec. count =          165
 hc: current mean I/O counter =          165
 writing mean record for hc; rec. count =          165
 tflux_vnod: current mean I/O counter =          165
 writing mean record for tflux_vnod; rec. count =          165
 curl_u: current mean I/O counter =          166
 writing mean record for curl_u; rec. count =          166
 N2: current mean I/O counter =          166
 writing mean record for N2; rec. count =          166
 slope_y: current mean I/O counter =          166
 writing mean record for slope_y; rec. count =          166
 rosb: current mean I/O counter =          166
 writing mean record for rosb; rec. count =          166
 v: current mean I/O counter =          166
 writing mean record for v; rec. count =          166
 vnod: current mean I/O counter =          166
 writing mean record for vnod; rec. count =          166
 slope_x: current mean I/O counter =          166
 writing mean record for slope_x; rec. count =          166
 temp: current mean I/O counter =          166
 writing mean record for temp; rec. count =          166
 unod: current mean I/O counter =          166
 writing mean record for unod; rec. count =          166
 u: current mean I/O counter =          166
 writing mean record for u; rec. count =          166
 sst: current mean I/O counter =          166
 writing mean record for sst; rec. count =          166
 ssh: current mean I/O counter =          166
 writing mean record for ssh; rec. count =          166
 hc300m: current mean I/O counter =          166
 writing mean record for hc300m; rec. count =          166
 hc700m: current mean I/O counter =          166
 writing mean record for hc700m; rec. count =          166
 tflux_unod: current mean I/O counter =          166
 writing mean record for tflux_unod; rec. count =          166
 tflux_w: current mean I/O counter =          166
 writing mean record for tflux_w; rec. count =          166
 hc: current mean I/O counter =          166
 writing mean record for hc; rec. count =          166
 tflux_vnod: current mean I/O counter =          166
 writing mean record for tflux_vnod; rec. count =          166
 curl_u: current mean I/O counter =          167
 writing mean record for curl_u; rec. count =          167
 rosb: current mean I/O counter =          167
 writing mean record for rosb; rec. count =          167
 N2: current mean I/O counter =          167
 writing mean record for N2; rec. count =          167
 slope_x: current mean I/O counter =          167
 writing mean record for slope_x; rec. count =          167
 slope_y: current mean I/O counter =          167
 writing mean record for slope_y; rec. count =          167
 temp: current mean I/O counter =          167
 writing mean record for temp; rec. count =          167
 unod: current mean I/O counter =          167
 writing mean record for unod; rec. count =          167
 vnod: current mean I/O counter =          167
 writing mean record for vnod; rec. count =          167
 u: current mean I/O counter =          167
 writing mean record for u; rec. count =          167
 v: current mean I/O counter =          167
 writing mean record for v; rec. count =          167
 sst: current mean I/O counter =          167
 writing mean record for sst; rec. count =          167
 ssh: current mean I/O counter =          167
 writing mean record for ssh; rec. count =          167
 hc300m: current mean I/O counter =          167
 writing mean record for hc300m; rec. count =          167
 hc700m: current mean I/O counter =          167
 writing mean record for hc700m; rec. count =          167
 hc: current mean I/O counter =          167
 writing mean record for hc; rec. count =          167
 tflux_unod: current mean I/O counter =          167
 writing mean record for tflux_unod; rec. count =          167
 tflux_vnod: current mean I/O counter =          167
 writing mean record for tflux_vnod; rec. count =          167
 tflux_w: current mean I/O counter =          167
 writing mean record for tflux_w; rec. count =          167
 curl_u: current mean I/O counter =          168
 writing mean record for curl_u; rec. count =          168
 rosb: current mean I/O counter =          168
 writing mean record for rosb; rec. count =          168
 N2: current mean I/O counter =          168
 writing mean record for N2; rec. count =          168
 slope_y: current mean I/O counter =          168
 writing mean record for slope_y; rec. count =          168
 v: current mean I/O counter =          168
 writing mean record for v; rec. count =          168
 ssh: current mean I/O counter =          168
 writing mean record for ssh; rec. count =          168
 slope_x: current mean I/O counter =          168
 writing mean record for slope_x; rec. count =          168
 unod: current mean I/O counter =          168
 writing mean record for unod; rec. count =          168
 vnod: current mean I/O counter =          168
 writing mean record for vnod; rec. count =          168
 u: current mean I/O counter =          168
 writing mean record for u; rec. count =          168
 sst: current mean I/O counter =          168
 writing mean record for sst; rec. count =          168
 hc300m: current mean I/O counter =          168
 writing mean record for hc300m; rec. count =          168
 hc700m: current mean I/O counter =          168
 writing mean record for hc700m; rec. count =          168
 hc: current mean I/O counter =          168
 writing mean record for hc; rec. count =          168
 tflux_vnod: current mean I/O counter =          168
 writing mean record for tflux_vnod; rec. count =          168
 tflux_w: current mean I/O counter =          168
 writing mean record for tflux_w; rec. count =          168
 temp: current mean I/O counter =          168
 writing mean record for temp; rec. count =          168
 tflux_unod: current mean I/O counter =          168
 writing mean record for tflux_unod; rec. count =          168
 curl_u: current mean I/O counter =          169
 writing mean record for curl_u; rec. count =          169
 N2: current mean I/O counter =          169
 writing mean record for N2; rec. count =          169
 slope_y: current mean I/O counter =          169
 writing mean record for slope_y; rec. count =          169
 rosb: current mean I/O counter =          169
 writing mean record for rosb; rec. count =          169
 vnod: current mean I/O counter =          169
 writing mean record for vnod; rec. count =          169
 v: current mean I/O counter =          169
 writing mean record for v; rec. count =          169
 tflux_w: current mean I/O counter =          169
 writing mean record for tflux_w; rec. count =          169
 ssh: current mean I/O counter =          169
 writing mean record for ssh; rec. count =          169
 tflux_unod: current mean I/O counter =          169
 writing mean record for tflux_unod; rec. count =          169
 temp: current mean I/O counter =          169
 writing mean record for temp; rec. count =          169
 slope_x: current mean I/O counter =          169
 writing mean record for slope_x; rec. count =          169
 unod: current mean I/O counter =          169
 writing mean record for unod; rec. count =          169
 u: current mean I/O counter =          169
 writing mean record for u; rec. count =          169
 sst: current mean I/O counter =          169
 writing mean record for sst; rec. count =          169
 hc300m: current mean I/O counter =          169
 writing mean record for hc300m; rec. count =          169
 hc700m: current mean I/O counter =          169
 writing mean record for hc700m; rec. count =          169
 hc: current mean I/O counter =          169
 writing mean record for hc; rec. count =          169
 tflux_vnod: current mean I/O counter =          169
 writing mean record for tflux_vnod; rec. count =          169
 curl_u: current mean I/O counter =          170
 writing mean record for curl_u; rec. count =          170
 N2: current mean I/O counter =          170
 writing mean record for N2; rec. count =          170
 slope_y: current mean I/O counter =          170
 writing mean record for slope_y; rec. count =          170
 rosb: current mean I/O counter =          170
 writing mean record for rosb; rec. count =          170
 slope_x: current mean I/O counter =          170
 writing mean record for slope_x; rec. count =          170
 temp: current mean I/O counter =          170
 writing mean record for temp; rec. count =          170
 vnod: current mean I/O counter =          170
 writing mean record for vnod; rec. count =          170
 tflux_unod: current mean I/O counter =          170
 writing mean record for tflux_unod; rec. count =          170
 tflux_w: current mean I/O counter =          170
 writing mean record for tflux_w; rec. count =          170
 unod: current mean I/O counter =          170
 writing mean record for unod; rec. count =          170
 u: current mean I/O counter =          170
 writing mean record for u; rec. count =          170
 v: current mean I/O counter =          170
 writing mean record for v; rec. count =          170
 sst: current mean I/O counter =          170
 writing mean record for sst; rec. count =          170
 ssh: current mean I/O counter =          170
 writing mean record for ssh; rec. count =          170
 hc300m: current mean I/O counter =          170
 writing mean record for hc300m; rec. count =          170
 hc700m: current mean I/O counter =          170
 writing mean record for hc700m; rec. count =          170
 hc: current mean I/O counter =          170
 writing mean record for hc; rec. count =          170
 tflux_vnod: current mean I/O counter =          170
 writing mean record for tflux_vnod; rec. count =          170
 curl_u: current mean I/O counter =          171
 writing mean record for curl_u; rec. count =          171
 rosb: current mean I/O counter =          171
 writing mean record for rosb; rec. count =          171
 N2: current mean I/O counter =          171
 writing mean record for N2; rec. count =          171
 slope_y: current mean I/O counter =          171
 writing mean record for slope_y; rec. count =          171
 temp: current mean I/O counter =          171
 writing mean record for temp; rec. count =          171
 vnod: current mean I/O counter =          171
 writing mean record for vnod; rec. count =          171
 slope_x: current mean I/O counter =          171
 writing mean record for slope_x; rec. count =          171
 v: current mean I/O counter =          171
 writing mean record for v; rec. count =          171
 ssh: current mean I/O counter =          171
 writing mean record for ssh; rec. count =          171
 tflux_unod: current mean I/O counter =          171
 writing mean record for tflux_unod; rec. count =          171
 tflux_w: current mean I/O counter =          171
 writing mean record for tflux_w; rec. count =          171
 unod: current mean I/O counter =          171
 writing mean record for unod; rec. count =          171
 u: current mean I/O counter =          171
 writing mean record for u; rec. count =          171
 sst: current mean I/O counter =          171
 writing mean record for sst; rec. count =          171
 hc300m: current mean I/O counter =          171
 writing mean record for hc300m; rec. count =          171
 hc700m: current mean I/O counter =          171
 writing mean record for hc700m; rec. count =          171
 hc: current mean I/O counter =          171
 writing mean record for hc; rec. count =          171
 tflux_vnod: current mean I/O counter =          171
 writing mean record for tflux_vnod; rec. count =          171
 curl_u: current mean I/O counter =          172
 writing mean record for curl_u; rec. count =          172
 rosb: current mean I/O counter =          172
 writing mean record for rosb; rec. count =          172
 N2: current mean I/O counter =          172
 writing mean record for N2; rec. count =          172
 slope_x: current mean I/O counter =          172
 writing mean record for slope_x; rec. count =          172
 slope_y: current mean I/O counter =          172
 writing mean record for slope_y; rec. count =          172
 hc700m: current mean I/O counter =          172
 writing mean record for hc700m; rec. count =          172
 v: current mean I/O counter =          172
 writing mean record for v; rec. count =          172
 vnod: current mean I/O counter =          172
 writing mean record for vnod; rec. count =          172
 ssh: current mean I/O counter =          172
 writing mean record for ssh; rec. count =          172
 tflux_unod: current mean I/O counter =          172
 writing mean record for tflux_unod; rec. count =          172
 tflux_w: current mean I/O counter =          172
 writing mean record for tflux_w; rec. count =          172
 temp: current mean I/O counter =          172
 writing mean record for temp; rec. count =          172
 unod: current mean I/O counter =          172
 writing mean record for unod; rec. count =          172
 u: current mean I/O counter =          172
 writing mean record for u; rec. count =          172
 sst: current mean I/O counter =          172
 writing mean record for sst; rec. count =          172
 hc300m: current mean I/O counter =          172
 writing mean record for hc300m; rec. count =          172
 hc: current mean I/O counter =          172
 writing mean record for hc; rec. count =          172
 tflux_vnod: current mean I/O counter =          172
 writing mean record for tflux_vnod; rec. count =          172
 curl_u: current mean I/O counter =          173
 writing mean record for curl_u; rec. count =          173
 N2: current mean I/O counter =          173
 writing mean record for N2; rec. count =          173
 slope_y: current mean I/O counter =          173
 writing mean record for slope_y; rec. count =          173
 rosb: current mean I/O counter =          173
 writing mean record for rosb; rec. count =          173
 vnod: current mean I/O counter =          173
 writing mean record for vnod; rec. count =          173
 v: current mean I/O counter =          173
 writing mean record for v; rec. count =          173
 ssh: current mean I/O counter =          173
 writing mean record for ssh; rec. count =          173
 hc700m: current mean I/O counter =          173
 writing mean record for hc700m; rec. count =          173
 tflux_unod: current mean I/O counter =          173
 writing mean record for tflux_unod; rec. count =          173
 tflux_w: current mean I/O counter =          173
 writing mean record for tflux_w; rec. count =          173
 slope_x: current mean I/O counter =          173
 writing mean record for slope_x; rec. count =          173
 unod: current mean I/O counter =          173
 writing mean record for unod; rec. count =          173
 hc: current mean I/O counter =          173
 writing mean record for hc; rec. count =          173
 temp: current mean I/O counter =          173
 writing mean record for temp; rec. count =          173
 u: current mean I/O counter =          173
 writing mean record for u; rec. count =          173
 sst: current mean I/O counter =          173
 writing mean record for sst; rec. count =          173
 hc300m: current mean I/O counter =          173
 writing mean record for hc300m; rec. count =          173
 tflux_vnod: current mean I/O counter =          173
 writing mean record for tflux_vnod; rec. count =          173
 curl_u: current mean I/O counter =          174
 writing mean record for curl_u; rec. count =          174
 N2: current mean I/O counter =          174
 writing mean record for N2; rec. count =          174
 slope_y: current mean I/O counter =          174
 writing mean record for slope_y; rec. count =          174
 rosb: current mean I/O counter =          174
 writing mean record for rosb; rec. count =          174
 vnod: current mean I/O counter =          174
 writing mean record for vnod; rec. count =          174
 v: current mean I/O counter =          174
 writing mean record for v; rec. count =          174
 temp: current mean I/O counter =          174
 writing mean record for temp; rec. count =          174
 ssh: current mean I/O counter =          174
 writing mean record for ssh; rec. count =          174
 hc700m: current mean I/O counter =          174
 writing mean record for hc700m; rec. count =          174
 tflux_unod: current mean I/O counter =          174
 writing mean record for tflux_unod; rec. count =          174
 unod: current mean I/O counter =          174
 writing mean record for unod; rec. count =          174
 hc300m: current mean I/O counter =          174
 writing mean record for hc300m; rec. count =          174
 slope_x: current mean I/O counter =          174
 writing mean record for slope_x; rec. count =          174
 u: current mean I/O counter =          174
 writing mean record for u; rec. count =          174
 sst: current mean I/O counter =          174
 writing mean record for sst; rec. count =          174
 hc: current mean I/O counter =          174
 writing mean record for hc; rec. count =          174
 tflux_vnod: current mean I/O counter =          174
 writing mean record for tflux_vnod; rec. count =          174
 tflux_w: current mean I/O counter =          174
 writing mean record for tflux_w; rec. count =          174
 curl_u: current mean I/O counter =          175
 writing mean record for curl_u; rec. count =          175
 slope_y: current mean I/O counter =          175
 writing mean record for slope_y; rec. count =          175
 rosb: current mean I/O counter =          175
 writing mean record for rosb; rec. count =          175
 N2: current mean I/O counter =          175
 writing mean record for N2; rec. count =          175
 vnod: current mean I/O counter =          175
 writing mean record for vnod; rec. count =          175
 v: current mean I/O counter =          175
 writing mean record for v; rec. count =          175
 tflux_w: current mean I/O counter =          175
 writing mean record for tflux_w; rec. count =          175
 slope_x: current mean I/O counter =          175
 writing mean record for slope_x; rec. count =          175
 unod: current mean I/O counter =          175
 writing mean record for unod; rec. count =          175
 ssh: current mean I/O counter =          175
 writing mean record for ssh; rec. count =          175
 hc700m: current mean I/O counter =          175
 writing mean record for hc700m; rec. count =          175
 tflux_unod: current mean I/O counter =          175
 writing mean record for tflux_unod; rec. count =          175
 tflux_vnod: current mean I/O counter =          175
 writing mean record for tflux_vnod; rec. count =          175
 u: current mean I/O counter =          175
 writing mean record for u; rec. count =          175
 temp: current mean I/O counter =          175
 writing mean record for temp; rec. count =          175
 sst: current mean I/O counter =          175
 writing mean record for sst; rec. count =          175
 hc300m: current mean I/O counter =          175
 writing mean record for hc300m; rec. count =          175
 hc: current mean I/O counter =          175
 writing mean record for hc; rec. count =          175
 curl_u: current mean I/O counter =          176
 writing mean record for curl_u; rec. count =          176
 rosb: current mean I/O counter =          176
 writing mean record for rosb; rec. count =          176
 N2: current mean I/O counter =          176
 writing mean record for N2; rec. count =          176
 slope_y: current mean I/O counter =          176
 writing mean record for slope_y; rec. count =          176
 v: current mean I/O counter =          176
 writing mean record for v; rec. count =          176
 ssh: current mean I/O counter =          176
 writing mean record for ssh; rec. count =          176
 hc700m: current mean I/O counter =          176
 writing mean record for hc700m; rec. count =          176
 slope_x: current mean I/O counter =          176
 writing mean record for slope_x; rec. count =          176
 temp: current mean I/O counter =          176
 writing mean record for temp; rec. count =          176
 unod: current mean I/O counter =          176
 writing mean record for unod; rec. count =          176
 vnod: current mean I/O counter =          176
 writing mean record for vnod; rec. count =          176
 u: current mean I/O counter =          176
 writing mean record for u; rec. count =          176
 sst: current mean I/O counter =          176
 writing mean record for sst; rec. count =          176
 hc300m: current mean I/O counter =          176
 writing mean record for hc300m; rec. count =          176
 hc: current mean I/O counter =          176
 writing mean record for hc; rec. count =          176
 tflux_unod: current mean I/O counter =          176
 writing mean record for tflux_unod; rec. count =          176
 tflux_vnod: current mean I/O counter =          176
 writing mean record for tflux_vnod; rec. count =          176
 tflux_w: current mean I/O counter =          176
 writing mean record for tflux_w; rec. count =          176
 curl_u: current mean I/O counter =          177
 writing mean record for curl_u; rec. count =          177
 rosb: current mean I/O counter =          177
 writing mean record for rosb; rec. count =          177
 N2: current mean I/O counter =          177
 writing mean record for N2; rec. count =          177
 slope_y: current mean I/O counter =          177
 writing mean record for slope_y; rec. count =          177
 tflux_unod: current mean I/O counter =          177
 writing mean record for tflux_unod; rec. count =          177
 tflux_w: current mean I/O counter =          177
 writing mean record for tflux_w; rec. count =          177
 vnod: current mean I/O counter =          177
 writing mean record for vnod; rec. count =          177
 slope_x: current mean I/O counter =          177
 writing mean record for slope_x; rec. count =          177
 temp: current mean I/O counter =          177
 writing mean record for temp; rec. count =          177
 unod: current mean I/O counter =          177
 writing mean record for unod; rec. count =          177
 v: current mean I/O counter =          177
 writing mean record for v; rec. count =          177
 hc700m: current mean I/O counter =          177
 writing mean record for hc700m; rec. count =          177
 tflux_vnod: current mean I/O counter =          177
 writing mean record for tflux_vnod; rec. count =          177
 u: current mean I/O counter =          177
 writing mean record for u; rec. count =          177
 ssh: current mean I/O counter =          177
 writing mean record for ssh; rec. count =          177
 hc300m: current mean I/O counter =          177
 writing mean record for hc300m; rec. count =          177
 sst: current mean I/O counter =          177
 writing mean record for sst; rec. count =          177
 hc: current mean I/O counter =          177
 writing mean record for hc; rec. count =          177
 curl_u: current mean I/O counter =          178
 writing mean record for curl_u; rec. count =          178
 rosb: current mean I/O counter =          178
 writing mean record for rosb; rec. count =          178
 N2: current mean I/O counter =          178
 writing mean record for N2; rec. count =          178
 slope_y: current mean I/O counter =          178
 writing mean record for slope_y; rec. count =          178
 temp: current mean I/O counter =          178
 writing mean record for temp; rec. count =          178
 vnod: current mean I/O counter =          178
 writing mean record for vnod; rec. count =          178
 v: current mean I/O counter =          178
 writing mean record for v; rec. count =          178
 ssh: current mean I/O counter =          178
 writing mean record for ssh; rec. count =          178
 hc700m: current mean I/O counter =          178
 writing mean record for hc700m; rec. count =          178
 tflux_unod: current mean I/O counter =          178
 writing mean record for tflux_unod; rec. count =          178
 slope_x: current mean I/O counter =          178
 writing mean record for slope_x; rec. count =          178
 unod: current mean I/O counter =          178
 writing mean record for unod; rec. count =          178
 u: current mean I/O counter =          178
 writing mean record for u; rec. count =          178
 sst: current mean I/O counter =          178
 writing mean record for sst; rec. count =          178
 hc300m: current mean I/O counter =          178
 writing mean record for hc300m; rec. count =          178
 hc: current mean I/O counter =          178
 writing mean record for hc; rec. count =          178
 tflux_vnod: current mean I/O counter =          178
 writing mean record for tflux_vnod; rec. count =          178
 tflux_w: current mean I/O counter =          178
 writing mean record for tflux_w; rec. count =          178
 curl_u: current mean I/O counter =          179
 writing mean record for curl_u; rec. count =          179
 rosb: current mean I/O counter =          179
 writing mean record for rosb; rec. count =          179
 N2: current mean I/O counter =          179
 writing mean record for N2; rec. count =          179
 slope_y: current mean I/O counter =          179
 writing mean record for slope_y; rec. count =          179
 vnod: current mean I/O counter =          179
 writing mean record for vnod; rec. count =          179
 slope_x: current mean I/O counter =          179
 writing mean record for slope_x; rec. count =          179
 temp: current mean I/O counter =          179
 writing mean record for temp; rec. count =          179
 unod: current mean I/O counter =          179
 writing mean record for unod; rec. count =          179
 u: current mean I/O counter =          179
 writing mean record for u; rec. count =          179
 tflux_w: current mean I/O counter =          179
 writing mean record for tflux_w; rec. count =          179
 v: current mean I/O counter =          179
 writing mean record for v; rec. count =          179
 hc700m: current mean I/O counter =          179
 writing mean record for hc700m; rec. count =          179
 sst: current mean I/O counter =          179
 writing mean record for sst; rec. count =          179
 ssh: current mean I/O counter =          179
 writing mean record for ssh; rec. count =          179
 hc300m: current mean I/O counter =          179
 writing mean record for hc300m; rec. count =          179
 tflux_unod: current mean I/O counter =          179
 writing mean record for tflux_unod; rec. count =          179
 hc: current mean I/O counter =          179
 writing mean record for hc; rec. count =          179
 tflux_vnod: current mean I/O counter =          179
 writing mean record for tflux_vnod; rec. count =          179
 curl_u: current mean I/O counter =          180
 writing mean record for curl_u; rec. count =          180
 rosb: current mean I/O counter =          180
 writing mean record for rosb; rec. count =          180
 N2: current mean I/O counter =          180
 writing mean record for N2; rec. count =          180
 slope_y: current mean I/O counter =          180
 writing mean record for slope_y; rec. count =          180
 vnod: current mean I/O counter =          180
 writing mean record for vnod; rec. count =          180
 v: current mean I/O counter =          180
 writing mean record for v; rec. count =          180
 ssh: current mean I/O counter =          180
 writing mean record for ssh; rec. count =          180
 hc700m: current mean I/O counter =          180
 writing mean record for hc700m; rec. count =          180
 tflux_unod: current mean I/O counter =          180
 writing mean record for tflux_unod; rec. count =          180
 tflux_w: current mean I/O counter =          180
 writing mean record for tflux_w; rec. count =          180
 slope_x: current mean I/O counter =          180
 writing mean record for slope_x; rec. count =          180
 temp: current mean I/O counter =          180
 writing mean record for temp; rec. count =          180
 unod: current mean I/O counter =          180
 writing mean record for unod; rec. count =          180
 u: current mean I/O counter =          180
 writing mean record for u; rec. count =          180
 sst: current mean I/O counter =          180
 writing mean record for sst; rec. count =          180
 hc300m: current mean I/O counter =          180
 writing mean record for hc300m; rec. count =          180
 hc: current mean I/O counter =          180
 writing mean record for hc; rec. count =          180
 tflux_vnod: current mean I/O counter =          180
 writing mean record for tflux_vnod; rec. count =          180
 curl_u: current mean I/O counter =          181
 writing mean record for curl_u; rec. count =          181
 rosb: current mean I/O counter =          181
 writing mean record for rosb; rec. count =          181
 N2: current mean I/O counter =          181
 writing mean record for N2; rec. count =          181
 slope_y: current mean I/O counter =          181
 writing mean record for slope_y; rec. count =          181
 temp: current mean I/O counter =          181
 writing mean record for temp; rec. count =          181
 v: current mean I/O counter =          181
 writing mean record for v; rec. count =          181
 vnod: current mean I/O counter =          181
 writing mean record for vnod; rec. count =          181
 slope_x: current mean I/O counter =          181
 writing mean record for slope_x; rec. count =          181
 unod: current mean I/O counter =          181
 writing mean record for unod; rec. count =          181
 u: current mean I/O counter =          181
 writing mean record for u; rec. count =          181
 sst: current mean I/O counter =          181
 writing mean record for sst; rec. count =          181
 ssh: current mean I/O counter =          181
 writing mean record for ssh; rec. count =          181
 hc300m: current mean I/O counter =          181
 writing mean record for hc300m; rec. count =          181
 hc700m: current mean I/O counter =          181
 writing mean record for hc700m; rec. count =          181
 hc: current mean I/O counter =          181
 writing mean record for hc; rec. count =          181
 tflux_unod: current mean I/O counter =          181
 writing mean record for tflux_unod; rec. count =          181
 tflux_vnod: current mean I/O counter =          181
 writing mean record for tflux_vnod; rec. count =          181
 tflux_w: current mean I/O counter =          181
 writing mean record for tflux_w; rec. count =          181
 curl_u: current mean I/O counter =          182
 writing mean record for curl_u; rec. count =          182
 rosb: current mean I/O counter =          182
 writing mean record for rosb; rec. count =          182
 N2: current mean I/O counter =          182
 writing mean record for N2; rec. count =          182
 slope_y: current mean I/O counter =          182
 writing mean record for slope_y; rec. count =          182
 slope_x: current mean I/O counter =          182
 writing mean record for slope_x; rec. count =          182
 temp: current mean I/O counter =          182
 writing mean record for temp; rec. count =          182
 vnod: current mean I/O counter =          182
 writing mean record for vnod; rec. count =          182
 v: current mean I/O counter =          182
 writing mean record for v; rec. count =          182
 ssh: current mean I/O counter =          182
 writing mean record for ssh; rec. count =          182
 tflux_unod: current mean I/O counter =          182
 writing mean record for tflux_unod; rec. count =          182
 unod: current mean I/O counter =          182
 writing mean record for unod; rec. count =          182
 u: current mean I/O counter =          182
 writing mean record for u; rec. count =          182
 sst: current mean I/O counter =          182
 writing mean record for sst; rec. count =          182
 hc700m: current mean I/O counter =          182
 writing mean record for hc700m; rec. count =          182
 hc300m: current mean I/O counter =          182
 writing mean record for hc300m; rec. count =          182
 hc: current mean I/O counter =          182
 writing mean record for hc; rec. count =          182
 tflux_vnod: current mean I/O counter =          182
 writing mean record for tflux_vnod; rec. count =          182
 tflux_w: current mean I/O counter =          182
 writing mean record for tflux_w; rec. count =          182
 curl_u: current mean I/O counter =          183
 writing mean record for curl_u; rec. count =          183
 rosb: current mean I/O counter =          183
 writing mean record for rosb; rec. count =          183
 N2: current mean I/O counter =          183
 writing mean record for N2; rec. count =          183
 slope_x: current mean I/O counter =          183
 writing mean record for slope_x; rec. count =          183
 slope_y: current mean I/O counter =          183
 writing mean record for slope_y; rec. count =          183
 temp: current mean I/O counter =          183
 writing mean record for temp; rec. count =          183
 unod: current mean I/O counter =          183
 writing mean record for unod; rec. count =          183
 vnod: current mean I/O counter =          183
 writing mean record for vnod; rec. count =          183
 u: current mean I/O counter =          183
 writing mean record for u; rec. count =          183
 v: current mean I/O counter =          183
 writing mean record for v; rec. count =          183
 sst: current mean I/O counter =          183
 writing mean record for sst; rec. count =          183
 ssh: current mean I/O counter =          183
 writing mean record for ssh; rec. count =          183
 hc300m: current mean I/O counter =          183
 writing mean record for hc300m; rec. count =          183
 hc700m: current mean I/O counter =          183
 writing mean record for hc700m; rec. count =          183
 hc: current mean I/O counter =          183
 writing mean record for hc; rec. count =          183
 tflux_unod: current mean I/O counter =          183
 writing mean record for tflux_unod; rec. count =          183
 tflux_vnod: current mean I/O counter =          183
 writing mean record for tflux_vnod; rec. count =          183
 tflux_w: current mean I/O counter =          183
 writing mean record for tflux_w; rec. count =          183
 curl_u: current mean I/O counter =          184
 writing mean record for curl_u; rec. count =          184
 rosb: current mean I/O counter =          184
 writing mean record for rosb; rec. count =          184
 N2: current mean I/O counter =          184
 writing mean record for N2; rec. count =          184
 slope_y: current mean I/O counter =          184
 writing mean record for slope_y; rec. count =          184
 temp: current mean I/O counter =          184
 writing mean record for temp; rec. count =          184
 vnod: current mean I/O counter =          184
 writing mean record for vnod; rec. count =          184
 v: current mean I/O counter =          184
 writing mean record for v; rec. count =          184
 ssh: current mean I/O counter =          184
 writing mean record for ssh; rec. count =          184
 hc700m: current mean I/O counter =          184
 writing mean record for hc700m; rec. count =          184
 tflux_w: current mean I/O counter =          184
 writing mean record for tflux_w; rec. count =          184
 slope_x: current mean I/O counter =          184
 writing mean record for slope_x; rec. count =          184
 hc: current mean I/O counter =          184
 writing mean record for hc; rec. count =          184
 tflux_unod: current mean I/O counter =          184
 writing mean record for tflux_unod; rec. count =          184
 unod: current mean I/O counter =          184
 writing mean record for unod; rec. count =          184
 u: current mean I/O counter =          184
 writing mean record for u; rec. count =          184
 sst: current mean I/O counter =          184
 writing mean record for sst; rec. count =          184
 hc300m: current mean I/O counter =          184
 writing mean record for hc300m; rec. count =          184
 tflux_vnod: current mean I/O counter =          184
 writing mean record for tflux_vnod; rec. count =          184
 curl_u: current mean I/O counter =          185
 writing mean record for curl_u; rec. count =          185
 rosb: current mean I/O counter =          185
 writing mean record for rosb; rec. count =          185
 N2: current mean I/O counter =          185
 writing mean record for N2; rec. count =          185
 slope_x: current mean I/O counter =          185
 writing mean record for slope_x; rec. count =          185
 slope_y: current mean I/O counter =          185
 writing mean record for slope_y; rec. count =          185
 temp: current mean I/O counter =          185
 writing mean record for temp; rec. count =          185
 vnod: current mean I/O counter =          185
 writing mean record for vnod; rec. count =          185
 v: current mean I/O counter =          185
 writing mean record for v; rec. count =          185
 ssh: current mean I/O counter =          185
 writing mean record for ssh; rec. count =          185
 hc700m: current mean I/O counter =          185
 writing mean record for hc700m; rec. count =          185
 unod: current mean I/O counter =          185
 writing mean record for unod; rec. count =          185
 u: current mean I/O counter =          185
 writing mean record for u; rec. count =          185
 hc300m: current mean I/O counter =          185
 writing mean record for hc300m; rec. count =          185
 tflux_unod: current mean I/O counter =          185
 writing mean record for tflux_unod; rec. count =          185
 sst: current mean I/O counter =          185
 writing mean record for sst; rec. count =          185
 hc: current mean I/O counter =          185
 writing mean record for hc; rec. count =          185
 tflux_w: current mean I/O counter =          185
 writing mean record for tflux_w; rec. count =          185
 tflux_vnod: current mean I/O counter =          185
 writing mean record for tflux_vnod; rec. count =          185
 curl_u: current mean I/O counter =          186
 writing mean record for curl_u; rec. count =          186
 rosb: current mean I/O counter =          186
 writing mean record for rosb; rec. count =          186
 N2: current mean I/O counter =          186
 writing mean record for N2; rec. count =          186
 slope_y: current mean I/O counter =          186
 writing mean record for slope_y; rec. count =          186
 vnod: current mean I/O counter =          186
 writing mean record for vnod; rec. count =          186
 v: current mean I/O counter =          186
 writing mean record for v; rec. count =          186
 ssh: current mean I/O counter =          186
 writing mean record for ssh; rec. count =          186
 hc700m: current mean I/O counter =          186
 writing mean record for hc700m; rec. count =          186
 temp: current mean I/O counter =          186
 writing mean record for temp; rec. count =          186
 slope_x: current mean I/O counter =          186
 writing mean record for slope_x; rec. count =          186
 unod: current mean I/O counter =          186
 writing mean record for unod; rec. count =          186
 u: current mean I/O counter =          186
 writing mean record for u; rec. count =          186
 sst: current mean I/O counter =          186
 writing mean record for sst; rec. count =          186
 hc300m: current mean I/O counter =          186
 writing mean record for hc300m; rec. count =          186
 hc: current mean I/O counter =          186
 writing mean record for hc; rec. count =          186
 tflux_unod: current mean I/O counter =          186
 writing mean record for tflux_unod; rec. count =          186
 tflux_vnod: current mean I/O counter =          186
 writing mean record for tflux_vnod; rec. count =          186
 tflux_w: current mean I/O counter =          186
 writing mean record for tflux_w; rec. count =          186
 curl_u: current mean I/O counter =          187
 writing mean record for curl_u; rec. count =          187
 N2: current mean I/O counter =          187
 writing mean record for N2; rec. count =          187
 slope_y: current mean I/O counter =          187
 writing mean record for slope_y; rec. count =          187
 rosb: current mean I/O counter =          187
 writing mean record for rosb; rec. count =          187
 vnod: current mean I/O counter =          187
 writing mean record for vnod; rec. count =          187
 v: current mean I/O counter =          187
 writing mean record for v; rec. count =          187
 ssh: current mean I/O counter =          187
 writing mean record for ssh; rec. count =          187
 hc700m: current mean I/O counter =          187
 writing mean record for hc700m; rec. count =          187
 tflux_unod: current mean I/O counter =          187
 writing mean record for tflux_unod; rec. count =          187
 temp: current mean I/O counter =          187
 writing mean record for temp; rec. count =          187
 slope_x: current mean I/O counter =          187
 writing mean record for slope_x; rec. count =          187
 unod: current mean I/O counter =          187
 writing mean record for unod; rec. count =          187
 u: current mean I/O counter =          187
 writing mean record for u; rec. count =          187
 tflux_w: current mean I/O counter =          187
 writing mean record for tflux_w; rec. count =          187
 sst: current mean I/O counter =          187
 writing mean record for sst; rec. count =          187
 hc300m: current mean I/O counter =          187
 writing mean record for hc300m; rec. count =          187
 hc: current mean I/O counter =          187
 writing mean record for hc; rec. count =          187
 tflux_vnod: current mean I/O counter =          187
 writing mean record for tflux_vnod; rec. count =          187
 curl_u: current mean I/O counter =          188
 writing mean record for curl_u; rec. count =          188
 N2: current mean I/O counter =          188
 writing mean record for N2; rec. count =          188
 slope_y: current mean I/O counter =          188
 writing mean record for slope_y; rec. count =          188
 rosb: current mean I/O counter =          188
 writing mean record for rosb; rec. count =          188
 slope_x: current mean I/O counter =          188
 writing mean record for slope_x; rec. count =          188
 temp: current mean I/O counter =          188
 writing mean record for temp; rec. count =          188
 unod: current mean I/O counter =          188
 writing mean record for unod; rec. count =          188
 vnod: current mean I/O counter =          188
 writing mean record for vnod; rec. count =          188
 u: current mean I/O counter =          188
 writing mean record for u; rec. count =          188
 v: current mean I/O counter =          188
 writing mean record for v; rec. count =          188
 sst: current mean I/O counter =          188
 writing mean record for sst; rec. count =          188
 ssh: current mean I/O counter =          188
 writing mean record for ssh; rec. count =          188
 hc300m: current mean I/O counter =          188
 writing mean record for hc300m; rec. count =          188
 hc700m: current mean I/O counter =          188
 writing mean record for hc700m; rec. count =          188
 tflux_unod: current mean I/O counter =          188
 writing mean record for tflux_unod; rec. count =          188
 tflux_w: current mean I/O counter =          188
 writing mean record for tflux_w; rec. count =          188
 hc: current mean I/O counter =          188
 writing mean record for hc; rec. count =          188
 tflux_vnod: current mean I/O counter =          188
 writing mean record for tflux_vnod; rec. count =          188
 curl_u: current mean I/O counter =          189
 writing mean record for curl_u; rec. count =          189
 rosb: current mean I/O counter =          189
 writing mean record for rosb; rec. count =          189
 N2: current mean I/O counter =          189
 writing mean record for N2; rec. count =          189
 slope_y: current mean I/O counter =          189
 writing mean record for slope_y; rec. count =          189
 vnod: current mean I/O counter =          189
 writing mean record for vnod; rec. count =          189
 v: current mean I/O counter =          189
 writing mean record for v; rec. count =          189
 ssh: current mean I/O counter =          189
 writing mean record for ssh; rec. count =          189
 hc700m: current mean I/O counter =          189
 writing mean record for hc700m; rec. count =          189
 unod: current mean I/O counter =          189
 writing mean record for unod; rec. count =          189
 hc: current mean I/O counter =          189
 writing mean record for hc; rec. count =          189
 tflux_unod: current mean I/O counter =          189
 writing mean record for tflux_unod; rec. count =          189
 tflux_vnod: current mean I/O counter =          189
 writing mean record for tflux_vnod; rec. count =          189
 temp: current mean I/O counter =          189
 writing mean record for temp; rec. count =          189
 slope_x: current mean I/O counter =          189
 writing mean record for slope_x; rec. count =          189
 u: current mean I/O counter =          189
 writing mean record for u; rec. count =          189
 sst: current mean I/O counter =          189
 writing mean record for sst; rec. count =          189
 hc300m: current mean I/O counter =          189
 writing mean record for hc300m; rec. count =          189
 tflux_w: current mean I/O counter =          189
 writing mean record for tflux_w; rec. count =          189
 curl_u: current mean I/O counter =          190
 writing mean record for curl_u; rec. count =          190
 N2: current mean I/O counter =          190
 writing mean record for N2; rec. count =          190
 slope_y: current mean I/O counter =          190
 writing mean record for slope_y; rec. count =          190
 rosb: current mean I/O counter =          190
 writing mean record for rosb; rec. count =          190
 temp: current mean I/O counter =          190
 writing mean record for temp; rec. count =          190
 vnod: current mean I/O counter =          190
 writing mean record for vnod; rec. count =          190
 ssh: current mean I/O counter =          190
 writing mean record for ssh; rec. count =          190
 slope_x: current mean I/O counter =          190
 writing mean record for slope_x; rec. count =          190
 u: current mean I/O counter =          190
 writing mean record for u; rec. count =          190
 v: current mean I/O counter =          190
 writing mean record for v; rec. count =          190
 sst: current mean I/O counter =          190
 writing mean record for sst; rec. count =          190
 hc300m: current mean I/O counter =          190
 writing mean record for hc300m; rec. count =          190
 hc700m: current mean I/O counter =          190
 writing mean record for hc700m; rec. count =          190
 hc: current mean I/O counter =          190
 writing mean record for hc; rec. count =          190
 tflux_unod: current mean I/O counter =          190
 writing mean record for tflux_unod; rec. count =          190
 unod: current mean I/O counter =          190
 writing mean record for unod; rec. count =          190
 tflux_vnod: current mean I/O counter =          190
 writing mean record for tflux_vnod; rec. count =          190
 tflux_w: current mean I/O counter =          190
 writing mean record for tflux_w; rec. count =          190
 curl_u: current mean I/O counter =          191
 writing mean record for curl_u; rec. count =          191
 rosb: current mean I/O counter =          191
 writing mean record for rosb; rec. count =          191
 N2: current mean I/O counter =          191
 writing mean record for N2; rec. count =          191
 slope_y: current mean I/O counter =          191
 writing mean record for slope_y; rec. count =          191
 vnod: current mean I/O counter =          191
 writing mean record for vnod; rec. count =          191
 v: current mean I/O counter =          191
 writing mean record for v; rec. count =          191
 hc700m: current mean I/O counter =          191
 writing mean record for hc700m; rec. count =          191
 tflux_unod: current mean I/O counter =          191
 writing mean record for tflux_unod; rec. count =          191
 tflux_w: current mean I/O counter =          191
 writing mean record for tflux_w; rec. count =          191
 temp: current mean I/O counter =          191
 writing mean record for temp; rec. count =          191
 ssh: current mean I/O counter =          191
 writing mean record for ssh; rec. count =          191
 slope_x: current mean I/O counter =          191
 writing mean record for slope_x; rec. count =          191
 hc: current mean I/O counter =          191
 writing mean record for hc; rec. count =          191
 tflux_vnod: current mean I/O counter =          191
 writing mean record for tflux_vnod; rec. count =          191
 unod: current mean I/O counter =          191
 writing mean record for unod; rec. count =          191
 u: current mean I/O counter =          191
 writing mean record for u; rec. count =          191
 sst: current mean I/O counter =          191
 writing mean record for sst; rec. count =          191
 hc300m: current mean I/O counter =          191
 writing mean record for hc300m; rec. count =          191
 curl_u: current mean I/O counter =          192
 writing mean record for curl_u; rec. count =          192
 N2: current mean I/O counter =          192
 writing mean record for N2; rec. count =          192
 slope_y: current mean I/O counter =          192
 writing mean record for slope_y; rec. count =          192
 rosb: current mean I/O counter =          192
 writing mean record for rosb; rec. count =          192
 unod: current mean I/O counter =          192
 writing mean record for unod; rec. count =          192
 tflux_unod: current mean I/O counter =          192
 writing mean record for tflux_unod; rec. count =          192
 vnod: current mean I/O counter =          192
 writing mean record for vnod; rec. count =          192
 u: current mean I/O counter =          192
 writing mean record for u; rec. count =          192
 slope_x: current mean I/O counter =          192
 writing mean record for slope_x; rec. count =          192
 sst: current mean I/O counter =          192
 writing mean record for sst; rec. count =          192
 hc300m: current mean I/O counter =          192
 writing mean record for hc300m; rec. count =          192
 temp: current mean I/O counter =          192
 writing mean record for temp; rec. count =          192
 v: current mean I/O counter =          192
 writing mean record for v; rec. count =          192
 ssh: current mean I/O counter =          192
 writing mean record for ssh; rec. count =          192
 hc700m: current mean I/O counter =          192
 writing mean record for hc700m; rec. count =          192
 hc: current mean I/O counter =          192
 writing mean record for hc; rec. count =          192
 tflux_vnod: current mean I/O counter =          192
 writing mean record for tflux_vnod; rec. count =          192
 tflux_w: current mean I/O counter =          192
 writing mean record for tflux_w; rec. count =          192
 curl_u: current mean I/O counter =          193
 writing mean record for curl_u; rec. count =          193
 rosb: current mean I/O counter =          193
 writing mean record for rosb; rec. count =          193
 N2: current mean I/O counter =          193
 writing mean record for N2; rec. count =          193
 slope_x: current mean I/O counter =          193
 writing mean record for slope_x; rec. count =          193
 slope_y: current mean I/O counter =          193
 writing mean record for slope_y; rec. count =          193
 temp: current mean I/O counter =          193
 writing mean record for temp; rec. count =          193
 unod: current mean I/O counter =          193
 writing mean record for unod; rec. count =          193
 vnod: current mean I/O counter =          193
 writing mean record for vnod; rec. count =          193
 u: current mean I/O counter =          193
 writing mean record for u; rec. count =          193
 v: current mean I/O counter =          193
 writing mean record for v; rec. count =          193
 sst: current mean I/O counter =          193
 writing mean record for sst; rec. count =          193
 ssh: current mean I/O counter =          193
 writing mean record for ssh; rec. count =          193
 hc300m: current mean I/O counter =          193
 writing mean record for hc300m; rec. count =          193
 hc700m: current mean I/O counter =          193
 writing mean record for hc700m; rec. count =          193
 hc: current mean I/O counter =          193
 writing mean record for hc; rec. count =          193
 tflux_unod: current mean I/O counter =          193
 writing mean record for tflux_unod; rec. count =          193
 tflux_vnod: current mean I/O counter =          193
 writing mean record for tflux_vnod; rec. count =          193
 tflux_w: current mean I/O counter =          193
 writing mean record for tflux_w; rec. count =          193
 curl_u: current mean I/O counter =          194
 writing mean record for curl_u; rec. count =          194
 N2: current mean I/O counter =          194
 writing mean record for N2; rec. count =          194
 slope_y: current mean I/O counter =          194
 writing mean record for slope_y; rec. count =          194
 rosb: current mean I/O counter =          194
 writing mean record for rosb; rec. count =          194
 slope_x: current mean I/O counter =          194
 writing mean record for slope_x; rec. count =          194
 tflux_unod: current mean I/O counter =          194
 writing mean record for tflux_unod; rec. count =          194
 vnod: current mean I/O counter =          194
 writing mean record for vnod; rec. count =          194
 v: current mean I/O counter =          194
 writing mean record for v; rec. count =          194
 ssh: current mean I/O counter =          194
 writing mean record for ssh; rec. count =          194
 hc700m: current mean I/O counter =          194
 writing mean record for hc700m; rec. count =          194
 temp: current mean I/O counter =          194
 writing mean record for temp; rec. count =          194
 unod: current mean I/O counter =          194
 writing mean record for unod; rec. count =          194
 tflux_w: current mean I/O counter =          194
 writing mean record for tflux_w; rec. count =          194
 u: current mean I/O counter =          194
 writing mean record for u; rec. count =          194
 sst: current mean I/O counter =          194
 writing mean record for sst; rec. count =          194
 hc300m: current mean I/O counter =          194
 writing mean record for hc300m; rec. count =          194
 hc: current mean I/O counter =          194
 writing mean record for hc; rec. count =          194
 tflux_vnod: current mean I/O counter =          194
 writing mean record for tflux_vnod; rec. count =          194
 curl_u: current mean I/O counter =          195
 writing mean record for curl_u; rec. count =          195
 rosb: current mean I/O counter =          195
 writing mean record for rosb; rec. count =          195
 N2: current mean I/O counter =          195
 writing mean record for N2; rec. count =          195
 slope_y: current mean I/O counter =          195
 writing mean record for slope_y; rec. count =          195
 temp: current mean I/O counter =          195
 writing mean record for temp; rec. count =          195
 unod: current mean I/O counter =          195
 writing mean record for unod; rec. count =          195
 vnod: current mean I/O counter =          195
 writing mean record for vnod; rec. count =          195
 v: current mean I/O counter =          195
 writing mean record for v; rec. count =          195
 ssh: current mean I/O counter =          195
 writing mean record for ssh; rec. count =          195
 hc700m: current mean I/O counter =          195
 writing mean record for hc700m; rec. count =          195
 hc: current mean I/O counter =          195
 writing mean record for hc; rec. count =          195
 tflux_unod: current mean I/O counter =          195
 writing mean record for tflux_unod; rec. count =          195
 tflux_vnod: current mean I/O counter =          195
 writing mean record for tflux_vnod; rec. count =          195
 slope_x: current mean I/O counter =          195
 writing mean record for slope_x; rec. count =          195
 tflux_w: current mean I/O counter =          195
 writing mean record for tflux_w; rec. count =          195
 u: current mean I/O counter =          195
 writing mean record for u; rec. count =          195
 sst: current mean I/O counter =          195
 writing mean record for sst; rec. count =          195
 hc300m: current mean I/O counter =          195
 writing mean record for hc300m; rec. count =          195
 curl_u: current mean I/O counter =          196
 writing mean record for curl_u; rec. count =          196
 N2: current mean I/O counter =          196
 writing mean record for N2; rec. count =          196
 slope_y: current mean I/O counter =          196
 writing mean record for slope_y; rec. count =          196
 rosb: current mean I/O counter =          196
 writing mean record for rosb; rec. count =          196
 vnod: current mean I/O counter =          196
 writing mean record for vnod; rec. count =          196
 ssh: current mean I/O counter =          196
 writing mean record for ssh; rec. count =          196
 hc700m: current mean I/O counter =          196
 writing mean record for hc700m; rec. count =          196
 temp: current mean I/O counter =          196
 writing mean record for temp; rec. count =          196
 v: current mean I/O counter =          196
 writing mean record for v; rec. count =          196
 unod: current mean I/O counter =          196
 writing mean record for unod; rec. count =          196
 slope_x: current mean I/O counter =          196
 writing mean record for slope_x; rec. count =          196
 u: current mean I/O counter =          196
 writing mean record for u; rec. count =          196
 sst: current mean I/O counter =          196
 writing mean record for sst; rec. count =          196
 hc300m: current mean I/O counter =          196
 writing mean record for hc300m; rec. count =          196
 hc: current mean I/O counter =          196
 writing mean record for hc; rec. count =          196
 tflux_unod: current mean I/O counter =          196
 writing mean record for tflux_unod; rec. count =          196
 tflux_vnod: current mean I/O counter =          196
 writing mean record for tflux_vnod; rec. count =          196
 tflux_w: current mean I/O counter =          196
 writing mean record for tflux_w; rec. count =          196
 curl_u: current mean I/O counter =          197
 writing mean record for curl_u; rec. count =          197
 rosb: current mean I/O counter =          197
 writing mean record for rosb; rec. count =          197
 N2: current mean I/O counter =          197
 writing mean record for N2; rec. count =          197
 slope_x: current mean I/O counter =          197
 writing mean record for slope_x; rec. count =          197
 slope_y: current mean I/O counter =          197
 writing mean record for slope_y; rec. count =          197
 temp: current mean I/O counter =          197
 writing mean record for temp; rec. count =          197
 vnod: current mean I/O counter =          197
 writing mean record for vnod; rec. count =          197
 tflux_unod: current mean I/O counter =          197
 writing mean record for tflux_unod; rec. count =          197
 tflux_w: current mean I/O counter =          197
 writing mean record for tflux_w; rec. count =          197
 v: current mean I/O counter =          197
 writing mean record for v; rec. count =          197
 ssh: current mean I/O counter =          197
 writing mean record for ssh; rec. count =          197
 hc700m: current mean I/O counter =          197
 writing mean record for hc700m; rec. count =          197
 unod: current mean I/O counter =          197
 writing mean record for unod; rec. count =          197
 u: current mean I/O counter =          197
 writing mean record for u; rec. count =          197
 sst: current mean I/O counter =          197
 writing mean record for sst; rec. count =          197
 hc300m: current mean I/O counter =          197
 writing mean record for hc300m; rec. count =          197
 hc: current mean I/O counter =          197
 writing mean record for hc; rec. count =          197
 tflux_vnod: current mean I/O counter =          197
 writing mean record for tflux_vnod; rec. count =          197
 curl_u: current mean I/O counter =          198
 writing mean record for curl_u; rec. count =          198
 rosb: current mean I/O counter =          198
 writing mean record for rosb; rec. count =          198
 N2: current mean I/O counter =          198
 writing mean record for N2; rec. count =          198
 slope_y: current mean I/O counter =          198
 writing mean record for slope_y; rec. count =          198
 slope_x: current mean I/O counter =          198
 writing mean record for slope_x; rec. count =          198
 vnod: current mean I/O counter =          198
 writing mean record for vnod; rec. count =          198
 v: current mean I/O counter =          198
 writing mean record for v; rec. count =          198
 tflux_unod: current mean I/O counter =          198
 writing mean record for tflux_unod; rec. count =          198
 tflux_w: current mean I/O counter =          198
 writing mean record for tflux_w; rec. count =          198
 temp: current mean I/O counter =          198
 writing mean record for temp; rec. count =          198
 unod: current mean I/O counter =          198
 writing mean record for unod; rec. count =          198
 ssh: current mean I/O counter =          198
 writing mean record for ssh; rec. count =          198
 hc700m: current mean I/O counter =          198
 writing mean record for hc700m; rec. count =          198
 tflux_vnod: current mean I/O counter =          198
 writing mean record for tflux_vnod; rec. count =          198
 u: current mean I/O counter =          198
 writing mean record for u; rec. count =          198
 sst: current mean I/O counter =          198
 writing mean record for sst; rec. count =          198
 hc300m: current mean I/O counter =          198
 writing mean record for hc300m; rec. count =          198
 hc: current mean I/O counter =          198
 writing mean record for hc; rec. count =          198
 curl_u: current mean I/O counter =          199
 writing mean record for curl_u; rec. count =          199
 rosb: current mean I/O counter =          199
 writing mean record for rosb; rec. count =          199
 N2: current mean I/O counter =          199
 writing mean record for N2; rec. count =          199
 slope_y: current mean I/O counter =          199
 writing mean record for slope_y; rec. count =          199
 v: current mean I/O counter =          199
 writing mean record for v; rec. count =          199
 temp: current mean I/O counter =          199
 writing mean record for temp; rec. count =          199
 unod: current mean I/O counter =          199
 writing mean record for unod; rec. count =          199
 slope_x: current mean I/O counter =          199
 writing mean record for slope_x; rec. count =          199
 hc700m: current mean I/O counter =          199
 writing mean record for hc700m; rec. count =          199
 vnod: current mean I/O counter =          199
 writing mean record for vnod; rec. count =          199
 u: current mean I/O counter =          199
 writing mean record for u; rec. count =          199
 sst: current mean I/O counter =          199
 writing mean record for sst; rec. count =          199
 ssh: current mean I/O counter =          199
 writing mean record for ssh; rec. count =          199
 hc300m: current mean I/O counter =          199
 writing mean record for hc300m; rec. count =          199
 hc: current mean I/O counter =          199
 writing mean record for hc; rec. count =          199
 tflux_unod: current mean I/O counter =          199
 writing mean record for tflux_unod; rec. count =          199
 tflux_vnod: current mean I/O counter =          199
 writing mean record for tflux_vnod; rec. count =          199
 tflux_w: current mean I/O counter =          199
 writing mean record for tflux_w; rec. count =          199
 curl_u: current mean I/O counter =          200
 writing mean record for curl_u; rec. count =          200
 N2: current mean I/O counter =          200
 writing mean record for N2; rec. count =          200
 rosb: current mean I/O counter =          200
 writing mean record for rosb; rec. count =          200
 slope_x: current mean I/O counter =          200
 writing mean record for slope_x; rec. count =          200
 slope_y: current mean I/O counter =          200
 writing mean record for slope_y; rec. count =          200
 temp: current mean I/O counter =          200
 writing mean record for temp; rec. count =          200
 v: current mean I/O counter =          200
 writing mean record for v; rec. count =          200
 vnod: current mean I/O counter =          200
 writing mean record for vnod; rec. count =          200
 ssh: current mean I/O counter =          200
 writing mean record for ssh; rec. count =          200
 unod: current mean I/O counter =          200
 writing mean record for unod; rec. count =          200
 hc700m: current mean I/O counter =          200
 writing mean record for hc700m; rec. count =          200
 tflux_unod: current mean I/O counter =          200
 writing mean record for tflux_unod; rec. count =          200
 tflux_vnod: current mean I/O counter =          200
 writing mean record for tflux_vnod; rec. count =          200
 u: current mean I/O counter =          200
 writing mean record for u; rec. count =          200
 sst: current mean I/O counter =          200
 writing mean record for sst; rec. count =          200
 hc300m: current mean I/O counter =          200
 writing mean record for hc300m; rec. count =          200
 hc: current mean I/O counter =          200
 writing mean record for hc; rec. count =          200
 tflux_w: current mean I/O counter =          200
 writing mean record for tflux_w; rec. count =          200
 curl_u: current mean I/O counter =          201
 writing mean record for curl_u; rec. count =          201
 N2: current mean I/O counter =          201
 writing mean record for N2; rec. count =          201
 slope_y: current mean I/O counter =          201
 writing mean record for slope_y; rec. count =          201
 rosb: current mean I/O counter =          201
 writing mean record for rosb; rec. count =          201
 vnod: current mean I/O counter =          201
 writing mean record for vnod; rec. count =          201
 slope_x: current mean I/O counter =          201
 writing mean record for slope_x; rec. count =          201
 temp: current mean I/O counter =          201
 writing mean record for temp; rec. count =          201
 unod: current mean I/O counter =          201
 writing mean record for unod; rec. count =          201
 u: current mean I/O counter =          201
 writing mean record for u; rec. count =          201
 v: current mean I/O counter =          201
 writing mean record for v; rec. count =          201
 sst: current mean I/O counter =          201
 writing mean record for sst; rec. count =          201
 ssh: current mean I/O counter =          201
 writing mean record for ssh; rec. count =          201
 hc700m: current mean I/O counter =          201
 writing mean record for hc700m; rec. count =          201
 tflux_unod: current mean I/O counter =          201
 writing mean record for tflux_unod; rec. count =          201
 tflux_w: current mean I/O counter =          201
 writing mean record for tflux_w; rec. count =          201
 hc300m: current mean I/O counter =          201
 writing mean record for hc300m; rec. count =          201
 hc: current mean I/O counter =          201
 writing mean record for hc; rec. count =          201
 tflux_vnod: current mean I/O counter =          201
 writing mean record for tflux_vnod; rec. count =          201
 curl_u: current mean I/O counter =          202
 writing mean record for curl_u; rec. count =          202
 rosb: current mean I/O counter =          202
 writing mean record for rosb; rec. count =          202
 N2: current mean I/O counter =          202
 writing mean record for N2; rec. count =          202
 slope_y: current mean I/O counter =          202
 writing mean record for slope_y; rec. count =          202
 vnod: current mean I/O counter =          202
 writing mean record for vnod; rec. count =          202
 v: current mean I/O counter =          202
 writing mean record for v; rec. count =          202
 temp: current mean I/O counter =          202
 writing mean record for temp; rec. count =          202
 slope_x: current mean I/O counter =          202
 writing mean record for slope_x; rec. count =          202
 ssh: current mean I/O counter =          202
 writing mean record for ssh; rec. count =          202
 hc700m: current mean I/O counter =          202
 writing mean record for hc700m; rec. count =          202
 u: current mean I/O counter =          202
 writing mean record for u; rec. count =          202
 unod: current mean I/O counter =          202
 writing mean record for unod; rec. count =          202
 hc: current mean I/O counter =          202
 writing mean record for hc; rec. count =          202
 tflux_unod: current mean I/O counter =          202
 writing mean record for tflux_unod; rec. count =          202
 sst: current mean I/O counter =          202
 writing mean record for sst; rec. count =          202
 hc300m: current mean I/O counter =          202
 writing mean record for hc300m; rec. count =          202
 tflux_vnod: current mean I/O counter =          202
 writing mean record for tflux_vnod; rec. count =          202
 tflux_w: current mean I/O counter =          202
 writing mean record for tflux_w; rec. count =          202
 curl_u: current mean I/O counter =          203
 writing mean record for curl_u; rec. count =          203
 rosb: current mean I/O counter =          203
 writing mean record for rosb; rec. count =          203
 N2: current mean I/O counter =          203
 writing mean record for N2; rec. count =          203
 slope_y: current mean I/O counter =          203
 writing mean record for slope_y; rec. count =          203
 vnod: current mean I/O counter =          203
 writing mean record for vnod; rec. count =          203
 v: current mean I/O counter =          203
 writing mean record for v; rec. count =          203
 ssh: current mean I/O counter =          203
 writing mean record for ssh; rec. count =          203
 hc700m: current mean I/O counter =          203
 writing mean record for hc700m; rec. count =          203
 tflux_w: current mean I/O counter =          203
 writing mean record for tflux_w; rec. count =          203
 slope_x: current mean I/O counter =          203
 writing mean record for slope_x; rec. count =          203
 unod: current mean I/O counter =          203
 writing mean record for unod; rec. count =          203
 temp: current mean I/O counter =          203
 writing mean record for temp; rec. count =          203
 u: current mean I/O counter =          203
 writing mean record for u; rec. count =          203
 sst: current mean I/O counter =          203
 writing mean record for sst; rec. count =          203
 hc300m: current mean I/O counter =          203
 writing mean record for hc300m; rec. count =          203
 hc: current mean I/O counter =          203
 writing mean record for hc; rec. count =          203
 tflux_unod: current mean I/O counter =          203
 writing mean record for tflux_unod; rec. count =          203
 tflux_vnod: current mean I/O counter =          203
 writing mean record for tflux_vnod; rec. count =          203
 curl_u: current mean I/O counter =          204
 writing mean record for curl_u; rec. count =          204
 N2: current mean I/O counter =          204
 writing mean record for N2; rec. count =          204
 slope_y: current mean I/O counter =          204
 writing mean record for slope_y; rec. count =          204
 rosb: current mean I/O counter =          204
 writing mean record for rosb; rec. count =          204
 slope_x: current mean I/O counter =          204
 writing mean record for slope_x; rec. count =          204
 vnod: current mean I/O counter =          204
 writing mean record for vnod; rec. count =          204
 v: current mean I/O counter =          204
 writing mean record for v; rec. count =          204
 temp: current mean I/O counter =          204
 writing mean record for temp; rec. count =          204
 tflux_unod: current mean I/O counter =          204
 writing mean record for tflux_unod; rec. count =          204
 tflux_w: current mean I/O counter =          204
 writing mean record for tflux_w; rec. count =          204
 ssh: current mean I/O counter =          204
 writing mean record for ssh; rec. count =          204
 hc700m: current mean I/O counter =          204
 writing mean record for hc700m; rec. count =          204
 unod: current mean I/O counter =          204
 writing mean record for unod; rec. count =          204
 u: current mean I/O counter =          204
 writing mean record for u; rec. count =          204
 sst: current mean I/O counter =          204
 writing mean record for sst; rec. count =          204
 hc300m: current mean I/O counter =          204
 writing mean record for hc300m; rec. count =          204
 hc: current mean I/O counter =          204
 writing mean record for hc; rec. count =          204
 tflux_vnod: current mean I/O counter =          204
 writing mean record for tflux_vnod; rec. count =          204
 curl_u: current mean I/O counter =          205
 writing mean record for curl_u; rec. count =          205
 rosb: current mean I/O counter =          205
 writing mean record for rosb; rec. count =          205
 N2: current mean I/O counter =          205
 writing mean record for N2; rec. count =          205
 slope_y: current mean I/O counter =          205
 writing mean record for slope_y; rec. count =          205
 temp: current mean I/O counter =          205
 writing mean record for temp; rec. count =          205
 v: current mean I/O counter =          205
 writing mean record for v; rec. count =          205
 tflux_w: current mean I/O counter =          205
 writing mean record for tflux_w; rec. count =          205
 ssh: current mean I/O counter =          205
 writing mean record for ssh; rec. count =          205
 slope_x: current mean I/O counter =          205
 writing mean record for slope_x; rec. count =          205
 unod: current mean I/O counter =          205
 writing mean record for unod; rec. count =          205
 vnod: current mean I/O counter =          205
 writing mean record for vnod; rec. count =          205
 u: current mean I/O counter =          205
 writing mean record for u; rec. count =          205
 sst: current mean I/O counter =          205
 writing mean record for sst; rec. count =          205
 hc300m: current mean I/O counter =          205
 writing mean record for hc300m; rec. count =          205
 hc700m: current mean I/O counter =          205
 writing mean record for hc700m; rec. count =          205
 tflux_unod: current mean I/O counter =          205
 writing mean record for tflux_unod; rec. count =          205
 hc: current mean I/O counter =          205
 writing mean record for hc; rec. count =          205
 tflux_vnod: current mean I/O counter =          205
 writing mean record for tflux_vnod; rec. count =          205
 curl_u: current mean I/O counter =          206
 writing mean record for curl_u; rec. count =          206
 N2: current mean I/O counter =          206
 writing mean record for N2; rec. count =          206
 slope_y: current mean I/O counter =          206
 writing mean record for slope_y; rec. count =          206
 rosb: current mean I/O counter =          206
 writing mean record for rosb; rec. count =          206
 vnod: current mean I/O counter =          206
 writing mean record for vnod; rec. count =          206
 v: current mean I/O counter =          206
 writing mean record for v; rec. count =          206
 ssh: current mean I/O counter =          206
 writing mean record for ssh; rec. count =          206
 hc700m: current mean I/O counter =          206
 writing mean record for hc700m; rec. count =          206
 tflux_unod: current mean I/O counter =          206
 writing mean record for tflux_unod; rec. count =          206
 slope_x: current mean I/O counter =          206
 writing mean record for slope_x; rec. count =          206
 temp: current mean I/O counter =          206
 writing mean record for temp; rec. count =          206
 unod: current mean I/O counter =          206
 writing mean record for unod; rec. count =          206
 u: current mean I/O counter =          206
 writing mean record for u; rec. count =          206
 sst: current mean I/O counter =          206
 writing mean record for sst; rec. count =          206
 hc300m: current mean I/O counter =          206
 writing mean record for hc300m; rec. count =          206
 hc: current mean I/O counter =          206
 writing mean record for hc; rec. count =          206
 tflux_w: current mean I/O counter =          206
 writing mean record for tflux_w; rec. count =          206
 tflux_vnod: current mean I/O counter =          206
 writing mean record for tflux_vnod; rec. count =          206
 curl_u: current mean I/O counter =          207
 writing mean record for curl_u; rec. count =          207
 rosb: current mean I/O counter =          207
 writing mean record for rosb; rec. count =          207
 N2: current mean I/O counter =          207
 writing mean record for N2; rec. count =          207
 slope_y: current mean I/O counter =          207
 writing mean record for slope_y; rec. count =          207
 tflux_unod: current mean I/O counter =          207
 writing mean record for tflux_unod; rec. count =          207
 slope_x: current mean I/O counter =          207
 writing mean record for slope_x; rec. count =          207
 vnod: current mean I/O counter =          207
 writing mean record for vnod; rec. count =          207
 v: current mean I/O counter =          207
 writing mean record for v; rec. count =          207
 ssh: current mean I/O counter =          207
 writing mean record for ssh; rec. count =          207
 hc700m: current mean I/O counter =          207
 writing mean record for hc700m; rec. count =          207
 unod: current mean I/O counter =          207
 writing mean record for unod; rec. count =          207
 hc300m: current mean I/O counter =          207
 writing mean record for hc300m; rec. count =          207
 temp: current mean I/O counter =          207
 writing mean record for temp; rec. count =          207
 u: current mean I/O counter =          207
 writing mean record for u; rec. count =          207
 sst: current mean I/O counter =          207
 writing mean record for sst; rec. count =          207
 hc: current mean I/O counter =          207
 writing mean record for hc; rec. count =          207
 tflux_vnod: current mean I/O counter =          207
 writing mean record for tflux_vnod; rec. count =          207
 tflux_w: current mean I/O counter =          207
 writing mean record for tflux_w; rec. count =          207
 curl_u: current mean I/O counter =          208
 writing mean record for curl_u; rec. count =          208
 rosb: current mean I/O counter =          208
 writing mean record for rosb; rec. count =          208
 N2: current mean I/O counter =          208
 writing mean record for N2; rec. count =          208
 tflux_w: current mean I/O counter =          208
 writing mean record for tflux_w; rec. count =          208
 slope_y: current mean I/O counter =          208
 writing mean record for slope_y; rec. count =          208
 temp: current mean I/O counter =          208
 writing mean record for temp; rec. count =          208
 vnod: current mean I/O counter =          208
 writing mean record for vnod; rec. count =          208
 v: current mean I/O counter =          208
 writing mean record for v; rec. count =          208
 ssh: current mean I/O counter =          208
 writing mean record for ssh; rec. count =          208
 hc700m: current mean I/O counter =          208
 writing mean record for hc700m; rec. count =          208
 tflux_unod: current mean I/O counter =          208
 writing mean record for tflux_unod; rec. count =          208
 slope_x: current mean I/O counter =          208
 writing mean record for slope_x; rec. count =          208
 u: current mean I/O counter =          208
 writing mean record for u; rec. count =          208
 unod: current mean I/O counter =          208
 writing mean record for unod; rec. count =          208
 sst: current mean I/O counter =          208
 writing mean record for sst; rec. count =          208
 hc300m: current mean I/O counter =          208
 writing mean record for hc300m; rec. count =          208
 hc: current mean I/O counter =          208
 writing mean record for hc; rec. count =          208
 tflux_vnod: current mean I/O counter =          208
 writing mean record for tflux_vnod; rec. count =          208
 curl_u: current mean I/O counter =          209
 writing mean record for curl_u; rec. count =          209
 rosb: current mean I/O counter =          209
 writing mean record for rosb; rec. count =          209
 N2: current mean I/O counter =          209
 writing mean record for N2; rec. count =          209
 slope_y: current mean I/O counter =          209
 writing mean record for slope_y; rec. count =          209
 temp: current mean I/O counter =          209
 writing mean record for temp; rec. count =          209
 slope_x: current mean I/O counter =          209
 writing mean record for slope_x; rec. count =          209
 unod: current mean I/O counter =          209
 writing mean record for unod; rec. count =          209
 vnod: current mean I/O counter =          209
 writing mean record for vnod; rec. count =          209
 u: current mean I/O counter =          209
 writing mean record for u; rec. count =          209
 v: current mean I/O counter =          209
 writing mean record for v; rec. count =          209
 sst: current mean I/O counter =          209
 writing mean record for sst; rec. count =          209
 ssh: current mean I/O counter =          209
 writing mean record for ssh; rec. count =          209
 hc700m: current mean I/O counter =          209
 writing mean record for hc700m; rec. count =          209
 hc: current mean I/O counter =          209
 writing mean record for hc; rec. count =          209
 tflux_unod: current mean I/O counter =          209
 writing mean record for tflux_unod; rec. count =          209
 tflux_vnod: current mean I/O counter =          209
 writing mean record for tflux_vnod; rec. count =          209
 tflux_w: current mean I/O counter =          209
 writing mean record for tflux_w; rec. count =          209
 hc300m: current mean I/O counter =          209
 writing mean record for hc300m; rec. count =          209
 curl_u: current mean I/O counter =          210
 writing mean record for curl_u; rec. count =          210
 rosb: current mean I/O counter =          210
 writing mean record for rosb; rec. count =          210
 N2: current mean I/O counter =          210
 writing mean record for N2; rec. count =          210
 slope_x: current mean I/O counter =          210
 writing mean record for slope_x; rec. count =          210
 slope_y: current mean I/O counter =          210
 writing mean record for slope_y; rec. count =          210
 vnod: current mean I/O counter =          210
 writing mean record for vnod; rec. count =          210
 v: current mean I/O counter =          210
 writing mean record for v; rec. count =          210
 ssh: current mean I/O counter =          210
 writing mean record for ssh; rec. count =          210
 temp: current mean I/O counter =          210
 writing mean record for temp; rec. count =          210
 tflux_unod: current mean I/O counter =          210
 writing mean record for tflux_unod; rec. count =          210
 tflux_w: current mean I/O counter =          210
 writing mean record for tflux_w; rec. count =          210
 u: current mean I/O counter =          210
 writing mean record for u; rec. count =          210
 hc300m: current mean I/O counter =          210
 writing mean record for hc300m; rec. count =          210
 hc700m: current mean I/O counter =          210
 writing mean record for hc700m; rec. count =          210
 unod: current mean I/O counter =          210
 writing mean record for unod; rec. count =          210
 sst: current mean I/O counter =          210
 writing mean record for sst; rec. count =          210
 hc: current mean I/O counter =          210
 writing mean record for hc; rec. count =          210
 tflux_vnod: current mean I/O counter =          210
 writing mean record for tflux_vnod; rec. count =          210
 curl_u: current mean I/O counter =          211
 writing mean record for curl_u; rec. count =          211
 N2: current mean I/O counter =          211
 writing mean record for N2; rec. count =          211
 slope_y: current mean I/O counter =          211
 writing mean record for slope_y; rec. count =          211
 rosb: current mean I/O counter =          211
 writing mean record for rosb; rec. count =          211
 vnod: current mean I/O counter =          211
 writing mean record for vnod; rec. count =          211
 v: current mean I/O counter =          211
 writing mean record for v; rec. count =          211
 ssh: current mean I/O counter =          211
 writing mean record for ssh; rec. count =          211
 hc700m: current mean I/O counter =          211
 writing mean record for hc700m; rec. count =          211
 tflux_unod: current mean I/O counter =          211
 writing mean record for tflux_unod; rec. count =          211
 temp: current mean I/O counter =          211
 writing mean record for temp; rec. count =          211
 unod: current mean I/O counter =          211
 writing mean record for unod; rec. count =          211
 slope_x: current mean I/O counter =          211
 writing mean record for slope_x; rec. count =          211
 sst: current mean I/O counter =          211
 writing mean record for sst; rec. count =          211
 hc300m: current mean I/O counter =          211
 writing mean record for hc300m; rec. count =          211
 u: current mean I/O counter =          211
 writing mean record for u; rec. count =          211
 hc: current mean I/O counter =          211
 writing mean record for hc; rec. count =          211
 tflux_vnod: current mean I/O counter =          211
 writing mean record for tflux_vnod; rec. count =          211
 tflux_w: current mean I/O counter =          211
 writing mean record for tflux_w; rec. count =          211
 curl_u: current mean I/O counter =          212
 writing mean record for curl_u; rec. count =          212
 rosb: current mean I/O counter =          212
 writing mean record for rosb; rec. count =          212
 N2: current mean I/O counter =          212
 writing mean record for N2; rec. count =          212
 slope_y: current mean I/O counter =          212
 writing mean record for slope_y; rec. count =          212
 unod: current mean I/O counter =          212
 writing mean record for unod; rec. count =          212
 vnod: current mean I/O counter =          212
 writing mean record for vnod; rec. count =          212
 v: current mean I/O counter =          212
 writing mean record for v; rec. count =          212
 ssh: current mean I/O counter =          212
 writing mean record for ssh; rec. count =          212
 tflux_unod: current mean I/O counter =          212
 writing mean record for tflux_unod; rec. count =          212
 tflux_w: current mean I/O counter =          212
 writing mean record for tflux_w; rec. count =          212
 slope_x: current mean I/O counter =          212
 writing mean record for slope_x; rec. count =          212
 hc700m: current mean I/O counter =          212
 writing mean record for hc700m; rec. count =          212
 temp: current mean I/O counter =          212
 writing mean record for temp; rec. count =          212
 u: current mean I/O counter =          212
 writing mean record for u; rec. count =          212
 sst: current mean I/O counter =          212
 writing mean record for sst; rec. count =          212
 hc300m: current mean I/O counter =          212
 writing mean record for hc300m; rec. count =          212
 hc: current mean I/O counter =          212
 writing mean record for hc; rec. count =          212
 tflux_vnod: current mean I/O counter =          212
 writing mean record for tflux_vnod; rec. count =          212
 curl_u: current mean I/O counter =          213
 writing mean record for curl_u; rec. count =          213
 N2: current mean I/O counter =          213
 writing mean record for N2; rec. count =          213
 slope_y: current mean I/O counter =          213
 writing mean record for slope_y; rec. count =          213
 rosb: current mean I/O counter =          213
 writing mean record for rosb; rec. count =          213
 vnod: current mean I/O counter =          213
 writing mean record for vnod; rec. count =          213
 v: current mean I/O counter =          213
 writing mean record for v; rec. count =          213
 slope_x: current mean I/O counter =          213
 writing mean record for slope_x; rec. count =          213
 temp: current mean I/O counter =          213
 writing mean record for temp; rec. count =          213
 unod: current mean I/O counter =          213
 writing mean record for unod; rec. count =          213
 u: current mean I/O counter =          213
 writing mean record for u; rec. count =          213
 ssh: current mean I/O counter =          213
 writing mean record for ssh; rec. count =          213
 hc700m: current mean I/O counter =          213
 writing mean record for hc700m; rec. count =          213
 hc: current mean I/O counter =          213
 writing mean record for hc; rec. count =          213
 tflux_unod: current mean I/O counter =          213
 writing mean record for tflux_unod; rec. count =          213
 tflux_w: current mean I/O counter =          213
 writing mean record for tflux_w; rec. count =          213
 sst: current mean I/O counter =          213
 writing mean record for sst; rec. count =          213
 hc300m: current mean I/O counter =          213
 writing mean record for hc300m; rec. count =          213
 tflux_vnod: current mean I/O counter =          213
 writing mean record for tflux_vnod; rec. count =          213
 curl_u: current mean I/O counter =          214
 writing mean record for curl_u; rec. count =          214
 rosb: current mean I/O counter =          214
 writing mean record for rosb; rec. count =          214
 N2: current mean I/O counter =          214
 writing mean record for N2; rec. count =          214
 slope_y: current mean I/O counter =          214
 writing mean record for slope_y; rec. count =          214
 temp: current mean I/O counter =          214
 writing mean record for temp; rec. count =          214
 slope_x: current mean I/O counter =          214
 writing mean record for slope_x; rec. count =          214
 vnod: current mean I/O counter =          214
 writing mean record for vnod; rec. count =          214
 v: current mean I/O counter =          214
 writing mean record for v; rec. count =          214
 hc700m: current mean I/O counter =          214
 writing mean record for hc700m; rec. count =          214
 ssh: current mean I/O counter =          214
 writing mean record for ssh; rec. count =          214
 unod: current mean I/O counter =          214
 writing mean record for unod; rec. count =          214
 u: current mean I/O counter =          214
 writing mean record for u; rec. count =          214
 sst: current mean I/O counter =          214
 writing mean record for sst; rec. count =          214
 tflux_w: current mean I/O counter =          214
 writing mean record for tflux_w; rec. count =          214
 hc300m: current mean I/O counter =          214
 writing mean record for hc300m; rec. count =          214
 tflux_unod: current mean I/O counter =          214
 writing mean record for tflux_unod; rec. count =          214
 hc: current mean I/O counter =          214
 writing mean record for hc; rec. count =          214
 tflux_vnod: current mean I/O counter =          214
 writing mean record for tflux_vnod; rec. count =          214
 curl_u: current mean I/O counter =          215
 writing mean record for curl_u; rec. count =          215
 rosb: current mean I/O counter =          215
 writing mean record for rosb; rec. count =          215
 N2: current mean I/O counter =          215
 writing mean record for N2; rec. count =          215
 slope_y: current mean I/O counter =          215
 writing mean record for slope_y; rec. count =          215
 FESOM =======================================================
 FESOM step:         216  day:           2  year:        2008
 
 slope_x: current mean I/O counter =          215
 writing mean record for slope_x; rec. count =          215
 vnod: current mean I/O counter =          215
 writing mean record for vnod; rec. count =          215
 v: current mean I/O counter =          215
 writing mean record for v; rec. count =          215
 ssh: current mean I/O counter =          215
 writing mean record for ssh; rec. count =          215
 temp: current mean I/O counter =          215
 writing mean record for temp; rec. count =          215
 hc700m: current mean I/O counter =          215
 writing mean record for hc700m; rec. count =          215
 tflux_w: current mean I/O counter =          215
 writing mean record for tflux_w; rec. count =          215
 unod: current mean I/O counter =          215
 writing mean record for unod; rec. count =          215
 u: current mean I/O counter =          215
 writing mean record for u; rec. count =          215
 sst: current mean I/O counter =          215
 writing mean record for sst; rec. count =          215
 hc300m: current mean I/O counter =          215
 writing mean record for hc300m; rec. count =          215
 hc: current mean I/O counter =          215
 writing mean record for hc; rec. count =          215
 tflux_unod: current mean I/O counter =          215
 writing mean record for tflux_unod; rec. count =          215
 tflux_vnod: current mean I/O counter =          215
 writing mean record for tflux_vnod; rec. count =          215
 ___CHECK GLOBAL OCEAN VARIABLES --> mstep=         216
   ___global estimat of eta & hbar____________________
    int(eta), int(hbar)      =  2.442359146949411E-002  2.442359146949411E-002
     --> error(eta-hbar)     =  0.000000000000000E+000
    min(eta) , max(eta)      = -0.502354107009592       0.759089756504548     
    max(hbar), max(hbar)     = -0.502354107009592       0.759089756504548     
 
    int(deta), int(dhbar)    =  0.000000000000000E+000  2.100703749727295E-004
     --> error(deta-dhbar)   = -2.100703749727295E-004
     --> error(deta-wflux)   =  0.000000000000000E+000
     --> error(dhbar-wflux)  =  2.100703749727295E-004
 
    -int(wflux)*dt          =  0.000000000000000E+000
    int(deta )-int(wflux)*dt =  0.000000000000000E+000
    int(dhbar)-int(wflux)*dt =  2.100703749727295E-004
 
   ___global min/max/mean  --> mstep=         216 ____________
       eta= -5.024E-01 |  7.591E-01 | N.A.
      deta= -6.961E-04 |  1.029E-03 | N.A.
      hbar= -5.024E-01 |  7.591E-01 | N.A.
     wflux=  0.000E+00 |  0.000E+00 |  0.000E+00
     hflux=  6.196E+01 |  1.187E+02 |  0.000E+00
      temp=  2.138E+00 |  2.829E+01 |  0.000E+00
      salt=  3.500E+01 |  3.500E+01 |  0.000E+00
    wvel(1,:)= -1.160E-06 |  1.716E-06 | N.A.
    wvel(2,:)= -1.133E-05 |  2.310E-05 | N.A.
    uvel(1,:)= -2.598E-01 |  4.327E-01 | N.A.
    uvel(2,:)= -2.526E-01 |  4.288E-01 | N.A.
    vvel(1,:)= -1.489E-01 |  3.561E-01 | N.A.
    vvel(2,:)= -1.485E-01 |  3.574E-01 | N.A.
   hnode(1,:)=  9.038E+00 |  9.038E+00 | N.A.
   hnode(2,:)=  9.941E+00 |  9.941E+00 | N.A.
     cfl_z=  N.A.      |  9.347E-03 | N.A.
     pgf_x=  N.A.      |  1.834E-05 | N.A.
     pgf_y=  N.A.      |  5.848E-05 | N.A.
          Av=  N.A.      |  1.000E-01 | N.A.
          Kv=  N.A.      |  1.000E-01 | N.A.
 ___ALE OCEAN STEP EXECUTION TIMES______________________
     Oce. Mix,Press.. : 7.682E-02
     Oce. Dynamics    : 1.344E-04
     Oce. Update Vel. : 2.594E-05
     Oce. Fer-GM.     : 2.999E-08
     _______________________________
     ALE-Solve SSH    : 2.797E-04
     ALE-Calc. hbar   : 1.860E-05
     ALE-Update+W     : 4.923E-05
     ALE-Solve Tracer : 4.832E-01
     ALE-Update hnode : 3.366E-02
     _______________________________
     check for blowup : 2.619E-04
     _______________________________
     Oce. TOTAL       : 5.944E-01
 
 
 curl_u: current mean I/O counter =          216
 writing mean record for curl_u; rec. count =          216
 rosb: current mean I/O counter =          216
 writing mean record for rosb; rec. count =          216
 N2: current mean I/O counter =          216
 writing mean record for N2; rec. count =          216
 slope_x: current mean I/O counter =          216
 writing mean record for slope_x; rec. count =          216
 slope_y: current mean I/O counter =          216
 writing mean record for slope_y; rec. count =          216
 temp: current mean I/O counter =          216
 writing mean record for temp; rec. count =          216
 vnod: current mean I/O counter =          216
 writing mean record for vnod; rec. count =          216
 v: current mean I/O counter =          216
 writing mean record for v; rec. count =          216
 ssh: current mean I/O counter =          216
 writing mean record for ssh; rec. count =          216
 hc700m: current mean I/O counter =          216
 writing mean record for hc700m; rec. count =          216
 hc: current mean I/O counter =          216
 writing mean record for hc; rec. count =          216
 tflux_vnod: current mean I/O counter =          216
 writing mean record for tflux_vnod; rec. count =          216
 unod: current mean I/O counter =          216
 writing mean record for unod; rec. count =          216
 u: current mean I/O counter =          216
 writing mean record for u; rec. count =          216
 sst: current mean I/O counter =          216
 writing mean record for sst; rec. count =          216
 hc300m: current mean I/O counter =          216
 writing mean record for hc300m; rec. count =          216
 tflux_unod: current mean I/O counter =          216
 writing mean record for tflux_unod; rec. count =          216
 tflux_w: current mean I/O counter =          216
 writing mean record for tflux_w; rec. count =          216
 curl_u: current mean I/O counter =          217
 writing mean record for curl_u; rec. count =          217
 rosb: current mean I/O counter =          217
 writing mean record for rosb; rec. count =          217
 N2: current mean I/O counter =          217
 writing mean record for N2; rec. count =          217
 slope_y: current mean I/O counter =          217
 writing mean record for slope_y; rec. count =          217
 temp: current mean I/O counter =          217
 writing mean record for temp; rec. count =          217
 vnod: current mean I/O counter =          217
 writing mean record for vnod; rec. count =          217
 v: current mean I/O counter =          217
 writing mean record for v; rec. count =          217
 ssh: current mean I/O counter =          217
 writing mean record for ssh; rec. count =          217
 hc700m: current mean I/O counter =          217
 writing mean record for hc700m; rec. count =          217
 tflux_unod: current mean I/O counter =          217
 writing mean record for tflux_unod; rec. count =          217
 slope_x: current mean I/O counter =          217
 writing mean record for slope_x; rec. count =          217
 unod: current mean I/O counter =          217
 writing mean record for unod; rec. count =          217
 hc: current mean I/O counter =          217
 writing mean record for hc; rec. count =          217
 u: current mean I/O counter =          217
 writing mean record for u; rec. count =          217
 sst: current mean I/O counter =          217
 writing mean record for sst; rec. count =          217
 hc300m: current mean I/O counter =          217
 writing mean record for hc300m; rec. count =          217
 tflux_vnod: current mean I/O counter =          217
 writing mean record for tflux_vnod; rec. count =          217
 tflux_w: current mean I/O counter =          217
 writing mean record for tflux_w; rec. count =          217
 curl_u: current mean I/O counter =          218
 writing mean record for curl_u; rec. count =          218
 slope_y: current mean I/O counter =          218
 writing mean record for slope_y; rec. count =          218
 N2: current mean I/O counter =          218
 writing mean record for N2; rec. count =          218
 rosb: current mean I/O counter =          218
 writing mean record for rosb; rec. count =          218
 slope_x: current mean I/O counter =          218
 writing mean record for slope_x; rec. count =          218
 temp: current mean I/O counter =          218
 writing mean record for temp; rec. count =          218
 unod: current mean I/O counter =          218
 writing mean record for unod; rec. count =          218
 vnod: current mean I/O counter =          218
 writing mean record for vnod; rec. count =          218
 u: current mean I/O counter =          218
 writing mean record for u; rec. count =          218
 v: current mean I/O counter =          218
 writing mean record for v; rec. count =          218
 sst: current mean I/O counter =          218
 writing mean record for sst; rec. count =          218
 ssh: current mean I/O counter =          218
 writing mean record for ssh; rec. count =          218
 hc300m: current mean I/O counter =          218
 writing mean record for hc300m; rec. count =          218
 hc700m: current mean I/O counter =          218
 writing mean record for hc700m; rec. count =          218
 tflux_unod: current mean I/O counter =          218
 writing mean record for tflux_unod; rec. count =          218
 hc: current mean I/O counter =          218
 writing mean record for hc; rec. count =          218
 tflux_vnod: current mean I/O counter =          218
 writing mean record for tflux_vnod; rec. count =          218
 tflux_w: current mean I/O counter =          218
 writing mean record for tflux_w; rec. count =          218
 curl_u: current mean I/O counter =          219
 writing mean record for curl_u; rec. count =          219
 N2: current mean I/O counter =          219
 writing mean record for N2; rec. count =          219
 slope_y: current mean I/O counter =          219
 writing mean record for slope_y; rec. count =          219
 rosb: current mean I/O counter =          219
 writing mean record for rosb; rec. count =          219
 slope_x: current mean I/O counter =          219
 writing mean record for slope_x; rec. count =          219
 temp: current mean I/O counter =          219
 writing mean record for temp; rec. count =          219
 vnod: current mean I/O counter =          219
 writing mean record for vnod; rec. count =          219
 unod: current mean I/O counter =          219
 writing mean record for unod; rec. count =          219
 u: current mean I/O counter =          219
 writing mean record for u; rec. count =          219
 v: current mean I/O counter =          219
 writing mean record for v; rec. count =          219
 ssh: current mean I/O counter =          219
 writing mean record for ssh; rec. count =          219
 hc700m: current mean I/O counter =          219
 writing mean record for hc700m; rec. count =          219
 hc: current mean I/O counter =          219
 writing mean record for hc; rec. count =          219
 tflux_unod: current mean I/O counter =          219
 writing mean record for tflux_unod; rec. count =          219
 tflux_vnod: current mean I/O counter =          219
 writing mean record for tflux_vnod; rec. count =          219
 tflux_w: current mean I/O counter =          219
 writing mean record for tflux_w; rec. count =          219
 sst: current mean I/O counter =          219
 writing mean record for sst; rec. count =          219
 hc300m: current mean I/O counter =          219
 writing mean record for hc300m; rec. count =          219
 curl_u: current mean I/O counter =          220
 writing mean record for curl_u; rec. count =          220
 rosb: current mean I/O counter =          220
 writing mean record for rosb; rec. count =          220
 N2: current mean I/O counter =          220
 writing mean record for N2; rec. count =          220
 slope_y: current mean I/O counter =          220
 writing mean record for slope_y; rec. count =          220
 tflux_unod: current mean I/O counter =          220
 writing mean record for tflux_unod; rec. count =          220
 slope_x: current mean I/O counter =          220
 writing mean record for slope_x; rec. count =          220
 temp: current mean I/O counter =          220
 writing mean record for temp; rec. count =          220
 unod: current mean I/O counter =          220
 writing mean record for unod; rec. count =          220
 vnod: current mean I/O counter =          220
 writing mean record for vnod; rec. count =          220
 u: current mean I/O counter =          220
 writing mean record for u; rec. count =          220
 v: current mean I/O counter =          220
 writing mean record for v; rec. count =          220
 sst: current mean I/O counter =          220
 writing mean record for sst; rec. count =          220
 ssh: current mean I/O counter =          220
 writing mean record for ssh; rec. count =          220
 hc300m: current mean I/O counter =          220
 writing mean record for hc300m; rec. count =          220
 hc700m: current mean I/O counter =          220
 writing mean record for hc700m; rec. count =          220
 hc: current mean I/O counter =          220
 writing mean record for hc; rec. count =          220
 tflux_vnod: current mean I/O counter =          220
 writing mean record for tflux_vnod; rec. count =          220
 tflux_w: current mean I/O counter =          220
 writing mean record for tflux_w; rec. count =          220
 curl_u: current mean I/O counter =          221
 writing mean record for curl_u; rec. count =          221
 rosb: current mean I/O counter =          221
 writing mean record for rosb; rec. count =          221
 N2: current mean I/O counter =          221
 writing mean record for N2; rec. count =          221
 slope_x: current mean I/O counter =          221
 writing mean record for slope_x; rec. count =          221
 slope_y: current mean I/O counter =          221
 writing mean record for slope_y; rec. count =          221
 temp: current mean I/O counter =          221
 writing mean record for temp; rec. count =          221
 vnod: current mean I/O counter =          221
 writing mean record for vnod; rec. count =          221
 ssh: current mean I/O counter =          221
 writing mean record for ssh; rec. count =          221
 tflux_w: current mean I/O counter =          221
 writing mean record for tflux_w; rec. count =          221
 hc700m: current mean I/O counter =          221
 writing mean record for hc700m; rec. count =          221
 tflux_unod: current mean I/O counter =          221
 writing mean record for tflux_unod; rec. count =          221
 unod: current mean I/O counter =          221
 writing mean record for unod; rec. count =          221
 u: current mean I/O counter =          221
 writing mean record for u; rec. count =          221
 v: current mean I/O counter =          221
 writing mean record for v; rec. count =          221
 sst: current mean I/O counter =          221
 writing mean record for sst; rec. count =          221
 hc300m: current mean I/O counter =          221
 writing mean record for hc300m; rec. count =          221
 hc: current mean I/O counter =          221
 writing mean record for hc; rec. count =          221
 tflux_vnod: current mean I/O counter =          221
 writing mean record for tflux_vnod; rec. count =          221
 curl_u: current mean I/O counter =          222
 writing mean record for curl_u; rec. count =          222
 rosb: current mean I/O counter =          222
 writing mean record for rosb; rec. count =          222
 N2: current mean I/O counter =          222
 writing mean record for N2; rec. count =          222
 slope_y: current mean I/O counter =          222
 writing mean record for slope_y; rec. count =          222
 slope_x: current mean I/O counter =          222
 writing mean record for slope_x; rec. count =          222
 temp: current mean I/O counter =          222
 writing mean record for temp; rec. count =          222
 unod: current mean I/O counter =          222
 writing mean record for unod; rec. count =          222
 vnod: current mean I/O counter =          222
 writing mean record for vnod; rec. count =          222
 u: current mean I/O counter =          222
 writing mean record for u; rec. count =          222
 v: current mean I/O counter =          222
 writing mean record for v; rec. count =          222
 sst: current mean I/O counter =          222
 writing mean record for sst; rec. count =          222
 ssh: current mean I/O counter =          222
 writing mean record for ssh; rec. count =          222
 hc300m: current mean I/O counter =          222
 writing mean record for hc300m; rec. count =          222
 hc700m: current mean I/O counter =          222
 writing mean record for hc700m; rec. count =          222
 hc: current mean I/O counter =          222
 writing mean record for hc; rec. count =          222
 tflux_unod: current mean I/O counter =          222
 writing mean record for tflux_unod; rec. count =          222
 tflux_vnod: current mean I/O counter =          222
 writing mean record for tflux_vnod; rec. count =          222
 tflux_w: current mean I/O counter =          222
 writing mean record for tflux_w; rec. count =          222
 curl_u: current mean I/O counter =          223
 writing mean record for curl_u; rec. count =          223
 N2: current mean I/O counter =          223
 writing mean record for N2; rec. count =          223
 slope_y: current mean I/O counter =          223
 writing mean record for slope_y; rec. count =          223
 rosb: current mean I/O counter =          223
 writing mean record for rosb; rec. count =          223
 slope_x: current mean I/O counter =          223
 writing mean record for slope_x; rec. count =          223
 temp: current mean I/O counter =          223
 writing mean record for temp; rec. count =          223
 unod: current mean I/O counter =          223
 writing mean record for unod; rec. count =          223
 vnod: current mean I/O counter =          223
 writing mean record for vnod; rec. count =          223
 u: current mean I/O counter =          223
 writing mean record for u; rec. count =          223
 v: current mean I/O counter =          223
 writing mean record for v; rec. count =          223
 sst: current mean I/O counter =          223
 writing mean record for sst; rec. count =          223
 ssh: current mean I/O counter =          223
 writing mean record for ssh; rec. count =          223
 hc300m: current mean I/O counter =          223
 writing mean record for hc300m; rec. count =          223
 hc700m: current mean I/O counter =          223
 writing mean record for hc700m; rec. count =          223
 hc: current mean I/O counter =          223
 writing mean record for hc; rec. count =          223
 tflux_unod: current mean I/O counter =          223
 writing mean record for tflux_unod; rec. count =          223
 tflux_vnod: current mean I/O counter =          223
 writing mean record for tflux_vnod; rec. count =          223
 tflux_w: current mean I/O counter =          223
 writing mean record for tflux_w; rec. count =          223
 curl_u: current mean I/O counter =          224
 writing mean record for curl_u; rec. count =          224
 rosb: current mean I/O counter =          224
 writing mean record for rosb; rec. count =          224
 N2: current mean I/O counter =          224
 writing mean record for N2; rec. count =          224
 slope_y: current mean I/O counter =          224
 writing mean record for slope_y; rec. count =          224
 vnod: current mean I/O counter =          224
 writing mean record for vnod; rec. count =          224
 v: current mean I/O counter =          224
 writing mean record for v; rec. count =          224
 slope_x: current mean I/O counter =          224
 writing mean record for slope_x; rec. count =          224
 unod: current mean I/O counter =          224
 writing mean record for unod; rec. count =          224
 ssh: current mean I/O counter =          224
 writing mean record for ssh; rec. count =          224
 tflux_vnod: current mean I/O counter =          224
 writing mean record for tflux_vnod; rec. count =          224
 tflux_w: current mean I/O counter =          224
 writing mean record for tflux_w; rec. count =          224
 temp: current mean I/O counter =          224
 writing mean record for temp; rec. count =          224
 u: current mean I/O counter =          224
 writing mean record for u; rec. count =          224
 hc700m: current mean I/O counter =          224
 writing mean record for hc700m; rec. count =          224
 sst: current mean I/O counter =          224
 writing mean record for sst; rec. count =          224
 hc300m: current mean I/O counter =          224
 writing mean record for hc300m; rec. count =          224
 hc: current mean I/O counter =          224
 writing mean record for hc; rec. count =          224
 tflux_unod: current mean I/O counter =          224
 writing mean record for tflux_unod; rec. count =          224
 curl_u: current mean I/O counter =          225
 writing mean record for curl_u; rec. count =          225
 N2: current mean I/O counter =          225
 writing mean record for N2; rec. count =          225
 slope_y: current mean I/O counter =          225
 writing mean record for slope_y; rec. count =          225
 rosb: current mean I/O counter =          225
 writing mean record for rosb; rec. count =          225
 slope_x: current mean I/O counter =          225
 writing mean record for slope_x; rec. count =          225
 unod: current mean I/O counter =          225
 writing mean record for unod; rec. count =          225
 vnod: current mean I/O counter =          225
 writing mean record for vnod; rec. count =          225
 u: current mean I/O counter =          225
 writing mean record for u; rec. count =          225
 v: current mean I/O counter =          225
 writing mean record for v; rec. count =          225
 ssh: current mean I/O counter =          225
 writing mean record for ssh; rec. count =          225
 hc700m: current mean I/O counter =          225
 writing mean record for hc700m; rec. count =          225
 tflux_w: current mean I/O counter =          225
 writing mean record for tflux_w; rec. count =          225
 temp: current mean I/O counter =          225
 writing mean record for temp; rec. count =          225
 sst: current mean I/O counter =          225
 writing mean record for sst; rec. count =          225
 hc300m: current mean I/O counter =          225
 writing mean record for hc300m; rec. count =          225
 hc: current mean I/O counter =          225
 writing mean record for hc; rec. count =          225
 tflux_unod: current mean I/O counter =          225
 writing mean record for tflux_unod; rec. count =          225
 tflux_vnod: current mean I/O counter =          225
 writing mean record for tflux_vnod; rec. count =          225
 curl_u: current mean I/O counter =          226
 writing mean record for curl_u; rec. count =          226
 rosb: current mean I/O counter =          226
 writing mean record for rosb; rec. count =          226
 N2: current mean I/O counter =          226
 writing mean record for N2; rec. count =          226
 slope_y: current mean I/O counter =          226
 writing mean record for slope_y; rec. count =          226
 temp: current mean I/O counter =          226
 writing mean record for temp; rec. count =          226
 unod: current mean I/O counter =          226
 writing mean record for unod; rec. count =          226
 vnod: current mean I/O counter =          226
 writing mean record for vnod; rec. count =          226
 v: current mean I/O counter =          226
 writing mean record for v; rec. count =          226
 ssh: current mean I/O counter =          226
 writing mean record for ssh; rec. count =          226
 tflux_unod: current mean I/O counter =          226
 writing mean record for tflux_unod; rec. count =          226
 u: current mean I/O counter =          226
 writing mean record for u; rec. count =          226
 hc700m: current mean I/O counter =          226
 writing mean record for hc700m; rec. count =          226
 slope_x: current mean I/O counter =          226
 writing mean record for slope_x; rec. count =          226
 sst: current mean I/O counter =          226
 writing mean record for sst; rec. count =          226
 hc300m: current mean I/O counter =          226
 writing mean record for hc300m; rec. count =          226
 tflux_w: current mean I/O counter =          226
 writing mean record for tflux_w; rec. count =          226
 hc: current mean I/O counter =          226
 writing mean record for hc; rec. count =          226
 tflux_vnod: current mean I/O counter =          226
 writing mean record for tflux_vnod; rec. count =          226
 curl_u: current mean I/O counter =          227
 writing mean record for curl_u; rec. count =          227
 rosb: current mean I/O counter =          227
 writing mean record for rosb; rec. count =          227
 N2: current mean I/O counter =          227
 writing mean record for N2; rec. count =          227
 slope_y: current mean I/O counter =          227
 writing mean record for slope_y; rec. count =          227
 temp: current mean I/O counter =          227
 writing mean record for temp; rec. count =          227
 unod: current mean I/O counter =          227
 writing mean record for unod; rec. count =          227
 vnod: current mean I/O counter =          227
 writing mean record for vnod; rec. count =          227
 v: current mean I/O counter =          227
 writing mean record for v; rec. count =          227
 ssh: current mean I/O counter =          227
 writing mean record for ssh; rec. count =          227
 hc700m: current mean I/O counter =          227
 writing mean record for hc700m; rec. count =          227
 tflux_w: current mean I/O counter =          227
 writing mean record for tflux_w; rec. count =          227
 tflux_vnod: current mean I/O counter =          227
 writing mean record for tflux_vnod; rec. count =          227
 slope_x: current mean I/O counter =          227
 writing mean record for slope_x; rec. count =          227
 u: current mean I/O counter =          227
 writing mean record for u; rec. count =          227
 sst: current mean I/O counter =          227
 writing mean record for sst; rec. count =          227
 hc300m: current mean I/O counter =          227
 writing mean record for hc300m; rec. count =          227
 hc: current mean I/O counter =          227
 writing mean record for hc; rec. count =          227
 tflux_unod: current mean I/O counter =          227
 writing mean record for tflux_unod; rec. count =          227
 curl_u: current mean I/O counter =          228
 writing mean record for curl_u; rec. count =          228
 N2: current mean I/O counter =          228
 writing mean record for N2; rec. count =          228
 slope_y: current mean I/O counter =          228
 writing mean record for slope_y; rec. count =          228
 rosb: current mean I/O counter =          228
 writing mean record for rosb; rec. count =          228
 slope_x: current mean I/O counter =          228
 writing mean record for slope_x; rec. count =          228
 temp: current mean I/O counter =          228
 writing mean record for temp; rec. count =          228
 hc: current mean I/O counter =          228
 writing mean record for hc; rec. count =          228
 tflux_w: current mean I/O counter =          228
 writing mean record for tflux_w; rec. count =          228
 vnod: current mean I/O counter =          228
 writing mean record for vnod; rec. count =          228
 unod: current mean I/O counter =          228
 writing mean record for unod; rec. count =          228
 v: current mean I/O counter =          228
 writing mean record for v; rec. count =          228
 ssh: current mean I/O counter =          228
 writing mean record for ssh; rec. count =          228
 hc700m: current mean I/O counter =          228
 writing mean record for hc700m; rec. count =          228
 tflux_unod: current mean I/O counter =          228
 writing mean record for tflux_unod; rec. count =          228
 u: current mean I/O counter =          228
 writing mean record for u; rec. count =          228
 sst: current mean I/O counter =          228
 writing mean record for sst; rec. count =          228
 hc300m: current mean I/O counter =          228
 writing mean record for hc300m; rec. count =          228
 tflux_vnod: current mean I/O counter =          228
 writing mean record for tflux_vnod; rec. count =          228
 curl_u: current mean I/O counter =          229
 writing mean record for curl_u; rec. count =          229
 N2: current mean I/O counter =          229
 writing mean record for N2; rec. count =          229
 slope_y: current mean I/O counter =          229
 writing mean record for slope_y; rec. count =          229
 rosb: current mean I/O counter =          229
 writing mean record for rosb; rec. count =          229
 vnod: current mean I/O counter =          229
 writing mean record for vnod; rec. count =          229
 v: current mean I/O counter =          229
 writing mean record for v; rec. count =          229
 ssh: current mean I/O counter =          229
 writing mean record for ssh; rec. count =          229
 hc700m: current mean I/O counter =          229
 writing mean record for hc700m; rec. count =          229
 tflux_unod: current mean I/O counter =          229
 writing mean record for tflux_unod; rec. count =          229
 slope_x: current mean I/O counter =          229
 writing mean record for slope_x; rec. count =          229
 temp: current mean I/O counter =          229
 writing mean record for temp; rec. count =          229
 unod: current mean I/O counter =          229
 writing mean record for unod; rec. count =          229
 u: current mean I/O counter =          229
 writing mean record for u; rec. count =          229
 sst: current mean I/O counter =          229
 writing mean record for sst; rec. count =          229
 hc300m: current mean I/O counter =          229
 writing mean record for hc300m; rec. count =          229
 hc: current mean I/O counter =          229
 writing mean record for hc; rec. count =          229
 tflux_vnod: current mean I/O counter =          229
 writing mean record for tflux_vnod; rec. count =          229
 tflux_w: current mean I/O counter =          229
 writing mean record for tflux_w; rec. count =          229
 curl_u: current mean I/O counter =          230
 writing mean record for curl_u; rec. count =          230
 N2: current mean I/O counter =          230
 writing mean record for N2; rec. count =          230
 slope_y: current mean I/O counter =          230
 writing mean record for slope_y; rec. count =          230
 rosb: current mean I/O counter =          230
 writing mean record for rosb; rec. count =          230
 v: current mean I/O counter =          230
 writing mean record for v; rec. count =          230
 ssh: current mean I/O counter =          230
 writing mean record for ssh; rec. count =          230
 vnod: current mean I/O counter =          230
 writing mean record for vnod; rec. count =          230
 hc700m: current mean I/O counter =          230
 writing mean record for hc700m; rec. count =          230
 tflux_unod: current mean I/O counter =          230
 writing mean record for tflux_unod; rec. count =          230
 tflux_w: current mean I/O counter =          230
 writing mean record for tflux_w; rec. count =          230
 temp: current mean I/O counter =          230
 writing mean record for temp; rec. count =          230
 slope_x: current mean I/O counter =          230
 writing mean record for slope_x; rec. count =          230
 unod: current mean I/O counter =          230
 writing mean record for unod; rec. count =          230
 u: current mean I/O counter =          230
 writing mean record for u; rec. count =          230
 tflux_vnod: current mean I/O counter =          230
 writing mean record for tflux_vnod; rec. count =          230
 sst: current mean I/O counter =          230
 writing mean record for sst; rec. count =          230
 hc300m: current mean I/O counter =          230
 writing mean record for hc300m; rec. count =          230
 hc: current mean I/O counter =          230
 writing mean record for hc; rec. count =          230
 curl_u: current mean I/O counter =          231
 writing mean record for curl_u; rec. count =          231
 rosb: current mean I/O counter =          231
 writing mean record for rosb; rec. count =          231
 N2: current mean I/O counter =          231
 writing mean record for N2; rec. count =          231
 slope_y: current mean I/O counter =          231
 writing mean record for slope_y; rec. count =          231
 slope_x: current mean I/O counter =          231
 writing mean record for slope_x; rec. count =          231
 temp: current mean I/O counter =          231
 writing mean record for temp; rec. count =          231
 vnod: current mean I/O counter =          231
 writing mean record for vnod; rec. count =          231
 v: current mean I/O counter =          231
 writing mean record for v; rec. count =          231
 ssh: current mean I/O counter =          231
 writing mean record for ssh; rec. count =          231
 hc700m: current mean I/O counter =          231
 writing mean record for hc700m; rec. count =          231
 tflux_unod: current mean I/O counter =          231
 writing mean record for tflux_unod; rec. count =          231
 hc: current mean I/O counter =          231
 writing mean record for hc; rec. count =          231
 tflux_vnod: current mean I/O counter =          231
 writing mean record for tflux_vnod; rec. count =          231
 tflux_w: current mean I/O counter =          231
 writing mean record for tflux_w; rec. count =          231
 unod: current mean I/O counter =          231
 writing mean record for unod; rec. count =          231
 u: current mean I/O counter =          231
 writing mean record for u; rec. count =          231
 sst: current mean I/O counter =          231
 writing mean record for sst; rec. count =          231
 hc300m: current mean I/O counter =          231
 writing mean record for hc300m; rec. count =          231
 curl_u: current mean I/O counter =          232
 writing mean record for curl_u; rec. count =          232
 rosb: current mean I/O counter =          232
 writing mean record for rosb; rec. count =          232
 N2: current mean I/O counter =          232
 writing mean record for N2; rec. count =          232
 slope_y: current mean I/O counter =          232
 writing mean record for slope_y; rec. count =          232
 vnod: current mean I/O counter =          232
 writing mean record for vnod; rec. count =          232
 v: current mean I/O counter =          232
 writing mean record for v; rec. count =          232
 ssh: current mean I/O counter =          232
 writing mean record for ssh; rec. count =          232
 tflux_unod: current mean I/O counter =          232
 writing mean record for tflux_unod; rec. count =          232
 temp: current mean I/O counter =          232
 writing mean record for temp; rec. count =          232
 hc700m: current mean I/O counter =          232
 writing mean record for hc700m; rec. count =          232
 slope_x: current mean I/O counter =          232
 writing mean record for slope_x; rec. count =          232
 unod: current mean I/O counter =          232
 writing mean record for unod; rec. count =          232
 u: current mean I/O counter =          232
 writing mean record for u; rec. count =          232
 sst: current mean I/O counter =          232
 writing mean record for sst; rec. count =          232
 hc300m: current mean I/O counter =          232
 writing mean record for hc300m; rec. count =          232
 hc: current mean I/O counter =          232
 writing mean record for hc; rec. count =          232
 tflux_vnod: current mean I/O counter =          232
 writing mean record for tflux_vnod; rec. count =          232
 tflux_w: current mean I/O counter =          232
 writing mean record for tflux_w; rec. count =          232
 curl_u: current mean I/O counter =          233
 writing mean record for curl_u; rec. count =          233
 N2: current mean I/O counter =          233
 writing mean record for N2; rec. count =          233
 slope_y: current mean I/O counter =          233
 writing mean record for slope_y; rec. count =          233
 rosb: current mean I/O counter =          233
 writing mean record for rosb; rec. count =          233
 temp: current mean I/O counter =          233
 writing mean record for temp; rec. count =          233
 tflux_unod: current mean I/O counter =          233
 writing mean record for tflux_unod; rec. count =          233
 slope_x: current mean I/O counter =          233
 writing mean record for slope_x; rec. count =          233
 unod: current mean I/O counter =          233
 writing mean record for unod; rec. count =          233
 vnod: current mean I/O counter =          233
 writing mean record for vnod; rec. count =          233
 v: current mean I/O counter =          233
 writing mean record for v; rec. count =          233
 ssh: current mean I/O counter =          233
 writing mean record for ssh; rec. count =          233
 hc700m: current mean I/O counter =          233
 writing mean record for hc700m; rec. count =          233
 hc: current mean I/O counter =          233
 writing mean record for hc; rec. count =          233
 tflux_w: current mean I/O counter =          233
 writing mean record for tflux_w; rec. count =          233
 u: current mean I/O counter =          233
 writing mean record for u; rec. count =          233
 sst: current mean I/O counter =          233
 writing mean record for sst; rec. count =          233
 hc300m: current mean I/O counter =          233
 writing mean record for hc300m; rec. count =          233
 tflux_vnod: current mean I/O counter =          233
 writing mean record for tflux_vnod; rec. count =          233
 curl_u: current mean I/O counter =          234
 writing mean record for curl_u; rec. count =          234
 N2: current mean I/O counter =          234
 writing mean record for N2; rec. count =          234
 slope_y: current mean I/O counter =          234
 writing mean record for slope_y; rec. count =          234
 rosb: current mean I/O counter =          234
 writing mean record for rosb; rec. count =          234
 temp: current mean I/O counter =          234
 writing mean record for temp; rec. count =          234
 v: current mean I/O counter =          234
 writing mean record for v; rec. count =          234
 vnod: current mean I/O counter =          234
 writing mean record for vnod; rec. count =          234
 ssh: current mean I/O counter =          234
 writing mean record for ssh; rec. count =          234
 tflux_unod: current mean I/O counter =          234
 writing mean record for tflux_unod; rec. count =          234
 slope_x: current mean I/O counter =          234
 writing mean record for slope_x; rec. count =          234
 unod: current mean I/O counter =          234
 writing mean record for unod; rec. count =          234
 u: current mean I/O counter =          234
 writing mean record for u; rec. count =          234
 hc700m: current mean I/O counter =          234
 writing mean record for hc700m; rec. count =          234
 hc300m: current mean I/O counter =          234
 writing mean record for hc300m; rec. count =          234
 sst: current mean I/O counter =          234
 writing mean record for sst; rec. count =          234
 hc: current mean I/O counter =          234
 writing mean record for hc; rec. count =          234
 tflux_vnod: current mean I/O counter =          234
 writing mean record for tflux_vnod; rec. count =          234
 tflux_w: current mean I/O counter =          234
 writing mean record for tflux_w; rec. count =          234
 curl_u: current mean I/O counter =          235
 writing mean record for curl_u; rec. count =          235
 rosb: current mean I/O counter =          235
 writing mean record for rosb; rec. count =          235
 N2: current mean I/O counter =          235
 writing mean record for N2; rec. count =          235
 slope_y: current mean I/O counter =          235
 writing mean record for slope_y; rec. count =          235
 v: current mean I/O counter =          235
 writing mean record for v; rec. count =          235
 tflux_unod: current mean I/O counter =          235
 writing mean record for tflux_unod; rec. count =          235
 temp: current mean I/O counter =          235
 writing mean record for temp; rec. count =          235
 vnod: current mean I/O counter =          235
 writing mean record for vnod; rec. count =          235
 ssh: current mean I/O counter =          235
 writing mean record for ssh; rec. count =          235
 hc700m: current mean I/O counter =          235
 writing mean record for hc700m; rec. count =          235
 unod: current mean I/O counter =          235
 writing mean record for unod; rec. count =          235
 u: current mean I/O counter =          235
 writing mean record for u; rec. count =          235
 slope_x: current mean I/O counter =          235
 writing mean record for slope_x; rec. count =          235
 sst: current mean I/O counter =          235
 writing mean record for sst; rec. count =          235
 hc300m: current mean I/O counter =          235
 writing mean record for hc300m; rec. count =          235
 hc: current mean I/O counter =          235
 writing mean record for hc; rec. count =          235
 tflux_vnod: current mean I/O counter =          235
 writing mean record for tflux_vnod; rec. count =          235
 tflux_w: current mean I/O counter =          235
 writing mean record for tflux_w; rec. count =          235
 curl_u: current mean I/O counter =          236
 writing mean record for curl_u; rec. count =          236
 N2: current mean I/O counter =          236
 writing mean record for N2; rec. count =          236
 slope_y: current mean I/O counter =          236
 writing mean record for slope_y; rec. count =          236
 rosb: current mean I/O counter =          236
 writing mean record for rosb; rec. count =          236
 vnod: current mean I/O counter =          236
 writing mean record for vnod; rec. count =          236
 v: current mean I/O counter =          236
 writing mean record for v; rec. count =          236
 ssh: current mean I/O counter =          236
 writing mean record for ssh; rec. count =          236
 temp: current mean I/O counter =          236
 writing mean record for temp; rec. count =          236
 tflux_w: current mean I/O counter =          236
 writing mean record for tflux_w; rec. count =          236
 slope_x: current mean I/O counter =          236
 writing mean record for slope_x; rec. count =          236
 unod: current mean I/O counter =          236
 writing mean record for unod; rec. count =          236
 u: current mean I/O counter =          236
 writing mean record for u; rec. count =          236
 sst: current mean I/O counter =          236
 writing mean record for sst; rec. count =          236
 hc300m: current mean I/O counter =          236
 writing mean record for hc300m; rec. count =          236
 hc700m: current mean I/O counter =          236
 writing mean record for hc700m; rec. count =          236
 hc: current mean I/O counter =          236
 writing mean record for hc; rec. count =          236
 tflux_unod: current mean I/O counter =          236
 writing mean record for tflux_unod; rec. count =          236
 tflux_vnod: current mean I/O counter =          236
 writing mean record for tflux_vnod; rec. count =          236
 curl_u: current mean I/O counter =          237
 writing mean record for curl_u; rec. count =          237
 rosb: current mean I/O counter =          237
 writing mean record for rosb; rec. count =          237
 N2: current mean I/O counter =          237
 writing mean record for N2; rec. count =          237
 slope_y: current mean I/O counter =          237
 writing mean record for slope_y; rec. count =          237
 vnod: current mean I/O counter =          237
 writing mean record for vnod; rec. count =          237
 v: current mean I/O counter =          237
 writing mean record for v; rec. count =          237
 ssh: current mean I/O counter =          237
 writing mean record for ssh; rec. count =          237
 slope_x: current mean I/O counter =          237
 writing mean record for slope_x; rec. count =          237
 unod: current mean I/O counter =          237
 writing mean record for unod; rec. count =          237
 hc300m: current mean I/O counter =          237
 writing mean record for hc300m; rec. count =          237
 hc700m: current mean I/O counter =          237
 writing mean record for hc700m; rec. count =          237
 hc: current mean I/O counter =          237
 writing mean record for hc; rec. count =          237
 tflux_unod: current mean I/O counter =          237
 writing mean record for tflux_unod; rec. count =          237
 tflux_vnod: current mean I/O counter =          237
 writing mean record for tflux_vnod; rec. count =          237
 tflux_w: current mean I/O counter =          237
 writing mean record for tflux_w; rec. count =          237
 temp: current mean I/O counter =          237
 writing mean record for temp; rec. count =          237
 u: current mean I/O counter =          237
 writing mean record for u; rec. count =          237
 sst: current mean I/O counter =          237
 writing mean record for sst; rec. count =          237
 curl_u: current mean I/O counter =          238
 writing mean record for curl_u; rec. count =          238
 rosb: current mean I/O counter =          238
 writing mean record for rosb; rec. count =          238
 N2: current mean I/O counter =          238
 writing mean record for N2; rec. count =          238
 slope_y: current mean I/O counter =          238
 writing mean record for slope_y; rec. count =          238
 vnod: current mean I/O counter =          238
 writing mean record for vnod; rec. count =          238
 v: current mean I/O counter =          238
 writing mean record for v; rec. count =          238
 ssh: current mean I/O counter =          238
 writing mean record for ssh; rec. count =          238
 hc700m: current mean I/O counter =          238
 writing mean record for hc700m; rec. count =          238
 tflux_unod: current mean I/O counter =          238
 writing mean record for tflux_unod; rec. count =          238
 slope_x: current mean I/O counter =          238
 writing mean record for slope_x; rec. count =          238
 temp: current mean I/O counter =          238
 writing mean record for temp; rec. count =          238
 unod: current mean I/O counter =          238
 writing mean record for unod; rec. count =          238
 u: current mean I/O counter =          238
 writing mean record for u; rec. count =          238
 sst: current mean I/O counter =          238
 writing mean record for sst; rec. count =          238
 hc300m: current mean I/O counter =          238
 writing mean record for hc300m; rec. count =          238
 hc: current mean I/O counter =          238
 writing mean record for hc; rec. count =          238
 tflux_vnod: current mean I/O counter =          238
 writing mean record for tflux_vnod; rec. count =          238
 tflux_w: current mean I/O counter =          238
 writing mean record for tflux_w; rec. count =          238
 curl_u: current mean I/O counter =          239
 writing mean record for curl_u; rec. count =          239
 rosb: current mean I/O counter =          239
 writing mean record for rosb; rec. count =          239
 N2: current mean I/O counter =          239
 writing mean record for N2; rec. count =          239
 slope_x: current mean I/O counter =          239
 writing mean record for slope_x; rec. count =          239
 slope_y: current mean I/O counter =          239
 writing mean record for slope_y; rec. count =          239
 temp: current mean I/O counter =          239
 writing mean record for temp; rec. count =          239
 vnod: current mean I/O counter =          239
 writing mean record for vnod; rec. count =          239
 v: current mean I/O counter =          239
 writing mean record for v; rec. count =          239
 tflux_unod: current mean I/O counter =          239
 writing mean record for tflux_unod; rec. count =          239
 tflux_w: current mean I/O counter =          239
 writing mean record for tflux_w; rec. count =          239
 hc700m: current mean I/O counter =          239
 writing mean record for hc700m; rec. count =          239
 unod: current mean I/O counter =          239
 writing mean record for unod; rec. count =          239
 u: current mean I/O counter =          239
 writing mean record for u; rec. count =          239
 ssh: current mean I/O counter =          239
 writing mean record for ssh; rec. count =          239
 hc300m: current mean I/O counter =          239
 writing mean record for hc300m; rec. count =          239
 sst: current mean I/O counter =          239
 writing mean record for sst; rec. count =          239
 hc: current mean I/O counter =          239
 writing mean record for hc; rec. count =          239
 tflux_vnod: current mean I/O counter =          239
 writing mean record for tflux_vnod; rec. count =          239
 curl_u: current mean I/O counter =          240
 writing mean record for curl_u; rec. count =          240
 N2: current mean I/O counter =          240
 writing mean record for N2; rec. count =          240
 slope_y: current mean I/O counter =          240
 writing mean record for slope_y; rec. count =          240
 vnod: current mean I/O counter =          240
 writing mean record for vnod; rec. count =          240
 tflux_w: current mean I/O counter =          240
 writing mean record for tflux_w; rec. count =          240
 ssh: current mean I/O counter =          240
 writing mean record for ssh; rec. count =          240
 hc700m: current mean I/O counter =          240
 writing mean record for hc700m; rec. count =          240
 rosb: current mean I/O counter =          240
 writing mean record for rosb; rec. count =          240
 slope_x: current mean I/O counter =          240
 writing mean record for slope_x; rec. count =          240
 temp: current mean I/O counter =          240
 writing mean record for temp; rec. count =          240
 v: current mean I/O counter =          240
 writing mean record for v; rec. count =          240
 tflux_unod: current mean I/O counter =          240
 writing mean record for tflux_unod; rec. count =          240
 unod: current mean I/O counter =          240
 writing mean record for unod; rec. count =          240
 u: current mean I/O counter =          240
 writing mean record for u; rec. count =          240
 sst: current mean I/O counter =          240
 writing mean record for sst; rec. count =          240
 hc300m: current mean I/O counter =          240
 writing mean record for hc300m; rec. count =          240
 hc: current mean I/O counter =          240
 writing mean record for hc; rec. count =          240
 tflux_vnod: current mean I/O counter =          240
 writing mean record for tflux_vnod; rec. count =          240
 curl_u: current mean I/O counter =          241
 writing mean record for curl_u; rec. count =          241
 rosb: current mean I/O counter =          241
 writing mean record for rosb; rec. count =          241
 N2: current mean I/O counter =          241
 writing mean record for N2; rec. count =          241
 slope_y: current mean I/O counter =          241
 writing mean record for slope_y; rec. count =          241
 temp: current mean I/O counter =          241
 writing mean record for temp; rec. count =          241
 slope_x: current mean I/O counter =          241
 writing mean record for slope_x; rec. count =          241
 tflux_unod: current mean I/O counter =          241
 writing mean record for tflux_unod; rec. count =          241
 vnod: current mean I/O counter =          241
 writing mean record for vnod; rec. count =          241
 v: current mean I/O counter =          241
 writing mean record for v; rec. count =          241
 ssh: current mean I/O counter =          241
 writing mean record for ssh; rec. count =          241
 hc700m: current mean I/O counter =          241
 writing mean record for hc700m; rec. count =          241
 unod: current mean I/O counter =          241
 writing mean record for unod; rec. count =          241
 u: current mean I/O counter =          241
 writing mean record for u; rec. count =          241
 sst: current mean I/O counter =          241
 writing mean record for sst; rec. count =          241
 hc300m: current mean I/O counter =          241
 writing mean record for hc300m; rec. count =          241
 hc: current mean I/O counter =          241
 writing mean record for hc; rec. count =          241
 tflux_vnod: current mean I/O counter =          241
 writing mean record for tflux_vnod; rec. count =          241
 tflux_w: current mean I/O counter =          241
 writing mean record for tflux_w; rec. count =          241
 curl_u: current mean I/O counter =          242
 writing mean record for curl_u; rec. count =          242
 N2: current mean I/O counter =          242
 writing mean record for N2; rec. count =          242
 slope_y: current mean I/O counter =          242
 writing mean record for slope_y; rec. count =          242
 rosb: current mean I/O counter =          242
 writing mean record for rosb; rec. count =          242
 temp: current mean I/O counter =          242
 writing mean record for temp; rec. count =          242
 vnod: current mean I/O counter =          242
 writing mean record for vnod; rec. count =          242
 hc700m: current mean I/O counter =          242
 writing mean record for hc700m; rec. count =          242
 tflux_unod: current mean I/O counter =          242
 writing mean record for tflux_unod; rec. count =          242
 tflux_w: current mean I/O counter =          242
 writing mean record for tflux_w; rec. count =          242
 v: current mean I/O counter =          242
 writing mean record for v; rec. count =          242
 ssh: current mean I/O counter =          242
 writing mean record for ssh; rec. count =          242
 slope_x: current mean I/O counter =          242
 writing mean record for slope_x; rec. count =          242
 unod: current mean I/O counter =          242
 writing mean record for unod; rec. count =          242
 u: current mean I/O counter =          242
 writing mean record for u; rec. count =          242
 sst: current mean I/O counter =          242
 writing mean record for sst; rec. count =          242
 hc300m: current mean I/O counter =          242
 writing mean record for hc300m; rec. count =          242
 hc: current mean I/O counter =          242
 writing mean record for hc; rec. count =          242
 tflux_vnod: current mean I/O counter =          242
 writing mean record for tflux_vnod; rec. count =          242
 curl_u: current mean I/O counter =          243
 writing mean record for curl_u; rec. count =          243
 N2: current mean I/O counter =          243
 writing mean record for N2; rec. count =          243
 slope_y: current mean I/O counter =          243
 writing mean record for slope_y; rec. count =          243
 rosb: current mean I/O counter =          243
 writing mean record for rosb; rec. count =          243
 temp: current mean I/O counter =          243
 writing mean record for temp; rec. count =          243
 vnod: current mean I/O counter =          243
 writing mean record for vnod; rec. count =          243
 v: current mean I/O counter =          243
 writing mean record for v; rec. count =          243
 tflux_unod: current mean I/O counter =          243
 writing mean record for tflux_unod; rec. count =          243
 tflux_w: current mean I/O counter =          243
 writing mean record for tflux_w; rec. count =          243
 hc700m: current mean I/O counter =          243
 writing mean record for hc700m; rec. count =          243
 hc: current mean I/O counter =          243
 writing mean record for hc; rec. count =          243
 tflux_vnod: current mean I/O counter =          243
 writing mean record for tflux_vnod; rec. count =          243
 unod: current mean I/O counter =          243
 writing mean record for unod; rec. count =          243
 u: current mean I/O counter =          243
 writing mean record for u; rec. count =          243
 slope_x: current mean I/O counter =          243
 writing mean record for slope_x; rec. count =          243
 sst: current mean I/O counter =          243
 writing mean record for sst; rec. count =          243
 ssh: current mean I/O counter =          243
 writing mean record for ssh; rec. count =          243
 hc300m: current mean I/O counter =          243
 writing mean record for hc300m; rec. count =          243
 curl_u: current mean I/O counter =          244
 writing mean record for curl_u; rec. count =          244
 rosb: current mean I/O counter =          244
 writing mean record for rosb; rec. count =          244
 N2: current mean I/O counter =          244
 writing mean record for N2; rec. count =          244
 slope_y: current mean I/O counter =          244
 writing mean record for slope_y; rec. count =          244
 vnod: current mean I/O counter =          244
 writing mean record for vnod; rec. count =          244
 temp: current mean I/O counter =          244
 writing mean record for temp; rec. count =          244
 v: current mean I/O counter =          244
 writing mean record for v; rec. count =          244
 ssh: current mean I/O counter =          244
 writing mean record for ssh; rec. count =          244
 slope_x: current mean I/O counter =          244
 writing mean record for slope_x; rec. count =          244
 hc700m: current mean I/O counter =          244
 writing mean record for hc700m; rec. count =          244
 unod: current mean I/O counter =          244
 writing mean record for unod; rec. count =          244
 tflux_unod: current mean I/O counter =          244
 writing mean record for tflux_unod; rec. count =          244
 u: current mean I/O counter =          244
 writing mean record for u; rec. count =          244
 tflux_vnod: current mean I/O counter =          244
 writing mean record for tflux_vnod; rec. count =          244
 sst: current mean I/O counter =          244
 writing mean record for sst; rec. count =          244
 hc300m: current mean I/O counter =          244
 writing mean record for hc300m; rec. count =          244
 hc: current mean I/O counter =          244
 writing mean record for hc; rec. count =          244
 tflux_w: current mean I/O counter =          244
 writing mean record for tflux_w; rec. count =          244
 curl_u: current mean I/O counter =          245
 writing mean record for curl_u; rec. count =          245
 rosb: current mean I/O counter =          245
 writing mean record for rosb; rec. count =          245
 N2: current mean I/O counter =          245
 writing mean record for N2; rec. count =          245
 slope_y: current mean I/O counter =          245
 writing mean record for slope_y; rec. count =          245
 temp: current mean I/O counter =          245
 writing mean record for temp; rec. count =          245
 vnod: current mean I/O counter =          245
 writing mean record for vnod; rec. count =          245
 v: current mean I/O counter =          245
 writing mean record for v; rec. count =          245
 hc700m: current mean I/O counter =          245
 writing mean record for hc700m; rec. count =          245
 ssh: current mean I/O counter =          245
 writing mean record for ssh; rec. count =          245
 tflux_unod: current mean I/O counter =          245
 writing mean record for tflux_unod; rec. count =          245
 unod: current mean I/O counter =          245
 writing mean record for unod; rec. count =          245
 hc: current mean I/O counter =          245
 writing mean record for hc; rec. count =          245
 tflux_w: current mean I/O counter =          245
 writing mean record for tflux_w; rec. count =          245
 slope_x: current mean I/O counter =          245
 writing mean record for slope_x; rec. count =          245
 u: current mean I/O counter =          245
 writing mean record for u; rec. count =          245
 sst: current mean I/O counter =          245
 writing mean record for sst; rec. count =          245
 hc300m: current mean I/O counter =          245
 writing mean record for hc300m; rec. count =          245
 tflux_vnod: current mean I/O counter =          245
 writing mean record for tflux_vnod; rec. count =          245
 curl_u: current mean I/O counter =          246
 writing mean record for curl_u; rec. count =          246
 N2: current mean I/O counter =          246
 writing mean record for N2; rec. count =          246
 slope_y: current mean I/O counter =          246
 writing mean record for slope_y; rec. count =          246
 rosb: current mean I/O counter =          246
 writing mean record for rosb; rec. count =          246
 temp: current mean I/O counter =          246
 writing mean record for temp; rec. count =          246
 unod: current mean I/O counter =          246
 writing mean record for unod; rec. count =          246
 vnod: current mean I/O counter =          246
 writing mean record for vnod; rec. count =          246
 v: current mean I/O counter =          246
 writing mean record for v; rec. count =          246
 hc300m: current mean I/O counter =          246
 writing mean record for hc300m; rec. count =          246
 hc700m: current mean I/O counter =          246
 writing mean record for hc700m; rec. count =          246
 sst: current mean I/O counter =          246
 writing mean record for sst; rec. count =          246
 tflux_unod: current mean I/O counter =          246
 writing mean record for tflux_unod; rec. count =          246
 u: current mean I/O counter =          246
 writing mean record for u; rec. count =          246
 slope_x: current mean I/O counter =          246
 writing mean record for slope_x; rec. count =          246
 ssh: current mean I/O counter =          246
 writing mean record for ssh; rec. count =          246
 hc: current mean I/O counter =          246
 writing mean record for hc; rec. count =          246
 tflux_vnod: current mean I/O counter =          246
 writing mean record for tflux_vnod; rec. count =          246
 tflux_w: current mean I/O counter =          246
 writing mean record for tflux_w; rec. count =          246
 curl_u: current mean I/O counter =          247
 writing mean record for curl_u; rec. count =          247
 rosb: current mean I/O counter =          247
 writing mean record for rosb; rec. count =          247
 N2: current mean I/O counter =          247
 writing mean record for N2; rec. count =          247
 slope_y: current mean I/O counter =          247
 writing mean record for slope_y; rec. count =          247
 vnod: current mean I/O counter =          247
 writing mean record for vnod; rec. count =          247
 hc700m: current mean I/O counter =          247
 writing mean record for hc700m; rec. count =          247
 temp: current mean I/O counter =          247
 writing mean record for temp; rec. count =          247
 v: current mean I/O counter =          247
 writing mean record for v; rec. count =          247
 ssh: current mean I/O counter =          247
 writing mean record for ssh; rec. count =          247
 tflux_unod: current mean I/O counter =          247
 writing mean record for tflux_unod; rec. count =          247
 unod: current mean I/O counter =          247
 writing mean record for unod; rec. count =          247
 u: current mean I/O counter =          247
 writing mean record for u; rec. count =          247
 hc300m: current mean I/O counter =          247
 writing mean record for hc300m; rec. count =          247
 slope_x: current mean I/O counter =          247
 writing mean record for slope_x; rec. count =          247
 sst: current mean I/O counter =          247
 writing mean record for sst; rec. count =          247
 hc: current mean I/O counter =          247
 writing mean record for hc; rec. count =          247
 tflux_vnod: current mean I/O counter =          247
 writing mean record for tflux_vnod; rec. count =          247
 tflux_w: current mean I/O counter =          247
 writing mean record for tflux_w; rec. count =          247
 curl_u: current mean I/O counter =          248
 writing mean record for curl_u; rec. count =          248
 N2: current mean I/O counter =          248
 writing mean record for N2; rec. count =          248
 slope_y: current mean I/O counter =          248
 writing mean record for slope_y; rec. count =          248
 rosb: current mean I/O counter =          248
 writing mean record for rosb; rec. count =          248
 slope_x: current mean I/O counter =          248
 writing mean record for slope_x; rec. count =          248
 temp: current mean I/O counter =          248
 writing mean record for temp; rec. count =          248
 unod: current mean I/O counter =          248
 writing mean record for unod; rec. count =          248
 vnod: current mean I/O counter =          248
 writing mean record for vnod; rec. count =          248
 u: current mean I/O counter =          248
 writing mean record for u; rec. count =          248
 v: current mean I/O counter =          248
 writing mean record for v; rec. count =          248
 sst: current mean I/O counter =          248
 writing mean record for sst; rec. count =          248
 ssh: current mean I/O counter =          248
 writing mean record for ssh; rec. count =          248
 hc300m: current mean I/O counter =          248
 writing mean record for hc300m; rec. count =          248
 hc700m: current mean I/O counter =          248
 writing mean record for hc700m; rec. count =          248
 hc: current mean I/O counter =          248
 writing mean record for hc; rec. count =          248
 tflux_unod: current mean I/O counter =          248
 writing mean record for tflux_unod; rec. count =          248
 tflux_vnod: current mean I/O counter =          248
 writing mean record for tflux_vnod; rec. count =          248
 tflux_w: current mean I/O counter =          248
 writing mean record for tflux_w; rec. count =          248
 curl_u: current mean I/O counter =          249
 writing mean record for curl_u; rec. count =          249
 rosb: current mean I/O counter =          249
 writing mean record for rosb; rec. count =          249
 N2: current mean I/O counter =          249
 writing mean record for N2; rec. count =          249
 slope_y: current mean I/O counter =          249
 writing mean record for slope_y; rec. count =          249
 ssh: current mean I/O counter =          249
 writing mean record for ssh; rec. count =          249
 tflux_unod: current mean I/O counter =          249
 writing mean record for tflux_unod; rec. count =          249
 temp: current mean I/O counter =          249
 writing mean record for temp; rec. count =          249
 vnod: current mean I/O counter =          249
 writing mean record for vnod; rec. count =          249
 v: current mean I/O counter =          249
 writing mean record for v; rec. count =          249
 tflux_w: current mean I/O counter =          249
 writing mean record for tflux_w; rec. count =          249
 hc700m: current mean I/O counter =          249
 writing mean record for hc700m; rec. count =          249
 slope_x: current mean I/O counter =          249
 writing mean record for slope_x; rec. count =          249
 u: current mean I/O counter =          249
 writing mean record for u; rec. count =          249
 sst: current mean I/O counter =          249
 writing mean record for sst; rec. count =          249
 hc300m: current mean I/O counter =          249
 writing mean record for hc300m; rec. count =          249
 unod: current mean I/O counter =          249
 writing mean record for unod; rec. count =          249
 hc: current mean I/O counter =          249
 writing mean record for hc; rec. count =          249
 tflux_vnod: current mean I/O counter =          249
 writing mean record for tflux_vnod; rec. count =          249
 curl_u: current mean I/O counter =          250
 writing mean record for curl_u; rec. count =          250
 N2: current mean I/O counter =          250
 writing mean record for N2; rec. count =          250
 rosb: current mean I/O counter =          250
 writing mean record for rosb; rec. count =          250
 slope_y: current mean I/O counter =          250
 writing mean record for slope_y; rec. count =          250
 temp: current mean I/O counter =          250
 writing mean record for temp; rec. count =          250
 vnod: current mean I/O counter =          250
 writing mean record for vnod; rec. count =          250
 v: current mean I/O counter =          250
 writing mean record for v; rec. count =          250
 hc700m: current mean I/O counter =          250
 writing mean record for hc700m; rec. count =          250
 tflux_unod: current mean I/O counter =          250
 writing mean record for tflux_unod; rec. count =          250
 ssh: current mean I/O counter =          250
 writing mean record for ssh; rec. count =          250
 slope_x: current mean I/O counter =          250
 writing mean record for slope_x; rec. count =          250
 tflux_w: current mean I/O counter =          250
 writing mean record for tflux_w; rec. count =          250
 unod: current mean I/O counter =          250
 writing mean record for unod; rec. count =          250
 u: current mean I/O counter =          250
 writing mean record for u; rec. count =          250
 sst: current mean I/O counter =          250
 writing mean record for sst; rec. count =          250
 hc300m: current mean I/O counter =          250
 writing mean record for hc300m; rec. count =          250
 hc: current mean I/O counter =          250
 writing mean record for hc; rec. count =          250
 tflux_vnod: current mean I/O counter =          250
 writing mean record for tflux_vnod; rec. count =          250
 curl_u: current mean I/O counter =          251
 writing mean record for curl_u; rec. count =          251
 rosb: current mean I/O counter =          251
 writing mean record for rosb; rec. count =          251
 N2: current mean I/O counter =          251
 writing mean record for N2; rec. count =          251
 slope_y: current mean I/O counter =          251
 writing mean record for slope_y; rec. count =          251
 temp: current mean I/O counter =          251
 writing mean record for temp; rec. count =          251
 vnod: current mean I/O counter =          251
 writing mean record for vnod; rec. count =          251
 v: current mean I/O counter =          251
 writing mean record for v; rec. count =          251
 ssh: current mean I/O counter =          251
 writing mean record for ssh; rec. count =          251
 hc700m: current mean I/O counter =          251
 writing mean record for hc700m; rec. count =          251
 tflux_w: current mean I/O counter =          251
 writing mean record for tflux_w; rec. count =          251
 slope_x: current mean I/O counter =          251
 writing mean record for slope_x; rec. count =          251
 tflux_unod: current mean I/O counter =          251
 writing mean record for tflux_unod; rec. count =          251
 unod: current mean I/O counter =          251
 writing mean record for unod; rec. count =          251
 hc: current mean I/O counter =          251
 writing mean record for hc; rec. count =          251
 u: current mean I/O counter =          251
 writing mean record for u; rec. count =          251
 sst: current mean I/O counter =          251
 writing mean record for sst; rec. count =          251
 hc300m: current mean I/O counter =          251
 writing mean record for hc300m; rec. count =          251
 tflux_vnod: current mean I/O counter =          251
 writing mean record for tflux_vnod; rec. count =          251
 curl_u: current mean I/O counter =          252
 writing mean record for curl_u; rec. count =          252
 rosb: current mean I/O counter =          252
 writing mean record for rosb; rec. count =          252
 N2: current mean I/O counter =          252
 writing mean record for N2; rec. count =          252
 slope_y: current mean I/O counter =          252
 writing mean record for slope_y; rec. count =          252
 vnod: current mean I/O counter =          252
 writing mean record for vnod; rec. count =          252
 temp: current mean I/O counter =          252
 writing mean record for temp; rec. count =          252
 unod: current mean I/O counter =          252
 writing mean record for unod; rec. count =          252
 slope_x: current mean I/O counter =          252
 writing mean record for slope_x; rec. count =          252
 u: current mean I/O counter =          252
 writing mean record for u; rec. count =          252
 v: current mean I/O counter =          252
 writing mean record for v; rec. count =          252
 sst: current mean I/O counter =          252
 writing mean record for sst; rec. count =          252
 ssh: current mean I/O counter =          252
 writing mean record for ssh; rec. count =          252
 hc300m: current mean I/O counter =          252
 writing mean record for hc300m; rec. count =          252
 hc700m: current mean I/O counter =          252
 writing mean record for hc700m; rec. count =          252
 hc: current mean I/O counter =          252
 writing mean record for hc; rec. count =          252
 tflux_unod: current mean I/O counter =          252
 writing mean record for tflux_unod; rec. count =          252
 tflux_vnod: current mean I/O counter =          252
 writing mean record for tflux_vnod; rec. count =          252
 tflux_w: current mean I/O counter =          252
 writing mean record for tflux_w; rec. count =          252
 curl_u: current mean I/O counter =          253
 writing mean record for curl_u; rec. count =          253
 rosb: current mean I/O counter =          253
 writing mean record for rosb; rec. count =          253
 N2: current mean I/O counter =          253
 writing mean record for N2; rec. count =          253
 slope_y: current mean I/O counter =          253
 writing mean record for slope_y; rec. count =          253
 slope_x: current mean I/O counter =          253
 writing mean record for slope_x; rec. count =          253
 tflux_unod: current mean I/O counter =          253
 writing mean record for tflux_unod; rec. count =          253
 temp: current mean I/O counter =          253
 writing mean record for temp; rec. count =          253
 unod: current mean I/O counter =          253
 writing mean record for unod; rec. count =          253
 vnod: current mean I/O counter =          253
 writing mean record for vnod; rec. count =          253
 v: current mean I/O counter =          253
 writing mean record for v; rec. count =          253
 ssh: current mean I/O counter =          253
 writing mean record for ssh; rec. count =          253
 hc700m: current mean I/O counter =          253
 writing mean record for hc700m; rec. count =          253
 tflux_w: current mean I/O counter =          253
 writing mean record for tflux_w; rec. count =          253
 tflux_vnod: current mean I/O counter =          253
 writing mean record for tflux_vnod; rec. count =          253
 u: current mean I/O counter =          253
 writing mean record for u; rec. count =          253
 sst: current mean I/O counter =          253
 writing mean record for sst; rec. count =          253
 hc300m: current mean I/O counter =          253
 writing mean record for hc300m; rec. count =          253
 hc: current mean I/O counter =          253
 writing mean record for hc; rec. count =          253
 curl_u: current mean I/O counter =          254
 writing mean record for curl_u; rec. count =          254
 rosb: current mean I/O counter =          254
 writing mean record for rosb; rec. count =          254
 N2: current mean I/O counter =          254
 writing mean record for N2; rec. count =          254
 slope_y: current mean I/O counter =          254
 writing mean record for slope_y; rec. count =          254
 vnod: current mean I/O counter =          254
 writing mean record for vnod; rec. count =          254
 slope_x: current mean I/O counter =          254
 writing mean record for slope_x; rec. count =          254
 temp: current mean I/O counter =          254
 writing mean record for temp; rec. count =          254
 v: current mean I/O counter =          254
 writing mean record for v; rec. count =          254
 ssh: current mean I/O counter =          254
 writing mean record for ssh; rec. count =          254
 hc700m: current mean I/O counter =          254
 writing mean record for hc700m; rec. count =          254
 tflux_unod: current mean I/O counter =          254
 writing mean record for tflux_unod; rec. count =          254
 unod: current mean I/O counter =          254
 writing mean record for unod; rec. count =          254
 tflux_w: current mean I/O counter =          254
 writing mean record for tflux_w; rec. count =          254
 hc300m: current mean I/O counter =          254
 writing mean record for hc300m; rec. count =          254
 hc: current mean I/O counter =          254
 writing mean record for hc; rec. count =          254
 u: current mean I/O counter =          254
 writing mean record for u; rec. count =          254
 sst: current mean I/O counter =          254
 writing mean record for sst; rec. count =          254
 tflux_vnod: current mean I/O counter =          254
 writing mean record for tflux_vnod; rec. count =          254
 curl_u: current mean I/O counter =          255
 writing mean record for curl_u; rec. count =          255
 rosb: current mean I/O counter =          255
 writing mean record for rosb; rec. count =          255
 N2: current mean I/O counter =          255
 writing mean record for N2; rec. count =          255
 slope_y: current mean I/O counter =          255
 writing mean record for slope_y; rec. count =          255
 vnod: current mean I/O counter =          255
 writing mean record for vnod; rec. count =          255
 slope_x: current mean I/O counter =          255
 writing mean record for slope_x; rec. count =          255
 tflux_unod: current mean I/O counter =          255
 writing mean record for tflux_unod; rec. count =          255
 ssh: current mean I/O counter =          255
 writing mean record for ssh; rec. count =          255
 hc700m: current mean I/O counter =          255
 writing mean record for hc700m; rec. count =          255
 temp: current mean I/O counter =          255
 writing mean record for temp; rec. count =          255
 unod: current mean I/O counter =          255
 writing mean record for unod; rec. count =          255
 u: current mean I/O counter =          255
 writing mean record for u; rec. count =          255
 v: current mean I/O counter =          255
 writing mean record for v; rec. count =          255
 tflux_w: current mean I/O counter =          255
 writing mean record for tflux_w; rec. count =          255
 sst: current mean I/O counter =          255
 writing mean record for sst; rec. count =          255
 hc300m: current mean I/O counter =          255
 writing mean record for hc300m; rec. count =          255
 hc: current mean I/O counter =          255
 writing mean record for hc; rec. count =          255
 tflux_vnod: current mean I/O counter =          255
 writing mean record for tflux_vnod; rec. count =          255
 curl_u: current mean I/O counter =          256
 writing mean record for curl_u; rec. count =          256
 rosb: current mean I/O counter =          256
 writing mean record for rosb; rec. count =          256
 N2: current mean I/O counter =          256
 writing mean record for N2; rec. count =          256
 slope_y: current mean I/O counter =          256
 writing mean record for slope_y; rec. count =          256
 slope_x: current mean I/O counter =          256
 writing mean record for slope_x; rec. count =          256
 temp: current mean I/O counter =          256
 writing mean record for temp; rec. count =          256
 vnod: current mean I/O counter =          256
 writing mean record for vnod; rec. count =          256
 v: current mean I/O counter =          256
 writing mean record for v; rec. count =          256
 ssh: current mean I/O counter =          256
 writing mean record for ssh; rec. count =          256
 hc700m: current mean I/O counter =          256
 writing mean record for hc700m; rec. count =          256
 unod: current mean I/O counter =          256
 writing mean record for unod; rec. count =          256
 hc: current mean I/O counter =          256
 writing mean record for hc; rec. count =          256
 hc300m: current mean I/O counter =          256
 writing mean record for hc300m; rec. count =          256
 u: current mean I/O counter =          256
 writing mean record for u; rec. count =          256
 sst: current mean I/O counter =          256
 writing mean record for sst; rec. count =          256
 tflux_unod: current mean I/O counter =          256
 writing mean record for tflux_unod; rec. count =          256
 tflux_vnod: current mean I/O counter =          256
 writing mean record for tflux_vnod; rec. count =          256
 tflux_w: current mean I/O counter =          256
 writing mean record for tflux_w; rec. count =          256
 curl_u: current mean I/O counter =          257
 writing mean record for curl_u; rec. count =          257
 rosb: current mean I/O counter =          257
 writing mean record for rosb; rec. count =          257
 N2: current mean I/O counter =          257
 writing mean record for N2; rec. count =          257
 slope_y: current mean I/O counter =          257
 writing mean record for slope_y; rec. count =          257
 slope_x: current mean I/O counter =          257
 writing mean record for slope_x; rec. count =          257
 temp: current mean I/O counter =          257
 writing mean record for temp; rec. count =          257
 vnod: current mean I/O counter =          257
 writing mean record for vnod; rec. count =          257
 v: current mean I/O counter =          257
 writing mean record for v; rec. count =          257
 ssh: current mean I/O counter =          257
 writing mean record for ssh; rec. count =          257
 tflux_unod: current mean I/O counter =          257
 writing mean record for tflux_unod; rec. count =          257
 tflux_w: current mean I/O counter =          257
 writing mean record for tflux_w; rec. count =          257
 hc: current mean I/O counter =          257
 writing mean record for hc; rec. count =          257
 unod: current mean I/O counter =          257
 writing mean record for unod; rec. count =          257
 sst: current mean I/O counter =          257
 writing mean record for sst; rec. count =          257
 hc300m: current mean I/O counter =          257
 writing mean record for hc300m; rec. count =          257
 hc700m: current mean I/O counter =          257
 writing mean record for hc700m; rec. count =          257
 u: current mean I/O counter =          257
 writing mean record for u; rec. count =          257
 tflux_vnod: current mean I/O counter =          257
 writing mean record for tflux_vnod; rec. count =          257
 curl_u: current mean I/O counter =          258
 writing mean record for curl_u; rec. count =          258
 rosb: current mean I/O counter =          258
 writing mean record for rosb; rec. count =          258
 N2: current mean I/O counter =          258
 writing mean record for N2; rec. count =          258
 slope_y: current mean I/O counter =          258
 writing mean record for slope_y; rec. count =          258
 v: current mean I/O counter =          258
 writing mean record for v; rec. count =          258
 vnod: current mean I/O counter =          258
 writing mean record for vnod; rec. count =          258
 hc700m: current mean I/O counter =          258
 writing mean record for hc700m; rec. count =          258
 tflux_unod: current mean I/O counter =          258
 writing mean record for tflux_unod; rec. count =          258
 slope_x: current mean I/O counter =          258
 writing mean record for slope_x; rec. count =          258
 temp: current mean I/O counter =          258
 writing mean record for temp; rec. count =          258
 ssh: current mean I/O counter =          258
 writing mean record for ssh; rec. count =          258
 tflux_w: current mean I/O counter =          258
 writing mean record for tflux_w; rec. count =          258
 unod: current mean I/O counter =          258
 writing mean record for unod; rec. count =          258
 sst: current mean I/O counter =          258
 writing mean record for sst; rec. count =          258
 u: current mean I/O counter =          258
 writing mean record for u; rec. count =          258
 hc300m: current mean I/O counter =          258
 writing mean record for hc300m; rec. count =          258
 hc: current mean I/O counter =          258
 writing mean record for hc; rec. count =          258
 tflux_vnod: current mean I/O counter =          258
 writing mean record for tflux_vnod; rec. count =          258
 curl_u: current mean I/O counter =          259
 writing mean record for curl_u; rec. count =          259
 rosb: current mean I/O counter =          259
 writing mean record for rosb; rec. count =          259
 N2: current mean I/O counter =          259
 writing mean record for N2; rec. count =          259
 slope_y: current mean I/O counter =          259
 writing mean record for slope_y; rec. count =          259
 tflux_w: current mean I/O counter =          259
 writing mean record for tflux_w; rec. count =          259
 vnod: current mean I/O counter =          259
 writing mean record for vnod; rec. count =          259
 tflux_unod: current mean I/O counter =          259
 writing mean record for tflux_unod; rec. count =          259
 v: current mean I/O counter =          259
 writing mean record for v; rec. count =          259
 slope_x: current mean I/O counter =          259
 writing mean record for slope_x; rec. count =          259
 unod: current mean I/O counter =          259
 writing mean record for unod; rec. count =          259
 sst: current mean I/O counter =          259
 writing mean record for sst; rec. count =          259
 ssh: current mean I/O counter =          259
 writing mean record for ssh; rec. count =          259
 hc700m: current mean I/O counter =          259
 writing mean record for hc700m; rec. count =          259
 hc: current mean I/O counter =          259
 writing mean record for hc; rec. count =          259
 tflux_vnod: current mean I/O counter =          259
 writing mean record for tflux_vnod; rec. count =          259
 temp: current mean I/O counter =          259
 writing mean record for temp; rec. count =          259
 u: current mean I/O counter =          259
 writing mean record for u; rec. count =          259
 hc300m: current mean I/O counter =          259
 writing mean record for hc300m; rec. count =          259
 curl_u: current mean I/O counter =          260
 writing mean record for curl_u; rec. count =          260
 rosb: current mean I/O counter =          260
 writing mean record for rosb; rec. count =          260
 N2: current mean I/O counter =          260
 writing mean record for N2; rec. count =          260
 slope_y: current mean I/O counter =          260
 writing mean record for slope_y; rec. count =          260
 unod: current mean I/O counter =          260
 writing mean record for unod; rec. count =          260
 vnod: current mean I/O counter =          260
 writing mean record for vnod; rec. count =          260
 ssh: current mean I/O counter =          260
 writing mean record for ssh; rec. count =          260
 hc700m: current mean I/O counter =          260
 writing mean record for hc700m; rec. count =          260
 tflux_unod: current mean I/O counter =          260
 writing mean record for tflux_unod; rec. count =          260
 tflux_w: current mean I/O counter =          260
 writing mean record for tflux_w; rec. count =          260
 slope_x: current mean I/O counter =          260
 writing mean record for slope_x; rec. count =          260
 u: current mean I/O counter =          260
 writing mean record for u; rec. count =          260
 v: current mean I/O counter =          260
 writing mean record for v; rec. count =          260
 temp: current mean I/O counter =          260
 writing mean record for temp; rec. count =          260
 hc300m: current mean I/O counter =          260
 writing mean record for hc300m; rec. count =          260
 sst: current mean I/O counter =          260
 writing mean record for sst; rec. count =          260
 hc: current mean I/O counter =          260
 writing mean record for hc; rec. count =          260
 tflux_vnod: current mean I/O counter =          260
 writing mean record for tflux_vnod; rec. count =          260
 curl_u: current mean I/O counter =          261
 writing mean record for curl_u; rec. count =          261
 rosb: current mean I/O counter =          261
 writing mean record for rosb; rec. count =          261
 N2: current mean I/O counter =          261
 writing mean record for N2; rec. count =          261
 slope_y: current mean I/O counter =          261
 writing mean record for slope_y; rec. count =          261
 vnod: current mean I/O counter =          261
 writing mean record for vnod; rec. count =          261
 v: current mean I/O counter =          261
 writing mean record for v; rec. count =          261
 ssh: current mean I/O counter =          261
 writing mean record for ssh; rec. count =          261
 hc700m: current mean I/O counter =          261
 writing mean record for hc700m; rec. count =          261
 tflux_unod: current mean I/O counter =          261
 writing mean record for tflux_unod; rec. count =          261
 u: current mean I/O counter =          261
 writing mean record for u; rec. count =          261
 slope_x: current mean I/O counter =          261
 writing mean record for slope_x; rec. count =          261
 temp: current mean I/O counter =          261
 writing mean record for temp; rec. count =          261
 unod: current mean I/O counter =          261
 writing mean record for unod; rec. count =          261
 sst: current mean I/O counter =          261
 writing mean record for sst; rec. count =          261
 hc300m: current mean I/O counter =          261
 writing mean record for hc300m; rec. count =          261
 hc: current mean I/O counter =          261
 writing mean record for hc; rec. count =          261
 tflux_vnod: current mean I/O counter =          261
 writing mean record for tflux_vnod; rec. count =          261
 tflux_w: current mean I/O counter =          261
 writing mean record for tflux_w; rec. count =          261
 curl_u: current mean I/O counter =          262
 writing mean record for curl_u; rec. count =          262
 rosb: current mean I/O counter =          262
 writing mean record for rosb; rec. count =          262
 N2: current mean I/O counter =          262
 writing mean record for N2; rec. count =          262
 slope_y: current mean I/O counter =          262
 writing mean record for slope_y; rec. count =          262
 temp: current mean I/O counter =          262
 writing mean record for temp; rec. count =          262
 vnod: current mean I/O counter =          262
 writing mean record for vnod; rec. count =          262
 v: current mean I/O counter =          262
 writing mean record for v; rec. count =          262
 hc700m: current mean I/O counter =          262
 writing mean record for hc700m; rec. count =          262
 ssh: current mean I/O counter =          262
 writing mean record for ssh; rec. count =          262
 tflux_w: current mean I/O counter =          262
 writing mean record for tflux_w; rec. count =          262
 unod: current mean I/O counter =          262
 writing mean record for unod; rec. count =          262
 slope_x: current mean I/O counter =          262
 writing mean record for slope_x; rec. count =          262
 u: current mean I/O counter =          262
 writing mean record for u; rec. count =          262
 sst: current mean I/O counter =          262
 writing mean record for sst; rec. count =          262
 hc300m: current mean I/O counter =          262
 writing mean record for hc300m; rec. count =          262
 hc: current mean I/O counter =          262
 writing mean record for hc; rec. count =          262
 tflux_unod: current mean I/O counter =          262
 writing mean record for tflux_unod; rec. count =          262
 tflux_vnod: current mean I/O counter =          262
 writing mean record for tflux_vnod; rec. count =          262
 curl_u: current mean I/O counter =          263
 writing mean record for curl_u; rec. count =          263
 rosb: current mean I/O counter =          263
 writing mean record for rosb; rec. count =          263
 N2: current mean I/O counter =          263
 writing mean record for N2; rec. count =          263
 slope_y: current mean I/O counter =          263
 writing mean record for slope_y; rec. count =          263
 temp: current mean I/O counter =          263
 writing mean record for temp; rec. count =          263
 vnod: current mean I/O counter =          263
 writing mean record for vnod; rec. count =          263
 v: current mean I/O counter =          263
 writing mean record for v; rec. count =          263
 unod: current mean I/O counter =          263
 writing mean record for unod; rec. count =          263
 u: current mean I/O counter =          263
 writing mean record for u; rec. count =          263
 ssh: current mean I/O counter =          263
 writing mean record for ssh; rec. count =          263
 hc700m: current mean I/O counter =          263
 writing mean record for hc700m; rec. count =          263
 slope_x: current mean I/O counter =          263
 writing mean record for slope_x; rec. count =          263
 tflux_unod: current mean I/O counter =          263
 writing mean record for tflux_unod; rec. count =          263
 sst: current mean I/O counter =          263
 writing mean record for sst; rec. count =          263
 hc300m: current mean I/O counter =          263
 writing mean record for hc300m; rec. count =          263
 hc: current mean I/O counter =          263
 writing mean record for hc; rec. count =          263
 tflux_vnod: current mean I/O counter =          263
 writing mean record for tflux_vnod; rec. count =          263
 tflux_w: current mean I/O counter =          263
 writing mean record for tflux_w; rec. count =          263
 curl_u: current mean I/O counter =          264
 writing mean record for curl_u; rec. count =          264
 rosb: current mean I/O counter =          264
 writing mean record for rosb; rec. count =          264
 N2: current mean I/O counter =          264
 writing mean record for N2; rec. count =          264
 slope_y: current mean I/O counter =          264
 writing mean record for slope_y; rec. count =          264
 temp: current mean I/O counter =          264
 writing mean record for temp; rec. count =          264
 vnod: current mean I/O counter =          264
 writing mean record for vnod; rec. count =          264
 unod: current mean I/O counter =          264
 writing mean record for unod; rec. count =          264
 hc700m: current mean I/O counter =          264
 writing mean record for hc700m; rec. count =          264
 slope_x: current mean I/O counter =          264
 writing mean record for slope_x; rec. count =          264
 u: current mean I/O counter =          264
 writing mean record for u; rec. count =          264
 v: current mean I/O counter =          264
 writing mean record for v; rec. count =          264
 sst: current mean I/O counter =          264
 writing mean record for sst; rec. count =          264
 ssh: current mean I/O counter =          264
 writing mean record for ssh; rec. count =          264
 hc300m: current mean I/O counter =          264
 writing mean record for hc300m; rec. count =          264
 tflux_w: current mean I/O counter =          264
 writing mean record for tflux_w; rec. count =          264
 tflux_unod: current mean I/O counter =          264
 writing mean record for tflux_unod; rec. count =          264
 hc: current mean I/O counter =          264
 writing mean record for hc; rec. count =          264
 tflux_vnod: current mean I/O counter =          264
 writing mean record for tflux_vnod; rec. count =          264
 curl_u: current mean I/O counter =          265
 writing mean record for curl_u; rec. count =          265
 N2: current mean I/O counter =          265
 writing mean record for N2; rec. count =          265
 slope_y: current mean I/O counter =          265
 writing mean record for slope_y; rec. count =          265
 rosb: current mean I/O counter =          265
 writing mean record for rosb; rec. count =          265
 temp: current mean I/O counter =          265
 writing mean record for temp; rec. count =          265
 unod: current mean I/O counter =          265
 writing mean record for unod; rec. count =          265
 vnod: current mean I/O counter =          265
 writing mean record for vnod; rec. count =          265
 hc700m: current mean I/O counter =          265
 writing mean record for hc700m; rec. count =          265
 u: current mean I/O counter =          265
 writing mean record for u; rec. count =          265
 v: current mean I/O counter =          265
 writing mean record for v; rec. count =          265
 sst: current mean I/O counter =          265
 writing mean record for sst; rec. count =          265
 ssh: current mean I/O counter =          265
 writing mean record for ssh; rec. count =          265
 hc300m: current mean I/O counter =          265
 writing mean record for hc300m; rec. count =          265
 tflux_unod: current mean I/O counter =          265
 writing mean record for tflux_unod; rec. count =          265
 slope_x: current mean I/O counter =          265
 writing mean record for slope_x; rec. count =          265
 hc: current mean I/O counter =          265
 writing mean record for hc; rec. count =          265
 tflux_vnod: current mean I/O counter =          265
 writing mean record for tflux_vnod; rec. count =          265
 tflux_w: current mean I/O counter =          265
 writing mean record for tflux_w; rec. count =          265
 curl_u: current mean I/O counter =          266
 writing mean record for curl_u; rec. count =          266
 N2: current mean I/O counter =          266
 rosb: current mean I/O counter =          266
 writing mean record for rosb; rec. count =          266
 writing mean record for N2; rec. count =          266
 slope_x: current mean I/O counter =          266
 writing mean record for slope_x; rec. count =          266
 slope_y: current mean I/O counter =          266
 writing mean record for slope_y; rec. count =          266
 temp: current mean I/O counter =          266
 writing mean record for temp; rec. count =          266
 unod: current mean I/O counter =          266
 writing mean record for unod; rec. count =          266
 vnod: current mean I/O counter =          266
 writing mean record for vnod; rec. count =          266
 u: current mean I/O counter =          266
 writing mean record for u; rec. count =          266
 v: current mean I/O counter =          266
 writing mean record for v; rec. count =          266
 sst: current mean I/O counter =          266
 writing mean record for sst; rec. count =          266
 ssh: current mean I/O counter =          266
 writing mean record for ssh; rec. count =          266
 hc300m: current mean I/O counter =          266
 writing mean record for hc300m; rec. count =          266
 hc700m: current mean I/O counter =          266
 writing mean record for hc700m; rec. count =          266
 hc: current mean I/O counter =          266
 writing mean record for hc; rec. count =          266
 tflux_unod: current mean I/O counter =          266
 writing mean record for tflux_unod; rec. count =          266
 tflux_vnod: current mean I/O counter =          266
 writing mean record for tflux_vnod; rec. count =          266
 tflux_w: current mean I/O counter =          266
 writing mean record for tflux_w; rec. count =          266
 curl_u: current mean I/O counter =          267
 writing mean record for curl_u; rec. count =          267
 rosb: current mean I/O counter =          267
 writing mean record for rosb; rec. count =          267
 N2: current mean I/O counter =          267
 writing mean record for N2; rec. count =          267
 slope_x: current mean I/O counter =          267
 writing mean record for slope_x; rec. count =          267
 slope_y: current mean I/O counter =          267
 writing mean record for slope_y; rec. count =          267
 temp: current mean I/O counter =          267
 writing mean record for temp; rec. count =          267
 unod: current mean I/O counter =          267
 writing mean record for unod; rec. count =          267
 vnod: current mean I/O counter =          267
 writing mean record for vnod; rec. count =          267
 u: current mean I/O counter =          267
 writing mean record for u; rec. count =          267
 v: current mean I/O counter =          267
 writing mean record for v; rec. count =          267
 sst: current mean I/O counter =          267
 writing mean record for sst; rec. count =          267
 ssh: current mean I/O counter =          267
 writing mean record for ssh; rec. count =          267
 hc300m: current mean I/O counter =          267
 writing mean record for hc300m; rec. count =          267
 hc700m: current mean I/O counter =          267
 writing mean record for hc700m; rec. count =          267
 hc: current mean I/O counter =          267
 writing mean record for hc; rec. count =          267
 tflux_unod: current mean I/O counter =          267
 writing mean record for tflux_unod; rec. count =          267
 tflux_vnod: current mean I/O counter =          267
 writing mean record for tflux_vnod; rec. count =          267
 tflux_w: current mean I/O counter =          267
 writing mean record for tflux_w; rec. count =          267
 curl_u: current mean I/O counter =          268
 writing mean record for curl_u; rec. count =          268
 rosb: current mean I/O counter =          268
 writing mean record for rosb; rec. count =          268
 N2: current mean I/O counter =          268
 writing mean record for N2; rec. count =          268
 slope_y: current mean I/O counter =          268
 writing mean record for slope_y; rec. count =          268
 slope_x: current mean I/O counter =          268
 writing mean record for slope_x; rec. count =          268
 vnod: current mean I/O counter =          268
 writing mean record for vnod; rec. count =          268
 v: current mean I/O counter =          268
 writing mean record for v; rec. count =          268
 ssh: current mean I/O counter =          268
 writing mean record for ssh; rec. count =          268
 hc700m: current mean I/O counter =          268
 writing mean record for hc700m; rec. count =          268
 tflux_vnod: current mean I/O counter =          268
 writing mean record for tflux_vnod; rec. count =          268
 tflux_w: current mean I/O counter =          268
 writing mean record for tflux_w; rec. count =          268
 temp: current mean I/O counter =          268
 writing mean record for temp; rec. count =          268
 unod: current mean I/O counter =          268
 writing mean record for unod; rec. count =          268
 u: current mean I/O counter =          268
 writing mean record for u; rec. count =          268
 hc: current mean I/O counter =          268
 writing mean record for hc; rec. count =          268
 sst: current mean I/O counter =          268
 writing mean record for sst; rec. count =          268
 hc300m: current mean I/O counter =          268
 writing mean record for hc300m; rec. count =          268
 tflux_unod: current mean I/O counter =          268
 writing mean record for tflux_unod; rec. count =          268
 curl_u: current mean I/O counter =          269
 writing mean record for curl_u; rec. count =          269
 N2: current mean I/O counter =          269
 writing mean record for N2; rec. count =          269
 slope_y: current mean I/O counter =          269
 writing mean record for slope_y; rec. count =          269
 rosb: current mean I/O counter =          269
 writing mean record for rosb; rec. count =          269
 vnod: current mean I/O counter =          269
 writing mean record for vnod; rec. count =          269
 v: current mean I/O counter =          269
 writing mean record for v; rec. count =          269
 ssh: current mean I/O counter =          269
 writing mean record for ssh; rec. count =          269
 hc700m: current mean I/O counter =          269
 writing mean record for hc700m; rec. count =          269
 unod: current mean I/O counter =          269
 writing mean record for unod; rec. count =          269
 tflux_w: current mean I/O counter =          269
 writing mean record for tflux_w; rec. count =          269
 slope_x: current mean I/O counter =          269
 writing mean record for slope_x; rec. count =          269
 temp: current mean I/O counter =          269
 writing mean record for temp; rec. count =          269
 u: current mean I/O counter =          269
 writing mean record for u; rec. count =          269
 sst: current mean I/O counter =          269
 writing mean record for sst; rec. count =          269
 hc300m: current mean I/O counter =          269
 writing mean record for hc300m; rec. count =          269
 hc: current mean I/O counter =          269
 writing mean record for hc; rec. count =          269
 tflux_unod: current mean I/O counter =          269
 writing mean record for tflux_unod; rec. count =          269
 tflux_vnod: current mean I/O counter =          269
 writing mean record for tflux_vnod; rec. count =          269
 curl_u: current mean I/O counter =          270
 writing mean record for curl_u; rec. count =          270
 rosb: current mean I/O counter =          270
 writing mean record for rosb; rec. count =          270
 N2: current mean I/O counter =          270
 writing mean record for N2; rec. count =          270
 slope_y: current mean I/O counter =          270
 writing mean record for slope_y; rec. count =          270
 vnod: current mean I/O counter =          270
 writing mean record for vnod; rec. count =          270
 v: current mean I/O counter =          270
 writing mean record for v; rec. count =          270
 ssh: current mean I/O counter =          270
 writing mean record for ssh; rec. count =          270
 hc700m: current mean I/O counter =          270
 writing mean record for hc700m; rec. count =          270
 tflux_unod: current mean I/O counter =          270
 writing mean record for tflux_unod; rec. count =          270
 tflux_w: current mean I/O counter =          270
 writing mean record for tflux_w; rec. count =          270
 slope_x: current mean I/O counter =          270
 writing mean record for slope_x; rec. count =          270
 temp: current mean I/O counter =          270
 writing mean record for temp; rec. count =          270
 unod: current mean I/O counter =          270
 writing mean record for unod; rec. count =          270
 u: current mean I/O counter =          270
 writing mean record for u; rec. count =          270
 sst: current mean I/O counter =          270
 writing mean record for sst; rec. count =          270
 hc300m: current mean I/O counter =          270
 writing mean record for hc300m; rec. count =          270
 hc: current mean I/O counter =          270
 writing mean record for hc; rec. count =          270
 tflux_vnod: current mean I/O counter =          270
 writing mean record for tflux_vnod; rec. count =          270
 curl_u: current mean I/O counter =          271
 writing mean record for curl_u; rec. count =          271
 N2: current mean I/O counter =          271
 writing mean record for N2; rec. count =          271
 slope_y: current mean I/O counter =          271
 writing mean record for slope_y; rec. count =          271
 rosb: current mean I/O counter =          271
 writing mean record for rosb; rec. count =          271
 slope_x: current mean I/O counter =          271
 writing mean record for slope_x; rec. count =          271
 vnod: current mean I/O counter =          271
 writing mean record for vnod; rec. count =          271
 temp: current mean I/O counter =          271
 writing mean record for temp; rec. count =          271
 unod: current mean I/O counter =          271
 writing mean record for unod; rec. count =          271
 u: current mean I/O counter =          271
 writing mean record for u; rec. count =          271
 v: current mean I/O counter =          271
 writing mean record for v; rec. count =          271
 sst: current mean I/O counter =          271
 writing mean record for sst; rec. count =          271
 ssh: current mean I/O counter =          271
 writing mean record for ssh; rec. count =          271
 hc300m: current mean I/O counter =          271
 writing mean record for hc300m; rec. count =          271
 hc700m: current mean I/O counter =          271
 writing mean record for hc700m; rec. count =          271
 hc: current mean I/O counter =          271
 writing mean record for hc; rec. count =          271
 tflux_unod: current mean I/O counter =          271
 writing mean record for tflux_unod; rec. count =          271
 tflux_vnod: current mean I/O counter =          271
 writing mean record for tflux_vnod; rec. count =          271
 tflux_w: current mean I/O counter =          271
 writing mean record for tflux_w; rec. count =          271
 curl_u: current mean I/O counter =          272
 writing mean record for curl_u; rec. count =          272
 rosb: current mean I/O counter =          272
 writing mean record for rosb; rec. count =          272
 N2: current mean I/O counter =          272
 writing mean record for N2; rec. count =          272
 slope_y: current mean I/O counter =          272
 writing mean record for slope_y; rec. count =          272
 slope_x: current mean I/O counter =          272
 writing mean record for slope_x; rec. count =          272
 vnod: current mean I/O counter =          272
 writing mean record for vnod; rec. count =          272
 v: current mean I/O counter =          272
 writing mean record for v; rec. count =          272
 ssh: current mean I/O counter =          272
 writing mean record for ssh; rec. count =          272
 hc700m: current mean I/O counter =          272
 writing mean record for hc700m; rec. count =          272
 tflux_w: current mean I/O counter =          272
 writing mean record for tflux_w; rec. count =          272
 hc300m: current mean I/O counter =          272
 writing mean record for hc300m; rec. count =          272
 tflux_unod: current mean I/O counter =          272
 writing mean record for tflux_unod; rec. count =          272
 temp: current mean I/O counter =          272
 writing mean record for temp; rec. count =          272
 unod: current mean I/O counter =          272
 writing mean record for unod; rec. count =          272
 u: current mean I/O counter =          272
 writing mean record for u; rec. count =          272
 sst: current mean I/O counter =          272
 writing mean record for sst; rec. count =          272
 hc: current mean I/O counter =          272
 writing mean record for hc; rec. count =          272
 tflux_vnod: current mean I/O counter =          272
 writing mean record for tflux_vnod; rec. count =          272
 curl_u: current mean I/O counter =          273
 writing mean record for curl_u; rec. count =          273
 N2: current mean I/O counter =          273
 writing mean record for N2; rec. count =          273
 slope_y: current mean I/O counter =          273
 writing mean record for slope_y; rec. count =          273
 rosb: current mean I/O counter =          273
 writing mean record for rosb; rec. count =          273
 slope_x: current mean I/O counter =          273
 writing mean record for slope_x; rec. count =          273
 v: current mean I/O counter =          273
 writing mean record for v; rec. count =          273
 tflux_w: current mean I/O counter =          273
 writing mean record for tflux_w; rec. count =          273
 temp: current mean I/O counter =          273
 writing mean record for temp; rec. count =          273
 vnod: current mean I/O counter =          273
 writing mean record for vnod; rec. count =          273
 hc700m: current mean I/O counter =          273
 writing mean record for hc700m; rec. count =          273
 unod: current mean I/O counter =          273
 writing mean record for unod; rec. count =          273
 u: current mean I/O counter =          273
 writing mean record for u; rec. count =          273
 sst: current mean I/O counter =          273
 writing mean record for sst; rec. count =          273
 ssh: current mean I/O counter =          273
 writing mean record for ssh; rec. count =          273
 hc300m: current mean I/O counter =          273
 writing mean record for hc300m; rec. count =          273
 tflux_unod: current mean I/O counter =          273
 writing mean record for tflux_unod; rec. count =          273
 hc: current mean I/O counter =          273
 writing mean record for hc; rec. count =          273
 tflux_vnod: current mean I/O counter =          273
 writing mean record for tflux_vnod; rec. count =          273
 curl_u: current mean I/O counter =          274
 writing mean record for curl_u; rec. count =          274
 N2: current mean I/O counter =          274
 writing mean record for N2; rec. count =          274
 slope_y: current mean I/O counter =          274
 writing mean record for slope_y; rec. count =          274
 rosb: current mean I/O counter =          274
 writing mean record for rosb; rec. count =          274
 vnod: current mean I/O counter =          274
 writing mean record for vnod; rec. count =          274
 v: current mean I/O counter =          274
 writing mean record for v; rec. count =          274
 ssh: current mean I/O counter =          274
 writing mean record for ssh; rec. count =          274
 hc700m: current mean I/O counter =          274
 writing mean record for hc700m; rec. count =          274
 temp: current mean I/O counter =          274
 writing mean record for temp; rec. count =          274
 tflux_w: current mean I/O counter =          274
 writing mean record for tflux_w; rec. count =          274
 unod: current mean I/O counter =          274
 writing mean record for unod; rec. count =          274
 slope_x: current mean I/O counter =          274
 writing mean record for slope_x; rec. count =          274
 u: current mean I/O counter =          274
 writing mean record for u; rec. count =          274
 sst: current mean I/O counter =          274
 writing mean record for sst; rec. count =          274
 hc300m: current mean I/O counter =          274
 writing mean record for hc300m; rec. count =          274
 hc: current mean I/O counter =          274
 writing mean record for hc; rec. count =          274
 tflux_unod: current mean I/O counter =          274
 writing mean record for tflux_unod; rec. count =          274
 tflux_vnod: current mean I/O counter =          274
 writing mean record for tflux_vnod; rec. count =          274
 curl_u: current mean I/O counter =          275
 writing mean record for curl_u; rec. count =          275
 N2: current mean I/O counter =          275
 writing mean record for N2; rec. count =          275
 slope_y: current mean I/O counter =          275
 writing mean record for slope_y; rec. count =          275
 rosb: current mean I/O counter =          275
 writing mean record for rosb; rec. count =          275
 vnod: current mean I/O counter =          275
 writing mean record for vnod; rec. count =          275
 v: current mean I/O counter =          275
 writing mean record for v; rec. count =          275
 ssh: current mean I/O counter =          275
 writing mean record for ssh; rec. count =          275
 hc700m: current mean I/O counter =          275
 writing mean record for hc700m; rec. count =          275
 tflux_w: current mean I/O counter =          275
 writing mean record for tflux_w; rec. count =          275
 tflux_unod: current mean I/O counter =          275
 writing mean record for tflux_unod; rec. count =          275
 temp: current mean I/O counter =          275
 writing mean record for temp; rec. count =          275
 slope_x: current mean I/O counter =          275
 writing mean record for slope_x; rec. count =          275
 unod: current mean I/O counter =          275
 writing mean record for unod; rec. count =          275
 u: current mean I/O counter =          275
 writing mean record for u; rec. count =          275
 sst: current mean I/O counter =          275
 writing mean record for sst; rec. count =          275
 hc300m: current mean I/O counter =          275
 writing mean record for hc300m; rec. count =          275
 hc: current mean I/O counter =          275
 writing mean record for hc; rec. count =          275
 tflux_vnod: current mean I/O counter =          275
 writing mean record for tflux_vnod; rec. count =          275
 curl_u: current mean I/O counter =          276
 writing mean record for curl_u; rec. count =          276
 N2: current mean I/O counter =          276
 writing mean record for N2; rec. count =          276
 slope_y: current mean I/O counter =          276
 writing mean record for slope_y; rec. count =          276
 rosb: current mean I/O counter =          276
 writing mean record for rosb; rec. count =          276
 tflux_unod: current mean I/O counter =          276
 writing mean record for tflux_unod; rec. count =          276
 tflux_w: current mean I/O counter =          276
 writing mean record for tflux_w; rec. count =          276
 vnod: current mean I/O counter =          276
 writing mean record for vnod; rec. count =          276
 v: current mean I/O counter =          276
 writing mean record for v; rec. count =          276
 ssh: current mean I/O counter =          276
 writing mean record for ssh; rec. count =          276
 temp: current mean I/O counter =          276
 writing mean record for temp; rec. count =          276
 hc700m: current mean I/O counter =          276
 writing mean record for hc700m; rec. count =          276
 slope_x: current mean I/O counter =          276
 writing mean record for slope_x; rec. count =          276
 unod: current mean I/O counter =          276
 writing mean record for unod; rec. count =          276
 u: current mean I/O counter =          276
 writing mean record for u; rec. count =          276
 sst: current mean I/O counter =          276
 writing mean record for sst; rec. count =          276
 hc300m: current mean I/O counter =          276
 writing mean record for hc300m; rec. count =          276
 hc: current mean I/O counter =          276
 writing mean record for hc; rec. count =          276
 tflux_vnod: current mean I/O counter =          276
 writing mean record for tflux_vnod; rec. count =          276
 curl_u: current mean I/O counter =          277
 writing mean record for curl_u; rec. count =          277
 rosb: current mean I/O counter =          277
 writing mean record for rosb; rec. count =          277
 N2: current mean I/O counter =          277
 writing mean record for N2; rec. count =          277
 slope_y: current mean I/O counter =          277
 writing mean record for slope_y; rec. count =          277
 slope_x: current mean I/O counter =          277
 writing mean record for slope_x; rec. count =          277
 temp: current mean I/O counter =          277
 writing mean record for temp; rec. count =          277
 vnod: current mean I/O counter =          277
 writing mean record for vnod; rec. count =          277
 v: current mean I/O counter =          277
 writing mean record for v; rec. count =          277
 ssh: current mean I/O counter =          277
 writing mean record for ssh; rec. count =          277
 hc700m: current mean I/O counter =          277
 writing mean record for hc700m; rec. count =          277
 tflux_unod: current mean I/O counter =          277
 writing mean record for tflux_unod; rec. count =          277
 unod: current mean I/O counter =          277
 writing mean record for unod; rec. count =          277
 u: current mean I/O counter =          277
 writing mean record for u; rec. count =          277
 sst: current mean I/O counter =          277
 writing mean record for sst; rec. count =          277
 hc300m: current mean I/O counter =          277
 writing mean record for hc300m; rec. count =          277
 tflux_w: current mean I/O counter =          277
 writing mean record for tflux_w; rec. count =          277
 hc: current mean I/O counter =          277
 writing mean record for hc; rec. count =          277
 tflux_vnod: current mean I/O counter =          277
 writing mean record for tflux_vnod; rec. count =          277
 curl_u: current mean I/O counter =          278
 writing mean record for curl_u; rec. count =          278
 rosb: current mean I/O counter =          278
 writing mean record for rosb; rec. count =          278
 N2: current mean I/O counter =          278
 writing mean record for N2; rec. count =          278
 slope_x: current mean I/O counter =          278
 writing mean record for slope_x; rec. count =          278
 slope_y: current mean I/O counter =          278
 writing mean record for slope_y; rec. count =          278
 temp: current mean I/O counter =          278
 writing mean record for temp; rec. count =          278
 vnod: current mean I/O counter =          278
 writing mean record for vnod; rec. count =          278
 tflux_unod: current mean I/O counter =          278
 writing mean record for tflux_unod; rec. count =          278
 tflux_w: current mean I/O counter =          278
 writing mean record for tflux_w; rec. count =          278
 unod: current mean I/O counter =          278
 writing mean record for unod; rec. count =          278
 ssh: current mean I/O counter =          278
 writing mean record for ssh; rec. count =          278
 hc300m: current mean I/O counter =          278
 writing mean record for hc300m; rec. count =          278
 hc700m: current mean I/O counter =          278
 writing mean record for hc700m; rec. count =          278
 hc: current mean I/O counter =          278
 writing mean record for hc; rec. count =          278
 u: current mean I/O counter =          278
 writing mean record for u; rec. count =          278
 v: current mean I/O counter =          278
 writing mean record for v; rec. count =          278
 sst: current mean I/O counter =          278
 writing mean record for sst; rec. count =          278
 tflux_vnod: current mean I/O counter =          278
 writing mean record for tflux_vnod; rec. count =          278
 curl_u: current mean I/O counter =          279
 writing mean record for curl_u; rec. count =          279
 rosb: current mean I/O counter =          279
 writing mean record for rosb; rec. count =          279
 N2: current mean I/O counter =          279
 writing mean record for N2; rec. count =          279
 slope_y: current mean I/O counter =          279
 writing mean record for slope_y; rec. count =          279
 temp: current mean I/O counter =          279
 writing mean record for temp; rec. count =          279
 vnod: current mean I/O counter =          279
 writing mean record for vnod; rec. count =          279
 slope_x: current mean I/O counter =          279
 writing mean record for slope_x; rec. count =          279
 unod: current mean I/O counter =          279
 writing mean record for unod; rec. count =          279
 v: current mean I/O counter =          279
 writing mean record for v; rec. count =          279
 ssh: current mean I/O counter =          279
 writing mean record for ssh; rec. count =          279
 hc700m: current mean I/O counter =          279
 writing mean record for hc700m; rec. count =          279
 tflux_w: current mean I/O counter =          279
 writing mean record for tflux_w; rec. count =          279
 u: current mean I/O counter =          279
 writing mean record for u; rec. count =          279
 sst: current mean I/O counter =          279
 writing mean record for sst; rec. count =          279
 hc300m: current mean I/O counter =          279
 writing mean record for hc300m; rec. count =          279
 hc: current mean I/O counter =          279
 writing mean record for hc; rec. count =          279
 tflux_unod: current mean I/O counter =          279
 writing mean record for tflux_unod; rec. count =          279
 tflux_vnod: current mean I/O counter =          279
 writing mean record for tflux_vnod; rec. count =          279
 curl_u: current mean I/O counter =          280
 writing mean record for curl_u; rec. count =          280
 N2: current mean I/O counter =          280
 writing mean record for N2; rec. count =          280
 rosb: current mean I/O counter =          280
 writing mean record for rosb; rec. count =          280
 slope_x: current mean I/O counter =          280
 writing mean record for slope_x; rec. count =          280
 slope_y: current mean I/O counter =          280
 writing mean record for slope_y; rec. count =          280
 temp: current mean I/O counter =          280
 writing mean record for temp; rec. count =          280
 unod: current mean I/O counter =          280
 writing mean record for unod; rec. count =          280
 vnod: current mean I/O counter =          280
 writing mean record for vnod; rec. count =          280
 u: current mean I/O counter =          280
 writing mean record for u; rec. count =          280
 v: current mean I/O counter =          280
 writing mean record for v; rec. count =          280
 ssh: current mean I/O counter =          280
 writing mean record for ssh; rec. count =          280
 hc700m: current mean I/O counter =          280
 writing mean record for hc700m; rec. count =          280
 hc: current mean I/O counter =          280
 writing mean record for hc; rec. count =          280
 tflux_unod: current mean I/O counter =          280
 writing mean record for tflux_unod; rec. count =          280
 tflux_w: current mean I/O counter =          280
 writing mean record for tflux_w; rec. count =          280
 sst: current mean I/O counter =          280
 writing mean record for sst; rec. count =          280
 hc300m: current mean I/O counter =          280
 writing mean record for hc300m; rec. count =          280
 tflux_vnod: current mean I/O counter =          280
 writing mean record for tflux_vnod; rec. count =          280
 curl_u: current mean I/O counter =          281
 writing mean record for curl_u; rec. count =          281
 rosb: current mean I/O counter =          281
 writing mean record for rosb; rec. count =          281
 N2: current mean I/O counter =          281
 writing mean record for N2; rec. count =          281
 slope_y: current mean I/O counter =          281
 writing mean record for slope_y; rec. count =          281
 tflux_unod: current mean I/O counter =          281
 writing mean record for tflux_unod; rec. count =          281
 vnod: current mean I/O counter =          281
 writing mean record for vnod; rec. count =          281
 hc700m: current mean I/O counter =          281
 writing mean record for hc700m; rec. count =          281
 slope_x: current mean I/O counter =          281
 writing mean record for slope_x; rec. count =          281
 temp: current mean I/O counter =          281
 writing mean record for temp; rec. count =          281
 unod: current mean I/O counter =          281
 writing mean record for unod; rec. count =          281
 u: current mean I/O counter =          281
 writing mean record for u; rec. count =          281
 v: current mean I/O counter =          281
 writing mean record for v; rec. count =          281
 sst: current mean I/O counter =          281
 writing mean record for sst; rec. count =          281
 ssh: current mean I/O counter =          281
 writing mean record for ssh; rec. count =          281
 hc300m: current mean I/O counter =          281
 writing mean record for hc300m; rec. count =          281
 hc: current mean I/O counter =          281
 writing mean record for hc; rec. count =          281
 tflux_vnod: current mean I/O counter =          281
 writing mean record for tflux_vnod; rec. count =          281
 tflux_w: current mean I/O counter =          281
 writing mean record for tflux_w; rec. count =          281
 curl_u: current mean I/O counter =          282
 writing mean record for curl_u; rec. count =          282
 rosb: current mean I/O counter =          282
 writing mean record for rosb; rec. count =          282
 N2: current mean I/O counter =          282
 writing mean record for N2; rec. count =          282
 slope_y: current mean I/O counter =          282
 writing mean record for slope_y; rec. count =          282
 slope_x: current mean I/O counter =          282
 writing mean record for slope_x; rec. count =          282
 vnod: current mean I/O counter =          282
 writing mean record for vnod; rec. count =          282
 v: current mean I/O counter =          282
 writing mean record for v; rec. count =          282
 tflux_w: current mean I/O counter =          282
 writing mean record for tflux_w; rec. count =          282
 temp: current mean I/O counter =          282
 writing mean record for temp; rec. count =          282
 unod: current mean I/O counter =          282
 writing mean record for unod; rec. count =          282
 ssh: current mean I/O counter =          282
 writing mean record for ssh; rec. count =          282
 hc700m: current mean I/O counter =          282
 writing mean record for hc700m; rec. count =          282
 tflux_unod: current mean I/O counter =          282
 writing mean record for tflux_unod; rec. count =          282
 tflux_vnod: current mean I/O counter =          282
 writing mean record for tflux_vnod; rec. count =          282
 u: current mean I/O counter =          282
 writing mean record for u; rec. count =          282
 sst: current mean I/O counter =          282
 writing mean record for sst; rec. count =          282
 hc300m: current mean I/O counter =          282
 writing mean record for hc300m; rec. count =          282
 hc: current mean I/O counter =          282
 writing mean record for hc; rec. count =          282
 curl_u: current mean I/O counter =          283
 writing mean record for curl_u; rec. count =          283
 rosb: current mean I/O counter =          283
 writing mean record for rosb; rec. count =          283
 N2: current mean I/O counter =          283
 writing mean record for N2; rec. count =          283
 slope_y: current mean I/O counter =          283
 writing mean record for slope_y; rec. count =          283
 v: current mean I/O counter =          283
 writing mean record for v; rec. count =          283
 hc700m: current mean I/O counter =          283
 writing mean record for hc700m; rec. count =          283
 tflux_w: current mean I/O counter =          283
 writing mean record for tflux_w; rec. count =          283
 slope_x: current mean I/O counter =          283
 writing mean record for slope_x; rec. count =          283
 unod: current mean I/O counter =          283
 writing mean record for unod; rec. count =          283
 vnod: current mean I/O counter =          283
 writing mean record for vnod; rec. count =          283
 ssh: current mean I/O counter =          283
 writing mean record for ssh; rec. count =          283
 hc: current mean I/O counter =          283
 writing mean record for hc; rec. count =          283
 tflux_vnod: current mean I/O counter =          283
 writing mean record for tflux_vnod; rec. count =          283
 tflux_unod: current mean I/O counter =          283
 writing mean record for tflux_unod; rec. count =          283
 temp: current mean I/O counter =          283
 writing mean record for temp; rec. count =          283
 u: current mean I/O counter =          283
 writing mean record for u; rec. count =          283
 sst: current mean I/O counter =          283
 writing mean record for sst; rec. count =          283
 hc300m: current mean I/O counter =          283
 writing mean record for hc300m; rec. count =          283
 curl_u: current mean I/O counter =          284
 writing mean record for curl_u; rec. count =          284
 N2: current mean I/O counter =          284
 writing mean record for N2; rec. count =          284
 rosb: current mean I/O counter =          284
 writing mean record for rosb; rec. count =          284
 slope_y: current mean I/O counter =          284
 writing mean record for slope_y; rec. count =          284
 slope_x: current mean I/O counter =          284
 writing mean record for slope_x; rec. count =          284
 temp: current mean I/O counter =          284
 writing mean record for temp; rec. count =          284
 unod: current mean I/O counter =          284
 writing mean record for unod; rec. count =          284
 vnod: current mean I/O counter =          284
 writing mean record for vnod; rec. count =          284
 u: current mean I/O counter =          284
 writing mean record for u; rec. count =          284
 v: current mean I/O counter =          284
 writing mean record for v; rec. count =          284
 sst: current mean I/O counter =          284
 writing mean record for sst; rec. count =          284
 ssh: current mean I/O counter =          284
 writing mean record for ssh; rec. count =          284
 hc300m: current mean I/O counter =          284
 writing mean record for hc300m; rec. count =          284
 hc700m: current mean I/O counter =          284
 writing mean record for hc700m; rec. count =          284
 hc: current mean I/O counter =          284
 writing mean record for hc; rec. count =          284
 tflux_vnod: current mean I/O counter =          284
 writing mean record for tflux_vnod; rec. count =          284
 tflux_unod: current mean I/O counter =          284
 writing mean record for tflux_unod; rec. count =          284
 tflux_w: current mean I/O counter =          284
 writing mean record for tflux_w; rec. count =          284
 curl_u: current mean I/O counter =          285
 writing mean record for curl_u; rec. count =          285
 rosb: current mean I/O counter =          285
 writing mean record for rosb; rec. count =          285
 N2: current mean I/O counter =          285
 writing mean record for N2; rec. count =          285
 slope_y: current mean I/O counter =          285
 writing mean record for slope_y; rec. count =          285
 tflux_unod: current mean I/O counter =          285
 writing mean record for tflux_unod; rec. count =          285
 tflux_w: current mean I/O counter =          285
 writing mean record for tflux_w; rec. count =          285
 slope_x: current mean I/O counter =          285
 writing mean record for slope_x; rec. count =          285
 temp: current mean I/O counter =          285
 writing mean record for temp; rec. count =          285
 vnod: current mean I/O counter =          285
 writing mean record for vnod; rec. count =          285
 v: current mean I/O counter =          285
 writing mean record for v; rec. count =          285
 ssh: current mean I/O counter =          285
 writing mean record for ssh; rec. count =          285
 hc300m: current mean I/O counter =          285
 writing mean record for hc300m; rec. count =          285
 hc700m: current mean I/O counter =          285
 writing mean record for hc700m; rec. count =          285
 unod: current mean I/O counter =          285
 writing mean record for unod; rec. count =          285
 u: current mean I/O counter =          285
 writing mean record for u; rec. count =          285
 hc: current mean I/O counter =          285
 writing mean record for hc; rec. count =          285
 sst: current mean I/O counter =          285
 writing mean record for sst; rec. count =          285
 tflux_vnod: current mean I/O counter =          285
 writing mean record for tflux_vnod; rec. count =          285
 curl_u: current mean I/O counter =          286
 writing mean record for curl_u; rec. count =          286
 rosb: current mean I/O counter =          286
 writing mean record for rosb; rec. count =          286
 N2: current mean I/O counter =          286
 writing mean record for N2; rec. count =          286
 slope_y: current mean I/O counter =          286
 writing mean record for slope_y; rec. count =          286
 tflux_unod: current mean I/O counter =          286
 writing mean record for tflux_unod; rec. count =          286
 tflux_w: current mean I/O counter =          286
 writing mean record for tflux_w; rec. count =          286
 vnod: current mean I/O counter =          286
 writing mean record for vnod; rec. count =          286
 slope_x: current mean I/O counter =          286
 writing mean record for slope_x; rec. count =          286
 temp: current mean I/O counter =          286
 writing mean record for temp; rec. count =          286
 v: current mean I/O counter =          286
 writing mean record for v; rec. count =          286
 ssh: current mean I/O counter =          286
 writing mean record for ssh; rec. count =          286
 hc700m: current mean I/O counter =          286
 writing mean record for hc700m; rec. count =          286
 unod: current mean I/O counter =          286
 writing mean record for unod; rec. count =          286
 u: current mean I/O counter =          286
 writing mean record for u; rec. count =          286
 sst: current mean I/O counter =          286
 writing mean record for sst; rec. count =          286
 hc300m: current mean I/O counter =          286
 writing mean record for hc300m; rec. count =          286
 hc: current mean I/O counter =          286
 writing mean record for hc; rec. count =          286
 tflux_vnod: current mean I/O counter =          286
 writing mean record for tflux_vnod; rec. count =          286
 curl_u: current mean I/O counter =          287
 writing mean record for curl_u; rec. count =          287
 rosb: current mean I/O counter =          287
 writing mean record for rosb; rec. count =          287
 N2: current mean I/O counter =          287
 writing mean record for N2; rec. count =          287
 slope_y: current mean I/O counter =          287
 writing mean record for slope_y; rec. count =          287
 vnod: current mean I/O counter =          287
 writing mean record for vnod; rec. count =          287
 ssh: current mean I/O counter =          287
 writing mean record for ssh; rec. count =          287
 FESOM =======================================================
 FESOM step:         288  day:           2  year:        2008
 
 v: current mean I/O counter =          287
 writing mean record for v; rec. count =          287
 hc700m: current mean I/O counter =          287
 writing mean record for hc700m; rec. count =          287
 tflux_unod: current mean I/O counter =          287
 writing mean record for tflux_unod; rec. count =          287
 tflux_w: current mean I/O counter =          287
 writing mean record for tflux_w; rec. count =          287
 unod: current mean I/O counter =          287
 writing mean record for unod; rec. count =          287
 slope_x: current mean I/O counter =          287
 writing mean record for slope_x; rec. count =          287
 temp: current mean I/O counter =          287
 writing mean record for temp; rec. count =          287
 sst: current mean I/O counter =          287
 writing mean record for sst; rec. count =          287
 hc300m: current mean I/O counter =          287
 writing mean record for hc300m; rec. count =          287
 u: current mean I/O counter =          287
 writing mean record for u; rec. count =          287
 hc: current mean I/O counter =          287
 writing mean record for hc; rec. count =          287
 tflux_vnod: current mean I/O counter =          287
 writing mean record for tflux_vnod; rec. count =          287
 ___CHECK GLOBAL OCEAN VARIABLES --> mstep=         288
   ___global estimat of eta & hbar____________________
    int(eta), int(hbar)      =  4.207014453704512E-002  4.207014453704512E-002
     --> error(eta-hbar)     =  0.000000000000000E+000
    min(eta) , max(eta)      = -0.502742770179343       0.781075449669571     
    max(hbar), max(hbar)     = -0.502742770179343       0.781075449669571     
 
    int(deta), int(dhbar)    =  0.000000000000000E+000  4.372863040386689E-004
     --> error(deta-dhbar)   = -4.372863040386689E-004
     --> error(deta-wflux)   =  0.000000000000000E+000
     --> error(dhbar-wflux)  =  4.372863040386689E-004
 
    -int(wflux)*dt          =  0.000000000000000E+000
    int(deta )-int(wflux)*dt =  0.000000000000000E+000
    int(dhbar)-int(wflux)*dt =  4.372863040386689E-004
 
   ___global min/max/mean  --> mstep=         288 ____________
       eta= -5.027E-01 |  7.811E-01 | N.A.
      deta= -3.343E-04 |  5.182E-03 | N.A.
      hbar= -5.027E-01 |  7.811E-01 | N.A.
     wflux=  0.000E+00 |  0.000E+00 |  0.000E+00
     hflux=  5.927E+01 |  2.177E+02 |  0.000E+00
      temp= -6.372E-01 |  5.419E+01 |  0.000E+00
      salt=  3.500E+01 |  3.500E+01 |  0.000E+00
    wvel(1,:)= -5.572E-07 |  8.636E-06 | N.A.
    wvel(2,:)= -1.320E-05 |  4.392E-05 | N.A.
    uvel(1,:)= -2.589E-01 |  4.365E-01 | N.A.
    uvel(2,:)= -2.504E-01 |  4.334E-01 | N.A.
    vvel(1,:)= -1.471E-01 |  3.650E-01 | N.A.
    vvel(2,:)= -1.445E-01 |  3.795E-01 | N.A.
   hnode(1,:)=  9.038E+00 |  9.038E+00 | N.A.
   hnode(2,:)=  9.941E+00 |  9.941E+00 | N.A.
     cfl_z=  N.A.      |  1.310E-02 | N.A.
     pgf_x=  N.A.      |  1.979E-05 | N.A.
     pgf_y=  N.A.      |  6.299E-05 | N.A.
          Av=  N.A.      |  1.000E-01 | N.A.
          Kv=  N.A.      |  1.000E-01 | N.A.
 ___ALE OCEAN STEP EXECUTION TIMES______________________
     Oce. Mix,Press.. : 7.713E-02
     Oce. Dynamics    : 1.234E-04
     Oce. Update Vel. : 2.587E-05
     Oce. Fer-GM.     : 2.999E-08
     _______________________________
     ALE-Solve SSH    : 2.994E-04
     ALE-Calc. hbar   : 1.676E-05
     ALE-Update+W     : 4.525E-05
     ALE-Solve Tracer : 4.881E-01
     ALE-Update hnode : 3.321E-02
     _______________________________
     check for blowup : 2.534E-04
     _______________________________
     Oce. TOTAL       : 5.992E-01
 
 
 curl_u: current mean I/O counter =          288
 writing mean record for curl_u; rec. count =          288
 rosb: current mean I/O counter =          288
 writing mean record for rosb; rec. count =          288
 N2: current mean I/O counter =          288
 writing mean record for N2; rec. count =          288
 slope_y: current mean I/O counter =          288
 writing mean record for slope_y; rec. count =          288
 vnod: current mean I/O counter =          288
 writing mean record for vnod; rec. count =          288
 v: current mean I/O counter =          288
 writing mean record for v; rec. count =          288
 ssh: current mean I/O counter =          288
 writing mean record for ssh; rec. count =          288
 slope_x: current mean I/O counter =          288
 writing mean record for slope_x; rec. count =          288
 temp: current mean I/O counter =          288
 writing mean record for temp; rec. count =          288
 unod: current mean I/O counter =          288
 writing mean record for unod; rec. count =          288
 u: current mean I/O counter =          288
 writing mean record for u; rec. count =          288
 hc300m: current mean I/O counter =          288
 writing mean record for hc300m; rec. count =          288
 hc700m: current mean I/O counter =          288
 writing mean record for hc700m; rec. count =          288
 hc: current mean I/O counter =          288
 writing mean record for hc; rec. count =          288
 tflux_unod: current mean I/O counter =          288
 writing mean record for tflux_unod; rec. count =          288
 sst: current mean I/O counter =          288
 writing mean record for sst; rec. count =          288
 tflux_vnod: current mean I/O counter =          288
 writing mean record for tflux_vnod; rec. count =          288
 tflux_w: current mean I/O counter =          288
 writing mean record for tflux_w; rec. count =          288
 curl_u: current mean I/O counter =          289
 writing mean record for curl_u; rec. count =          289
 rosb: current mean I/O counter =          289
 writing mean record for rosb; rec. count =          289
 N2: current mean I/O counter =          289
 writing mean record for N2; rec. count =          289
 slope_y: current mean I/O counter =          289
 writing mean record for slope_y; rec. count =          289
 temp: current mean I/O counter =          289
 writing mean record for temp; rec. count =          289
 vnod: current mean I/O counter =          289
 writing mean record for vnod; rec. count =          289
 v: current mean I/O counter =          289
 writing mean record for v; rec. count =          289
 hc700m: current mean I/O counter =          289
 writing mean record for hc700m; rec. count =          289
 unod: current mean I/O counter =          289
 writing mean record for unod; rec. count =          289
 ssh: current mean I/O counter =          289
 writing mean record for ssh; rec. count =          289
 tflux_w: current mean I/O counter =          289
 writing mean record for tflux_w; rec. count =          289
 slope_x: current mean I/O counter =          289
 writing mean record for slope_x; rec. count =          289
 u: current mean I/O counter =          289
 writing mean record for u; rec. count =          289
 sst: current mean I/O counter =          289
 writing mean record for sst; rec. count =          289
 hc300m: current mean I/O counter =          289
 writing mean record for hc300m; rec. count =          289
 hc: current mean I/O counter =          289
 writing mean record for hc; rec. count =          289
 tflux_unod: current mean I/O counter =          289
 writing mean record for tflux_unod; rec. count =          289
 tflux_vnod: current mean I/O counter =          289
 writing mean record for tflux_vnod; rec. count =          289
 curl_u: current mean I/O counter =          290
 writing mean record for curl_u; rec. count =          290
 rosb: current mean I/O counter =          290
 writing mean record for rosb; rec. count =          290
 N2: current mean I/O counter =          290
 writing mean record for N2; rec. count =          290
 slope_y: current mean I/O counter =          290
 writing mean record for slope_y; rec. count =          290
 temp: current mean I/O counter =          290
 writing mean record for temp; rec. count =          290
 slope_x: current mean I/O counter =          290
 writing mean record for slope_x; rec. count =          290
 vnod: current mean I/O counter =          290
 writing mean record for vnod; rec. count =          290
 v: current mean I/O counter =          290
 writing mean record for v; rec. count =          290
 tflux_w: current mean I/O counter =          290
 writing mean record for tflux_w; rec. count =          290
 unod: current mean I/O counter =          290
 writing mean record for unod; rec. count =          290
 u: current mean I/O counter =          290
 writing mean record for u; rec. count =          290
 ssh: current mean I/O counter =          290
 writing mean record for ssh; rec. count =          290
 hc700m: current mean I/O counter =          290
 writing mean record for hc700m; rec. count =          290
 sst: current mean I/O counter =          290
 writing mean record for sst; rec. count =          290
 hc300m: current mean I/O counter =          290
 writing mean record for hc300m; rec. count =          290
 hc: current mean I/O counter =          290
 writing mean record for hc; rec. count =          290
 tflux_unod: current mean I/O counter =          290
 writing mean record for tflux_unod; rec. count =          290
 tflux_vnod: current mean I/O counter =          290
 writing mean record for tflux_vnod; rec. count =          290
 curl_u: current mean I/O counter =          291
 writing mean record for curl_u; rec. count =          291
 rosb: current mean I/O counter =          291
 writing mean record for rosb; rec. count =          291
 N2: current mean I/O counter =          291
 writing mean record for N2; rec. count =          291
 slope_y: current mean I/O counter =          291
 writing mean record for slope_y; rec. count =          291
 v: current mean I/O counter =          291
 writing mean record for v; rec. count =          291
 ssh: current mean I/O counter =          291
 writing mean record for ssh; rec. count =          291
 temp: current mean I/O counter =          291
 writing mean record for temp; rec. count =          291
 unod: current mean I/O counter =          291
 writing mean record for unod; rec. count =          291
 vnod: current mean I/O counter =          291
 writing mean record for vnod; rec. count =          291
 hc: current mean I/O counter =          291
 writing mean record for hc; rec. count =          291
 tflux_vnod: current mean I/O counter =          291
 writing mean record for tflux_vnod; rec. count =          291
 slope_x: current mean I/O counter =          291
 writing mean record for slope_x; rec. count =          291
 u: current mean I/O counter =          291
 writing mean record for u; rec. count =          291
 sst: current mean I/O counter =          291
 writing mean record for sst; rec. count =          291
 hc300m: current mean I/O counter =          291
 writing mean record for hc300m; rec. count =          291
 hc700m: current mean I/O counter =          291
 writing mean record for hc700m; rec. count =          291
 tflux_unod: current mean I/O counter =          291
 writing mean record for tflux_unod; rec. count =          291
 tflux_w: current mean I/O counter =          291
 writing mean record for tflux_w; rec. count =          291
 curl_u: current mean I/O counter =          292
 writing mean record for curl_u; rec. count =          292
 N2: current mean I/O counter =          292
 writing mean record for N2; rec. count =          292
 slope_y: current mean I/O counter =          292
 writing mean record for slope_y; rec. count =          292
 rosb: current mean I/O counter =          292
 writing mean record for rosb; rec. count =          292
 temp: current mean I/O counter =          292
 writing mean record for temp; rec. count =          292
 vnod: current mean I/O counter =          292
 writing mean record for vnod; rec. count =          292
 v: current mean I/O counter =          292
 writing mean record for v; rec. count =          292
 ssh: current mean I/O counter =          292
 writing mean record for ssh; rec. count =          292
 tflux_unod: current mean I/O counter =          292
 writing mean record for tflux_unod; rec. count =          292
 hc700m: current mean I/O counter =          292
 writing mean record for hc700m; rec. count =          292
 slope_x: current mean I/O counter =          292
 writing mean record for slope_x; rec. count =          292
 unod: current mean I/O counter =          292
 writing mean record for unod; rec. count =          292
 u: current mean I/O counter =          292
 writing mean record for u; rec. count =          292
 sst: current mean I/O counter =          292
 writing mean record for sst; rec. count =          292
 hc300m: current mean I/O counter =          292
 writing mean record for hc300m; rec. count =          292
 hc: current mean I/O counter =          292
 writing mean record for hc; rec. count =          292
 tflux_vnod: current mean I/O counter =          292
 writing mean record for tflux_vnod; rec. count =          292
 tflux_w: current mean I/O counter =          292
 writing mean record for tflux_w; rec. count =          292
 curl_u: current mean I/O counter =          293
 writing mean record for curl_u; rec. count =          293
 rosb: current mean I/O counter =          293
 writing mean record for rosb; rec. count =          293
 N2: current mean I/O counter =          293
 writing mean record for N2; rec. count =          293
 slope_y: current mean I/O counter =          293
 writing mean record for slope_y; rec. count =          293
 vnod: current mean I/O counter =          293
 writing mean record for vnod; rec. count =          293
 v: current mean I/O counter =          293
 writing mean record for v; rec. count =          293
 temp: current mean I/O counter =          293
 writing mean record for temp; rec. count =          293
 ssh: current mean I/O counter =          293
 writing mean record for ssh; rec. count =          293
 slope_x: current mean I/O counter =          293
 writing mean record for slope_x; rec. count =          293
 unod: current mean I/O counter =          293
 writing mean record for unod; rec. count =          293
 u: current mean I/O counter =          293
 writing mean record for u; rec. count =          293
 sst: current mean I/O counter =          293
 writing mean record for sst; rec. count =          293
 hc300m: current mean I/O counter =          293
 writing mean record for hc300m; rec. count =          293
 hc700m: current mean I/O counter =          293
 writing mean record for hc700m; rec. count =          293
 tflux_unod: current mean I/O counter =          293
 writing mean record for tflux_unod; rec. count =          293
 hc: current mean I/O counter =          293
 writing mean record for hc; rec. count =          293
 tflux_vnod: current mean I/O counter =          293
 writing mean record for tflux_vnod; rec. count =          293
 tflux_w: current mean I/O counter =          293
 writing mean record for tflux_w; rec. count =          293
 curl_u: current mean I/O counter =          294
 writing mean record for curl_u; rec. count =          294
 N2: current mean I/O counter =          294
 writing mean record for N2; rec. count =          294
 rosb: current mean I/O counter =          294
 writing mean record for rosb; rec. count =          294
 slope_x: current mean I/O counter =          294
 writing mean record for slope_x; rec. count =          294
 slope_y: current mean I/O counter =          294
 writing mean record for slope_y; rec. count =          294
 temp: current mean I/O counter =          294
 writing mean record for temp; rec. count =          294
 vnod: current mean I/O counter =          294
 writing mean record for vnod; rec. count =          294
 unod: current mean I/O counter =          294
 writing mean record for unod; rec. count =          294
 u: current mean I/O counter =          294
 writing mean record for u; rec. count =          294
 v: current mean I/O counter =          294
 writing mean record for v; rec. count =          294
 sst: current mean I/O counter =          294
 writing mean record for sst; rec. count =          294
 ssh: current mean I/O counter =          294
 writing mean record for ssh; rec. count =          294
 hc300m: current mean I/O counter =          294
 writing mean record for hc300m; rec. count =          294
 hc700m: current mean I/O counter =          294
 writing mean record for hc700m; rec. count =          294
 tflux_w: current mean I/O counter =          294
 writing mean record for tflux_w; rec. count =          294
 hc: current mean I/O counter =          294
 writing mean record for hc; rec. count =          294
 tflux_unod: current mean I/O counter =          294
 writing mean record for tflux_unod; rec. count =          294
 tflux_vnod: current mean I/O counter =          294
 writing mean record for tflux_vnod; rec. count =          294
 curl_u: current mean I/O counter =          295
 writing mean record for curl_u; rec. count =          295
 N2: current mean I/O counter =          295
 writing mean record for N2; rec. count =          295
 slope_y: current mean I/O counter =          295
 writing mean record for slope_y; rec. count =          295
 rosb: current mean I/O counter =          295
 writing mean record for rosb; rec. count =          295
 slope_x: current mean I/O counter =          295
 writing mean record for slope_x; rec. count =          295
 tflux_unod: current mean I/O counter =          295
 writing mean record for tflux_unod; rec. count =          295
 vnod: current mean I/O counter =          295
 writing mean record for vnod; rec. count =          295
 v: current mean I/O counter =          295
 writing mean record for v; rec. count =          295
 hc700m: current mean I/O counter =          295
 writing mean record for hc700m; rec. count =          295
 temp: current mean I/O counter =          295
 writing mean record for temp; rec. count =          295
 unod: current mean I/O counter =          295
 writing mean record for unod; rec. count =          295
 u: current mean I/O counter =          295
 writing mean record for u; rec. count =          295
 sst: current mean I/O counter =          295
 writing mean record for sst; rec. count =          295
 hc300m: current mean I/O counter =          295
 writing mean record for hc300m; rec. count =          295
 hc: current mean I/O counter =          295
 writing mean record for hc; rec. count =          295
 tflux_vnod: current mean I/O counter =          295
 writing mean record for tflux_vnod; rec. count =          295
 tflux_w: current mean I/O counter =          295
 writing mean record for tflux_w; rec. count =          295
 ssh: current mean I/O counter =          295
 writing mean record for ssh; rec. count =          295
 ___CHECK FOR BLOW UP___________ --> mstep=         296
  --STOP--> found temperture becomes NaN or <-5.0, >60
 mype     =           26
 mstep    =          296
 node     =            2
 lon,lat     =    14.3728000000000        17.4238000000000     
 nz       =            1
 nzmin, nzmax=            1          41
 x=   14.3728000000000       ; y=   17.4238000000000     
 temp(nz, n) =    60.1805102610791     
 temp(: , n) =    60.1805102610791        17.0227989271921        24.2892478446762        21.5085596221682        20.5261018186859        19.6964892368139        18.6482435697070        18.3665712290434        17.8060733157075        17.8591344491960        17.6216812223962        17.4412271971342        17.1660035151240        16.8948700555505        16.5457162425242        16.0597403185102        15.4986637225339        14.8977154698640        14.1883030733313        13.3620118127831        12.4792639987506        11.5924583897346        10.7283745864901        9.92299306457154        9.21927296150109        8.65122006253535        8.21072485834263        7.85127298241928        7.52603918701517        7.20522567383851        6.87613117375776        6.52153129206997        6.10873179974056        5.58608373456384        5.11949844913285        4.59485821412725        4.19034505913559        3.86506173926981      -0.896341651916234        5.11232710938349     
 temp_old(nz,n)=    59.8484697257633     
 temp_old(: ,n)=    59.8484697257633        16.9770583292091        24.1898847729069        21.5109792184897        20.5221838694817        19.6916906982299        18.6471004161569        18.3664881232816        17.8063515774957        17.8591158920290        17.6216232428353        17.4410531014696        17.1659765770902        16.8948173981103        16.5455654038199        16.0595581851038        15.4984705435213        14.8975256054149        14.1880576667989        13.3616767091681        12.4788823959237        11.5920930348538        10.7279870193788        9.92262175980954        9.21898135046987        8.65103284723366        8.21060479029118        7.85119393190278        7.52596596525775        7.20515353633149        6.87605319956485        6.52138256026648        6.10853793103959        5.58654185201795        5.11876687007026        4.59498540902002        4.19060159407289        3.86297260951369      -0.856489685518602        5.09291033197873     
 
 hflux    =    241.172542762221     
 wflux    =   0.000000000000000E+000
 
 eta_n    =   0.172351576872231     
 d_eta(n)    =   4.456751873738295E-003
 hbar     =   0.172351576872231     
 hbar_old    =   0.167894807827659     
 ssh_rhs     =    294981.382211172     
 ssh_rhs_old =    141261.445534802     
 
 hnode    =    9.03766000000000        9.94144000000000        10.9355000000000        12.0292000000000        13.2320000000000        14.5552000000000        16.0108000000000        17.6122000000000        19.3730000000000        21.3100000000000        23.4410000000000        25.7860000000000        28.3640000000000        31.2000000000000        34.3210000000000        37.7520000000000        41.5280000000000        45.6810000000000        50.2480000000000        55.2739999999999        60.8010000000000        66.8810000000000        73.5690000000001        80.9259999999999        89.0180000000000        97.9200000000000        107.713000000000        118.480000000000        130.340000000000        143.360000000000        157.700000000000        173.470000000000        190.820000000000        209.900000000000        230.900000000000        253.980000000000        279.370000000000        307.320000000000        338.050000000000        371.850000000000     
 hnode_new   =    9.03766000000000        9.94144000000000        10.9355000000000        12.0292000000000        13.2320000000000        14.5552000000000        16.0108000000000        17.6122000000000        19.3730000000000        21.3100000000000        23.4410000000000        25.7860000000000        28.3640000000000        31.2000000000000        34.3210000000000        37.7520000000000        41.5280000000000        45.6810000000000        50.2480000000000        55.2739999999999        60.8010000000000        66.8810000000000        73.5690000000001        80.9259999999999        89.0180000000000        97.9200000000000        107.713000000000        118.480000000000        130.340000000000        143.360000000000        157.700000000000        173.470000000000        190.820000000000        209.900000000000        230.900000000000        253.980000000000        279.370000000000        307.320000000000        338.050000000000        371.850000000000     
 
 Kv       =   0.000000000000000E+000  1.001209879735826E-005  1.002352093730967E-005  1.003678693035496E-005  1.005151931658728E-005  1.006789099856280E-005  1.008610406286274E-005  1.010639006495567E-005  1.012901548424196E-005  1.015428677197854E-005  1.018256061944589E-005  1.021425323342849E-005  1.024985355385902E-005  1.028993511356028E-005  1.033518173005174E-005  1.038641369454057E-005  1.044461553888920E-005  1.051099273191245E-005  1.058702426587950E-005  1.067454920040598E-005  1.077589172844780E-005  1.089401533851621E-005  1.103277380484061E-005  1.119726622280581E-005  1.139438564479797E-005  1.163368013216535E-005  1.192877362375350E-005  1.229978679459194E-005  1.277768899000826E-005  1.341285759598151E-005  1.429244203809626E-005  1.558176401681507E-005  1.763327593872677E-005  2.133783283055656E-005  2.955506594242706E-005  5.245175798777513E-005  0.100000000000000       9.843749488349882E-005  1.037408428698465E-004  0.100000000000000       0.000000000000000E+000
 
 W          =   7.427948407618693E-006  9.727057499390396E-006  5.141096919427394E-006  1.647930457141914E-006 -1.296415826788269E-006 -4.955142138496738E-006 -9.113970840099714E-006 -1.391467587641515E-005 -1.932425082863381E-005 -2.518019075455931E-005 -3.163314182553048E-005 -3.875138753895568E-005 -4.657561526140035E-005 -5.516691829186296E-005 -6.459477234224841E-005 -7.497002425400542E-005 -8.636975159074061E-005 -9.889968703922629E-005 -1.126694215706290E-004 -1.277046429095561E-004 -1.440248151013644E-004 -1.616378923955466E-004 -1.805693242750543E-004 -2.008849671223274E-004 -2.227010641761783E-004 -2.461901475199065E-004 -2.714902508423448E-004 -2.987152906163269E-004 -3.278836416188810E-004 -3.590106109631765E-004 -3.920649274053735E-004 -4.270975782135951E-004 -4.639765894324326E-004 -5.022767338839414E-004 -5.403237900235336E-004 -5.842309327711466E-004 -7.113321596537143E-004 -8.716091141474922E-004 -9.679993428098270E-004 -6.001463382933385E-004  0.000000000000000E+000
 
 CFL_z(:,n)  =   4.931330725620587E-004  1.232829599131349E-003  5.923602994577914E-004  1.726138012995299E-004  1.234489254942551E-004  4.289517900479479E-004  7.172429431691056E-004  9.954837253586010E-004  1.256815131760908E-003  1.488822449296089E-003  1.700343786535062E-003  1.893571744269890E-003  2.068982688767885E-003  2.227879815920862E-003  2.371453493732508E-003  2.502139989161327E-003  2.620568897070985E-003  2.727915138714278E-003  2.825223756745349E-003  2.911127834727720E-003  2.984665411279603E-003  3.045163572762580E-003  3.092568698704338E-003  3.127736727480137E-003  3.152197872052896E-003  3.167891316888618E-003  3.175841166846695E-003  3.176688987056559E-003  3.169812136311000E-003  3.155205306342771E-003  3.132583209370482E-003  3.102224872018967E-003  3.063700435527233E-003  3.015081115062845E-003  2.948563969714471E-003  2.898321891055152E-003  3.208165077165144E-003  3.573642519588247E-003  3.607973353555458E-003  2.033559393020901E-003  0.000000000000000E+000
 
 
 ___CHECK GLOBAL OCEAN VARIABLES --> mstep=         296
   ___global estimat of eta & hbar____________________
    int(eta), int(hbar)      =  4.619160495863200E-002  4.619160495863200E-002
     --> error(eta-hbar)     =  0.000000000000000E+000
    min(eta) , max(eta)      = -0.500341682851155       0.785024309964112     
    max(hbar), max(hbar)     = -0.500341682851155       0.785024309964112     
 
    int(deta), int(dhbar)    =  0.000000000000000E+000  5.802791201748066E-004
     --> error(deta-dhbar)   = -5.802791201748066E-004
     --> error(deta-wflux)   =  0.000000000000000E+000
     --> error(dhbar-wflux)  =  5.802791201748066E-004
 
    -int(wflux)*dt          =  0.000000000000000E+000
    int(deta )-int(wflux)*dt =  0.000000000000000E+000
    int(dhbar)-int(wflux)*dt =  5.802791201748066E-004
 
   ___global min/max/mean  --> mstep=         296 ____________
       eta= -5.003E-01 |  7.850E-01 | N.A.
      deta= -1.987E-04 |  6.755E-03 | N.A.
      hbar= -5.003E-01 |  7.850E-01 | N.A.
     wflux=  0.000E+00 |  0.000E+00 |  0.000E+00
     hflux=  5.923E+01 |  2.412E+02 |  0.000E+00
      temp= -1.451E+00 |  6.018E+01 |  0.000E+00
      salt=  3.500E+01 |  3.500E+01 |  0.000E+00
    wvel(1,:)= -3.312E-07 |  1.126E-05 | N.A.
    wvel(2,:)= -1.371E-05 |  4.937E-05 | N.A.
    uvel(1,:)= -2.567E-01 |  4.402E-01 | N.A.
    uvel(2,:)= -2.531E-01 |  4.371E-01 | N.A.
    vvel(1,:)= -1.484E-01 |  3.684E-01 | N.A.
    vvel(2,:)= -1.439E-01 |  3.829E-01 | N.A.
   hnode(1,:)=  9.038E+00 |  9.038E+00 | N.A.
   hnode(2,:)=  9.941E+00 |  9.941E+00 | N.A.
     cfl_z=  N.A.      |  1.407E-02 | N.A.
     pgf_x=  N.A.      |  1.997E-05 | N.A.
     pgf_y=  N.A.      |  6.348E-05 | N.A.
          Av=  N.A.      |  1.000E-01 | N.A.
          Kv=  N.A.      |  1.000E-01 | N.A.
 
 
                                                           
         YOUR MODEL BLOW UP, CODE GREMLIN IN ACTION !!!    
 [34m                              ____                        [0m
 [34m                       __,-~~/~   `---.                   [0m
 [34m                     _/_,---(      ,   )                  [0m
 [34m                 __ /        <   /   )   \___             [0m
 [0m - -- ----===;;;`====------------------===;;;===---- -- - [0m
 [0m.____________.      \/  ~"~"~"~"~"~\~"~)~"/               [0m
 [0m|Code Gremlin|      (_ (   \  (     >    \)               [0m
 [0m`----+-------´[33m        \_( _ <         >_>`                 [0m
 [0m     v        [33m           ~ `-i` ::>|--"                    [0m
 [31m   (`-´)  [0m              [33m    I;|.|.|                       [0m
 [31m  _( o<)_ [0m __T__        [31m   <|i::|i|`                      [0m
 [31m (,_ w _,)[0m |TNT|        [31m  (` ^`[0m,-*[31m ")                     [0m
 [31m<-´()^()  [0m |___|\_______[35m.,-#%&[0m(_)[35m%#&#~,.                  [0m
 
 
  Things to try (if you havent changed anything in the code)
      - 1st. increase the step_per_day (namelist.config,    
        steps_per_day=32(45min),36(40min)...,48(30min)...
        ...,60(24min)...,72(20min)...,96(15min)...,144(10min)
        ...,160(9min),180(8min)...,240(6min)...,288(5min)
        ...,360(4min)...,480(3min)...,720(2min)...,1440(1min))
      - 2nd. increase slowly background viscosity visc_gamma0 within
        its bounds (namelist.dyn)
      - 3nd. increase slowly flow aware viscosity visc_gamma1 within
        its bounds (namelist.dyn)
      - 4th. contact developers :-D
 
                                                           
             [31m(`- ́)  _ (`- ́).->          <-. (`- ́)[0m          
    [31m<-.      ( oo).-/ ( oo)_      .->      \(oo )_[0m         
 [31m(`- ́)[36m-----.[31m([36m,------.[31m(_)[36m--[31m\_)(`- ́)[36m----. ,--.[31m/[36m  ,-.[31m)[36m .----. [0m
 [31m(oo[36m|[31m(_\[36m--- ́ |  .--- ́/    _ /[31m( oo)[36m.-.  `|   `. ́   |\_,-.  |[0m
 [31m / [36m|  `--. [31m([36m|  `--. \_..`--.[31m( _)[36m | |  ||  |`. ́|  |   . ́ . ́[0m
 [31m \_)[36m  .-- ́  |  .-- ́ .-._)   \[31m\[36m|  |[31m)[36m|  ||  |   |  | . ́  /_ [0m
 [31m  `[36m|  |[31m_)[36m   |  `---.\       / `  `- ́   ́|  |   |  ||      |[0m
 [36m   `-- ́     `------ ́ `----- ́   `----- ́ `-- ́   `-- ́`------ ́[0m
                                                           
 
  --> Init. blowpup file 
 Do output (netCDF, blowup) ...
  --> call assoc_ids(bid)
 associating blowup file /albedo/work/projects/p_clidyn_work/rjuhrban/double_gyre/m100/results/NN_after_spinup_none/ml779z2/fesom.2008.oce.blowup.nc
 initializing blowup file /albedo/work/projects/p_clidyn_work/rjuhrban/double_gyre/m100/results/NN_after_spinup_none/ml779z2/fesom.2008.oce.blowup.nc
 current restart counter =            1
  --> call write_blowup(bid, istep)
 writing blowup record            1
  --> finished writing blow up file
Attempting to use an MPI routine after finalizing MPICH
Attempting to use an MPI routine after finalizing MPICH
Attempting to use an MPI routine after finalizing MPICH
Attempting to use an MPI routine after finalizing MPICH
Attempting to use an MPI routine after finalizing MPICH
Attempting to use an MPI routine after finalizing MPICH
Attempting to use an MPI routine after finalizing MPICH
Attempting to use an MPI routine after finalizing MPICH
Attempting to use an MPI routine after finalizing MPICH
Attempting to use an MPI routine after finalizing MPICH
Attempting to use an MPI routine after finalizing MPICH
Attempting to use an MPI routine after finalizing MPICH
Attempting to use an MPI routine after finalizing MPICH
Attempting to use an MPI routine after finalizing MPICH
Attempting to use an MPI routine after finalizing MPICH
Attempting to use an MPI routine after finalizing MPICH
Attempting to use an MPI routine after finalizing MPICH
Attempting to use an MPI routine after finalizing MPICH
Attempting to use an MPI routine after finalizing MPICH
Attempting to use an MPI routine after finalizing MPICH
Attempting to use an MPI routine after finalizing MPICH
Attempting to use an MPI routine after finalizing MPICH
Attempting to use an MPI routine after finalizing MPICH
Attempting to use an MPI routine after finalizing MPICH
 fesom should stop with exit status = 0
Attempting to use an MPI routine after finalizing MPICH
Attempting to use an MPI routine after finalizing MPICH
Attempting to use an MPI routine after finalizing MPICH
Attempting to use an MPI routine after finalizing MPICH
Attempting to use an MPI routine after finalizing MPICH
Attempting to use an MPI routine after finalizing MPICH
Attempting to use an MPI routine after finalizing MPICH
Attempting to use an MPI routine after finalizing MPICH
Attempting to use an MPI routine after finalizing MPICH
Attempting to use an MPI routine after finalizing MPICH
Attempting to use an MPI routine after finalizing MPICH
Attempting to use an MPI routine after finalizing MPICH
Attempting to use an MPI routine after finalizing MPICH
Attempting to use an MPI routine after finalizing MPICH
Attempting to use an MPI routine after finalizing MPICH
Attempting to use an MPI routine after finalizing MPICH
Attempting to use an MPI routine after finalizing MPICH
Attempting to use an MPI routine after finalizing MPICH
Attempting to use an MPI routine after finalizing MPICH
Attempting to use an MPI routine after finalizing MPICH
Attempting to use an MPI routine after finalizing MPICH
Attempting to use an MPI routine after finalizing MPICH
Attempting to use an MPI routine after finalizing MPICH
Attempting to use an MPI routine after finalizing MPICH
Attempting to use an MPI routine after finalizing MPICH
Attempting to use an MPI routine after finalizing MPICH
Attempting to use an MPI routine after finalizing MPICH
Attempting to use an MPI routine after finalizing MPICH
Attempting to use an MPI routine after finalizing MPICH
Attempting to use an MPI routine after finalizing MPICH
Attempting to use an MPI routine after finalizing MPICH
Attempting to use an MPI routine after finalizing MPICH
Attempting to use an MPI routine after finalizing MPICH
Attempting to use an MPI routine after finalizing MPICH
Attempting to use an MPI routine after finalizing MPICH
Attempting to use an MPI routine after finalizing MPICH
srun: error: prod-025: tasks 0-59: Exited with exit code 1
srun: launch/slurm: _step_signal: Terminating StepId=43998142.0
Thu May 21 12:11:39 CEST 2026
